{"_id":"acorn","_rev":"88-7872c943c8760073d04456aaecd68ee6","name":"acorn","description":"ECMAScript parser","dist-tags":{"latest":"4.0.1"},"versions":{"0.0.1":{"name":"acorn","description":"ECMAScript parser","homepage":"http://marijnhaverbeke.nl/acorn/","main":"acorn.js","version":"0.0.1","engines":{"node":">=0.4.0"},"maintainers":[{"name":"marijn","email":"marijnh@gmail.com"}],"repositories":[{"type":"git","url":"http://marijnhaverbeke.nl/git/acorn"},{"type":"git","url":"https://github.com/marijnh/acorn.git"}],"licenses":[{"type":"MIT","url":"http://marijnhaverbeke.nl/acorn/LICENSE"}],"scripts":{"test":"node test/run.js"},"_id":"acorn@0.0.1","dist":{"shasum":"326bc57985a3433daa37308845359e684fe49f17","tarball":"https://registry.npmjs.org/acorn/-/acorn-0.0.1.tgz"},"_npmVersion":"1.1.59","_npmUser":{"name":"marijn","email":"marijnh@gmail.com"},"directories":{}},"0.1.0":{"name":"acorn","description":"ECMAScript parser","homepage":"http://marijnhaverbeke.nl/acorn/","main":"acorn.js","version":"0.1.0","engines":{"node":">=0.4.0"},"maintainers":[{"name":"marijn","email":"marijnh@gmail.com"}],"repositories":[{"type":"git","url":"http://marijnhaverbeke.nl/git/acorn"},{"type":"git","url":"https://github.com/marijnh/acorn.git"}],"licenses":[{"type":"MIT","url":"http://marijnhaverbeke.nl/acorn/LICENSE"}],"scripts":{"test":"node test/run.js"},"_id":"acorn@0.1.0","dist":{"shasum":"d278d28e293186aa1c7984704eaa0b3b88989b9c","tarball":"https://registry.npmjs.org/acorn/-/acorn-0.1.0.tgz"},"_npmVersion":"1.1.59","_npmUser":{"name":"marijn","email":"marijnh@gmail.com"},"directories":{}},"0.2.0":{"name":"acorn","description":"ECMAScript parser","homepage":"http://marijnhaverbeke.nl/acorn/","main":"acorn.js","version":"0.2.0","engines":{"node":">=0.4.0"},"maintainers":[{"name":"marijn","email":"marijnh@gmail.com"}],"repositories":[{"type":"git","url":"http://marijnhaverbeke.nl/git/acorn"},{"type":"git","url":"https://github.com/marijnh/acorn.git"}],"licenses":[{"type":"MIT","url":"http://marijnhaverbeke.nl/acorn/LICENSE"}],"scripts":{"test":"node test/run.js"},"bin":{"acorn":"./bin/acorn"},"_id":"acorn@0.2.0","dist":{"shasum":"94a50d2c55c3741df5bdbc6e0fa5663a880889bb","tarball":"https://registry.npmjs.org/acorn/-/acorn-0.2.0.tgz"},"_npmVersion":"1.1.59","_npmUser":{"name":"marijn","email":"marijnh@gmail.com"},"directories":{}},"0.3.0":{"name":"acorn","description":"ECMAScript parser","homepage":"http://marijnhaverbeke.nl/acorn/","main":"acorn.js","version":"0.3.0","engines":{"node":">=0.4.0"},"maintainers":[{"name":"marijn","email":"marijnh@gmail.com"}],"repository":{"type":"git","url":"http://marijnhaverbeke.nl/git/acorn"},"licenses":[{"type":"MIT","url":"http://marijnhaverbeke.nl/acorn/LICENSE"}],"scripts":{"test":"node test/run.js"},"bin":{"acorn":"./bin/acorn"},"_id":"acorn@0.3.0","dist":{"shasum":"35b326d4f11393e4368a7ebd135987593cc1884c","tarball":"https://registry.npmjs.org/acorn/-/acorn-0.3.0.tgz"},"_npmVersion":"1.1.59","_npmUser":{"name":"marijn","email":"marijnh@gmail.com"},"directories":{}},"0.3.1":{"name":"acorn","description":"ECMAScript parser","homepage":"http://marijnhaverbeke.nl/acorn/","main":"acorn.js","version":"0.3.1","engines":{"node":">=0.4.0"},"maintainers":[{"name":"marijn","email":"marijnh@gmail.com"}],"repository":{"type":"git","url":"http://marijnhaverbeke.nl/git/acorn"},"licenses":[{"type":"MIT","url":"http://marijnhaverbeke.nl/acorn/LICENSE"}],"scripts":{"test":"node test/run.js"},"bin":{"acorn":"./bin/acorn"},"_id":"acorn@0.3.1","dist":{"shasum":"9f0949f8decd3e544b5c8197e7843ee58d8cc9ee","tarball":"https://registry.npmjs.org/acorn/-/acorn-0.3.1.tgz"},"_npmVersion":"1.1.59","_npmUser":{"name":"marijn","email":"marijnh@gmail.com"},"directories":{}},"0.4.0":{"name":"acorn","description":"ECMAScript parser","homepage":"http://marijnhaverbeke.nl/acorn/","main":"acorn.js","version":"0.4.0","engines":{"node":">=0.4.0"},"maintainers":[{"name":"marijn","email":"marijnh@gmail.com"}],"repository":{"type":"git","url":"http://marijnhaverbeke.nl/git/acorn"},"licenses":[{"type":"MIT","url":"http://marijnhaverbeke.nl/acorn/LICENSE"}],"scripts":{"test":"node test/run.js"},"bin":{"acorn":"./bin/acorn"},"_id":"acorn@0.4.0","dist":{"shasum":"2e1e880975278cc2538afb6a051e86e3c0befb99","tarball":"https://registry.npmjs.org/acorn/-/acorn-0.4.0.tgz"},"_npmVersion":"1.1.59","_npmUser":{"name":"marijn","email":"marijnh@gmail.com"},"directories":{}},"0.4.2":{"name":"acorn","description":"ECMAScript parser","homepage":"http://marijnhaverbeke.nl/acorn/","main":"acorn.js","version":"0.4.2","engines":{"node":">=0.4.0"},"maintainers":[{"name":"marijn","email":"marijnh@gmail.com"}],"repository":{"type":"git","url":"http://marijnhaverbeke.nl/git/acorn"},"licenses":[{"type":"MIT","url":"http://marijnhaverbeke.nl/acorn/LICENSE"}],"scripts":{"test":"node test/run.js"},"bin":{"acorn":"./bin/acorn"},"_id":"acorn@0.4.2","dist":{"shasum":"c79a8c12e98fe6c5a600f28070232d4ede308b0e","tarball":"https://registry.npmjs.org/acorn/-/acorn-0.4.2.tgz"},"_npmVersion":"1.1.59","_npmUser":{"name":"marijn","email":"marijnh@gmail.com"},"directories":{}},"0.5.0":{"name":"acorn","description":"ECMAScript parser","homepage":"http://marijnhaverbeke.nl/acorn/","main":"acorn.js","version":"0.5.0","engines":{"node":">=0.4.0"},"maintainers":[{"name":"marijn","email":"marijnh@gmail.com"}],"repository":{"type":"git","url":"http://marijnhaverbeke.nl/git/acorn"},"licenses":[{"type":"MIT","url":"http://marijnhaverbeke.nl/acorn/LICENSE"}],"scripts":{"test":"node test/run.js"},"bin":{"acorn":"./bin/acorn"},"_id":"acorn@0.5.0","dist":{"shasum":"f342114b20e314c5fe7f72e8b7b37239604ea40c","tarball":"https://registry.npmjs.org/acorn/-/acorn-0.5.0.tgz"},"_from":".","_npmVersion":"1.3.15","_npmUser":{"name":"marijn","email":"marijnh@gmail.com"},"directories":{}},"0.6.0":{"name":"acorn","description":"ECMAScript parser","homepage":"http://marijnhaverbeke.nl/acorn/","main":"acorn.js","version":"0.6.0","engines":{"node":">=0.4.0"},"maintainers":[{"name":"marijn","email":"marijnh@gmail.com"}],"repository":{"type":"git","url":"http://marijnhaverbeke.nl/git/acorn"},"licenses":[{"type":"MIT","url":"http://marijnhaverbeke.nl/acorn/LICENSE"}],"scripts":{"test":"node test/run.js"},"bin":{"acorn":"./bin/acorn"},"_id":"acorn@0.6.0","dist":{"shasum":"6e3d2156facfb363368bdabc735ca15e4e7513b3","tarball":"https://registry.npmjs.org/acorn/-/acorn-0.6.0.tgz"},"_from":".","_npmVersion":"1.3.15","_npmUser":{"name":"marijn","email":"marijnh@gmail.com"},"directories":{}},"0.7.0":{"name":"acorn","description":"ECMAScript parser","homepage":"http://marijnhaverbeke.nl/acorn/","main":"acorn.js","version":"0.7.0","engines":{"node":">=0.4.0"},"maintainers":[{"name":"marijn","email":"marijnh@gmail.com"}],"repository":{"type":"git","url":"http://marijnhaverbeke.nl/git/acorn"},"licenses":[{"type":"MIT","url":"http://marijnhaverbeke.nl/acorn/LICENSE"}],"scripts":{"test":"node test/run.js"},"bin":{"acorn":"./bin/acorn"},"devDependencies":{"regenerate":"~0.6.2","unicode-7.0.0":"~0.1.5"},"contributors":[{"name":"List of Acorn contributors. Updated before every release."},{"name":"Alistair Braidwood"},{"name":"Aparajita Fishman"},{"name":"Arian Stolwijk"},{"name":"Artem Govorov"},{"name":"Brandon Mills"},{"name":"Charles Hughes"},{"name":"Conrad Irwin"},{"name":"David Bonnet"},{"name":"impinball"},{"name":"Ingvar Stepanyan"},{"name":"Jiaxing Wang"},{"name":"Johannes Herr"},{"name":"Jürg Lehni"},{"name":"keeyipchan"},{"name":"krator"},{"name":"Marijn Haverbeke"},{"name":"Martin Carlberg"},{"name":"Mathias Bynens"},{"name":"Mathieu 'p01' Henri"},{"name":"Mihai Bazon"},{"name":"Oskar Schöldström"},{"name":"Paul Harper"},{"name":"Peter Rust"},{"name":"PlNG"},{"name":"zsjforcn"}],"_id":"acorn@0.7.0","dist":{"shasum":"cb184aee3b2a13e0eef0c43bdfee14a5816469c0","tarball":"https://registry.npmjs.org/acorn/-/acorn-0.7.0.tgz"},"_from":".","_npmVersion":"1.3.15","_npmUser":{"name":"marijn","email":"marijnh@gmail.com"},"directories":{}},"0.8.0":{"name":"acorn","description":"ECMAScript parser","homepage":"http://marijnhaverbeke.nl/acorn/","main":"acorn.js","version":"0.8.0","engines":{"node":">=0.4.0"},"maintainers":[{"name":"marijn","email":"marijnh@gmail.com"}],"repository":{"type":"git","url":"http://marijnhaverbeke.nl/git/acorn"},"licenses":[{"type":"MIT","url":"http://marijnhaverbeke.nl/acorn/LICENSE"}],"scripts":{"test":"node test/run.js","prepublish":"bin/without_eval > acorn_csp.js"},"bin":{"acorn":"./bin/acorn"},"devDependencies":{"regenerate":"~0.6.2","unicode-7.0.0":"~0.1.5"},"contributors":[{"name":"List of Acorn contributors. Updated before every release."},{"name":"Alistair Braidwood"},{"name":"Aparajita Fishman"},{"name":"Arian Stolwijk"},{"name":"Artem Govorov"},{"name":"Brandon Mills"},{"name":"Charles Hughes"},{"name":"Conrad Irwin"},{"name":"David Bonnet"},{"name":"impinball"},{"name":"Ingvar Stepanyan"},{"name":"Jiaxing Wang"},{"name":"Johannes Herr"},{"name":"Jürg Lehni"},{"name":"keeyipchan"},{"name":"krator"},{"name":"Marijn Haverbeke"},{"name":"Martin Carlberg"},{"name":"Mathias Bynens"},{"name":"Mathieu 'p01' Henri"},{"name":"Mihai Bazon"},{"name":"Oskar Schöldström"},{"name":"Paul Harper"},{"name":"Peter Rust"},{"name":"PlNG"},{"name":"zsjforcn"}],"_id":"acorn@0.8.0","dist":{"shasum":"e07ae6721110b22878242950ae2e96658b0aac7e","tarball":"https://registry.npmjs.org/acorn/-/acorn-0.8.0.tgz"},"_from":".","_npmVersion":"1.3.15","_npmUser":{"name":"marijn","email":"marijnh@gmail.com"},"directories":{}},"0.9.0":{"name":"acorn","description":"ECMAScript parser","homepage":"http://marijnhaverbeke.nl/acorn/","main":"acorn.js","version":"0.9.0","engines":{"node":">=0.4.0"},"maintainers":[{"name":"marijn","email":"marijnh@gmail.com"}],"repository":{"type":"git","url":"http://marijnhaverbeke.nl/git/acorn"},"licenses":[{"type":"MIT","url":"http://marijnhaverbeke.nl/acorn/LICENSE"}],"scripts":{"test":"node test/run.js","prepublish":"bin/without_eval > acorn_csp.js"},"bin":{"acorn":"./bin/acorn"},"devDependencies":{"regenerate":"~0.6.2","unicode-7.0.0":"~0.1.5"},"contributors":[{"name":"List of Acorn contributors. Updated before every release."},{"name":"Alistair Braidwood"},{"name":"Aparajita Fishman"},{"name":"Arian Stolwijk"},{"name":"Artem Govorov"},{"name":"Brandon Mills"},{"name":"Charles Hughes"},{"name":"Conrad Irwin"},{"name":"David Bonnet"},{"name":"impinball"},{"name":"Ingvar Stepanyan"},{"name":"Jiaxing Wang"},{"name":"Johannes Herr"},{"name":"Jürg Lehni"},{"name":"keeyipchan"},{"name":"krator"},{"name":"Marijn Haverbeke"},{"name":"Martin Carlberg"},{"name":"Mathias Bynens"},{"name":"Mathieu 'p01' Henri"},{"name":"Max Schaefer"},{"name":"Mihai Bazon"},{"name":"Oskar Schöldström"},{"name":"Paul Harper"},{"name":"Peter Rust"},{"name":"PlNG"},{"name":"r-e-d"},{"name":"zsjforcn"}],"gitHead":"01a89cfec14fa4875b98c3e829e5a76a2a1208f7","_id":"acorn@0.9.0","_shasum":"67728e0acad6cc61dfb901c121837694db5b926b","_from":".","_npmVersion":"1.4.23","_npmUser":{"name":"marijn","email":"marijnh@gmail.com"},"dist":{"shasum":"67728e0acad6cc61dfb901c121837694db5b926b","tarball":"https://registry.npmjs.org/acorn/-/acorn-0.9.0.tgz"},"directories":{}},"0.10.0":{"name":"acorn","description":"ECMAScript parser","homepage":"http://marijnhaverbeke.nl/acorn/","main":"acorn.js","version":"0.10.0","engines":{"node":">=0.4.0"},"maintainers":[{"name":"marijn","email":"marijnh@gmail.com"}],"repository":{"type":"git","url":"http://marijnhaverbeke.nl/git/acorn"},"licenses":[{"type":"MIT","url":"http://marijnhaverbeke.nl/acorn/LICENSE"}],"scripts":{"test":"node test/run.js","prepublish":"bin/without_eval > acorn_csp.js"},"bin":{"acorn":"./bin/acorn"},"devDependencies":{"regenerate":"~0.6.2","unicode-7.0.0":"~0.1.5"},"contributors":[{"name":"List of Acorn contributors. Updated before every release."},{"name":"Alistair Braidwood"},{"name":"Aparajita Fishman"},{"name":"Arian Stolwijk"},{"name":"Artem Govorov"},{"name":"Brandon Mills"},{"name":"Charles Hughes"},{"name":"Conrad Irwin"},{"name":"David Bonnet"},{"name":"impinball"},{"name":"Ingvar Stepanyan"},{"name":"Jiaxing Wang"},{"name":"Johannes Herr"},{"name":"Jürg Lehni"},{"name":"keeyipchan"},{"name":"krator"},{"name":"Marijn Haverbeke"},{"name":"Martin Carlberg"},{"name":"Mathias Bynens"},{"name":"Mathieu 'p01' Henri"},{"name":"Max Schaefer"},{"name":"Mihai Bazon"},{"name":"Mike Rennie"},{"name":"Oskar Schöldström"},{"name":"Paul Harper"},{"name":"Peter Rust"},{"name":"PlNG"},{"name":"r-e-d"},{"name":"Rich Harris"},{"name":"Sebastian McKenzie"},{"name":"zsjforcn"}],"gitHead":"0a812b6020e89bc375dea94f144f68851dc8813f","_id":"acorn@0.10.0","_shasum":"c8a20812d631dfd60f85596472d34f686e39fef8","_from":".","_npmVersion":"1.4.28","_npmUser":{"name":"marijn","email":"marijnh@gmail.com"},"dist":{"shasum":"c8a20812d631dfd60f85596472d34f686e39fef8","tarball":"https://registry.npmjs.org/acorn/-/acorn-0.10.0.tgz"},"directories":{}},"0.11.0":{"name":"acorn","description":"ECMAScript parser","homepage":"http://marijnhaverbeke.nl/acorn/","main":"acorn.js","version":"0.11.0","engines":{"node":">=0.4.0"},"maintainers":[{"name":"marijn","email":"marijnh@gmail.com"}],"repository":{"type":"git","url":"http://marijnhaverbeke.nl/git/acorn"},"licenses":[{"type":"MIT","url":"http://marijnhaverbeke.nl/acorn/LICENSE"}],"scripts":{"test":"node test/run.js","prepublish":"bin/without_eval > acorn_csp.js"},"bin":{"acorn":"./bin/acorn"},"devDependencies":{"regenerate":"~0.6.2","unicode-7.0.0":"~0.1.5"},"contributors":[{"name":"List of Acorn contributors. Updated before every release."},{"name":"Alistair Braidwood"},{"name":"Aparajita Fishman"},{"name":"Arian Stolwijk"},{"name":"Artem Govorov"},{"name":"Brandon Mills"},{"name":"Charles Hughes"},{"name":"Conrad Irwin"},{"name":"David Bonnet"},{"name":"impinball"},{"name":"Ingvar Stepanyan"},{"name":"Jiaxing Wang"},{"name":"Johannes Herr"},{"name":"Jürg Lehni"},{"name":"keeyipchan"},{"name":"krator"},{"name":"Marijn Haverbeke"},{"name":"Martin Carlberg"},{"name":"Mathias Bynens"},{"name":"Mathieu 'p01' Henri"},{"name":"Max Schaefer"},{"name":"Mihai Bazon"},{"name":"Mike Rennie"},{"name":"Oskar Schöldström"},{"name":"Paul Harper"},{"name":"Peter Rust"},{"name":"PlNG"},{"name":"r-e-d"},{"name":"Rich Harris"},{"name":"Sebastian McKenzie"},{"name":"zsjforcn"}],"gitHead":"78e1d7ada684868d92d09555408ae2df1812b5ae","_id":"acorn@0.11.0","_shasum":"6e95f0253ad161ff0127db32983e5e2e5352d59a","_from":".","_npmVersion":"1.4.28","_npmUser":{"name":"marijn","email":"marijnh@gmail.com"},"dist":{"shasum":"6e95f0253ad161ff0127db32983e5e2e5352d59a","tarball":"https://registry.npmjs.org/acorn/-/acorn-0.11.0.tgz"},"directories":{}},"0.12.0":{"name":"acorn","description":"ECMAScript parser","homepage":"http://marijnhaverbeke.nl/acorn/","main":"acorn.js","version":"0.12.0","engines":{"node":">=0.4.0"},"maintainers":[{"name":"marijn","email":"marijnh@gmail.com"}],"repository":{"type":"git","url":"http://marijnhaverbeke.nl/git/acorn"},"licenses":[{"type":"MIT","url":"http://marijnhaverbeke.nl/acorn/LICENSE"}],"scripts":{"test":"node test/run.js","prepublish":"node bin/without_eval > acorn_csp.js"},"bin":{"acorn":"./bin/acorn"},"devDependencies":{"regenerate":"~0.6.2","unicode-7.0.0":"~0.1.5"},"contributors":[{"name":"List of Acorn contributors. Updated before every release."},{"name":"Alistair Braidwood"},{"name":"Aparajita Fishman"},{"name":"Arian Stolwijk"},{"name":"Artem Govorov"},{"name":"Brandon Mills"},{"name":"Charles Hughes"},{"name":"Conrad Irwin"},{"name":"David Bonnet"},{"name":"impinball"},{"name":"Ingvar Stepanyan"},{"name":"Jiaxing Wang"},{"name":"Johannes Herr"},{"name":"Jürg Lehni"},{"name":"keeyipchan"},{"name":"krator"},{"name":"Marijn Haverbeke"},{"name":"Martin Carlberg"},{"name":"Mathias Bynens"},{"name":"Mathieu 'p01' Henri"},{"name":"Max Schaefer"},{"name":"Mihai Bazon"},{"name":"Mike Rennie"},{"name":"Oskar Schöldström"},{"name":"Paul Harper"},{"name":"Peter Rust"},{"name":"PlNG"},{"name":"r-e-d"},{"name":"Rich Harris"},{"name":"Sebastian McKenzie"},{"name":"zsjforcn"}],"gitHead":"99f1989f72c340f517ac5a99f9293484ba1fddc5","_id":"acorn@0.12.0","_shasum":"337b0bb293dfd6239d7e66c92c727c56a08d403e","_from":".","_npmVersion":"1.4.28","_npmUser":{"name":"marijn","email":"marijnh@gmail.com"},"dist":{"shasum":"337b0bb293dfd6239d7e66c92c727c56a08d403e","tarball":"https://registry.npmjs.org/acorn/-/acorn-0.12.0.tgz"},"directories":{}},"1.0.0":{"name":"acorn","description":"ECMAScript parser","homepage":"https://github.com/marijnh/acorn","main":"dist/acorn.js","version":"1.0.0","engines":{"node":">=0.4.0"},"maintainers":[{"name":"marijn","email":"marijnh@gmail.com"}],"repository":{"type":"git","url":"https://github.com/marijnh/acorn.git"},"licenses":[{"type":"MIT","url":"https://raw.githubusercontent.com/marijnh/acorn/master/LICENSE"}],"scripts":{"test":"node test/run.js","prepublish":"bin/prepublish.sh"},"bin":{"acorn":"./bin/acorn"},"devDependencies":{"babelify":"^5.0.4","browserify":"^9.0.3","unicode-7.0.0":"~0.1.5"},"contributors":[{"name":"List of Acorn contributors. Updated before every release."},{"name":"Alistair Braidwood"},{"name":"Andres Suarez"},{"name":"Aparajita Fishman"},{"name":"Arian Stolwijk"},{"name":"Artem Govorov"},{"name":"Brandon Mills"},{"name":"Charles Hughes"},{"name":"Conrad Irwin"},{"name":"David Bonnet"},{"name":"Forbes Lindesay"},{"name":"impinball"},{"name":"Ingvar Stepanyan"},{"name":"Jiaxing Wang"},{"name":"Johannes Herr"},{"name":"Jürg Lehni"},{"name":"keeyipchan"},{"name":"krator"},{"name":"Marijn Haverbeke"},{"name":"Martin Carlberg"},{"name":"Mathias Bynens"},{"name":"Mathieu 'p01' Henri"},{"name":"Max Schaefer"},{"name":"Max Zerzouri"},{"name":"Mihai Bazon"},{"name":"Mike Rennie"},{"name":"Nick Fitzgerald"},{"name":"Oskar Schöldström"},{"name":"Paul Harper"},{"name":"Peter Rust"},{"name":"PlNG"},{"name":"r-e-d"},{"name":"Rich Harris"},{"name":"Sebastian McKenzie"},{"name":"zsjforcn"}],"gitHead":"baa833d6359ace7a98eb0830062b85f759457689","bugs":{"url":"https://github.com/marijnh/acorn/issues"},"_id":"acorn@1.0.0","_shasum":"c5b9714a1c254b5109a047baeee1a84c22840b07","_from":".","_npmVersion":"1.4.21","_npmUser":{"name":"marijn","email":"marijnh@gmail.com"},"dist":{"shasum":"c5b9714a1c254b5109a047baeee1a84c22840b07","tarball":"https://registry.npmjs.org/acorn/-/acorn-1.0.0.tgz"},"directories":{}},"1.0.1":{"name":"acorn","description":"ECMAScript parser","homepage":"https://github.com/marijnh/acorn","main":"dist/acorn.js","version":"1.0.1","engines":{"node":">=0.4.0"},"maintainers":[{"name":"marijn","email":"marijnh@gmail.com"}],"repository":{"type":"git","url":"https://github.com/marijnh/acorn.git"},"licenses":[{"type":"MIT","url":"https://raw.githubusercontent.com/marijnh/acorn/master/LICENSE"}],"scripts":{"test":"node test/run.js","prepublish":"bin/prepublish.sh"},"bin":{"acorn":"./bin/acorn"},"devDependencies":{"babelify":"^5.0.4","browserify":"^9.0.3","unicode-7.0.0":"~0.1.5"},"contributors":[{"name":"List of Acorn contributors. Updated before every release."},{"name":"Alistair Braidwood"},{"name":"Andres Suarez"},{"name":"Aparajita Fishman"},{"name":"Arian Stolwijk"},{"name":"Artem Govorov"},{"name":"Brandon Mills"},{"name":"Charles Hughes"},{"name":"Conrad Irwin"},{"name":"David Bonnet"},{"name":"Forbes Lindesay"},{"name":"impinball"},{"name":"Ingvar Stepanyan"},{"name":"Jiaxing Wang"},{"name":"Johannes Herr"},{"name":"Jürg Lehni"},{"name":"keeyipchan"},{"name":"krator"},{"name":"Marijn Haverbeke"},{"name":"Martin Carlberg"},{"name":"Mathias Bynens"},{"name":"Mathieu 'p01' Henri"},{"name":"Max Schaefer"},{"name":"Max Zerzouri"},{"name":"Mihai Bazon"},{"name":"Mike Rennie"},{"name":"Nick Fitzgerald"},{"name":"Oskar Schöldström"},{"name":"Paul Harper"},{"name":"Peter Rust"},{"name":"PlNG"},{"name":"r-e-d"},{"name":"Rich Harris"},{"name":"Sebastian McKenzie"},{"name":"zsjforcn"}],"gitHead":"cc1806a265551e0667986d203706675f69881010","bugs":{"url":"https://github.com/marijnh/acorn/issues"},"_id":"acorn@1.0.1","_shasum":"ad62a7902c1e0ea3c5f081190c6b02e33aa7030a","_from":".","_npmVersion":"1.4.21","_npmUser":{"name":"marijn","email":"marijnh@gmail.com"},"dist":{"shasum":"ad62a7902c1e0ea3c5f081190c6b02e33aa7030a","tarball":"https://registry.npmjs.org/acorn/-/acorn-1.0.1.tgz"},"directories":{}},"1.0.3":{"name":"acorn","description":"ECMAScript parser","homepage":"https://github.com/marijnh/acorn","main":"dist/acorn.js","version":"1.0.3","engines":{"node":">=0.4.0"},"maintainers":[{"name":"marijn","email":"marijnh@gmail.com"}],"repository":{"type":"git","url":"https://github.com/marijnh/acorn.git"},"licenses":[{"type":"MIT","url":"https://raw.githubusercontent.com/marijnh/acorn/master/LICENSE"}],"scripts":{"test":"node test/run.js","prepublish":"bin/prepublish.sh"},"bin":{"acorn":"./bin/acorn"},"devDependencies":{"babelify":"^5.0.4","browserify":"^9.0.3","browserify-derequire":"^0.9.4","unicode-7.0.0":"~0.1.5"},"contributors":[{"name":"List of Acorn contributors. Updated before every release."},{"name":"Alistair Braidwood"},{"name":"Andres Suarez"},{"name":"Aparajita Fishman"},{"name":"Arian Stolwijk"},{"name":"Artem Govorov"},{"name":"Brandon Mills"},{"name":"Charles Hughes"},{"name":"Conrad Irwin"},{"name":"David Bonnet"},{"name":"Forbes Lindesay"},{"name":"impinball"},{"name":"Ingvar Stepanyan"},{"name":"Jiaxing Wang"},{"name":"Johannes Herr"},{"name":"Jürg Lehni"},{"name":"keeyipchan"},{"name":"krator"},{"name":"Marijn Haverbeke"},{"name":"Martin Carlberg"},{"name":"Mathias Bynens"},{"name":"Mathieu 'p01' Henri"},{"name":"Max Schaefer"},{"name":"Max Zerzouri"},{"name":"Mihai Bazon"},{"name":"Mike Rennie"},{"name":"Nick Fitzgerald"},{"name":"Oskar Schöldström"},{"name":"Paul Harper"},{"name":"Peter Rust"},{"name":"PlNG"},{"name":"r-e-d"},{"name":"Rich Harris"},{"name":"Sebastian McKenzie"},{"name":"zsjforcn"}],"gitHead":"948edcc51cc305027adcfc6eba2de977c5349b62","bugs":{"url":"https://github.com/marijnh/acorn/issues"},"_id":"acorn@1.0.3","_shasum":"6f4cd7c4de8f43a92708ecd8180fe4aca36baff0","_from":".","_npmVersion":"1.4.21","_npmUser":{"name":"marijn","email":"marijnh@gmail.com"},"dist":{"shasum":"6f4cd7c4de8f43a92708ecd8180fe4aca36baff0","tarball":"https://registry.npmjs.org/acorn/-/acorn-1.0.3.tgz"},"directories":{}},"1.1.0":{"name":"acorn","description":"ECMAScript parser","homepage":"https://github.com/marijnh/acorn","main":"dist/acorn.js","version":"1.1.0","engines":{"node":">=0.4.0"},"maintainers":[{"name":"marijn","email":"marijnh@gmail.com"}],"repository":{"type":"git","url":"https://github.com/marijnh/acorn.git"},"licenses":[{"type":"MIT","url":"https://raw.githubusercontent.com/marijnh/acorn/master/LICENSE"}],"scripts":{"test":"node test/run.js","prepublish":"bin/prepublish.sh"},"bin":{"acorn":"./bin/acorn"},"devDependencies":{"babelify":"^5.0.4","browserify":"^9.0.3","browserify-derequire":"^0.9.4","unicode-7.0.0":"~0.1.5"},"contributors":[{"name":"List of Acorn contributors. Updated before every release."},{"name":"Alistair Braidwood"},{"name":"Andres Suarez"},{"name":"Aparajita Fishman"},{"name":"Arian Stolwijk"},{"name":"Artem Govorov"},{"name":"Brandon Mills"},{"name":"Charles Hughes"},{"name":"Conrad Irwin"},{"name":"David Bonnet"},{"name":"Forbes Lindesay"},{"name":"impinball"},{"name":"Ingvar Stepanyan"},{"name":"Jiaxing Wang"},{"name":"Johannes Herr"},{"name":"Jürg Lehni"},{"name":"keeyipchan"},{"name":"krator"},{"name":"Marijn Haverbeke"},{"name":"Martin Carlberg"},{"name":"Mathias Bynens"},{"name":"Mathieu 'p01' Henri"},{"name":"Max Schaefer"},{"name":"Max Zerzouri"},{"name":"Mihai Bazon"},{"name":"Mike Rennie"},{"name":"Nick Fitzgerald"},{"name":"Oskar Schöldström"},{"name":"Paul Harper"},{"name":"Peter Rust"},{"name":"PlNG"},{"name":"r-e-d"},{"name":"Rich Harris"},{"name":"Sebastian McKenzie"},{"name":"zsjforcn"}],"gitHead":"8d4a4ff1c9ae7a6cdf97967b952b2cfd7ab99db7","bugs":{"url":"https://github.com/marijnh/acorn/issues"},"_id":"acorn@1.1.0","_shasum":"cc407869432902483e2993eceb89e58a2a31eaf9","_from":".","_npmVersion":"1.4.21","_npmUser":{"name":"marijn","email":"marijnh@gmail.com"},"dist":{"shasum":"cc407869432902483e2993eceb89e58a2a31eaf9","tarball":"https://registry.npmjs.org/acorn/-/acorn-1.1.0.tgz"},"deprecated":"Accidental backwards-incompatibility in the AST walker","directories":{}},"1.2.0":{"name":"acorn","description":"ECMAScript parser","homepage":"https://github.com/marijnh/acorn","main":"dist/acorn.js","version":"1.2.0","engines":{"node":">=0.4.0"},"maintainers":[{"name":"marijn","email":"marijnh@gmail.com"}],"repository":{"type":"git","url":"https://github.com/marijnh/acorn.git"},"license":"MIT","scripts":{"test":"node test/run.js","prepublish":"bin/prepublish.sh"},"bin":{"acorn":"./bin/acorn"},"devDependencies":{"babelify":"^5.0.4","browserify":"^9.0.3","browserify-derequire":"^0.9.4","unicode-7.0.0":"~0.1.5"},"contributors":[{"name":"List of Acorn contributors. Updated before every release."},{"name":"Adrian Rakovsky"},{"name":"Alistair Braidwood"},{"name":"Andres Suarez"},{"name":"Aparajita Fishman"},{"name":"Arian Stolwijk"},{"name":"Artem Govorov"},{"name":"Brandon Mills"},{"name":"Charles Hughes"},{"name":"Conrad Irwin"},{"name":"David Bonnet"},{"name":"Forbes Lindesay"},{"name":"Gilad Peleg"},{"name":"impinball"},{"name":"Ingvar Stepanyan"},{"name":"Jiaxing Wang"},{"name":"Johannes Herr"},{"name":"Jürg Lehni"},{"name":"keeyipchan"},{"name":"krator"},{"name":"Marijn Haverbeke"},{"name":"Martin Carlberg"},{"name":"Mathias Bynens"},{"name":"Mathieu 'p01' Henri"},{"name":"Max Schaefer"},{"name":"Max Zerzouri"},{"name":"Mihai Bazon"},{"name":"Mike Rennie"},{"name":"Nick Fitzgerald"},{"name":"Oskar Schöldström"},{"name":"Paul Harper"},{"name":"Peter Rust"},{"name":"PlNG"},{"name":"r-e-d"},{"name":"Rich Harris"},{"name":"Sebastian McKenzie"},{"name":"zsjforcn"}],"gitHead":"9189e775e9cfd8d130ee8e92c580158647e0490a","bugs":{"url":"https://github.com/marijnh/acorn/issues"},"_id":"acorn@1.2.0","_shasum":"d0e511e060bb4b2294f75cb97fb2af01046ffa56","_from":".","_npmVersion":"1.4.21","_npmUser":{"name":"marijn","email":"marijnh@gmail.com"},"dist":{"shasum":"d0e511e060bb4b2294f75cb97fb2af01046ffa56","tarball":"https://registry.npmjs.org/acorn/-/acorn-1.2.0.tgz"},"directories":{}},"2.0.0":{"name":"acorn","description":"ECMAScript parser","homepage":"https://github.com/marijnh/acorn","main":"dist/acorn.js","version":"2.0.0","engines":{"node":">=0.4.0"},"maintainers":[{"name":"marijn","email":"marijnh@gmail.com"}],"repository":{"type":"git","url":"https://github.com/marijnh/acorn.git"},"license":"MIT","scripts":{"test":"node test/run.js","prepublish":"bin/prepublish.sh"},"bin":{"acorn":"./bin/acorn"},"devDependencies":{"babelify":"^5.0.4","browserify":"^9.0.3","browserify-derequire":"^0.9.4","unicode-7.0.0":"~0.1.5"},"contributors":[{"name":"List of Acorn contributors. Updated before every release."},{"name":"Adrian Rakovsky"},{"name":"Alistair Braidwood"},{"name":"Andres Suarez"},{"name":"Aparajita Fishman"},{"name":"Arian Stolwijk"},{"name":"Artem Govorov"},{"name":"Brandon Mills"},{"name":"Charles Hughes"},{"name":"Conrad Irwin"},{"name":"David Bonnet"},{"name":"Forbes Lindesay"},{"name":"Gilad Peleg"},{"name":"impinball"},{"name":"Ingvar Stepanyan"},{"name":"Jiaxing Wang"},{"name":"Johannes Herr"},{"name":"Jürg Lehni"},{"name":"keeyipchan"},{"name":"krator"},{"name":"Marijn Haverbeke"},{"name":"Martin Carlberg"},{"name":"Mathias Bynens"},{"name":"Mathieu 'p01' Henri"},{"name":"Max Schaefer"},{"name":"Max Zerzouri"},{"name":"Mihai Bazon"},{"name":"Mike Rennie"},{"name":"Nick Fitzgerald"},{"name":"Oskar Schöldström"},{"name":"Paul Harper"},{"name":"Peter Rust"},{"name":"PlNG"},{"name":"r-e-d"},{"name":"Rich Harris"},{"name":"Sebastian McKenzie"},{"name":"zsjforcn"}],"gitHead":"584807eb60936fbede95388adc1436dc44d8bf48","bugs":{"url":"https://github.com/marijnh/acorn/issues"},"_id":"acorn@2.0.0","_shasum":"9dd84a765d7279672f0728c8034a9cebd2c5e578","_from":".","_npmVersion":"1.4.21","_npmUser":{"name":"marijn","email":"marijnh@gmail.com"},"dist":{"shasum":"9dd84a765d7279672f0728c8034a9cebd2c5e578","tarball":"https://registry.npmjs.org/acorn/-/acorn-2.0.0.tgz"},"directories":{}},"1.2.1":{"name":"acorn","description":"ECMAScript parser","homepage":"https://github.com/marijnh/acorn","main":"dist/acorn.js","version":"1.2.1","engines":{"node":">=0.4.0"},"maintainers":[{"name":"marijn","email":"marijnh@gmail.com"}],"repository":{"type":"git","url":"https://github.com/marijnh/acorn.git"},"license":"MIT","scripts":{"test":"node test/run.js","prepublish":"bin/prepublish.sh"},"bin":{"acorn":"./bin/acorn"},"devDependencies":{"babelify":"^5.0.4","browserify":"^9.0.3","browserify-derequire":"^0.9.4","unicode-7.0.0":"~0.1.5"},"contributors":[{"name":"List of Acorn contributors. Updated before every release."},{"name":"Adrian Rakovsky"},{"name":"Alistair Braidwood"},{"name":"Andres Suarez"},{"name":"Aparajita Fishman"},{"name":"Arian Stolwijk"},{"name":"Artem Govorov"},{"name":"Brandon Mills"},{"name":"Charles Hughes"},{"name":"Conrad Irwin"},{"name":"David Bonnet"},{"name":"Forbes Lindesay"},{"name":"Gilad Peleg"},{"name":"impinball"},{"name":"Ingvar Stepanyan"},{"name":"Jiaxing Wang"},{"name":"Johannes Herr"},{"name":"Jürg Lehni"},{"name":"keeyipchan"},{"name":"krator"},{"name":"Marijn Haverbeke"},{"name":"Martin Carlberg"},{"name":"Mathias Bynens"},{"name":"Mathieu 'p01' Henri"},{"name":"Max Schaefer"},{"name":"Max Zerzouri"},{"name":"Mihai Bazon"},{"name":"Mike Rennie"},{"name":"Nick Fitzgerald"},{"name":"Oskar Schöldström"},{"name":"Paul Harper"},{"name":"Peter Rust"},{"name":"PlNG"},{"name":"r-e-d"},{"name":"Rich Harris"},{"name":"Sebastian McKenzie"},{"name":"zsjforcn"}],"gitHead":"d3d29372096ed29f5abdd754347fc8b2efb56651","bugs":{"url":"https://github.com/marijnh/acorn/issues"},"_id":"acorn@1.2.1","_shasum":"ae46ed295eea4e175a376634a8825eb6710f8058","_from":".","_npmVersion":"1.4.21","_npmUser":{"name":"marijn","email":"marijnh@gmail.com"},"dist":{"shasum":"ae46ed295eea4e175a376634a8825eb6710f8058","tarball":"https://registry.npmjs.org/acorn/-/acorn-1.2.1.tgz"},"directories":{}},"2.0.1":{"name":"acorn","description":"ECMAScript parser","homepage":"https://github.com/marijnh/acorn","main":"dist/acorn.js","version":"2.0.1","engines":{"node":">=0.4.0"},"maintainers":[{"name":"marijn","email":"marijnh@gmail.com"}],"repository":{"type":"git","url":"https://github.com/marijnh/acorn.git"},"license":"MIT","scripts":{"test":"node test/run.js","prepublish":"bin/prepublish.sh"},"bin":{"acorn":"./bin/acorn"},"devDependencies":{"babelify":"^5.0.4","browserify":"^9.0.3","browserify-derequire":"^0.9.4","unicode-7.0.0":"~0.1.5"},"contributors":[{"name":"List of Acorn contributors. Updated before every release."},{"name":"Adrian Rakovsky"},{"name":"Alistair Braidwood"},{"name":"Andres Suarez"},{"name":"Aparajita Fishman"},{"name":"Arian Stolwijk"},{"name":"Artem Govorov"},{"name":"Brandon Mills"},{"name":"Charles Hughes"},{"name":"Conrad Irwin"},{"name":"David Bonnet"},{"name":"Forbes Lindesay"},{"name":"Gilad Peleg"},{"name":"impinball"},{"name":"Ingvar Stepanyan"},{"name":"Jiaxing Wang"},{"name":"Johannes Herr"},{"name":"Jürg Lehni"},{"name":"keeyipchan"},{"name":"krator"},{"name":"Marijn Haverbeke"},{"name":"Martin Carlberg"},{"name":"Mathias Bynens"},{"name":"Mathieu 'p01' Henri"},{"name":"Max Schaefer"},{"name":"Max Zerzouri"},{"name":"Mihai Bazon"},{"name":"Mike Rennie"},{"name":"Nick Fitzgerald"},{"name":"Oskar Schöldström"},{"name":"Paul Harper"},{"name":"Peter Rust"},{"name":"PlNG"},{"name":"r-e-d"},{"name":"Rich Harris"},{"name":"Sebastian McKenzie"},{"name":"zsjforcn"}],"gitHead":"4518005f9d3ba4fe82dcc3cf6ca783f9ee706877","bugs":{"url":"https://github.com/marijnh/acorn/issues"},"_id":"acorn@2.0.1","_shasum":"e577f8af33249fc0bf7b273512254268e5e2e533","_from":".","_npmVersion":"1.4.21","_npmUser":{"name":"marijn","email":"marijnh@gmail.com"},"dist":{"shasum":"e577f8af33249fc0bf7b273512254268e5e2e533","tarball":"https://registry.npmjs.org/acorn/-/acorn-2.0.1.tgz"},"directories":{}},"1.2.2":{"name":"acorn","description":"ECMAScript parser","homepage":"https://github.com/marijnh/acorn","main":"dist/acorn.js","version":"1.2.2","engines":{"node":">=0.4.0"},"maintainers":[{"name":"marijn","email":"marijnh@gmail.com"}],"repository":{"type":"git","url":"https://github.com/marijnh/acorn.git"},"license":"MIT","scripts":{"test":"node test/run.js","prepublish":"bin/prepublish.sh"},"bin":{"acorn":"./bin/acorn"},"devDependencies":{"babelify":"^5.0.4","browserify":"^9.0.3","browserify-derequire":"^0.9.4","unicode-7.0.0":"~0.1.5"},"contributors":[{"name":"List of Acorn contributors. Updated before every release."},{"name":"Adrian Rakovsky"},{"name":"Alistair Braidwood"},{"name":"Andres Suarez"},{"name":"Aparajita Fishman"},{"name":"Arian Stolwijk"},{"name":"Artem Govorov"},{"name":"Brandon Mills"},{"name":"Charles Hughes"},{"name":"Conrad Irwin"},{"name":"David Bonnet"},{"name":"Forbes Lindesay"},{"name":"Gilad Peleg"},{"name":"impinball"},{"name":"Ingvar Stepanyan"},{"name":"Jiaxing Wang"},{"name":"Johannes Herr"},{"name":"Jürg Lehni"},{"name":"keeyipchan"},{"name":"krator"},{"name":"Marijn Haverbeke"},{"name":"Martin Carlberg"},{"name":"Mathias Bynens"},{"name":"Mathieu 'p01' Henri"},{"name":"Max Schaefer"},{"name":"Max Zerzouri"},{"name":"Mihai Bazon"},{"name":"Mike Rennie"},{"name":"Nick Fitzgerald"},{"name":"Oskar Schöldström"},{"name":"Paul Harper"},{"name":"Peter Rust"},{"name":"PlNG"},{"name":"r-e-d"},{"name":"Rich Harris"},{"name":"Sebastian McKenzie"},{"name":"zsjforcn"}],"gitHead":"0857d8bb9c3c05e6c8fac9e83fddaefc4f43816f","bugs":{"url":"https://github.com/marijnh/acorn/issues"},"_id":"acorn@1.2.2","_shasum":"c8ce27de0acc76d896d2b1fad3df588d9e82f014","_from":".","_npmVersion":"1.4.21","_npmUser":{"name":"marijn","email":"marijnh@gmail.com"},"dist":{"shasum":"c8ce27de0acc76d896d2b1fad3df588d9e82f014","tarball":"https://registry.npmjs.org/acorn/-/acorn-1.2.2.tgz"},"directories":{}},"2.0.4":{"name":"acorn","description":"ECMAScript parser","homepage":"https://github.com/marijnh/acorn","main":"dist/acorn.js","version":"2.0.4","engines":{"node":">=0.4.0"},"maintainers":[{"name":"marijn","email":"marijnh@gmail.com"}],"repository":{"type":"git","url":"https://github.com/marijnh/acorn.git"},"license":"MIT","scripts":{"test":"node test/run.js","prepublish":"node bin/build-acorn.js && node bin/without_eval > dist/acorn_csp.js"},"bin":{"acorn":"./bin/acorn"},"devDependencies":{"babelify":"^5.0.4","browserify":"^9.0.3","browserify-derequire":"^0.9.4","unicode-7.0.0":"~0.1.5"},"contributors":[{"name":"List of Acorn contributors. Updated before every release."},{"name":"Adrian Rakovsky"},{"name":"Alistair Braidwood"},{"name":"Andres Suarez"},{"name":"Aparajita Fishman"},{"name":"Arian Stolwijk"},{"name":"Artem Govorov"},{"name":"Brandon Mills"},{"name":"Charles Hughes"},{"name":"Conrad Irwin"},{"name":"David Bonnet"},{"name":"Forbes Lindesay"},{"name":"Gilad Peleg"},{"name":"impinball"},{"name":"Ingvar Stepanyan"},{"name":"Jiaxing Wang"},{"name":"Johannes Herr"},{"name":"Jürg Lehni"},{"name":"keeyipchan"},{"name":"krator"},{"name":"Marijn Haverbeke"},{"name":"Martin Carlberg"},{"name":"Mathias Bynens"},{"name":"Mathieu 'p01' Henri"},{"name":"Max Schaefer"},{"name":"Max Zerzouri"},{"name":"Mihai Bazon"},{"name":"Mike Rennie"},{"name":"Nick Fitzgerald"},{"name":"Oskar Schöldström"},{"name":"Paul Harper"},{"name":"Peter Rust"},{"name":"PlNG"},{"name":"r-e-d"},{"name":"Rich Harris"},{"name":"Sebastian McKenzie"},{"name":"zsjforcn"}],"gitHead":"6760df2c53527d7b02b260b24556c50d7c6271ba","bugs":{"url":"https://github.com/marijnh/acorn/issues"},"_id":"acorn@2.0.4","_shasum":"d6cb7a65fdfc1a16586132baa40528dafa28a16a","_from":".","_npmVersion":"1.4.21","_npmUser":{"name":"marijn","email":"marijnh@gmail.com"},"dist":{"shasum":"d6cb7a65fdfc1a16586132baa40528dafa28a16a","tarball":"https://registry.npmjs.org/acorn/-/acorn-2.0.4.tgz"},"directories":{}},"2.1.0":{"name":"acorn","description":"ECMAScript parser","homepage":"https://github.com/marijnh/acorn","main":"dist/acorn.js","version":"2.1.0","engines":{"node":">=0.4.0"},"maintainers":[{"name":"marijn","email":"marijnh@gmail.com"}],"repository":{"type":"git","url":"https://github.com/marijnh/acorn.git"},"license":"MIT","scripts":{"prepublish":"node bin/build-acorn.js && node bin/without_eval > dist/acorn_csp.js","test":"node test/run.js"},"bin":{"acorn":"./bin/acorn"},"devDependencies":{"babel-core":"^5.6.15","babelify":"^6.1.2","browserify":"^10.2.4","browserify-derequire":"^0.9.4","unicode-7.0.0":"~0.1.5"},"contributors":[{"name":"List of Acorn contributors. Updated before every release."},{"name":"Adrian Rakovsky"},{"name":"Alistair Braidwood"},{"name":"Andres Suarez"},{"name":"Aparajita Fishman"},{"name":"Arian Stolwijk"},{"name":"Artem Govorov"},{"name":"Brandon Mills"},{"name":"Charles Hughes"},{"name":"Conrad Irwin"},{"name":"David Bonnet"},{"name":"Forbes Lindesay"},{"name":"Gilad Peleg"},{"name":"impinball"},{"name":"Ingvar Stepanyan"},{"name":"Jesse McCarthy"},{"name":"Jiaxing Wang"},{"name":"Joel Kemp"},{"name":"Johannes Herr"},{"name":"Jürg Lehni"},{"name":"keeyipchan"},{"name":"Kevin Kwok"},{"name":"krator"},{"name":"Marijn Haverbeke"},{"name":"Martin Carlberg"},{"name":"Mathias Bynens"},{"name":"Mathieu 'p01' Henri"},{"name":"Max Schaefer"},{"name":"Max Zerzouri"},{"name":"Mihai Bazon"},{"name":"Mike Rennie"},{"name":"Nick Fitzgerald"},{"name":"Oskar Schöldström"},{"name":"Paul Harper"},{"name":"Peter Rust"},{"name":"PlNG"},{"name":"r-e-d"},{"name":"Rich Harris"},{"name":"Sebastian McKenzie"},{"name":"zsjforcn"}],"gitHead":"0c114fb5a1bfa8f9b216a36e2aef7a13c1d4fd88","bugs":{"url":"https://github.com/marijnh/acorn/issues"},"_id":"acorn@2.1.0","_shasum":"f7f066239714dcdabf85705050d2b5aa6e3d0b55","_from":".","_npmVersion":"1.4.21","_npmUser":{"name":"marijn","email":"marijnh@gmail.com"},"dist":{"shasum":"f7f066239714dcdabf85705050d2b5aa6e3d0b55","tarball":"https://registry.npmjs.org/acorn/-/acorn-2.1.0.tgz"},"directories":{}},"2.2.0":{"name":"acorn","description":"ECMAScript parser","homepage":"https://github.com/marijnh/acorn","main":"dist/acorn.js","version":"2.2.0","engines":{"node":">=0.4.0"},"maintainers":[{"name":"marijn","email":"marijnh@gmail.com"},{"name":"rreverser","email":"me@rreverser.com"}],"repository":{"type":"git","url":"https://github.com/marijnh/acorn.git"},"license":"MIT","scripts":{"prepublish":"node bin/build-acorn.js && node bin/without_eval > dist/acorn_csp.js","test":"node test/run.js"},"bin":{"acorn":"./bin/acorn"},"devDependencies":{"babel-core":"^5.6.15","babelify":"^6.1.2","browserify":"^10.2.4","browserify-derequire":"^0.9.4","unicode-7.0.0":"~0.1.5"},"contributors":[{"name":"List of Acorn contributors. Updated before every release."},{"name":"Adrian Rakovsky"},{"name":"Alistair Braidwood"},{"name":"Andres Suarez"},{"name":"Aparajita Fishman"},{"name":"Arian Stolwijk"},{"name":"Artem Govorov"},{"name":"Brandon Mills"},{"name":"Charles Hughes"},{"name":"Conrad Irwin"},{"name":"David Bonnet"},{"name":"Forbes Lindesay"},{"name":"Gilad Peleg"},{"name":"impinball"},{"name":"Ingvar Stepanyan"},{"name":"Jesse McCarthy"},{"name":"Jiaxing Wang"},{"name":"Joel Kemp"},{"name":"Johannes Herr"},{"name":"Jürg Lehni"},{"name":"keeyipchan"},{"name":"Kevin Kwok"},{"name":"krator"},{"name":"Marijn Haverbeke"},{"name":"Martin Carlberg"},{"name":"Mathias Bynens"},{"name":"Mathieu 'p01' Henri"},{"name":"Max Schaefer"},{"name":"Max Zerzouri"},{"name":"Mihai Bazon"},{"name":"Mike Rennie"},{"name":"Nick Fitzgerald"},{"name":"Oskar Schöldström"},{"name":"Paul Harper"},{"name":"Peter Rust"},{"name":"PlNG"},{"name":"r-e-d"},{"name":"Rich Harris"},{"name":"Sebastian McKenzie"},{"name":"zsjforcn"}],"gitHead":"58b659be49c34305cc1eeb87adf8384e0c79bd5a","bugs":{"url":"https://github.com/marijnh/acorn/issues"},"_id":"acorn@2.2.0","_shasum":"8ce2308bc87cfdd7f234e2613ebdb0970fe518d8","_from":".","_npmVersion":"1.4.21","_npmUser":{"name":"marijn","email":"marijnh@gmail.com"},"dist":{"shasum":"8ce2308bc87cfdd7f234e2613ebdb0970fe518d8","tarball":"https://registry.npmjs.org/acorn/-/acorn-2.2.0.tgz"},"directories":{}},"2.3.0":{"name":"acorn","description":"ECMAScript parser","homepage":"https://github.com/marijnh/acorn","main":"dist/acorn.js","version":"2.3.0","engines":{"node":">=0.4.0"},"maintainers":[{"name":"marijn","email":"marijnh@gmail.com"},{"name":"rreverser","email":"me@rreverser.com"}],"repository":{"type":"git","url":"https://github.com/marijnh/acorn.git"},"license":"MIT","scripts":{"prepublish":"node bin/build-acorn.js && node bin/without_eval > dist/acorn_csp.js","test":"node test/run.js"},"bin":{"acorn":"./bin/acorn"},"devDependencies":{"babel-core":"^5.6.15","babelify":"^6.1.2","browserify":"^10.2.4","browserify-derequire":"^0.9.4","unicode-7.0.0":"~0.1.5"},"contributors":[{"name":"List of Acorn contributors. Updated before every release."},{"name":"Adrian Rakovsky"},{"name":"Alistair Braidwood"},{"name":"Andres Suarez"},{"name":"Aparajita Fishman"},{"name":"Arian Stolwijk"},{"name":"Artem Govorov"},{"name":"Brandon Mills"},{"name":"Charles Hughes"},{"name":"Conrad Irwin"},{"name":"David Bonnet"},{"name":"Forbes Lindesay"},{"name":"Gilad Peleg"},{"name":"impinball"},{"name":"Ingvar Stepanyan"},{"name":"Jesse McCarthy"},{"name":"Jiaxing Wang"},{"name":"Joel Kemp"},{"name":"Johannes Herr"},{"name":"Jürg Lehni"},{"name":"keeyipchan"},{"name":"Kevin Kwok"},{"name":"krator"},{"name":"Marijn Haverbeke"},{"name":"Martin Carlberg"},{"name":"Mathias Bynens"},{"name":"Mathieu 'p01' Henri"},{"name":"Max Schaefer"},{"name":"Max Zerzouri"},{"name":"Mihai Bazon"},{"name":"Mike Rennie"},{"name":"Nick Fitzgerald"},{"name":"Oskar Schöldström"},{"name":"Paul Harper"},{"name":"Peter Rust"},{"name":"PlNG"},{"name":"r-e-d"},{"name":"Rich Harris"},{"name":"Sebastian McKenzie"},{"name":"zsjforcn"}],"gitHead":"45d9a316b26098ba5f819d8a48c54a350ceae44b","bugs":{"url":"https://github.com/marijnh/acorn/issues"},"_id":"acorn@2.3.0","_shasum":"1334584c8a3014ee9bd02fa09251cc97e43e388b","_from":".","_npmVersion":"1.4.21","_npmUser":{"name":"marijn","email":"marijnh@gmail.com"},"dist":{"shasum":"1334584c8a3014ee9bd02fa09251cc97e43e388b","tarball":"https://registry.npmjs.org/acorn/-/acorn-2.3.0.tgz"},"directories":{}},"2.4.0":{"name":"acorn","description":"ECMAScript parser","homepage":"https://github.com/marijnh/acorn","main":"dist/acorn.js","version":"2.4.0","engines":{"node":">=0.4.0"},"maintainers":[{"name":"marijn","email":"marijnh@gmail.com"},{"name":"rreverser","email":"me@rreverser.com"}],"repository":{"type":"git","url":"https://github.com/marijnh/acorn.git"},"license":"MIT","scripts":{"prepublish":"node bin/build-acorn.js && node bin/without_eval > dist/acorn_csp.js","test":"node test/run.js"},"bin":{"acorn":"./bin/acorn"},"devDependencies":{"babel-core":"^5.6.15","babelify":"^6.1.2","browserify":"^10.2.4","browserify-derequire":"^0.9.4","unicode-7.0.0":"~0.1.5"},"contributors":[{"name":"List of Acorn contributors. Updated before every release."},{"name":"Adrian Rakovsky"},{"name":"Alistair Braidwood"},{"name":"Andres Suarez"},{"name":"Aparajita Fishman"},{"name":"Arian Stolwijk"},{"name":"Artem Govorov"},{"name":"Brandon Mills"},{"name":"Charles Hughes"},{"name":"Conrad Irwin"},{"name":"David Bonnet"},{"name":"ForbesLindesay"},{"name":"Forbes Lindesay"},{"name":"Gilad Peleg"},{"name":"impinball"},{"name":"Ingvar Stepanyan"},{"name":"Jesse McCarthy"},{"name":"Jiaxing Wang"},{"name":"Joel Kemp"},{"name":"Johannes Herr"},{"name":"Jürg Lehni"},{"name":"keeyipchan"},{"name":"Kevin Kwok"},{"name":"krator"},{"name":"Marijn Haverbeke"},{"name":"Martin Carlberg"},{"name":"Mathias Bynens"},{"name":"Mathieu 'p01' Henri"},{"name":"Max Schaefer"},{"name":"Max Zerzouri"},{"name":"Mihai Bazon"},{"name":"Mike Rennie"},{"name":"Nick Fitzgerald"},{"name":"Oskar Schöldström"},{"name":"Paul Harper"},{"name":"Peter Rust"},{"name":"PlNG"},{"name":"r-e-d"},{"name":"Rich Harris"},{"name":"Sebastian McKenzie"},{"name":"Timothy Gu"},{"name":"zsjforcn"}],"gitHead":"b012acf2077198ac17786115daa446af323f17f3","bugs":{"url":"https://github.com/marijnh/acorn/issues"},"_id":"acorn@2.4.0","_shasum":"ef0e3ac322ca516a1846452acd11a5560360aefe","_from":".","_npmVersion":"1.4.21","_npmUser":{"name":"marijn","email":"marijnh@gmail.com"},"dist":{"shasum":"ef0e3ac322ca516a1846452acd11a5560360aefe","tarball":"https://registry.npmjs.org/acorn/-/acorn-2.4.0.tgz"},"directories":{}},"2.5.0":{"name":"acorn","description":"ECMAScript parser","homepage":"https://github.com/marijnh/acorn","main":"dist/acorn.js","version":"2.5.0","engines":{"node":">=0.4.0"},"maintainers":[{"name":"marijn","email":"marijnh@gmail.com"},{"name":"rreverser","email":"me@rreverser.com"}],"repository":{"type":"git","url":"https://github.com/marijnh/acorn.git"},"license":"MIT","scripts":{"prepublish":"node bin/build-acorn.js","test":"node test/run.js"},"bin":{"acorn":"./bin/acorn"},"devDependencies":{"babel-core":"^5.6.15","babelify":"^6.1.2","browserify":"^10.2.4","browserify-derequire":"^0.9.4","unicode-7.0.0":"~0.1.5"},"contributors":[{"name":"List of Acorn contributors. Updated before every release."},{"name":"Adrian Rakovsky"},{"name":"Alistair Braidwood"},{"name":"Andres Suarez"},{"name":"Aparajita Fishman"},{"name":"Arian Stolwijk"},{"name":"Artem Govorov"},{"name":"Brandon Mills"},{"name":"Charles Hughes"},{"name":"Conrad Irwin"},{"name":"David Bonnet"},{"name":"ForbesLindesay"},{"name":"Forbes Lindesay"},{"name":"Gilad Peleg"},{"name":"impinball"},{"name":"Ingvar Stepanyan"},{"name":"Jesse McCarthy"},{"name":"Jiaxing Wang"},{"name":"Joel Kemp"},{"name":"Johannes Herr"},{"name":"Jürg Lehni"},{"name":"keeyipchan"},{"name":"Kevin Kwok"},{"name":"krator"},{"name":"Marijn Haverbeke"},{"name":"Martin Carlberg"},{"name":"Mathias Bynens"},{"name":"Mathieu 'p01' Henri"},{"name":"Max Schaefer"},{"name":"Max Zerzouri"},{"name":"Mihai Bazon"},{"name":"Mike Rennie"},{"name":"Nick Fitzgerald"},{"name":"Oskar Schöldström"},{"name":"Paul Harper"},{"name":"Peter Rust"},{"name":"PlNG"},{"name":"r-e-d"},{"name":"Rich Harris"},{"name":"Sebastian McKenzie"},{"name":"Timothy Gu"},{"name":"zsjforcn"}],"gitHead":"6a706be56cd7943648085e7795ae88fde546c1f4","bugs":{"url":"https://github.com/marijnh/acorn/issues"},"_id":"acorn@2.5.0","_shasum":"6d796fc34f6cafb84df7d37a28cfd0335fdc3da6","_from":".","_npmVersion":"1.4.21","_npmUser":{"name":"marijn","email":"marijnh@gmail.com"},"dist":{"shasum":"6d796fc34f6cafb84df7d37a28cfd0335fdc3da6","tarball":"https://registry.npmjs.org/acorn/-/acorn-2.5.0.tgz"},"directories":{}},"2.5.2":{"name":"acorn","description":"ECMAScript parser","homepage":"https://github.com/marijnh/acorn","main":"dist/acorn.js","version":"2.5.2","engines":{"node":">=0.4.0"},"maintainers":[{"name":"marijn","email":"marijnh@gmail.com"},{"name":"rreverser","email":"me@rreverser.com"}],"repository":{"type":"git","url":"https://github.com/marijnh/acorn.git"},"license":"MIT","scripts":{"prepublish":"node bin/build-acorn.js","test":"node test/run.js"},"bin":{"acorn":"./bin/acorn"},"devDependencies":{"babel-core":"^5.6.15","babelify":"^6.1.2","browserify":"^10.2.4","browserify-derequire":"^0.9.4","unicode-7.0.0":"~0.1.5"},"contributors":[{"name":"List of Acorn contributors. Updated before every release."},{"name":"Adrian Rakovsky"},{"name":"Alistair Braidwood"},{"name":"Andres Suarez"},{"name":"Aparajita Fishman"},{"name":"Arian Stolwijk"},{"name":"Artem Govorov"},{"name":"Brandon Mills"},{"name":"Charles Hughes"},{"name":"Conrad Irwin"},{"name":"David Bonnet"},{"name":"ForbesLindesay"},{"name":"Forbes Lindesay"},{"name":"Gilad Peleg"},{"name":"impinball"},{"name":"Ingvar Stepanyan"},{"name":"Jesse McCarthy"},{"name":"Jiaxing Wang"},{"name":"Joel Kemp"},{"name":"Johannes Herr"},{"name":"Jürg Lehni"},{"name":"keeyipchan"},{"name":"Kevin Kwok"},{"name":"krator"},{"name":"Marijn Haverbeke"},{"name":"Martin Carlberg"},{"name":"Mathias Bynens"},{"name":"Mathieu 'p01' Henri"},{"name":"Max Schaefer"},{"name":"Max Zerzouri"},{"name":"Mihai Bazon"},{"name":"Mike Rennie"},{"name":"Nick Fitzgerald"},{"name":"Oskar Schöldström"},{"name":"Paul Harper"},{"name":"Peter Rust"},{"name":"PlNG"},{"name":"r-e-d"},{"name":"Rich Harris"},{"name":"Sebastian McKenzie"},{"name":"Timothy Gu"},{"name":"zsjforcn"}],"gitHead":"298e6e72815dcf1e194e8e17533537e17a32f9bf","bugs":{"url":"https://github.com/marijnh/acorn/issues"},"_id":"acorn@2.5.2","_shasum":"a68b5c814de12a8888ab4373542e5e5cbfe312a9","_from":".","_npmVersion":"1.4.21","_npmUser":{"name":"marijn","email":"marijnh@gmail.com"},"dist":{"shasum":"a68b5c814de12a8888ab4373542e5e5cbfe312a9","tarball":"https://registry.npmjs.org/acorn/-/acorn-2.5.2.tgz"},"directories":{}},"2.6.0":{"name":"acorn","description":"ECMAScript parser","homepage":"https://github.com/ternjs/acorn","main":"dist/acorn.js","version":"2.6.0","engines":{"node":">=0.4.0"},"maintainers":[{"name":"marijn","email":"marijnh@gmail.com"},{"name":"rreverser","email":"me@rreverser.com"}],"repository":{"type":"git","url":"https://github.com/ternjs/acorn.git"},"license":"MIT","scripts":{"prepublish":"node bin/build-acorn.js","test":"node test/run.js"},"bin":{"acorn":"./bin/acorn"},"devDependencies":{"babel-core":"^5.6.15","babelify":"^6.1.2","browserify":"^10.2.4","browserify-derequire":"^0.9.4","unicode-7.0.0":"~0.1.5"},"contributors":[{"name":"List of Acorn contributors. Updated before every release."},{"name":"Adrian Rakovsky"},{"name":"Alistair Braidwood"},{"name":"Andres Suarez"},{"name":"Aparajita Fishman"},{"name":"Arian Stolwijk"},{"name":"Artem Govorov"},{"name":"Brandon Mills"},{"name":"Charles Hughes"},{"name":"Conrad Irwin"},{"name":"David Bonnet"},{"name":"ForbesLindesay"},{"name":"Forbes Lindesay"},{"name":"Gilad Peleg"},{"name":"impinball"},{"name":"Ingvar Stepanyan"},{"name":"Jesse McCarthy"},{"name":"Jiaxing Wang"},{"name":"Joel Kemp"},{"name":"Johannes Herr"},{"name":"Jürg Lehni"},{"name":"keeyipchan"},{"name":"Kevin Kwok"},{"name":"krator"},{"name":"Marijn Haverbeke"},{"name":"Martin Carlberg"},{"name":"Mathias Bynens"},{"name":"Mathieu 'p01' Henri"},{"name":"Max Schaefer"},{"name":"Max Zerzouri"},{"name":"Mihai Bazon"},{"name":"Mike Rennie"},{"name":"Nick Fitzgerald"},{"name":"Oskar Schöldström"},{"name":"Paul Harper"},{"name":"Peter Rust"},{"name":"PlNG"},{"name":"r-e-d"},{"name":"Rich Harris"},{"name":"Sebastian McKenzie"},{"name":"Timothy Gu"},{"name":"zsjforcn"}],"gitHead":"e45e55b221226f6b14b00c310555f63a62690035","bugs":{"url":"https://github.com/ternjs/acorn/issues"},"_id":"acorn@2.6.0","_shasum":"ef6c0770a0bb1b2e3cd3ee13c8781f806978d0be","_from":".","_npmVersion":"1.4.21","_npmUser":{"name":"marijn","email":"marijnh@gmail.com"},"dist":{"shasum":"ef6c0770a0bb1b2e3cd3ee13c8781f806978d0be","tarball":"https://registry.npmjs.org/acorn/-/acorn-2.6.0.tgz"},"directories":{}},"2.6.2":{"name":"acorn","description":"ECMAScript parser","homepage":"https://github.com/ternjs/acorn","main":"dist/acorn.js","version":"2.6.2","engines":{"node":">=0.4.0"},"maintainers":[{"name":"marijn","email":"marijnh@gmail.com"},{"name":"rreverser","email":"me@rreverser.com"}],"repository":{"type":"git","url":"https://github.com/ternjs/acorn.git"},"license":"MIT","scripts":{"prepublish":"node bin/build-acorn.js","test":"node test/run.js"},"bin":{"acorn":"./bin/acorn"},"devDependencies":{"babel-core":"^5.6.15","babelify":"^6.1.2","browserify":"^10.2.4","browserify-derequire":"^0.9.4","unicode-7.0.0":"~0.1.5"},"contributors":[{"name":"List of Acorn contributors. Updated before every release."},{"name":"Adrian Rakovsky"},{"name":"Alistair Braidwood"},{"name":"Andres Suarez"},{"name":"Aparajita Fishman"},{"name":"Arian Stolwijk"},{"name":"Artem Govorov"},{"name":"Brandon Mills"},{"name":"Charles Hughes"},{"name":"Conrad Irwin"},{"name":"David Bonnet"},{"name":"ForbesLindesay"},{"name":"Forbes Lindesay"},{"name":"Gilad Peleg"},{"name":"impinball"},{"name":"Ingvar Stepanyan"},{"name":"Jesse McCarthy"},{"name":"Jiaxing Wang"},{"name":"Joel Kemp"},{"name":"Johannes Herr"},{"name":"Jürg Lehni"},{"name":"keeyipchan"},{"name":"Kevin Kwok"},{"name":"krator"},{"name":"Marijn Haverbeke"},{"name":"Martin Carlberg"},{"name":"Mathias Bynens"},{"name":"Mathieu 'p01' Henri"},{"name":"Max Schaefer"},{"name":"Max Zerzouri"},{"name":"Mihai Bazon"},{"name":"Mike Rennie"},{"name":"Nick Fitzgerald"},{"name":"Oskar Schöldström"},{"name":"Paul Harper"},{"name":"Peter Rust"},{"name":"PlNG"},{"name":"r-e-d"},{"name":"Rich Harris"},{"name":"Sebastian McKenzie"},{"name":"Timothy Gu"},{"name":"zsjforcn"}],"gitHead":"aa7d7ba03e1256339f0f44830586794552ec131d","bugs":{"url":"https://github.com/ternjs/acorn/issues"},"_id":"acorn@2.6.2","_shasum":"18235b42ac934ca30f89d27472b653985dd03f76","_from":".","_npmVersion":"1.4.21","_npmUser":{"name":"marijn","email":"marijnh@gmail.com"},"dist":{"shasum":"18235b42ac934ca30f89d27472b653985dd03f76","tarball":"https://registry.npmjs.org/acorn/-/acorn-2.6.2.tgz"},"directories":{}},"2.6.4":{"name":"acorn","description":"ECMAScript parser","homepage":"https://github.com/ternjs/acorn","main":"dist/acorn.js","version":"2.6.4","engines":{"node":">=0.4.0"},"maintainers":[{"name":"marijn","email":"marijnh@gmail.com"},{"name":"rreverser","email":"me@rreverser.com"}],"repository":{"type":"git","url":"https://github.com/ternjs/acorn.git"},"license":"MIT","scripts":{"prepublish":"node bin/build-acorn.js","test":"node test/run.js"},"bin":{"acorn":"./bin/acorn"},"devDependencies":{"babel-core":"^5.6.15","babelify":"^6.1.2","browserify":"^10.2.4","browserify-derequire":"^0.9.4","unicode-7.0.0":"~0.1.5"},"contributors":[{"name":"List of Acorn contributors. Updated before every release."},{"name":"Adrian Rakovsky"},{"name":"Alistair Braidwood"},{"name":"Andres Suarez"},{"name":"Aparajita Fishman"},{"name":"Arian Stolwijk"},{"name":"Artem Govorov"},{"name":"Brandon Mills"},{"name":"Charles Hughes"},{"name":"Conrad Irwin"},{"name":"David Bonnet"},{"name":"ForbesLindesay"},{"name":"Forbes Lindesay"},{"name":"Gilad Peleg"},{"name":"impinball"},{"name":"Ingvar Stepanyan"},{"name":"Jesse McCarthy"},{"name":"Jiaxing Wang"},{"name":"Joel Kemp"},{"name":"Johannes Herr"},{"name":"Jürg Lehni"},{"name":"keeyipchan"},{"name":"Kevin Kwok"},{"name":"krator"},{"name":"Marijn Haverbeke"},{"name":"Martin Carlberg"},{"name":"Mathias Bynens"},{"name":"Mathieu 'p01' Henri"},{"name":"Max Schaefer"},{"name":"Max Zerzouri"},{"name":"Mihai Bazon"},{"name":"Mike Rennie"},{"name":"Nick Fitzgerald"},{"name":"Oskar Schöldström"},{"name":"Paul Harper"},{"name":"Peter Rust"},{"name":"PlNG"},{"name":"r-e-d"},{"name":"Rich Harris"},{"name":"Sebastian McKenzie"},{"name":"Timothy Gu"},{"name":"zsjforcn"}],"gitHead":"2c0e4ab7872135959dee8d331c7089353365d379","bugs":{"url":"https://github.com/ternjs/acorn/issues"},"_id":"acorn@2.6.4","_shasum":"eb1f45b4a43fa31d03701a5ec46f3b52673e90ee","_from":".","_npmVersion":"1.4.21","_npmUser":{"name":"marijn","email":"marijnh@gmail.com"},"dist":{"shasum":"eb1f45b4a43fa31d03701a5ec46f3b52673e90ee","tarball":"https://registry.npmjs.org/acorn/-/acorn-2.6.4.tgz"},"directories":{}},"2.7.0":{"name":"acorn","description":"ECMAScript parser","homepage":"https://github.com/ternjs/acorn","main":"dist/acorn.js","version":"2.7.0","engines":{"node":">=0.4.0"},"maintainers":[{"name":"marijn","email":"marijnh@gmail.com"},{"name":"rreverser","email":"me@rreverser.com"}],"repository":{"type":"git","url":"git+https://github.com/ternjs/acorn.git"},"license":"MIT","scripts":{"prepublish":"node bin/build-acorn.js","test":"node test/run.js"},"bin":{"acorn":"./bin/acorn"},"devDependencies":{"babel-core":"^5.6.15","babelify":"^6.1.2","browserify":"^10.2.4","browserify-derequire":"^0.9.4","unicode-7.0.0":"~0.1.5"},"contributors":[{"name":"List of Acorn contributors. Updated before every release."},{"name":"Adrian Rakovsky"},{"name":"Alistair Braidwood"},{"name":"Andres Suarez"},{"name":"Aparajita Fishman"},{"name":"Arian Stolwijk"},{"name":"Artem Govorov"},{"name":"Brandon Mills"},{"name":"Charles Hughes"},{"name":"Conrad Irwin"},{"name":"David Bonnet"},{"name":"ForbesLindesay"},{"name":"Forbes Lindesay"},{"name":"Gilad Peleg"},{"name":"impinball"},{"name":"Ingvar Stepanyan"},{"name":"Jesse McCarthy"},{"name":"Jiaxing Wang"},{"name":"Joel Kemp"},{"name":"Johannes Herr"},{"name":"Jürg Lehni"},{"name":"keeyipchan"},{"name":"Kevin Kwok"},{"name":"krator"},{"name":"Marijn Haverbeke"},{"name":"Martin Carlberg"},{"name":"Mathias Bynens"},{"name":"Mathieu 'p01' Henri"},{"name":"Max Schaefer"},{"name":"Max Zerzouri"},{"name":"Mihai Bazon"},{"name":"Mike Rennie"},{"name":"Nick Fitzgerald"},{"name":"Oskar Schöldström"},{"name":"Paul Harper"},{"name":"Peter Rust"},{"name":"PlNG"},{"name":"r-e-d"},{"name":"Rich Harris"},{"name":"Sebastian McKenzie"},{"name":"Timothy Gu"},{"name":"zsjforcn"}],"gitHead":"1405436064bff087f14af55a763396aa5c0ca148","bugs":{"url":"https://github.com/ternjs/acorn/issues"},"_id":"acorn@2.7.0","_shasum":"ab6e7d9d886aaca8b085bc3312b79a198433f0e7","_from":".","_npmVersion":"2.14.7","_nodeVersion":"4.2.2","_npmUser":{"name":"marijn","email":"marijnh@gmail.com"},"dist":{"shasum":"ab6e7d9d886aaca8b085bc3312b79a198433f0e7","tarball":"https://registry.npmjs.org/acorn/-/acorn-2.7.0.tgz"},"directories":{}},"3.0.0":{"name":"acorn","description":"ECMAScript parser","homepage":"https://github.com/ternjs/acorn","main":"dist/acorn.js","version":"3.0.0","engines":{"node":">=0.4.0"},"maintainers":[{"name":"marijn","email":"marijnh@gmail.com"},{"name":"rreverser","email":"me@rreverser.com"}],"repository":{"type":"git","url":"git+https://github.com/ternjs/acorn.git"},"license":"MIT","scripts":{"prepublish":"node bin/build-acorn.js","test":"node test/run.js"},"bin":{"acorn":"./bin/acorn"},"devDependencies":{"babel-core":"^5.6.15","babelify":"^6.1.2","browserify":"^10.2.4","browserify-derequire":"^0.9.4","unicode-8.0.0":"^0.1.5"},"contributors":[{"name":"List of Acorn contributors. Updated before every release."},{"name":"Adrian Rakovsky"},{"name":"Alistair Braidwood"},{"name":"Andres Suarez"},{"name":"Aparajita Fishman"},{"name":"Arian Stolwijk"},{"name":"Artem Govorov"},{"name":"Brandon Mills"},{"name":"Charles Hughes"},{"name":"Conrad Irwin"},{"name":"David Bonnet"},{"name":"ForbesLindesay"},{"name":"Forbes Lindesay"},{"name":"Gilad Peleg"},{"name":"impinball"},{"name":"Ingvar Stepanyan"},{"name":"Jesse McCarthy"},{"name":"Jiaxing Wang"},{"name":"Joel Kemp"},{"name":"Johannes Herr"},{"name":"Jürg Lehni"},{"name":"keeyipchan"},{"name":"Kevin Kwok"},{"name":"krator"},{"name":"Marijn Haverbeke"},{"name":"Martin Carlberg"},{"name":"Mathias Bynens"},{"name":"Mathieu 'p01' Henri"},{"name":"Max Schaefer"},{"name":"Max Zerzouri"},{"name":"Mihai Bazon"},{"name":"Mike Rennie"},{"name":"Nick Fitzgerald"},{"name":"Oskar Schöldström"},{"name":"Paul Harper"},{"name":"Peter Rust"},{"name":"PlNG"},{"name":"r-e-d"},{"name":"Rich Harris"},{"name":"Sebastian McKenzie"},{"name":"Timothy Gu"},{"name":"zsjforcn"}],"gitHead":"a31a904d53606e05e094fa92de65c27fd47f7fe7","bugs":{"url":"https://github.com/ternjs/acorn/issues"},"_id":"acorn@3.0.0","_shasum":"bf4bd949fa3f3db67720a3d398a5b2903aa9c740","_from":".","_npmVersion":"2.14.12","_nodeVersion":"4.2.4","_npmUser":{"name":"marijn","email":"marijnh@gmail.com"},"dist":{"shasum":"bf4bd949fa3f3db67720a3d398a5b2903aa9c740","tarball":"https://registry.npmjs.org/acorn/-/acorn-3.0.0.tgz"},"_npmOperationalInternal":{"host":"packages-5-east.internal.npmjs.com","tmp":"tmp/acorn-3.0.0.tgz_1455096550752_0.13618880859576166"},"directories":{}},"3.0.2":{"name":"acorn","description":"ECMAScript parser","homepage":"https://github.com/ternjs/acorn","main":"dist/acorn.js","version":"3.0.2","engines":{"node":">=0.4.0"},"maintainers":[{"name":"marijn","email":"marijnh@gmail.com"},{"name":"rreverser","email":"me@rreverser.com"}],"repository":{"type":"git","url":"git+https://github.com/ternjs/acorn.git"},"license":"MIT","scripts":{"prepublish":"node bin/build-acorn.js","test":"node test/run.js"},"bin":{"acorn":"./bin/acorn"},"devDependencies":{"babel-core":"^5.6.15","babelify":"^6.1.2","browserify":"^10.2.4","browserify-derequire":"^0.9.4","unicode-8.0.0":"^0.1.5"},"contributors":[{"name":"List of Acorn contributors. Updated before every release."},{"name":"Adrian Rakovsky"},{"name":"Alistair Braidwood"},{"name":"Andres Suarez"},{"name":"Aparajita Fishman"},{"name":"Arian Stolwijk"},{"name":"Artem Govorov"},{"name":"Brandon Mills"},{"name":"Charles Hughes"},{"name":"Conrad Irwin"},{"name":"David Bonnet"},{"name":"ForbesLindesay"},{"name":"Forbes Lindesay"},{"name":"Gilad Peleg"},{"name":"impinball"},{"name":"Ingvar Stepanyan"},{"name":"Jesse McCarthy"},{"name":"Jiaxing Wang"},{"name":"Joel Kemp"},{"name":"Johannes Herr"},{"name":"Jürg Lehni"},{"name":"keeyipchan"},{"name":"Kevin Kwok"},{"name":"krator"},{"name":"Marijn Haverbeke"},{"name":"Martin Carlberg"},{"name":"Mathias Bynens"},{"name":"Mathieu 'p01' Henri"},{"name":"Max Schaefer"},{"name":"Max Zerzouri"},{"name":"Mihai Bazon"},{"name":"Mike Rennie"},{"name":"Nick Fitzgerald"},{"name":"Oskar Schöldström"},{"name":"Paul Harper"},{"name":"Peter Rust"},{"name":"PlNG"},{"name":"r-e-d"},{"name":"Rich Harris"},{"name":"Sebastian McKenzie"},{"name":"Timothy Gu"},{"name":"zsjforcn"}],"gitHead":"31a9d19da386156b208b3b9131ecf7ef90b6b8ce","bugs":{"url":"https://github.com/ternjs/acorn/issues"},"_id":"acorn@3.0.2","_shasum":"fbeab84d332bae665b640e6b721eb9d6b06e2ee2","_from":".","_npmVersion":"2.14.12","_nodeVersion":"4.2.4","_npmUser":{"name":"marijn","email":"marijnh@gmail.com"},"dist":{"shasum":"fbeab84d332bae665b640e6b721eb9d6b06e2ee2","tarball":"https://registry.npmjs.org/acorn/-/acorn-3.0.2.tgz"},"_npmOperationalInternal":{"host":"packages-6-west.internal.npmjs.com","tmp":"tmp/acorn-3.0.2.tgz_1455101363464_0.9033806468360126"},"directories":{}},"3.0.4":{"name":"acorn","description":"ECMAScript parser","homepage":"https://github.com/ternjs/acorn","main":"dist/acorn.js","version":"3.0.4","engines":{"node":">=0.4.0"},"maintainers":[{"name":"marijn","email":"marijnh@gmail.com"},{"name":"rreverser","email":"me@rreverser.com"}],"repository":{"type":"git","url":"git+https://github.com/ternjs/acorn.git"},"license":"MIT","scripts":{"prepublish":"node bin/build-acorn.js","test":"node test/run.js"},"bin":{"acorn":"./bin/acorn"},"devDependencies":{"babel-core":"^5.6.15","babelify":"^6.1.2","browserify":"^10.2.4","browserify-derequire":"^0.9.4","unicode-8.0.0":"^0.1.5"},"contributors":[{"name":"List of Acorn contributors. Updated before every release."},{"name":"Adrian Rakovsky"},{"name":"Alistair Braidwood"},{"name":"Andres Suarez"},{"name":"Aparajita Fishman"},{"name":"Arian Stolwijk"},{"name":"Artem Govorov"},{"name":"Brandon Mills"},{"name":"Charles Hughes"},{"name":"Conrad Irwin"},{"name":"David Bonnet"},{"name":"ForbesLindesay"},{"name":"Forbes Lindesay"},{"name":"Gilad Peleg"},{"name":"impinball"},{"name":"Ingvar Stepanyan"},{"name":"Jesse McCarthy"},{"name":"Jiaxing Wang"},{"name":"Joel Kemp"},{"name":"Johannes Herr"},{"name":"Jürg Lehni"},{"name":"keeyipchan"},{"name":"Kevin Kwok"},{"name":"krator"},{"name":"Marijn Haverbeke"},{"name":"Martin Carlberg"},{"name":"Mathias Bynens"},{"name":"Mathieu 'p01' Henri"},{"name":"Max Schaefer"},{"name":"Max Zerzouri"},{"name":"Mihai Bazon"},{"name":"Mike Rennie"},{"name":"Nick Fitzgerald"},{"name":"Oskar Schöldström"},{"name":"Paul Harper"},{"name":"Peter Rust"},{"name":"PlNG"},{"name":"r-e-d"},{"name":"Rich Harris"},{"name":"Sebastian McKenzie"},{"name":"Timothy Gu"},{"name":"zsjforcn"}],"gitHead":"327cef57d0907500ec1ab5508c6eccd727a79cf9","bugs":{"url":"https://github.com/ternjs/acorn/issues"},"_id":"acorn@3.0.4","_shasum":"04f244950fdb8faf85507ad481c2edee7aecdeec","_from":".","_npmVersion":"2.14.12","_nodeVersion":"4.3.1","_npmUser":{"name":"marijn","email":"marijnh@gmail.com"},"dist":{"shasum":"04f244950fdb8faf85507ad481c2edee7aecdeec","tarball":"https://registry.npmjs.org/acorn/-/acorn-3.0.4.tgz"},"_npmOperationalInternal":{"host":"packages-6-west.internal.npmjs.com","tmp":"tmp/acorn-3.0.4.tgz_1456390282440_0.9833372407592833"},"directories":{}},"3.1.0":{"name":"acorn","description":"ECMAScript parser","homepage":"https://github.com/ternjs/acorn","main":"dist/acorn.js","version":"3.1.0","engines":{"node":">=0.4.0"},"maintainers":[{"name":"marijn","email":"marijnh@gmail.com"},{"name":"rreverser","email":"me@rreverser.com"}],"repository":{"type":"git","url":"git+https://github.com/ternjs/acorn.git"},"license":"MIT","scripts":{"prepublish":"node bin/build-acorn.js","test":"node test/run.js"},"bin":{"acorn":"./bin/acorn"},"devDependencies":{"babel-core":"^5.6.15","babelify":"^6.1.2","browserify":"^10.2.4","browserify-derequire":"^0.9.4","unicode-8.0.0":"^0.1.5"},"contributors":[{"name":"List of Acorn contributors. Updated before every release."},{"name":"Adrian Rakovsky"},{"name":"Alistair Braidwood"},{"name":"Andres Suarez"},{"name":"Angelo"},{"name":"Aparajita Fishman"},{"name":"Arian Stolwijk"},{"name":"Artem Govorov"},{"name":"Brandon Mills"},{"name":"Charles Hughes"},{"name":"Conrad Irwin"},{"name":"David Bonnet"},{"name":"Domenico Matteo"},{"name":"ForbesLindesay"},{"name":"Forbes Lindesay"},{"name":"Gilad Peleg"},{"name":"impinball"},{"name":"Ingvar Stepanyan"},{"name":"Jackson Ray Hamilton"},{"name":"Jesse McCarthy"},{"name":"Jiaxing Wang"},{"name":"Joel Kemp"},{"name":"Johannes Herr"},{"name":"Jordan Klassen"},{"name":"Jürg Lehni"},{"name":"keeyipchan"},{"name":"Keheliya Gallaba"},{"name":"Kevin Kwok"},{"name":"krator"},{"name":"Marijn Haverbeke"},{"name":"Martin Carlberg"},{"name":"Mathias Bynens"},{"name":"Mathieu 'p01' Henri"},{"name":"Matthew Bastien"},{"name":"Max Schaefer"},{"name":"Max Zerzouri"},{"name":"Mihai Bazon"},{"name":"Mike Rennie"},{"name":"Nicholas C. Zakas"},{"name":"Nick Fitzgerald"},{"name":"Oskar Schöldström"},{"name":"Paul Harper"},{"name":"Peter Rust"},{"name":"PlNG"},{"name":"Prayag Verma"},{"name":"ReadmeCritic"},{"name":"r-e-d"},{"name":"Richard Gibson"},{"name":"Rich Harris"},{"name":"Sebastian McKenzie"},{"name":"Timothy Gu"},{"name":"Toru Nagashima"},{"name":"zsjforcn"}],"gitHead":"3c5ef61cc55dc887cbb807fa8d6917d6af85af51","bugs":{"url":"https://github.com/ternjs/acorn/issues"},"_id":"acorn@3.1.0","_shasum":"e79a281c23983ccc079471a849866067e7f0c693","_from":".","_npmVersion":"2.15.1","_nodeVersion":"4.4.3","_npmUser":{"name":"marijn","email":"marijnh@gmail.com"},"dist":{"shasum":"e79a281c23983ccc079471a849866067e7f0c693","tarball":"https://registry.npmjs.org/acorn/-/acorn-3.1.0.tgz"},"_npmOperationalInternal":{"host":"packages-16-east.internal.npmjs.com","tmp":"tmp/acorn-3.1.0.tgz_1460967388002_0.5425194606650621"},"directories":{}},"3.2.0":{"name":"acorn","description":"ECMAScript parser","homepage":"https://github.com/ternjs/acorn","main":"dist/acorn.js","version":"3.2.0","engines":{"node":">=0.4.0"},"maintainers":[{"name":"marijn","email":"marijnh@gmail.com"},{"name":"rreverser","email":"me@rreverser.com"}],"repository":{"type":"git","url":"git+https://github.com/ternjs/acorn.git"},"license":"MIT","scripts":{"prepublish":"node bin/build-acorn.js","test":"node test/run.js"},"bin":{"acorn":"./bin/acorn"},"devDependencies":{"babel-core":"^5.6.15","babelify":"^6.1.2","browserify":"^10.2.4","browserify-derequire":"^0.9.4","unicode-8.0.0":"^0.1.5"},"contributors":[{"name":"-e List of Acorn contributors. Updated before every release."},{"name":"Adrian Rakovsky"},{"name":"Alistair Braidwood"},{"name":"Andres Suarez"},{"name":"Angelo"},{"name":"Aparajita Fishman"},{"name":"Arian Stolwijk"},{"name":"Artem Govorov"},{"name":"Brandon Mills"},{"name":"Charles Hughes"},{"name":"Conrad Irwin"},{"name":"David Bonnet"},{"name":"Domenico Matteo"},{"name":"ForbesLindesay"},{"name":"Forbes Lindesay"},{"name":"Gilad Peleg"},{"name":"impinball"},{"name":"Ingvar Stepanyan"},{"name":"Jackson Ray Hamilton"},{"name":"Jesse McCarthy"},{"name":"Jiaxing Wang"},{"name":"Joel Kemp"},{"name":"Johannes Herr"},{"name":"Jordan Klassen"},{"name":"Jürg Lehni"},{"name":"keeyipchan"},{"name":"Keheliya Gallaba"},{"name":"Kevin Kwok"},{"name":"krator"},{"name":"Marijn Haverbeke"},{"name":"Martin Carlberg"},{"name":"Mathias Bynens"},{"name":"Mathieu 'p01' Henri"},{"name":"Matthew Bastien"},{"name":"Max Schaefer"},{"name":"Max Zerzouri"},{"name":"Mihai Bazon"},{"name":"Mike Rennie"},{"name":"Nicholas C. Zakas"},{"name":"Nick Fitzgerald"},{"name":"Olivier Thomann"},{"name":"Oskar Schöldström"},{"name":"Paul Harper"},{"name":"Peter Rust"},{"name":"PlNG"},{"name":"Prayag Verma"},{"name":"ReadmeCritic"},{"name":"r-e-d"},{"name":"Richard Gibson"},{"name":"Rich Harris"},{"name":"Sebastian McKenzie"},{"name":"Timothy Gu"},{"name":"Toru Nagashima"},{"name":"zsjforcn"}],"gitHead":"c7d72884836f92742cb6fcdb01aa42de0c2dd8fc","bugs":{"url":"https://github.com/ternjs/acorn/issues"},"_id":"acorn@3.2.0","_shasum":"7a82989ef6f063a237ababaf8df20d2965184b9f","_from":".","_npmVersion":"3.9.3","_nodeVersion":"6.2.1","_npmUser":{"name":"marijn","email":"marijnh@gmail.com"},"dist":{"shasum":"7a82989ef6f063a237ababaf8df20d2965184b9f","tarball":"https://registry.npmjs.org/acorn/-/acorn-3.2.0.tgz"},"_npmOperationalInternal":{"host":"packages-16-east.internal.npmjs.com","tmp":"tmp/acorn-3.2.0.tgz_1465299452629_0.4749092774000019"},"directories":{}},"3.3.0":{"name":"acorn","description":"ECMAScript parser","homepage":"https://github.com/ternjs/acorn","main":"dist/acorn.js","jsnext:main":"dist/acorn.es.js","version":"3.3.0","engines":{"node":">=0.4.0"},"maintainers":[{"name":"marijn","email":"marijnh@gmail.com"},{"name":"rreverser","email":"me@rreverser.com"}],"repository":{"type":"git","url":"git+https://github.com/ternjs/acorn.git"},"license":"MIT","scripts":{"prepublish":"npm test","test":"node test/run.js","pretest":"npm run build","build":"npm run build:main && npm run build:walk && npm run build:loose && npm run build:bin","build:main":"rollup -c rollup/config.main.js","build:walk":"rollup -c rollup/config.walk.js","build:loose":"rollup -c rollup/config.loose.js","build:bin":"rollup -c rollup/config.bin.js"},"bin":{"acorn":"./bin/acorn"},"devDependencies":{"rollup":"^0.34.1","rollup-plugin-buble":"^0.11.0","unicode-9.0.0":"^0.7.0"},"contributors":[{"name":"List of Acorn contributors. Updated before every release."},{"name":"Adrian Rakovsky"},{"name":"Alistair Braidwood"},{"name":"Amila Welihinda"},{"name":"Andres Suarez"},{"name":"Angelo"},{"name":"Aparajita Fishman"},{"name":"Arian Stolwijk"},{"name":"Artem Govorov"},{"name":"Brandon Mills"},{"name":"Charles Hughes"},{"name":"Conrad Irwin"},{"name":"Daniel Tschinder"},{"name":"David Bonnet"},{"name":"Domenico Matteo"},{"name":"ForbesLindesay"},{"name":"Forbes Lindesay"},{"name":"Gilad Peleg"},{"name":"impinball"},{"name":"Ingvar Stepanyan"},{"name":"Jackson Ray Hamilton"},{"name":"Jesse McCarthy"},{"name":"Jiaxing Wang"},{"name":"Joel Kemp"},{"name":"Johannes Herr"},{"name":"Jordan Klassen"},{"name":"Jürg Lehni"},{"name":"keeyipchan"},{"name":"Keheliya Gallaba"},{"name":"Kevin Irish"},{"name":"Kevin Kwok"},{"name":"krator"},{"name":"Marijn Haverbeke"},{"name":"Martin Carlberg"},{"name":"Mathias Bynens"},{"name":"Mathieu 'p01' Henri"},{"name":"Matthew Bastien"},{"name":"Max Schaefer"},{"name":"Max Zerzouri"},{"name":"Mihai Bazon"},{"name":"Mike Rennie"},{"name":"Nicholas C. Zakas"},{"name":"Nick Fitzgerald"},{"name":"Olivier Thomann"},{"name":"Oskar Schöldström"},{"name":"Paul Harper"},{"name":"Peter Rust"},{"name":"PlNG"},{"name":"Prayag Verma"},{"name":"ReadmeCritic"},{"name":"r-e-d"},{"name":"Richard Gibson"},{"name":"Rich Harris"},{"name":"Rich-Harris"},{"name":"Sebastian McKenzie"},{"name":"Timothy Gu"},{"name":"Toru Nagashima"},{"name":"zsjforcn"}],"gitHead":"693c5fe9257c3e114a7097dc9196d6e484e52809","bugs":{"url":"https://github.com/ternjs/acorn/issues"},"_id":"acorn@3.3.0","_shasum":"45e37fb39e8da3f25baee3ff5369e2bb5f22017a","_from":".","_npmVersion":"3.10.3","_nodeVersion":"6.3.0","_npmUser":{"name":"marijn","email":"marijnh@gmail.com"},"dist":{"shasum":"45e37fb39e8da3f25baee3ff5369e2bb5f22017a","tarball":"https://registry.npmjs.org/acorn/-/acorn-3.3.0.tgz"},"_npmOperationalInternal":{"host":"packages-16-east.internal.npmjs.com","tmp":"tmp/acorn-3.3.0.tgz_1469481913382_0.3856039580423385"},"directories":{}},"4.0.0":{"name":"acorn","description":"ECMAScript parser","homepage":"https://github.com/ternjs/acorn","main":"dist/acorn.js","jsnext:main":"dist/acorn.es.js","version":"4.0.0","engines":{"node":">=0.4.0"},"maintainers":[{"name":"marijn","email":"marijnh@gmail.com"},{"name":"rreverser","email":"me@rreverser.com"}],"repository":{"type":"git","url":"git+https://github.com/ternjs/acorn.git"},"license":"MIT","scripts":{"prepublish":"npm test","test":"node test/run.js","pretest":"npm run build","build":"npm run build:main && npm run build:walk && npm run build:loose && npm run build:bin","build:main":"rollup -c rollup/config.main.js","build:walk":"rollup -c rollup/config.walk.js","build:loose":"rollup -c rollup/config.loose.js","build:bin":"rollup -c rollup/config.bin.js"},"bin":{"acorn":"./bin/acorn"},"devDependencies":{"rollup":"^0.34.1","rollup-plugin-buble":"^0.11.0","unicode-9.0.0":"^0.7.0"},"contributors":[{"name":"List of Acorn contributors. Updated before every release."},{"name":"Adrian Rakovsky"},{"name":"Alistair Braidwood"},{"name":"Amila Welihinda"},{"name":"Andres Suarez"},{"name":"Angelo"},{"name":"Aparajita Fishman"},{"name":"Arian Stolwijk"},{"name":"Artem Govorov"},{"name":"Brandon Mills"},{"name":"Charles Hughes"},{"name":"Conrad Irwin"},{"name":"Daniel Tschinder"},{"name":"David Bonnet"},{"name":"Domenico Matteo"},{"name":"Forbes Lindesay"},{"name":"Gilad Peleg"},{"name":"impinball"},{"name":"Ingvar Stepanyan"},{"name":"Jackson Ray Hamilton"},{"name":"Jesse McCarthy"},{"name":"Jiaxing Wang"},{"name":"Joel Kemp"},{"name":"Johannes Herr"},{"name":"Jordan Klassen"},{"name":"Jürg Lehni"},{"name":"keeyipchan"},{"name":"Keheliya Gallaba"},{"name":"Kevin Irish"},{"name":"Kevin Kwok"},{"name":"krator"},{"name":"Marijn Haverbeke"},{"name":"Martin Carlberg"},{"name":"Mathias Bynens"},{"name":"Mathieu 'p01' Henri"},{"name":"Matthew Bastien"},{"name":"Max Schaefer"},{"name":"Max Zerzouri"},{"name":"Mihai Bazon"},{"name":"Mike Rennie"},{"name":"Nicholas C. Zakas"},{"name":"Nick Fitzgerald"},{"name":"Olivier Thomann"},{"name":"Oskar Schöldström"},{"name":"Paul Harper"},{"name":"Peter Rust"},{"name":"PlNG"},{"name":"Prayag Verma"},{"name":"ReadmeCritic"},{"name":"r-e-d"},{"name":"Richard Gibson"},{"name":"Rich Harris"},{"name":"Sebastian McKenzie"},{"name":"Timothy Gu"},{"name":"Toru Nagashima"},{"name":"zsjforcn"}],"gitHead":"44f09254214f9fa9820af95817d38739a6c51cd0","bugs":{"url":"https://github.com/ternjs/acorn/issues"},"_id":"acorn@4.0.0","_shasum":"817e5f85894a83edf2361a2bd21870fa1fcafc34","_from":".","_npmVersion":"3.10.3","_nodeVersion":"6.3.0","_npmUser":{"name":"marijn","email":"marijnh@gmail.com"},"dist":{"shasum":"817e5f85894a83edf2361a2bd21870fa1fcafc34","tarball":"https://registry.npmjs.org/acorn/-/acorn-4.0.0.tgz"},"_npmOperationalInternal":{"host":"packages-16-east.internal.npmjs.com","tmp":"tmp/acorn-4.0.0.tgz_1473236325531_0.22021302999928594"},"directories":{}},"4.0.1":{"name":"acorn","description":"ECMAScript parser","homepage":"https://github.com/ternjs/acorn","main":"dist/acorn.js","jsnext:main":"dist/acorn.es.js","version":"4.0.1","engines":{"node":">=0.4.0"},"maintainers":[{"name":"marijn","email":"marijnh@gmail.com"},{"name":"rreverser","email":"me@rreverser.com"}],"repository":{"type":"git","url":"git+https://github.com/ternjs/acorn.git"},"license":"MIT","scripts":{"prepublish":"npm test","test":"node test/run.js","pretest":"npm run build","build":"npm run build:main && npm run build:walk && npm run build:loose && npm run build:bin","build:main":"rollup -c rollup/config.main.js","build:walk":"rollup -c rollup/config.walk.js","build:loose":"rollup -c rollup/config.loose.js","build:bin":"rollup -c rollup/config.bin.js"},"bin":{"acorn":"./bin/acorn"},"devDependencies":{"rollup":"^0.34.1","rollup-plugin-buble":"^0.11.0","unicode-9.0.0":"^0.7.0"},"contributors":[{"name":"List of Acorn contributors. Updated before every release."},{"name":"Adrian Rakovsky"},{"name":"Alistair Braidwood"},{"name":"Amila Welihinda"},{"name":"Andres Suarez"},{"name":"Angelo"},{"name":"Aparajita Fishman"},{"name":"Arian Stolwijk"},{"name":"Artem Govorov"},{"name":"Brandon Mills"},{"name":"Charles Hughes"},{"name":"Conrad Irwin"},{"name":"Daniel Tschinder"},{"name":"David Bonnet"},{"name":"Domenico Matteo"},{"name":"Forbes Lindesay"},{"name":"Gilad Peleg"},{"name":"impinball"},{"name":"Ingvar Stepanyan"},{"name":"Jackson Ray Hamilton"},{"name":"Jesse McCarthy"},{"name":"Jiaxing Wang"},{"name":"Joel Kemp"},{"name":"Johannes Herr"},{"name":"Jordan Klassen"},{"name":"Jürg Lehni"},{"name":"keeyipchan"},{"name":"Keheliya Gallaba"},{"name":"Kevin Irish"},{"name":"Kevin Kwok"},{"name":"krator"},{"name":"Marijn Haverbeke"},{"name":"Martin Carlberg"},{"name":"Mathias Bynens"},{"name":"Mathieu 'p01' Henri"},{"name":"Matthew Bastien"},{"name":"Max Schaefer"},{"name":"Max Zerzouri"},{"name":"Mihai Bazon"},{"name":"Mike Rennie"},{"name":"Nicholas C. Zakas"},{"name":"Nick Fitzgerald"},{"name":"Olivier Thomann"},{"name":"Oskar Schöldström"},{"name":"Paul Harper"},{"name":"Peter Rust"},{"name":"PlNG"},{"name":"Prayag Verma"},{"name":"ReadmeCritic"},{"name":"r-e-d"},{"name":"Richard Gibson"},{"name":"Rich Harris"},{"name":"Sebastian McKenzie"},{"name":"Timothy Gu"},{"name":"Toru Nagashima"},{"name":"zsjforcn"}],"gitHead":"cb95800519f8cd264d46840a84451296ac5e53b6","bugs":{"url":"https://github.com/ternjs/acorn/issues"},"_id":"acorn@4.0.1","_shasum":"ecfb67e46b97771d5cacaf92ecde853d7b4b0459","_from":".","_npmVersion":"3.10.3","_nodeVersion":"6.3.0","_npmUser":{"name":"marijn","email":"marijnh@gmail.com"},"dist":{"shasum":"ecfb67e46b97771d5cacaf92ecde853d7b4b0459","tarball":"https://registry.npmjs.org/acorn/-/acorn-4.0.1.tgz"},"_npmOperationalInternal":{"host":"packages-12-west.internal.npmjs.com","tmp":"tmp/acorn-4.0.1.tgz_1473322282744_0.3456953226123005"},"directories":{}}},"readme":"# Acorn\n\n[![Build Status](https://travis-ci.org/ternjs/acorn.svg?branch=master)](https://travis-ci.org/ternjs/acorn)\n[![NPM version](https://img.shields.io/npm/v/acorn.svg)](https://www.npmjs.com/package/acorn)  \n[Author funding status: ![maintainer happiness](https://marijnhaverbeke.nl/fund/status_s.png?force)](https://marijnhaverbeke.nl/fund/)\n\nA tiny, fast JavaScript parser, written completely in JavaScript.\n\n## Community\n\nAcorn is open source software released under an\n[MIT license](https://github.com/ternjs/acorn/blob/master/LICENSE).\n\nYou are welcome to\n[report bugs](https://github.com/ternjs/acorn/issues) or create pull\nrequests on [github](https://github.com/ternjs/acorn). For questions\nand discussion, please use the\n[Tern discussion forum](https://discuss.ternjs.net).\n\n## Installation\n\nThe easiest way to install acorn is with [`npm`][npm].\n\n[npm]: https://www.npmjs.com/\n\n```sh\nnpm install acorn\n```\n\nAlternately, download the source.\n\n```sh\ngit clone https://github.com/ternjs/acorn.git\n```\n\n## Components\n\nWhen run in a CommonJS (node.js) or AMD environment, exported values\nappear in the interfaces exposed by the individual files, as usual.\nWhen loaded in the browser (Acorn works in any JS-enabled browser more\nrecent than IE5) without any kind of module management, a single\nglobal object `acorn` will be defined, and all the exported properties\nwill be added to that.\n\n### Main parser\n\nThis is implemented in `dist/acorn.js`, and is what you get when you\n`require(\"acorn\")` in node.js.\n\n**parse**`(input, options)` is used to parse a JavaScript program.\nThe `input` parameter is a string, `options` can be undefined or an\nobject setting some of the options listed below. The return value will\nbe an abstract syntax tree object as specified by the\n[ESTree spec][estree].\n\nWhen  encountering   a  syntax   error,  the   parser  will   raise  a\n`SyntaxError` object with a meaningful  message. The error object will\nhave a `pos` property that indicates the character offset at which the\nerror occurred,  and a `loc`  object that contains a  `{line, column}`\nobject referring to that same position.\n\n[estree]: https://github.com/estree/estree\n\n- **ecmaVersion**: Indicates the ECMAScript version to parse. Must be\n  either 3, 5, 6 (2015) or 7 (2016). This influences support for strict\n  mode, the set of reserved words, and support for new syntax features.\n  Default is 7.\n\n  **NOTE**: Only 'stage 4' (finalized) ECMAScript features are being\n  implemented by Acorn.\n\n- **sourceType**: Indicate the mode the code should be parsed in. Can be\n  either `\"script\"` or `\"module\"`. This influences global strict mode\n  and parsing of `import` and `export` declarations.\n\n- **onInsertedSemicolon**: If given a callback, that callback will be\n  called whenever a missing semicolon is inserted by the parser. The\n  callback will be given the character offset of the point where the\n  semicolon is inserted as argument, and if `locations` is on, also a\n  `{line, column}` object representing this position.\n\n- **onTrailingComma**: Like `onInsertedSemicolon`, but for trailing\n  commas.\n\n- **allowReserved**: If `false`, using a reserved word will generate\n  an error. Defaults to `true` for `ecmaVersion` 3, `false` for higher\n  versions. When given the value `\"never\"`, reserved words and\n  keywords can also not be used as property names (as in Internet\n  Explorer's old parser).\n\n- **allowReturnOutsideFunction**: By default, a return statement at\n  the top level raises an error. Set this to `true` to accept such\n  code.\n\n- **allowImportExportEverywhere**: By default, `import` and `export`\n  declarations can only appear at a program's top level. Setting this\n  option to `true` allows them anywhere where a statement is allowed.\n\n- **allowHashBang**: When this is enabled (off by default), if the\n  code starts with the characters `#!` (as in a shellscript), the\n  first line will be treated as a comment.\n\n- **locations**: When `true`, each node has a `loc` object attached\n  with `start` and `end` subobjects, each of which contains the\n  one-based line and zero-based column numbers in `{line, column}`\n  form. Default is `false`.\n\n- **onToken**: If a function is passed for this option, each found\n  token will be passed in same format as tokens returned from\n  `tokenizer().getToken()`.\n\n  If array is passed, each found token is pushed to it.\n\n  Note that you are not allowed to call the parser from the\n  callback—that will corrupt its internal state.\n\n- **onComment**: If a function is passed for this option, whenever a\n  comment is encountered the function will be called with the\n  following parameters:\n\n  - `block`: `true` if the comment is a block comment, false if it\n    is a line comment.\n  - `text`: The content of the comment.\n  - `start`: Character offset of the start of the comment.\n  - `end`: Character offset of the end of the comment.\n\n  When the `locations` options is on, the `{line, column}` locations\n  of the comment’s start and end are passed as two additional\n  parameters.\n\n  If array is passed for this option, each found comment is pushed\n  to it as object in Esprima format:\n\n  ```javascript\n  {\n    \"type\": \"Line\" | \"Block\",\n    \"value\": \"comment text\",\n    \"start\": Number,\n    \"end\": Number,\n    // If `locations` option is on:\n    \"loc\": {\n      \"start\": {line: Number, column: Number}\n      \"end\": {line: Number, column: Number}\n    },\n    // If `ranges` option is on:\n    \"range\": [Number, Number]\n  }\n  ```\n\n  Note that you are not allowed to call the parser from the\n  callback—that will corrupt its internal state.\n\n- **ranges**: Nodes have their start and end characters offsets\n  recorded in `start` and `end` properties (directly on the node,\n  rather than the `loc` object, which holds line/column data. To also\n  add a [semi-standardized][range] `range` property holding a\n  `[start, end]` array with the same numbers, set the `ranges` option\n  to `true`.\n\n- **program**: It is possible to parse multiple files into a single\n  AST by passing the tree produced by parsing the first file as the\n  `program` option in subsequent parses. This will add the toplevel\n  forms of the parsed file to the \"Program\" (top) node of an existing\n  parse tree.\n\n- **sourceFile**: When the `locations` option is `true`, you can pass\n  this option to add a `source` attribute in every node’s `loc`\n  object. Note that the contents of this option are not examined or\n  processed in any way; you are free to use whatever format you\n  choose.\n\n- **directSourceFile**: Like `sourceFile`, but a `sourceFile` property\n  will be added (regardless of the `location` option) directly to the\n  nodes, rather than the `loc` object.\n\n- **preserveParens**: If this option is `true`, parenthesized expressions\n  are represented by (non-standard) `ParenthesizedExpression` nodes\n  that have a single `expression` property containing the expression\n  inside parentheses.\n\n[range]: https://bugzilla.mozilla.org/show_bug.cgi?id=745678\n\n**parseExpressionAt**`(input, offset, options)` will parse a single\nexpression in a string, and return its AST. It will not complain if\nthere is more of the string left after the expression.\n\n**getLineInfo**`(input, offset)` can be used to get a `{line,\ncolumn}` object for a given program string and character offset.\n\n**tokenizer**`(input, options)` returns an object with a `getToken`\nmethod that can be called repeatedly to get the next token, a `{start,\nend, type, value}` object (with added `loc` property when the\n`locations` option is enabled and `range` property when the `ranges`\noption is enabled). When the token's type is `tokTypes.eof`, you\nshould stop calling the method, since it will keep returning that same\ntoken forever.\n\nIn ES6 environment, returned result can be used as any other\nprotocol-compliant iterable:\n\n```javascript\nfor (let token of acorn.tokenizer(str)) {\n  // iterate over the tokens\n}\n\n// transform code to array of tokens:\nvar tokens = [...acorn.tokenizer(str)];\n```\n\n**tokTypes** holds an object mapping names to the token type objects\nthat end up in the `type` properties of tokens.\n\n#### Note on using with [Escodegen][escodegen]\n\nEscodegen supports generating comments from AST, attached in\nEsprima-specific format. In order to simulate same format in\nAcorn, consider following example:\n\n```javascript\nvar comments = [], tokens = [];\n\nvar ast = acorn.parse('var x = 42; // answer', {\n\t// collect ranges for each node\n\tranges: true,\n\t// collect comments in Esprima's format\n\tonComment: comments,\n\t// collect token ranges\n\tonToken: tokens\n});\n\n// attach comments using collected information\nescodegen.attachComments(ast, comments, tokens);\n\n// generate code\nconsole.log(escodegen.generate(ast, {comment: true}));\n// > 'var x = 42;    // answer'\n```\n\n[escodegen]: https://github.com/estools/escodegen\n\n### dist/acorn_loose.js ###\n\nThis file implements an error-tolerant parser. It exposes a single\nfunction. The loose parser is accessible in node.js via `require(\"acorn/dist/acorn_loose\")`.\n\n**parse_dammit**`(input, options)` takes the same arguments and\nreturns the same syntax tree as the `parse` function in `acorn.js`,\nbut never raises an error, and will do its best to parse syntactically\ninvalid code in as meaningful a way as it can. It'll insert identifier\nnodes with name `\"✖\"` as placeholders in places where it can't make\nsense of the input. Depends on `acorn.js`, because it uses the same\ntokenizer.\n\n### dist/walk.js ###\n\nImplements an abstract syntax tree walker. Will store its interface in\n`acorn.walk` when loaded without a module system.\n\n**simple**`(node, visitors, base, state)` does a 'simple' walk over\na tree. `node` should be the AST node to walk, and `visitors` an\nobject with properties whose names correspond to node types in the\n[ESTree spec][estree]. The properties should contain functions\nthat will be called with the node object and, if applicable the state\nat that point. The last two arguments are optional. `base` is a walker\nalgorithm, and `state` is a start state. The default walker will\nsimply visit all statements and expressions and not produce a\nmeaningful state. (An example of a use of state is to track scope at\neach point in the tree.)\n\n**ancestor**`(node, visitors, base, state)` does a 'simple' walk over\na tree, building up an array of ancestor nodes (including the current node)\nand passing the array to the callbacks as a third parameter.\n\n**recursive**`(node, state, functions, base)` does a 'recursive'\nwalk, where the walker functions are responsible for continuing the\nwalk on the child nodes of their target node. `state` is the start\nstate, and `functions` should contain an object that maps node types\nto walker functions. Such functions are called with `(node, state, c)`\narguments, and can cause the walk to continue on a sub-node by calling\nthe `c` argument on it with `(node, state)` arguments. The optional\n`base` argument provides the fallback walker functions for node types\nthat aren't handled in the `functions` object. If not given, the\ndefault walkers will be used.\n\n**make**`(functions, base)` builds a new walker object by using the\nwalker functions in `functions` and filling in the missing ones by\ntaking defaults from `base`.\n\n**findNodeAt**`(node, start, end, test, base, state)` tries to\nlocate a node in a tree at the given start and/or end offsets, which\nsatisfies the predicate `test`. `start` and `end` can be either `null`\n(as wildcard) or a number. `test` may be a string (indicating a node\ntype) or a function that takes `(nodeType, node)` arguments and\nreturns a boolean indicating whether this node is interesting. `base`\nand `state` are optional, and can be used to specify a custom walker.\nNodes are tested from inner to outer, so if two nodes match the\nboundaries, the inner one will be preferred.\n\n**findNodeAround**`(node, pos, test, base, state)` is a lot like\n`findNodeAt`, but will match any node that exists 'around' (spanning)\nthe given position.\n\n**findNodeAfter**`(node, pos, test, base, state)` is similar to\n`findNodeAround`, but will match all nodes *after* the given position\n(testing outer nodes before inner nodes).\n\n## Command line interface\n\nThe `bin/acorn` utility can be used to parse a file from the command\nline. It accepts as arguments its input file and the following\noptions:\n\n- `--ecma3|--ecma5|--ecma6|--ecma7`: Sets the ECMAScript version to parse. Default is\n  version 5.\n\n- `--module`: Sets the parsing mode to `\"module\"`. Is set to `\"script\"` otherwise.\n\n- `--locations`: Attaches a \"loc\" object to each node with \"start\" and\n  \"end\" subobjects, each of which contains the one-based line and\n  zero-based column numbers in `{line, column}` form.\n\n- `--allow-hash-bang`: If the code starts with the characters #! (as in a shellscript), the first line will be treated as a comment.\n\n- `--compact`: No whitespace is used in the AST output.\n\n- `--silent`: Do not output the AST, just return the exit status.\n\n- `--help`: Print the usage information and quit.\n\nThe utility spits out the syntax tree as JSON data.\n\n## Build system\n\nAcorn is written in ECMAScript 6, as a set of small modules, in the\nproject's `src` directory, and compiled down to bigger ECMAScript 3\nfiles in `dist` using [Browserify](http://browserify.org) and\n[Babel](http://babeljs.io/). If you are already using Babel, you can\nconsider including the modules directly.\n\nThe command-line test runner (`npm test`) uses the ES6 modules. The\nbrowser-based test page (`test/index.html`) uses the compiled modules.\nThe `bin/build-acorn.js` script builds the latter from the former.\n\nIf you are working on Acorn, you'll probably want to try the code out\ndirectly, without an intermediate build step. In your scripts, you can\nregister the Babel require shim like this:\n\n    require(\"babel-core/register\")\n\nThat will allow you to directly `require` the ES6 modules.\n\n## Plugins\n\nAcorn is designed support allow plugins which, within reasonable\nbounds, redefine the way the parser works. Plugins can add new token\ntypes and new tokenizer contexts (if necessary), and extend methods in\nthe parser object. This is not a clean, elegant API—using it requires\nan understanding of Acorn's internals, and plugins are likely to break\nwhenever those internals are significantly changed. But still, it is\n_possible_, in this way, to create parsers for JavaScript dialects\nwithout forking all of Acorn. And in principle it is even possible to\ncombine such plugins, so that if you have, for example, a plugin for\nparsing types and a plugin for parsing JSX-style XML literals, you\ncould load them both and parse code with both JSX tags and types.\n\nA plugin should register itself by adding a property to\n`acorn.plugins`, which holds a function. Calling `acorn.parse`, a\n`plugins` option can be passed, holding an object mapping plugin names\nto configuration values (or just `true` for plugins that don't take\noptions). After the parser object has been created, the initialization\nfunctions for the chosen plugins are called with `(parser,\nconfigValue)` arguments. They are expected to use the `parser.extend`\nmethod to extend parser methods. For example, the `readToken` method\ncould be extended like this:\n\n```javascript\nparser.extend(\"readToken\", function(nextMethod) {\n  return function(code) {\n    console.log(\"Reading a token!\")\n    return nextMethod.call(this, code)\n  }\n})\n```\n\nThe `nextMethod` argument passed to `extend`'s second argument is the\nprevious value of this method, and should usually be called through to\nwhenever the extended method does not handle the call itself.\n\nSimilarly, the loose parser allows plugins to register themselves via\n`acorn.pluginsLoose`.  The extension mechanism is the same as for the\nnormal parser:\n\n```javascript\nlooseParser.extend(\"readToken\", function(nextMethod) {\n  return function() {\n    console.log(\"Reading a token in the loose parser!\")\n    return nextMethod.call(this)\n  }\n})\n```\n\n### Existing plugins\n\n - [`acorn-jsx`](https://github.com/RReverser/acorn-jsx): Parse [Facebook JSX syntax extensions](https://github.com/facebook/jsx)\n - [`acorn-es7-plugin`](https://github.com/MatAtBread/acorn-es7-plugin/): Parse [async/await syntax proposal](https://github.com/tc39/ecmascript-asyncawait)\n - [`acorn-object-spread`](https://github.com/UXtemple/acorn-object-spread): Parse [object spread syntax proposal](https://github.com/sebmarkbage/ecmascript-rest-spread)\n - [`acorn-es7`](https://www.npmjs.com/package/acorn-es7): Parse [decorator syntax proposal](https://github.com/wycats/javascript-decorators)\n - [`acorn-objj`](https://www.npmjs.com/package/acorn-objj): [Objective-J](http://www.cappuccino-project.org/learn/objective-j.html) language parser built as Acorn plugin\n","maintainers":[{"name":"marijn","email":"marijnh@gmail.com"},{"name":"rreverser","email":"me@rreverser.com"}],"time":{"modified":"2016-09-08T08:11:24.729Z","created":"2012-09-24T10:10:49.310Z","0.0.1":"2012-09-24T10:10:52.687Z","0.1.0":"2013-02-14T08:59:47.842Z","0.2.0":"2013-05-03T09:53:34.809Z","0.3.0":"2013-06-11T10:40:15.246Z","0.3.1":"2013-06-11T10:44:07.733Z","0.4.0":"2013-10-10T08:40:52.887Z","0.4.2":"2013-10-15T11:12:20.345Z","0.5.0":"2014-03-12T16:31:54.007Z","0.6.0":"2014-06-06T20:42:57.280Z","0.7.0":"2014-08-14T11:23:26.347Z","0.8.0":"2014-09-12T14:54:30.443Z","0.9.0":"2014-10-01T21:21:54.797Z","0.10.0":"2014-12-11T13:53:11.163Z","0.11.0":"2014-12-17T10:55:27.504Z","0.12.0":"2015-03-02T10:30:24.506Z","1.0.0":"2015-03-25T11:20:44.173Z","1.0.1":"2015-03-25T11:48:05.034Z","1.0.3":"2015-04-07T20:35:36.681Z","1.1.0":"2015-05-12T09:43:51.704Z","1.2.0":"2015-05-22T14:49:28.549Z","2.0.0":"2015-05-22T14:50:51.063Z","1.2.1":"2015-05-22T14:53:43.772Z","2.0.1":"2015-05-22T14:56:03.182Z","1.2.2":"2015-05-28T07:46:58.475Z","2.0.4":"2015-06-19T18:45:11.138Z","2.1.0":"2015-07-17T08:37:48.387Z","2.2.0":"2015-08-06T11:33:14.478Z","2.3.0":"2015-08-17T10:41:18.197Z","2.4.0":"2015-09-01T15:02:56.888Z","2.5.0":"2015-10-27T21:13:58.540Z","2.5.2":"2015-10-27T21:25:49.810Z","2.6.0":"2015-11-09T10:04:44.181Z","2.6.2":"2015-11-10T08:27:45.783Z","2.6.4":"2015-11-12T21:51:07.998Z","2.7.0":"2016-01-04T10:31:25.525Z","3.0.0":"2016-02-10T09:29:12.558Z","3.0.2":"2016-02-10T10:49:26.599Z","3.0.4":"2016-02-25T08:51:25.012Z","3.1.0":"2016-04-18T08:16:29.088Z","3.2.0":"2016-06-07T11:37:33.448Z","3.3.0":"2016-07-25T21:25:15.599Z","4.0.0":"2016-09-07T08:18:46.709Z","4.0.1":"2016-09-08T08:11:24.729Z"},"repository":{"type":"git","url":"git+https://github.com/ternjs/acorn.git"},"homepage":"https://github.com/ternjs/acorn","readmeFilename":"README.md","users":{"battlesnake":true,"nacholg":true,"baishuiz":true,"wenbing":true,"fattenap":true,"edin-m":true,"bret":true,"eveningkid":true,"timothygu":true,"panlw":true,"hugozap":true,"liujingbreak":true,"iisii":true,"hyzual":true},"contributors":[{"name":"List of Acorn contributors. Updated before every release."},{"name":"Adrian Rakovsky"},{"name":"Alistair Braidwood"},{"name":"Amila Welihinda"},{"name":"Andres Suarez"},{"name":"Angelo"},{"name":"Aparajita Fishman"},{"name":"Arian Stolwijk"},{"name":"Artem Govorov"},{"name":"Brandon Mills"},{"name":"Charles Hughes"},{"name":"Conrad Irwin"},{"name":"Daniel Tschinder"},{"name":"David Bonnet"},{"name":"Domenico Matteo"},{"name":"Forbes Lindesay"},{"name":"Gilad Peleg"},{"name":"impinball"},{"name":"Ingvar Stepanyan"},{"name":"Jackson Ray Hamilton"},{"name":"Jesse McCarthy"},{"name":"Jiaxing Wang"},{"name":"Joel Kemp"},{"name":"Johannes Herr"},{"name":"Jordan Klassen"},{"name":"Jürg Lehni"},{"name":"keeyipchan"},{"name":"Keheliya Gallaba"},{"name":"Kevin Irish"},{"name":"Kevin Kwok"},{"name":"krator"},{"name":"Marijn Haverbeke"},{"name":"Martin Carlberg"},{"name":"Mathias Bynens"},{"name":"Mathieu 'p01' Henri"},{"name":"Matthew Bastien"},{"name":"Max Schaefer"},{"name":"Max Zerzouri"},{"name":"Mihai Bazon"},{"name":"Mike Rennie"},{"name":"Nicholas C. Zakas"},{"name":"Nick Fitzgerald"},{"name":"Olivier Thomann"},{"name":"Oskar Schöldström"},{"name":"Paul Harper"},{"name":"Peter Rust"},{"name":"PlNG"},{"name":"Prayag Verma"},{"name":"ReadmeCritic"},{"name":"r-e-d"},{"name":"Richard Gibson"},{"name":"Rich Harris"},{"name":"Sebastian McKenzie"},{"name":"Timothy Gu"},{"name":"Toru Nagashima"},{"name":"zsjforcn"}],"bugs":{"url":"https://github.com/ternjs/acorn/issues"},"license":"MIT","_attachments":{},"_etag":"\"D1H9I1D56SGNZ2D4TGEN1XOUC\""}