{"_id":"cuid","_rev":"59-ff135517bcfcf2e34a09412e189d0fb1","name":"cuid","description":"Collision-resistant ids optimized for horizontal scaling and performance. For node and browsers.","dist-tags":{"latest":"1.3.8"},"versions":{"1.0.1":{"name":"cuid","version":"1.0.1","description":"Client-side unique ids","author":{"name":"Eric Elliott","url":"http://ericleads.com"},"main":"./src/cuid.js","keywords":["uid","unique id","guid","uuid"],"repository":{"type":"git","url":"https://github.com/dilvie/cuid.git"},"directories":{"test":"./test","src":"./src","dist":"./dist"},"scripts":{"test":"grunt"},"dependencies":{"applitude":"~0.x.x","grunt":"~0.3.x"},"engines":{"node":"~0.8.x"},"_id":"cuid@1.0.1","dist":{"shasum":"481d42c6edd077fe505ff911bbf7bb38a75cfee3","tarball":"https://registry.npmjs.org/cuid/-/cuid-1.0.1.tgz"},"_npmVersion":"1.1.51","_npmUser":{"name":"dilvie","email":"dilvie@dilvie.com"},"maintainers":[{"name":"dilvie","email":"dilvie@dilvie.com"}]},"1.1.0":{"name":"cuid","version":"1.1.0","description":"Client-side unique ids","author":{"name":"Eric Elliott","url":"http://ericleads.com"},"main":"./src/cuid.js","keywords":["uid","unique id","guid","uuid"],"repository":{"type":"git","url":"https://github.com/dilvie/cuid.git"},"directories":{"test":"./test","src":"./src","dist":"./dist"},"scripts":{"test":"grunt"},"dependencies":{"applitude":"~0.x.x","grunt":"~0.3.x"},"engines":{"node":"~0.8.x"},"_id":"cuid@1.1.0","dist":{"shasum":"ed900e7b47a471f24b07ddf07e75b3d0b81d1a43","tarball":"https://registry.npmjs.org/cuid/-/cuid-1.1.0.tgz"},"_npmVersion":"1.1.51","_npmUser":{"name":"dilvie","email":"dilvie@dilvie.com"},"maintainers":[{"name":"dilvie","email":"dilvie@dilvie.com"}]},"1.1.1":{"name":"cuid","version":"1.1.1","description":"Collission-resistant ids optimized for horizontal scaling and sequential lookup performance. For node and browsers.","author":{"name":"Eric Elliott","url":"http://ericleads.com"},"main":"./src/cuid.js","keywords":["uid","unique id","guid","uuid"],"repository":{"type":"git","url":"https://github.com/dilvie/cuid.git"},"directories":{"test":"./test","src":"./src","dist":"./dist"},"scripts":{"test":"grunt"},"dependencies":{"grunt":"~0.3.x"},"engines":{"node":"~0.8.x"},"_id":"cuid@1.1.1","dist":{"shasum":"1f48411160e7882076bae7f390d81741418c031f","tarball":"https://registry.npmjs.org/cuid/-/cuid-1.1.1.tgz"},"_npmVersion":"1.1.51","_npmUser":{"name":"dilvie","email":"dilvie@dilvie.com"},"maintainers":[{"name":"dilvie","email":"dilvie@dilvie.com"}]},"1.1.2":{"name":"cuid","version":"1.1.2","description":"Collission-resistant ids optimized for horizontal scaling and sequential lookup performance. For node and browsers.","author":{"name":"Eric Elliott","url":"http://ericleads.com"},"main":"./src/cuid.js","keywords":["uid","unique id","guid","uuid"],"repository":{"type":"git","url":"https://github.com/dilvie/cuid.git"},"directories":{"test":"./test","src":"./src","dist":"./dist"},"scripts":{"test":"grunt"},"dependencies":{"applitude":"~0.x.x","grunt":"~0.3.x"},"engines":{"node":"~0.8.x"},"_id":"cuid@1.1.2","dist":{"shasum":"c34eb7427ed1f9bcf75ad73a5a43d7e8783ee9a9","tarball":"https://registry.npmjs.org/cuid/-/cuid-1.1.2.tgz"},"_npmVersion":"1.1.51","_npmUser":{"name":"dilvie","email":"dilvie@dilvie.com"},"maintainers":[{"name":"dilvie","email":"dilvie@dilvie.com"}]},"1.1.3":{"name":"cuid","version":"1.1.3","description":"Collission-resistant ids optimized for horizontal scaling and sequential lookup performance. For node and browsers.","author":{"name":"Eric Elliott","url":"http://ericleads.com"},"main":"./src/cuid.js","keywords":["uid","unique id","guid","uuid"],"repository":{"type":"git","url":"https://github.com/dilvie/cuid.git"},"directories":{"test":"./test","src":"./src","dist":"./dist"},"scripts":{"test":"grunt"},"dependencies":{"applitude":"~0.x.x","grunt":"~0.3.x"},"engines":{"node":"~0.x.x"},"_id":"cuid@1.1.3","dist":{"shasum":"fbe7e15608416200d754b6c3ab938d2c39ef57f6","tarball":"https://registry.npmjs.org/cuid/-/cuid-1.1.3.tgz"},"_npmVersion":"1.1.51","_npmUser":{"name":"dilvie","email":"dilvie@dilvie.com"},"maintainers":[{"name":"dilvie","email":"dilvie@dilvie.com"}]},"1.1.4":{"name":"cuid","version":"1.1.4","description":"Collission-resistant ids optimized for horizontal scaling and sequential lookup performance. For node and browsers.","author":{"name":"Eric Elliott","url":"http://ericleads.com"},"main":"./src/cuid.js","keywords":["uid","unique id","guid","uuid"],"repository":{"type":"git","url":"https://github.com/dilvie/cuid.git"},"directories":{"test":"./test","src":"./src","dist":"./dist"},"scripts":{"postinstall":"grunt install","test":"grunt"},"dependencies":{"applitude":"~0.x.x","grunt":"~0.3.x"},"engines":{"node":"~0.x.x"},"_id":"cuid@1.1.4","dist":{"shasum":"a264fc4571706ae25649539fcffdd29a797c8964","tarball":"https://registry.npmjs.org/cuid/-/cuid-1.1.4.tgz"},"_npmVersion":"1.1.51","_npmUser":{"name":"dilvie","email":"dilvie@dilvie.com"},"maintainers":[{"name":"dilvie","email":"dilvie@dilvie.com"}]},"1.1.5":{"name":"cuid","version":"1.1.5","description":"Collission-resistant ids optimized for horizontal scaling and performance. For node and browsers.","author":{"name":"Eric Elliott","url":"http://ericleads.com"},"main":"./dist/node-cuid.js","keywords":["uid","unique id","guid","uuid"],"repository":{"type":"git","url":"https://github.com/dilvie/cuid.git"},"directories":{"test":"./test","src":"./src","dist":"./dist"},"scripts":{"postinstall":"grunt install","test":"grunt"},"dependencies":{"applitude":"~0.x.x","grunt":"~0.3.x"},"engines":{"node":"~0.x.x"},"_id":"cuid@1.1.5","dist":{"shasum":"c6e2191fc75d2fe241f0fca2a9d9cec9b1d4feef","tarball":"https://registry.npmjs.org/cuid/-/cuid-1.1.5.tgz"},"_npmVersion":"1.1.51","_npmUser":{"name":"dilvie","email":"dilvie@dilvie.com"},"maintainers":[{"name":"dilvie","email":"dilvie@dilvie.com"}]},"1.1.6":{"name":"cuid","version":"1.1.6","description":"Collission-resistant ids optimized for horizontal scaling and performance. For node and browsers.","author":{"name":"Eric Elliott","url":"http://ericleads.com"},"main":"./dist/node-cuid.js","keywords":["uid","unique id","guid","uuid"],"repository":{"type":"git","url":"https://github.com/dilvie/cuid.git"},"directories":{"dist":"./dist","lib":"./lib","src":"./src","test":"./test"},"scripts":{"postinstall":"grunt install","test":"grunt"},"dependencies":{"applitude":"~0.x.x","grunt":"~0.3.x"},"engines":{"node":"~0.x.x"},"_id":"cuid@1.1.6","dist":{"shasum":"076546011aed93275be58411a677b08110e62ad4","tarball":"https://registry.npmjs.org/cuid/-/cuid-1.1.6.tgz"},"_npmVersion":"1.1.51","_npmUser":{"name":"dilvie","email":"dilvie@dilvie.com"},"maintainers":[{"name":"dilvie","email":"dilvie@dilvie.com"}]},"1.1.7":{"name":"cuid","version":"1.1.7","description":"Collission-resistant ids optimized for horizontal scaling and performance. For node and browsers.","author":{"name":"Eric Elliott","url":"http://ericleads.com"},"main":"./dist/node-cuid.js","browserify":"./dist/browser-cuid.js","keywords":["uid","unique id","guid","uuid"],"repository":{"type":"git","url":"https://github.com/dilvie/cuid.git"},"directories":{"dist":"./dist","lib":"./lib","src":"./src","test":"./test"},"devDependencies":{"applitude":"~0.x.x","grunt":"~0.3.x"},"scripts":{"test":"grunt testall"},"engines":{"node":"~0.x.x"},"_id":"cuid@1.1.7","dist":{"shasum":"fa5e881df0fc4c23c883bc4f7e7a88c98ea6dd57","tarball":"https://registry.npmjs.org/cuid/-/cuid-1.1.7.tgz"},"_npmVersion":"1.1.51","_npmUser":{"name":"dilvie","email":"dilvie@dilvie.com"},"maintainers":[{"name":"dilvie","email":"dilvie@dilvie.com"}]},"1.2.0":{"name":"cuid","version":"1.2.0","description":"Collision-resistant ids optimized for horizontal scaling and performance. For node and browsers.","author":{"name":"Eric Elliott","url":"http://ericleads.com"},"main":"./dist/node-cuid.js","browserify":"./dist/browser-cuid.js","keywords":["uid","unique id","guid","uuid"],"repository":{"type":"git","url":"https://github.com/dilvie/cuid.git"},"directories":{"dist":"./dist","lib":"./lib","src":"./src","test":"./test"},"devDependencies":{"applitude":"~0.x.x","grunt":"~0.3.x"},"scripts":{"test":"grunt testall"},"engines":{"node":"~0.x.x"},"_id":"cuid@1.2.0","dist":{"shasum":"339c970be1dc826ef3e6e3ee2d8729a906a8eff7","tarball":"https://registry.npmjs.org/cuid/-/cuid-1.2.0.tgz"},"_from":".","_npmVersion":"1.2.11","_npmUser":{"name":"dilvie","email":"dilvie@dilvie.com"},"maintainers":[{"name":"dilvie","email":"dilvie@dilvie.com"}]},"1.2.1":{"name":"cuid","version":"1.2.1","description":"Collision-resistant ids optimized for horizontal scaling and performance. For node and browsers.","author":{"name":"Eric Elliott","email":"eric@ericleads.com","url":"http://ericleads.com"},"main":"./dist/node-cuid.js","browserify":"./dist/browser-cuid.js","keywords":["uid","unique id","guid","uuid"],"repository":{"type":"git","url":"https://github.com/dilvie/cuid.git"},"directories":{"dist":"./dist","lib":"./lib","src":"./src","test":"./test"},"devDependencies":{"applitude":"~0.x.x","grunt":"~0.3.x"},"scripts":{"test":"grunt testall"},"engines":{"node":"~0.x.x"},"_id":"cuid@1.2.1","dist":{"shasum":"f184a9359a71aabc813dc6f08e5f84a043d2fc69","tarball":"https://registry.npmjs.org/cuid/-/cuid-1.2.1.tgz"},"_from":".","_npmVersion":"1.2.11","_npmUser":{"name":"dilvie","email":"dilvie@dilvie.com"},"maintainers":[{"name":"dilvie","email":"dilvie@dilvie.com"}]},"1.2.2":{"name":"cuid","version":"1.2.2","description":"Collision-resistant ids optimized for horizontal scaling and performance. For node and browsers.","author":{"name":"Eric Elliott","email":"eric@ericleads.com","url":"http://ericleads.com"},"main":"./dist/node-cuid.js","browserify":"./dist/browser-cuid.js","keywords":["uid","unique id","guid","uuid"],"repository":{"type":"git","url":"https://github.com/dilvie/cuid.git"},"directories":{"dist":"./dist","lib":"./lib","src":"./src","test":"./test"},"devDependencies":{"applitude":"~0.x.x","grunt":"~0.3.x"},"scripts":{"test":"grunt testall"},"engines":{"node":"~0.x.x"},"bugs":{"url":"https://github.com/dilvie/cuid/issues"},"homepage":"https://github.com/dilvie/cuid","_id":"cuid@1.2.2","dist":{"shasum":"94bda179e1fa90e82803cc9822b0ae9e6c68d906","tarball":"https://registry.npmjs.org/cuid/-/cuid-1.2.2.tgz"},"_from":".","_npmVersion":"1.4.3","_npmUser":{"name":"dilvie","email":"dilvie@dilvie.com"},"maintainers":[{"name":"dilvie","email":"dilvie@dilvie.com"}]},"1.2.3":{"name":"cuid","version":"1.2.3","description":"Collision-resistant ids optimized for horizontal scaling and performance. For node and browsers.","author":{"name":"Eric Elliott","email":"eric@ericleads.com","url":"http://ericleads.com"},"main":"./dist/node-cuid.js","browserify":"./dist/browser-cuid.js","keywords":["uid","unique id","guid","uuid"],"repository":{"type":"git","url":"https://github.com/dilvie/cuid.git"},"directories":{"dist":"./dist","lib":"./lib","src":"./src","test":"./test"},"devDependencies":{"applitude":"~0.x.x","grunt":"~0.3.x"},"scripts":{"test":"grunt testall"},"engines":{"node":"~0.x.x"},"bugs":{"url":"https://github.com/dilvie/cuid/issues"},"homepage":"https://github.com/dilvie/cuid","_id":"cuid@1.2.3","dist":{"shasum":"5b913fe54f496035397e0f26df4dceeb1a4942a8","tarball":"https://registry.npmjs.org/cuid/-/cuid-1.2.3.tgz"},"_from":".","_npmVersion":"1.4.3","_npmUser":{"name":"dilvie","email":"dilvie@dilvie.com"},"maintainers":[{"name":"dilvie","email":"dilvie@dilvie.com"}]},"1.2.4":{"name":"cuid","version":"1.2.4","description":"Collision-resistant ids optimized for horizontal scaling and performance. For node and browsers.","author":{"name":"Eric Elliott","email":"eric@ericleads.com","url":"http://ericleads.com"},"main":"./dist/node-cuid.js","browserify":"./dist/browser-cuid.js","keywords":["uid","unique id","guid","uuid"],"repository":{"type":"git","url":"https://github.com/dilvie/cuid.git"},"directories":{"dist":"./dist","lib":"./lib","src":"./src","test":"./test"},"devDependencies":{"applitude":"~0.x.x","grunt":"~0.3.x"},"scripts":{"test":"grunt test"},"engines":{"node":"~0.x.x"},"bugs":{"url":"https://github.com/dilvie/cuid/issues"},"homepage":"https://github.com/dilvie/cuid","_id":"cuid@1.2.4","dist":{"shasum":"fae8eb497854b390bc65102a5409208a80ccf647","tarball":"https://registry.npmjs.org/cuid/-/cuid-1.2.4.tgz"},"_from":".","_npmVersion":"1.4.3","_npmUser":{"name":"dilvie","email":"dilvie@dilvie.com"},"maintainers":[{"name":"dilvie","email":"dilvie@dilvie.com"}]},"1.2.5":{"name":"cuid","version":"1.2.5","description":"Collision-resistant ids optimized for horizontal scaling and performance. For node and browsers.","author":{"name":"Eric Elliott","email":"eric@ericleads.com","url":"http://ericleads.com"},"main":"./dist/node-cuid.js","browserify":"./dist/browser-cuid.js","keywords":["uid","unique id","guid","uuid"],"repository":{"type":"git","url":"https://github.com/dilvie/cuid.git"},"directories":{"dist":"./dist","lib":"./lib","src":"./src","test":"./test"},"devDependencies":{"applitude":"~0.x.x","grunt":"~0.3.x"},"scripts":{"test":"grunt test"},"gitHead":"e3c0c4e9b5c1f02ad692b0efcea592e8754c7f36","bugs":{"url":"https://github.com/dilvie/cuid/issues"},"homepage":"https://github.com/dilvie/cuid","_id":"cuid@1.2.5","_shasum":"4b36176987f9063ce05ee0934e89ccee4b9de8a6","_from":".","_npmVersion":"2.7.5","_nodeVersion":"0.10.36","_npmUser":{"name":"ericelliott","email":"eric@ericleads.com"},"dist":{"shasum":"4b36176987f9063ce05ee0934e89ccee4b9de8a6","tarball":"https://registry.npmjs.org/cuid/-/cuid-1.2.5.tgz"},"maintainers":[{"name":"ericelliott","email":"eric@ericleads.com"}]},"1.3.0":{"name":"cuid","version":"1.3.0","description":"Collision-resistant ids optimized for horizontal scaling and performance. For node and browsers.","author":{"name":"Eric Elliott","email":"eric@ericleads.com","url":"http://ericleads.com"},"main":"./build/server/cuid.js","browserify":"./build/client/cuid.js","keywords":["guid","uid","unique id","uuid"],"repository":{"type":"git","url":"git+https://github.com/ericelliott/cuid.git"},"license":"MIT","directories":{"dist":"./dist","lib":"./lib","src":"./src","test":"./test"},"devDependencies":{"babel":"^5.6.14","babel-eslint":"^3.1.20","babel-loader":"^5.3.0","blue-tape":"^0.1.9","eslint":"^0.24.0","faucet":"0.0.1","node-libs-browser":"^0.5.2","rimraf":"^2.4.1","saucelabs":"^0.1.1","webpack":"^1.10.1"},"scripts":{"build":"NODE_ENV=production webpack && npm run build:min","build:min":"NODE_ENV=production webpack -p","clean":"rimraf build","lint":"eslint source/**/*.js","prebuild":"npm run clean","test":"npm run test:server","test:client":"source bin/env.sh && babel-node test/client","test:server":"babel-node test/server","validate":"npm run lint && npm run test","validate-dev":"npm run lint && npm run build && npm run test | faucet"},"dependencies":{"browser-fingerprint":"0.0.1","node-fingerprint":"0.0.2"},"gitHead":"7053c6ba9572c9fbe424e1ef7de6a2f613cfa8dd","bugs":{"url":"https://github.com/ericelliott/cuid/issues"},"homepage":"https://github.com/ericelliott/cuid#readme","_id":"cuid@1.3.0","_shasum":"10976cb1a74e84865c549099a7b5c7027d49b640","_from":".","_npmVersion":"2.11.2","_nodeVersion":"0.12.5","_npmUser":{"name":"ericelliott","email":"eric@ericleads.com"},"dist":{"shasum":"10976cb1a74e84865c549099a7b5c7027d49b640","tarball":"https://registry.npmjs.org/cuid/-/cuid-1.3.0.tgz"},"maintainers":[{"name":"ericelliott","email":"eric@ericleads.com"}]},"1.3.1":{"name":"cuid","version":"1.3.1","description":"Collision-resistant ids optimized for horizontal scaling and performance. For node and browsers.","author":{"name":"Eric Elliott","url":"https://ericelliottjs.com"},"main":"./build/server/cuid.js","browser":"./build/client/cuid.js","keywords":["id","guid","uid","unique id","uuid"],"repository":{"type":"git","url":"git+https://github.com/ericelliott/cuid.git"},"license":"MIT","devDependencies":{"babel":"5.6.14","babel-eslint":"3.1.20","babel-loader":"5.3.0","ecstatic":"^0.8.0","eslint":"0.24.0","faucet":"0.0.1","node-libs-browser":"0.5.2","rimraf":"2.4.1","sauce-connect-launcher":"^0.12.0","saucelabs":"0.1.1","tape":"4.2.0","wd":"^0.3.12","webpack":"1.10.1","zuul":"^3.3.0"},"scripts":{"clean":"rimraf build && rimraf test/client/test-cuid.js","prebuild":"npm run clean","build":"npm run build:server && npm run build:client && npm run build:test","build:server":"NODE_ENV=production WEBPACK_TARGET=server webpack","build:client":"NODE_ENV=production WEBPACK_TARGET=client webpack -p","build:test":"browserify ./test/client/index.js -s testcuid -t babelify --outfile test/client/test-cuid.js","comment:build:test":"NODE_ENV=production WEBPACK_TARGET=test webpack -p","lint":"eslint source test","test":"npm run test:server && npm run test:client","test:client":"zuul -- test/client/test-cuid","test:server":"babel-node test/server","prevalidate":"npm run clean","validate":"npm run lint && npm run build && npm run test","validate-dev":"npm run lint && npm run build && npm run test | faucet"},"dependencies":{"browser-fingerprint":"0.0.1","node-fingerprint":"0.0.2"},"gitHead":"4a900bfa3bc8e56d54051430e4d733d524193ef2","bugs":{"url":"https://github.com/ericelliott/cuid/issues"},"homepage":"https://github.com/ericelliott/cuid#readme","_id":"cuid@1.3.1","_shasum":"8b5dce660fb8f37e2cd64b8665ee7674212b9437","_from":".","_npmVersion":"2.11.2","_nodeVersion":"0.12.5","_npmUser":{"name":"ericelliott","email":"eric@ericleads.com"},"dist":{"shasum":"8b5dce660fb8f37e2cd64b8665ee7674212b9437","tarball":"https://registry.npmjs.org/cuid/-/cuid-1.3.1.tgz"},"maintainers":[{"name":"ericelliott","email":"eric@ericleads.com"}],"directories":{}},"1.3.3":{"name":"cuid","version":"1.3.3","description":"Collision-resistant ids optimized for horizontal scaling and performance. For node and browsers.","author":{"name":"Eric Elliott","url":"https://ericelliottjs.com"},"main":"./build/server/cuid.js","browser":"./build/client/cuid.js","keywords":["id","guid","uid","unique id","uuid"],"repository":{"type":"git","url":"git+https://github.com/ericelliott/cuid.git"},"license":"MIT","devDependencies":{"babel":"5.6.14","babel-eslint":"3.1.20","babel-loader":"5.3.0","ecstatic":"^0.8.0","eslint":"0.24.0","faucet":"0.0.1","node-libs-browser":"0.5.2","rimraf":"2.4.1","sauce-connect-launcher":"^0.12.0","saucelabs":"0.1.1","tape":"4.2.0","wd":"^0.3.12","webpack":"1.10.1","zuul":"^3.3.0"},"scripts":{"clean":"rimraf build && rimraf test/client/test-cuid.js","prebuild":"npm run clean","build":"npm run build:server && npm run build:client && npm run build:test","build:server":"NODE_ENV=production WEBPACK_TARGET=server webpack","build:client":"NODE_ENV=production WEBPACK_TARGET=client webpack -p","build:test":"browserify ./test/client/index.js -s testcuid -t babelify --outfile test/client/test-cuid.js","comment:build:test":"NODE_ENV=production WEBPACK_TARGET=test webpack -p","lint":"eslint source test","test":"npm run test:server && npm run test:client","test:client":"#zuul -- test/client/test-cuid","test:server":"babel-node test/server","prevalidate":"npm run clean","validate":"npm run lint && npm run build && npm run test","validate-dev":"npm run lint && npm run build && npm run test | faucet","prepublish":"npm run validate"},"dependencies":{"browser-fingerprint":"0.0.1","node-fingerprint":"0.0.2"},"gitHead":"cbf3212c5e907d830bbfcc4914b888fceefab08d","bugs":{"url":"https://github.com/ericelliott/cuid/issues"},"homepage":"https://github.com/ericelliott/cuid#readme","_id":"cuid@1.3.3","_shasum":"f0d585ba5d73fe426bdc90b8aa7bdcdfc1c0db4e","_from":".","_npmVersion":"2.11.2","_nodeVersion":"0.12.5","_npmUser":{"name":"ericelliott","email":"eric@ericleads.com"},"dist":{"shasum":"f0d585ba5d73fe426bdc90b8aa7bdcdfc1c0db4e","tarball":"https://registry.npmjs.org/cuid/-/cuid-1.3.3.tgz"},"maintainers":[{"name":"ericelliott","email":"eric@ericleads.com"}],"directories":{}},"1.3.4":{"name":"cuid","version":"1.3.4","description":"Collision-resistant ids optimized for horizontal scaling and performance. For node and browsers.","author":{"name":"Eric Elliott","url":"https://ericelliottjs.com"},"main":"./build/server/cuid.js","browser":"./build/client/cuid.js","keywords":["id","guid","uid","unique id","uuid"],"repository":{"type":"git","url":"git+https://github.com/ericelliott/cuid.git"},"license":"MIT","devDependencies":{"babel":"5.6.14","babel-eslint":"3.1.20","babel-loader":"5.3.0","ecstatic":"^0.8.0","eslint":"0.24.0","faucet":"0.0.1","node-libs-browser":"0.5.2","rimraf":"2.4.1","sauce-connect-launcher":"^0.12.0","saucelabs":"0.1.1","tape":"4.2.0","wd":"^0.3.12","webpack":"1.10.1","zuul":"^3.3.0"},"scripts":{"clean":"rimraf build && rimraf test/client/test-cuid.js","prebuild":"npm run clean","build":"npm run build:server && npm run build:client && npm run build:test","build:server":"NODE_ENV=production WEBPACK_TARGET=server webpack","build:client":"NODE_ENV=production WEBPACK_TARGET=client webpack -p","build:test":"browserify ./test/client/index.js -s testcuid -t babelify --outfile test/client/test-cuid.js","comment:build:test":"NODE_ENV=production WEBPACK_TARGET=test webpack -p","lint":"eslint source test","test":"npm run test:server && npm run test:client","test:client":"#zuul -- test/client/test-cuid","test:server":"babel-node test/server","prevalidate":"npm run clean","validate":"npm run lint && npm run build && npm run test","validate-dev":"npm run lint && npm run build && npm run test | faucet","prepublish":"npm run validate"},"dependencies":{"browser-fingerprint":"0.0.1","node-fingerprint":"0.0.2"},"gitHead":"ba1361a836b97e6f38c7ec15da9b0937f58d13a1","bugs":{"url":"https://github.com/ericelliott/cuid/issues"},"homepage":"https://github.com/ericelliott/cuid#readme","_id":"cuid@1.3.4","_shasum":"b94a33a198357d1c929998991913c6a907387f0c","_from":".","_npmVersion":"2.11.2","_nodeVersion":"0.12.5","_npmUser":{"name":"ericelliott","email":"eric@ericleads.com"},"dist":{"shasum":"b94a33a198357d1c929998991913c6a907387f0c","tarball":"https://registry.npmjs.org/cuid/-/cuid-1.3.4.tgz"},"maintainers":[{"name":"ericelliott","email":"eric@ericleads.com"}],"directories":{}},"1.3.5":{"name":"cuid","version":"1.3.5","description":"Collision-resistant ids optimized for horizontal scaling and performance. For node and browsers.","author":{"name":"Eric Elliott","url":"https://ericelliottjs.com"},"main":"./build/server-cuid.js","browser":"./build/client-cuid.js","keywords":["id","guid","uid","unique id","uuid"],"repository":{"type":"git","url":"git+https://github.com/ericelliott/cuid.git"},"license":"MIT","devDependencies":{"babel":"5.6.14","babel-eslint":"3.1.20","babel-loader":"5.3.0","ecstatic":"^0.8.0","eslint":"0.24.0","faucet":"0.0.1","node-libs-browser":"0.5.2","rimraf":"2.4.1","sauce-connect-launcher":"^0.12.0","saucelabs":"0.1.1","tape":"4.2.0","wd":"^0.3.12","webpack":"1.10.1","zuul":"^3.3.0"},"scripts":{"clean":"rimraf build && rimraf test/client/test-cuid.js","prebuild":"npm run clean","build":"npm run build:server && npm run build:client && npm run build:test","build:server":"NODE_ENV=production WEBPACK_TARGET=server webpack","build:client":"NODE_ENV=production WEBPACK_TARGET=client webpack -p","build:test":"browserify ./test/client/index.js -s testcuid -t babelify --outfile test/client/test-cuid.js","comment:build:test":"NODE_ENV=production WEBPACK_TARGET=test webpack -p","lint":"eslint source test","test":"npm run test:server && npm run test:client","test:client":"#zuul -- test/client/test-cuid","test:server":"babel-node test/server","prevalidate":"npm run clean","validate":"npm run lint && npm run build && npm run test","validate-dev":"npm run lint && npm run build && npm run test | faucet","prepublish":"npm run validate"},"dependencies":{"browser-fingerprint":"0.0.1","node-fingerprint":"0.0.2"},"gitHead":"96c16e9d0b68ded12e9255eb8a88f6b71ffd6d28","bugs":{"url":"https://github.com/ericelliott/cuid/issues"},"homepage":"https://github.com/ericelliott/cuid#readme","_id":"cuid@1.3.5","_shasum":"e6a63b903889af9e25b07e1293fa8ea764dc6e22","_from":".","_npmVersion":"2.11.2","_nodeVersion":"0.12.5","_npmUser":{"name":"ericelliott","email":"eric@ericleads.com"},"dist":{"shasum":"e6a63b903889af9e25b07e1293fa8ea764dc6e22","tarball":"https://registry.npmjs.org/cuid/-/cuid-1.3.5.tgz"},"maintainers":[{"name":"ericelliott","email":"eric@ericleads.com"}],"directories":{}},"1.3.8":{"name":"cuid","version":"1.3.8","description":"Collision-resistant ids optimized for horizontal scaling and performance. For node and browsers.","author":{"name":"Eric Elliott","url":"https://ericelliottjs.com"},"main":"./dist/node-cuid.js","browser":"./dist/browser-cuid.js","keywords":["id","guid","uid","unique id","uuid"],"repository":{"type":"git","url":"git+https://github.com/ericelliott/cuid.git"},"license":"MIT","devDependencies":{"babel":"5.6.14","babel-eslint":"^4.0.10","babel-loader":"5.3.0","babelify":"^6.2.0","ecstatic":"^0.8.0","eslint":"0.24.0","faucet":"0.0.1","node-libs-browser":"0.5.2","rimraf":"2.4.1","sauce-connect-launcher":"^0.12.0","saucelabs":"0.1.1","tape":"4.2.0","wd":"^0.3.12","webpack":"1.10.1","zuul":"^3.3.0"},"scripts":{"clean":"rimraf build && rimraf test/client/test-cuid.js","prebuild":"npm run clean","build":"npm run build:server && npm run build:client && npm run build:test","build:server":"NODE_ENV=production WEBPACK_TARGET=server webpack","build:client":"NODE_ENV=production WEBPACK_TARGET=client webpack -p","build:test":"browserify ./test/client/index.js -s testcuid -t babelify --outfile test/client/test-cuid.js","comment:build:test":"NODE_ENV=production WEBPACK_TARGET=test webpack -p","lint":"eslint source test","test":"npm run test:server && npm run test:client","test:client":"#zuul -- test/client/test-cuid","test:server":"babel-node test/server","prevalidate":"npm run clean","validate":"npm run lint && npm run build && npm run test","validate-dev":"npm run lint && npm run build && npm run test | faucet","prepublish":"npm run validate"},"dependencies":{"browser-fingerprint":"0.0.1","core-js":"^1.1.1","node-fingerprint":"0.0.2"},"gitHead":"9fcb9e85316d0eec9a4a596a82432149f1950f81","bugs":{"url":"https://github.com/ericelliott/cuid/issues"},"homepage":"https://github.com/ericelliott/cuid#readme","_id":"cuid@1.3.8","_shasum":"4b875e0969bad764f7ec0706cf44f5fb0831f6b7","_from":".","_npmVersion":"2.11.2","_nodeVersion":"0.12.5","_npmUser":{"name":"ericelliott","email":"eric@ericleads.com"},"dist":{"shasum":"4b875e0969bad764f7ec0706cf44f5fb0831f6b7","tarball":"https://registry.npmjs.org/cuid/-/cuid-1.3.8.tgz"},"maintainers":[{"name":"ericelliott","email":"eric@ericleads.com"}],"directories":{}}},"readme":"# cuid\n[![Travis-CI](https://travis-ci.org/ericelliott/cuid.svg)](https://travis-ci.org/ericelliott/cuid)[![Gitter](https://badges.gitter.im/Join Chat.svg)](https://gitter.im/learn-javascript-courses/javascript-questions?utm_source=badge&utm_medium=badge&utm_campaign=pr-badge&utm_content=badge)\n\nCollision-resistant ids optimized for horizontal scaling and sequential lookup performance.\n\nCurrently available for Node, browsers, Ruby, .Net, Go, PHP and Elixir (see ports below -- more ports are welcome).\n\n`cuid()` returns a short random string with some collision-busting measures. Safe to use as HTML element ID's, and unique server-side record lookups.\n\n## Example\n\nNode style. For the browser stand-alone version, just leave off the require line or use component.io.\n\n```js\nvar cuid = require('cuid');\nconsole.log( cuid() );\n\n// ch72gsb320000udocl363eofy\n```\n\n## Installing\n\n```\n$ npm install --save cuid\n```\n\nInstall with [component(1)](http://component.io):\n\n```    \n$ component install dilvie/cuid\n```\n\n\n### Broken down\n\n** c - h72gsb32 - 0000 - udoc - l363eofy **\n\nThe groups, in order, are:\n\n* 'c' - identifies this as a cuid, and allows you to use it in html entity ids. The fixed value helps keep the ids sequential.\n* Timestamp\n* Counter - a single process might generate the same random string. The weaker the pseudo-random source, the higher the probability. That problem gets worse as processors get faster. The counter will roll over if the value gets too big.\n* Client fingerprint\n* Pseudo random (`Math.random()` in JavaScript)\n\n## Fingerprints\n\n**In browsers**, the first chars are obtained from the user agent string (which is fairly unique), and the supported mimeTypes (which is also fairly unique, except for IE, which always returns 0).\nThat string is concatenated with a count of variables in the global scope (which is also fairly unique), and the result is trimmed to 4 chars.\n\n**In node**, the first two chars are extracted from the process.pid. The next two chars are extracted from the hostname.\n\n\n## Motivation\n\nModern web applications have different requirements than applications from just a few years ago. Our modern unique identifiers have a stricter list of requirements that cannot all be satisfied by any existing version of the GUID/UUID specifications:\n\n### Horizontal scalability\n\nToday's applications don't run on any single machine.\n\nApplications might need to support online / offline capability, which means we need a way for clients on different hosts to generate ids that won't collide with ids generated by other hosts -- even if they're not connected to the network.\n\nMost pseudo-random algorithms use time in ms as a random seed. Random IDs lack sufficient entropy when running in separate processes (such as cloned virtual machines or client browsers) to guarantee against collisions. Application developers report v4 UUID collisions causing problems in their applications when the ID generation is distributed between lots of machines such that lots of IDs are generated in the same millisecond.\n\nEach new client exponentially increases the chance of collision in the same way that each new character in a random string exponentially reduces the chance of collision. Successful apps scale at hundreds or thousands of new clients per day, so fighting the lack of entropy by adding random characters is a losing strategy.\n\nBecause of the nature of this problem, it's possible to build an app from the ground up and scale it to a million users before this problem rears its head. By the time you notice the problem (when your peak hour use requires dozens of ids to be created per ms), if your db doesn't have unique constraints on the id because you thought your guids were safe, you're in a world of hurt. Your users start to see data that doesn't belong to them because the db just returns the first ID match it finds.\n\nAlternatively, you've played it safe and you only let your database create ids. Writes only happen on a master database, and load is spread out over read replicas. But with this kind of strain, you have to start scaling your database writes horizontally, too, and suddenly your application starts to crawl (if the db is smart enough to guarantee unique ids between write hosts), or you start getting id collisions between different db hosts, so your write hosts don't agree about which ids represent which data.\n\n\n### Performance\n\nBecause entities might need to be generated in high-performance loops, id generation should be fast. That means no waiting around for asynchronous entropy pool requests, or cross-process/cross-network communication. Performance slows to impracticality in the browser. All sources of entropy need to be fast enough for synchronous access.\n\nEven worse, when the database is the only guarantee that ids are unique, that means that clients are forced to send incomplete records to the database, and wait for a network round-trip before they can use the ids in any algorithm. Forget about fast client performance. It simply isn't possible.\n\nThat situation has caused some clients to create ids that are only usable in a single client session (such as an in-memory counter). When the database returns the real id, the client has to do some juggling logic to swap out the id being used.\n\nIf client side ID generation were stronger, the chances of collision would be much smaller, and the client could send complete records to the db for insertion without waiting for a full round-trip request to finish before using the ID.\n\n\n#### Sequential IDs\n\n[Sequential ids can enhance performance](http://stackoverflow.com/questions/170346/what-are-the-performance-improvement-of-sequential-guid-over-standard-guid) for database transactions for a variety of reasons. Ids should be suitable for use as high-performance database primary keys. Pure pseudo-random variants don't meet this requirement.\n\n\n#### Tiny\n\nSomewhat related to performance, an algorithm to generate an ID should require a tiny implementation. This is especially important for thick-client JavaScript applications.\n\n\n### Security\n\nClient-visible ids often need to have sufficient random data that it becomes practically impossible to try to guess valid IDs based on an existing, known id. That makes simple sequential ids unusable in the context of client-side generated database keys.\n\n\n#### Portability\n\nMost stronger forms of the UUID / GUID algorithms require access to OS services that are not available in browsers, meaning that they are impossible to implement as specified.\n\n\n# Features of cuids\n\n## Scaleable\n\nBecause of the timestamp and the counter, cuid is really good at generating unique IDs on one machine.\n\nBecause of the fingerprints, cuid is also good at preventing collisions between multiple clients.\n\n\n## Fast\n\nBecause cuids can be safely generated synchronously, you can generate a lot of them quickly. Since it's unlikely that you'll get a collision, you don't have to wait for a round trip to the database just to insert a complete record in your database.\n\nBecause cuids are sequential, database primary key performance gets a significant boost.\n\nWeighing in at less than 1k minified and compressed, the cuid source should be suitable for even the lightest-weight mobile clients, and will not have a significant impact on the download time of your app, particularly if you follow best practices and concatenate it with the rest of your code in order to avoid the latency hit of an extra file request.\n\n## Secure\n\nCuids contain enough random data and moving parts as to make guessing another id based on an existing id practically impossible. It also opens up a way to detect for abuse attempts -- if a client requests large blocks of ids that don't exist, there's a good chance that the client is malicious, or trying to get at data that doesn't belong to it.\n\n\n## Portable\n\nThe only part of a cuid that might be hard to replicate between different clients is the fingerprint. It's easy to override the fingerprint method in order to port to different clients. Cuid already works standalone in browsers, or as a node module, so you can use cuid where you need to use it.\n\nThe algorithm is also easy to reproduce in other languages. You are encouraged to port it to whatever language you see fit.\n\n### Ports:\n\n* JavaScript (Browsers & Node)\n* [cuid for Ruby](https://github.com/iyshannon/cuid) - [Ian Shannon](https://github.com/iyshannon)\n* [cuid for .Net](https://github.com/moonpyk/ncuid ) - [Clément Bourgeois](https://github.com/moonpyk)\n* [cuid for Go](http://github.com/lucsky/cuid) - [Luc Heinrich](https://github.com/lucsky)\n* [cuid for PHP](https://github.com/endyjasmi/cuid) - [Endy Jasmi](https://github.com/endyjasmi)\n* [cuid for Elixir](https://github.com/duailibe/cuid) - [Lucas Duailibe](https://github.com/duailibe)\n* [cuid for Haskell](https://github.com/eightyeight/hscuid) - [Daniel Buckmaster](https://github.com/eightyeight)\n\n\n# Short URLs\n\nNeed a smaller ID? `cuid.slug()` is for you. With fewer than 10 characters, `.slug()` is a great solution for short urls. They're good for things like URL slug disambiguation (i.e., `example.com/some-post-title-<slug>`) but **absolutely not recommended for database unique IDs**. Stick to the full cuid for database keys.\n\nBe aware, slugs:\n\n* are less likely to be sequential. Stick to full cuids for database lookups, if possible.\n\n* have less random data, less room for the counter, and less room for the fingerprint, which means that all of them are more likely to collide or be guessed, especially as CPU speeds increase.\n\nDon't use them if guessing an existing ID would expose confidential information to malicious users. For example, if you're providing a service like Google Drive or DropBox, which hosts user's private files, favor `cuid()` over `.slug()`.\n\n\n# Questions\n\n### Is this a replacement for GUID / UUID?\n\nNo. Cuid is great for the use case it was designed for -- to generate ids for applications which need to be scaleable past tens or hundreds of new entities per second across multiple id-generating hosts. In other words, if you're building a web or mobile app and want the assurance that your choice of id standards isn't going to slow you down, cuid is for you.\n\nHowever, if you need to obscure the order of id generation, or if it's potentially problematic to know the precise time that an id was generated, you'll want to go with something different.\n\nCuids should not be considered cryptographically secure (but neither should most guid algorithms. Make sure yours is using a crypto library before you rely on it).\n\n\n### Why don't you use sha1, md5, etc?\n\nA sha1 implementation in JavaScript is about 300 lines by itself, uncompressed, and its use would provide little benefit. For contrast, the cuid source code weighs in at less than 100 lines of code, uncompressed. It also comes at considerable performance cost. Md5 has similar issues.\n\n\n### Why are there no dashes?\n\nAlmost all web-technology identifiers allow numbers and letters (though some require you to begin with a letter -- hence the 'c' at the beginning of a cuid). However, dashes are not allowed in some identifier names. Removing dashes between groups allows the ids to be more portable. Also, identifier groupings should not be relied on in your application. Removing them should discourage application developers from trying to extract data from a cuid.\n\nThe cuid specification should not be considered an API contract. Code that relies on the groupings as laid out here should be considered brittle and not be used in production.\n\n\n### [Submit a Question or Comment](https://github.com/dilvie/cuid/issues/new?title=Question)\n\n\n### Credit\n\nCreated by Eric Elliott, Author, [\"Programming JavaScript Applications (O'Reilly)\"](http://ericleads.com/javascript-applications/)\n\nThanks to [Tout](http://tout.com/) for support and production testing.\n","maintainers":[{"name":"ericelliott","email":"eric@ericleads.com"}],"time":{"modified":"2015-08-25T12:03:13.092Z","created":"2012-09-12T17:48:07.463Z","1.0.1":"2012-09-12T17:48:08.898Z","1.1.0":"2012-09-13T23:01:19.335Z","1.1.1":"2012-09-14T00:31:42.168Z","1.1.2":"2012-09-14T20:30:33.464Z","1.1.3":"2012-09-14T21:17:13.837Z","1.1.4":"2012-09-14T21:33:23.677Z","1.1.5":"2012-09-18T00:04:29.058Z","1.1.6":"2012-10-11T16:52:03.440Z","1.1.7":"2012-11-27T17:34:09.968Z","1.2.0":"2013-08-06T17:14:57.105Z","1.2.1":"2013-08-06T17:17:33.045Z","1.2.2":"2014-04-20T00:17:11.725Z","1.2.3":"2014-04-20T00:23:57.170Z","1.2.4":"2014-04-20T04:56:10.146Z","1.2.5":"2015-05-08T00:26:56.658Z","1.3.0":"2015-08-24T23:00:20.177Z","1.3.1":"2015-08-25T10:07:19.010Z","1.3.3":"2015-08-25T10:13:28.502Z","1.3.4":"2015-08-25T10:16:50.237Z","1.3.5":"2015-08-25T10:20:19.255Z","1.3.8":"2015-08-25T12:03:13.092Z"},"author":{"name":"Eric Elliott","url":"https://ericelliottjs.com"},"repository":{"type":"git","url":"git+https://github.com/ericelliott/cuid.git"},"homepage":"https://github.com/ericelliott/cuid#readme","keywords":["id","guid","uid","unique id","uuid"],"bugs":{"url":"https://github.com/ericelliott/cuid/issues"},"readmeFilename":"README.markdown","users":{"davepoon":true,"scriptnull":true,"drewyoung1":true,"richardbolt":true,"oncletom":true,"cmtegner":true,"julien-f":true,"ceejbot":true,"fattenap":true,"wenbing":true,"smallhelm":true,"koslun":true,"ozzysun":true,"bojand":true,"grantcarthew":true,"mccoyjordan":true,"farskipper":true,"equimper":true,"jmsherry":true,"nicolasembleton":true},"license":"MIT","_attachments":{},"_etag":"\"68R0JUTV66YR3R7NS1OC44L03\""}