{"_id":"nth-check","_rev":"4-643b1af6c7b7c0c8c2240e64b025c8cf","name":"nth-check","description":"performant nth-check parser & compiler","dist-tags":{"latest":"1.0.1"},"versions":{"1.0.0":{"name":"nth-check","version":"1.0.0","description":"performant nth-check parser & compiler","main":"index.js","scripts":{"test":"node test"},"repository":{"type":"git","url":"https://github.com/fb55/nth-check"},"keywords":["nth-child","nth","css"],"author":{"name":"Felix Boehm","email":"me@feedic.com"},"license":"BSD","bugs":{"url":"https://github.com/fb55/nth-check/issues"},"homepage":"https://github.com/fb55/nth-check","dependencies":{"boolbase":"~1.0.0"},"_id":"nth-check@1.0.0","dist":{"shasum":"02fc1277aa2bf8e6083be456104d6a646101a49d","tarball":"https://registry.npmjs.org/nth-check/-/nth-check-1.0.0.tgz"},"_from":".","_npmVersion":"1.4.2","_npmUser":{"name":"feedic","email":"me@feedic.com"},"maintainers":[{"name":"feedic","email":"me@feedic.com"}],"directories":{}},"1.0.1":{"name":"nth-check","version":"1.0.1","description":"performant nth-check parser & compiler","main":"index.js","scripts":{"test":"node test"},"repository":{"type":"git","url":"https://github.com/fb55/nth-check"},"keywords":["nth-child","nth","css"],"author":{"name":"Felix Boehm","email":"me@feedic.com"},"license":"BSD","bugs":{"url":"https://github.com/fb55/nth-check/issues"},"homepage":"https://github.com/fb55/nth-check","dependencies":{"boolbase":"~1.0.0"},"gitHead":"257338e5bbd53228236abd4cc09539b66b27dd11","_id":"nth-check@1.0.1","_shasum":"9929acdf628fc2c41098deab82ac580cf149aae4","_from":".","_npmVersion":"2.6.1","_nodeVersion":"1.5.1","_npmUser":{"name":"feedic","email":"me@feedic.com"},"maintainers":[{"name":"feedic","email":"me@feedic.com"}],"dist":{"shasum":"9929acdf628fc2c41098deab82ac580cf149aae4","tarball":"https://registry.npmjs.org/nth-check/-/nth-check-1.0.1.tgz"},"directories":{}}},"readme":"#nth-check [![Build Status](https://travis-ci.org/fb55/nth-check.png)](https://travis-ci.org/fb55/nth-check)\n\nA performant nth-check parser & compiler.\n\n###About\n\nThis module can be used to parse & compile nth-checks, as they are found in CSS 3's `nth-child()` and `nth-last-of-type()`.\n\n`nth-check` focusses on speed, providing optimized functions for different kinds of nth-child formulas, while still following the [spec](http://www.w3.org/TR/css3-selectors/#nth-child-pseudo).\n\n###API\n\n```js\nvar nthCheck = require(\"nth-check\");\n```\n\n#####`nthCheck(formula)`\n\nFirst parses, then compiles the formula.\n\n#####`nthCheck.parse(formula)`\n\nParses the expression, throws a `SyntaxError` if it fails, otherwise returns an array containing two elements.\n\n__Example:__\n\n```js\nnthCheck.parse(\"2n+3\") //[2, 3]\n```\n\n#####`nthCheck.compile([a, b])`\n\nTakes an array with two elements (as returned by `.parse`) and returns a highly optimized function.\n\nIf the formula doesn't match any elements, it returns [`boolbase`](https://github.com/fb55/boolbase)'s `falseFunc`, otherwise, a function accepting an _index_ is returned, which returns whether or not a passed _index_ matches the formula. (Note: The spec starts counting at `1`, the returned function at `0`).\n\n__Example:__\n```js\nvar check = nthCheck.compile([2, 3]);\n\ncheck(0) //false\ncheck(1) //false\ncheck(2) //true\ncheck(3) //false\ncheck(4) //true\ncheck(5) //false\ncheck(6) //true\n```\n\n---\nLicense: BSD\n","maintainers":[{"name":"feedic","email":"me@feedic.com"}],"time":{"modified":"2015-03-12T12:59:56.470Z","created":"2014-02-15T15:06:22.622Z","1.0.0":"2014-02-15T15:06:22.622Z","1.0.1":"2015-03-12T12:59:56.470Z"},"readmeFilename":"README.md","homepage":"https://github.com/fb55/nth-check","keywords":["nth-child","nth","css"],"repository":{"type":"git","url":"https://github.com/fb55/nth-check"},"author":{"name":"Felix Boehm","email":"me@feedic.com"},"bugs":{"url":"https://github.com/fb55/nth-check/issues"},"license":"BSD","_attachments":{},"_etag":"\"45CD80S39GV9E7FX3H4YMY0XZ\""}