{"_id":"nunjucks","_rev":"117-7dbab95783f625ace4cd612c4e653ca1","name":"nunjucks","description":"A powerful templating engine with inheritance, asynchronous control, and more (jinja2 inspired)","dist-tags":{"latest":"2.5.0"},"versions":{"0.1.0":{"name":"nunjucks","description":"A jinja inspired templating engine","version":"0.1.0","author":{"name":"James Long","email":"longster@gmail.com"},"dependencies":{"should":"1.1.0"},"engines":{"node":"*"},"scripts":{"test":"make test"},"bin":{"nunjucks-precompile":"./bin/precompile"},"main":"index","_id":"nunjucks@0.1.0","dist":{"shasum":"8c80eb655de8deee829acec221c3fd15a96b325a","tarball":"https://registry.npmjs.org/nunjucks/-/nunjucks-0.1.0.tgz"},"_npmVersion":"1.1.59","_npmUser":{"name":"jlongster","email":"longster@gmail.com"},"maintainers":[{"name":"jlongster","email":"longster@gmail.com"}],"directories":{},"deprecated":"potential XSS vulnerability in autoescape mode, and with escape filter was fixed in v2.4.3"},"0.1.1":{"name":"nunjucks","description":"A jinja inspired templating engine","version":"0.1.1","author":{"name":"James Long","email":"longster@gmail.com"},"dependencies":{"should":"1.1.0"},"engines":{"node":"*"},"scripts":{"test":"make test"},"bin":{"nunjucks-precompile":"./bin/precompile"},"main":"index","_id":"nunjucks@0.1.1","dist":{"shasum":"61ac1998295af5379794d5e50631f30ea25800d9","tarball":"https://registry.npmjs.org/nunjucks/-/nunjucks-0.1.1.tgz"},"_npmVersion":"1.1.59","_npmUser":{"name":"jlongster","email":"longster@gmail.com"},"maintainers":[{"name":"jlongster","email":"longster@gmail.com"}],"directories":{},"deprecated":"potential XSS vulnerability in autoescape mode, and with escape filter was fixed in v2.4.3"},"0.1.2":{"name":"nunjucks","description":"A jinja inspired templating engine","version":"0.1.2","author":{"name":"James Long","email":"longster@gmail.com"},"dependencies":{"should":"1.1.0"},"engines":{"node":"*"},"scripts":{"test":"make test"},"bin":{"nunjucks-precompile":"./bin/precompile"},"main":"index","_id":"nunjucks@0.1.2","dist":{"shasum":"2e7559b6ae038382c3b8f39c31fa0890a996f4de","tarball":"https://registry.npmjs.org/nunjucks/-/nunjucks-0.1.2.tgz"},"_npmVersion":"1.1.59","_npmUser":{"name":"jlongster","email":"longster@gmail.com"},"maintainers":[{"name":"jlongster","email":"longster@gmail.com"}],"directories":{},"deprecated":"potential XSS vulnerability in autoescape mode, and with escape filter was fixed in v2.4.3"},"0.1.3":{"name":"nunjucks","description":"A jinja inspired templating engine","version":"0.1.3","author":{"name":"James Long","email":"longster@gmail.com"},"dependencies":{"should":"1.1.0"},"engines":{"node":"*"},"scripts":{"test":"make test"},"bin":{"nunjucks-precompile":"./bin/precompile"},"main":"index","_id":"nunjucks@0.1.3","dist":{"shasum":"609f8c90460ed7d06812986ac7e994b7d02df3e9","tarball":"https://registry.npmjs.org/nunjucks/-/nunjucks-0.1.3.tgz"},"_npmVersion":"1.1.59","_npmUser":{"name":"jlongster","email":"longster@gmail.com"},"maintainers":[{"name":"jlongster","email":"longster@gmail.com"}],"directories":{},"deprecated":"potential XSS vulnerability in autoescape mode, and with escape filter was fixed in v2.4.3"},"0.1.4":{"name":"nunjucks","description":"A jinja inspired templating engine","version":"0.1.4","author":{"name":"James Long","email":"longster@gmail.com"},"devDependencies":{"should":"1.1.0"},"engines":{"node":"*"},"scripts":{"test":"make test"},"bin":{"nunjucks-precompile":"./bin/precompile"},"main":"index","_id":"nunjucks@0.1.4","dist":{"shasum":"956dbcf9fc5863cdda80f0454d402bf15ad8997e","tarball":"https://registry.npmjs.org/nunjucks/-/nunjucks-0.1.4.tgz"},"_npmVersion":"1.1.59","_npmUser":{"name":"jlongster","email":"longster@gmail.com"},"maintainers":[{"name":"jlongster","email":"longster@gmail.com"}],"directories":{},"deprecated":"potential XSS vulnerability in autoescape mode, and with escape filter was fixed in v2.4.3"},"0.1.5":{"name":"nunjucks","description":"A jinja inspired templating engine","version":"0.1.5","author":{"name":"James Long","email":"longster@gmail.com"},"devDependencies":{"should":"*","mocha":"*"},"engines":{"node":"*"},"scripts":{"test":"make test"},"bin":{"nunjucks-precompile":"./bin/precompile"},"main":"index","_id":"nunjucks@0.1.5","dist":{"shasum":"2cf17ee5752b335b4e09b364ace4350e2fbf4ec3","tarball":"https://registry.npmjs.org/nunjucks/-/nunjucks-0.1.5.tgz"},"_npmVersion":"1.1.62","_npmUser":{"name":"jlongster","email":"longster@gmail.com"},"maintainers":[{"name":"jlongster","email":"longster@gmail.com"}],"directories":{},"deprecated":"potential XSS vulnerability in autoescape mode, and with escape filter was fixed in v2.4.3"},"0.1.6":{"name":"nunjucks","description":"A jinja inspired templating engine","version":"0.1.6","author":{"name":"James Long","email":"longster@gmail.com"},"devDependencies":{"should":"*","mocha":"*"},"engines":{"node":"*"},"scripts":{"test":"make test"},"bin":{"nunjucks-precompile":"./bin/precompile"},"main":"index","_id":"nunjucks@0.1.6","dist":{"shasum":"0f992d86af5242cf29af7528804f39f45528a47e","tarball":"https://registry.npmjs.org/nunjucks/-/nunjucks-0.1.6.tgz"},"_npmVersion":"1.1.62","_npmUser":{"name":"jlongster","email":"longster@gmail.com"},"maintainers":[{"name":"jlongster","email":"longster@gmail.com"}],"directories":{},"deprecated":"potential XSS vulnerability in autoescape mode, and with escape filter was fixed in v2.4.3"},"0.1.7":{"name":"nunjucks","description":"A jinja inspired templating engine","version":"0.1.7","author":{"name":"James Long","email":"longster@gmail.com"},"devDependencies":{"should":"*","mocha":"*"},"engines":{"node":"*"},"scripts":{"test":"make test"},"bin":{"nunjucks-precompile":"./bin/precompile"},"main":"index","_id":"nunjucks@0.1.7","dist":{"shasum":"fbc66a88778bb72ed548e0024813504b2f09d45e","tarball":"https://registry.npmjs.org/nunjucks/-/nunjucks-0.1.7.tgz"},"_npmVersion":"1.1.66","_npmUser":{"name":"jlongster","email":"longster@gmail.com"},"maintainers":[{"name":"jlongster","email":"longster@gmail.com"}],"directories":{},"deprecated":"potential XSS vulnerability in autoescape mode, and with escape filter was fixed in v2.4.3"},"0.1.8":{"name":"nunjucks","description":"A jinja inspired templating engine","version":"0.1.8","author":{"name":"James Long","email":"longster@gmail.com"},"devDependencies":{"should":"*","mocha":"*"},"engines":{"node":"*"},"scripts":{"test":"make test"},"bin":{"nunjucks-precompile":"./bin/precompile"},"main":"index","_id":"nunjucks@0.1.8","dist":{"shasum":"6cd4047b74fadbc749b0932df07930716353066b","tarball":"https://registry.npmjs.org/nunjucks/-/nunjucks-0.1.8.tgz"},"_from":".","_npmVersion":"1.2.2","_npmUser":{"name":"jlongster","email":"longster@gmail.com"},"maintainers":[{"name":"jlongster","email":"longster@gmail.com"}],"directories":{},"deprecated":"potential XSS vulnerability in autoescape mode, and with escape filter was fixed in v2.4.3"},"0.1.9":{"name":"nunjucks","description":"A jinja inspired templating engine","version":"0.1.9","author":{"name":"James Long","email":"longster@gmail.com"},"devDependencies":{"expect.js":"*","mocha":"*","uglify-js":"*"},"engines":{"node":"*"},"scripts":{"test":"make test"},"bin":{"nunjucks-precompile":"./bin/precompile"},"main":"index","_id":"nunjucks@0.1.9","dist":{"shasum":"900acfbc1259da0da80d8a749cb54517da439dca","tarball":"https://registry.npmjs.org/nunjucks/-/nunjucks-0.1.9.tgz"},"_from":".","_npmVersion":"1.2.21","_npmUser":{"name":"jlongster","email":"longster@gmail.com"},"maintainers":[{"name":"jlongster","email":"longster@gmail.com"}],"directories":{},"deprecated":"potential XSS vulnerability in autoescape mode, and with escape filter was fixed in v2.4.3"},"0.1.10":{"name":"nunjucks","description":"A jinja inspired templating engine","version":"0.1.10","author":{"name":"James Long","email":"longster@gmail.com"},"devDependencies":{"expect.js":"*","mocha":"*","uglify-js":"*"},"engines":{"node":"*"},"scripts":{"test":"make test"},"bin":{"nunjucks-precompile":"./bin/precompile"},"main":"index","_id":"nunjucks@0.1.10","dist":{"shasum":"8d960805033e857d03d01a22b943a94e797f30ea","tarball":"https://registry.npmjs.org/nunjucks/-/nunjucks-0.1.10.tgz"},"_from":".","_npmVersion":"1.3.5","_npmUser":{"name":"jlongster","email":"longster@gmail.com"},"maintainers":[{"name":"jlongster","email":"longster@gmail.com"}],"directories":{},"deprecated":"potential XSS vulnerability in autoescape mode, and with escape filter was fixed in v2.4.3"},"1.0.0":{"name":"nunjucks","description":"A powerful templating engine with inheritance, asynchronous control, and more (jinja2 inspired)","version":"1.0.0","author":{"name":"James Long","email":"longster@gmail.com"},"dependencies":{"optimist":"*"},"devDependencies":{"expect.js":"*","mocha":"*","uglify-js":"*"},"engines":{"node":"*"},"scripts":{"test":"make test"},"bin":{"nunjucks-precompile":"./bin/precompile"},"main":"index","_id":"nunjucks@1.0.0","dist":{"shasum":"a73ffb116ce8ef55a7959b1c8deac6b5478fa5ec","tarball":"https://registry.npmjs.org/nunjucks/-/nunjucks-1.0.0.tgz"},"_from":".","_npmVersion":"1.3.11","_npmUser":{"name":"jlongster","email":"longster@gmail.com"},"maintainers":[{"name":"jlongster","email":"longster@gmail.com"}],"directories":{},"deprecated":"potential XSS vulnerability in autoescape mode, and with escape filter was fixed in v2.4.3"},"0.1.0-a1":{"name":"nunjucks","description":"A jinja inspired templating engine","version":"0.1.0-a1","author":{"name":"James Long","email":"longster@gmail.com"},"engines":{"node":"*"},"scripts":{"test":"make test"},"main":"index","_npmUser":{"name":"jlongster","email":"longster@gmail.com"},"_id":"nunjucks@0.1.0-a1","dependencies":{},"devDependencies":{},"optionalDependencies":{},"_engineSupported":true,"_npmVersion":"1.1.16","_nodeVersion":"v0.6.15","_defaultsLoaded":true,"dist":{"shasum":"518f9a2d55e284dcb5a0c42008356e336e8dfdc3","tarball":"https://registry.npmjs.org/nunjucks/-/nunjucks-0.1.0a1.tgz"},"maintainers":[{"name":"jlongster","email":"longster@gmail.com"}],"directories":{}},"0.1.0-a2":{"name":"nunjucks","description":"A jinja inspired templating engine","version":"0.1.0-a2","author":{"name":"James Long","email":"longster@gmail.com"},"dependencies":{"should":"1.1.0","underscore":"1.3.3"},"engines":{"node":"*"},"scripts":{"test":"make test"},"main":"index","_npmUser":{"name":"jlongster","email":"longster@gmail.com"},"_id":"nunjucks@0.1.0-a2","devDependencies":{},"optionalDependencies":{},"_engineSupported":true,"_npmVersion":"1.1.16","_nodeVersion":"v0.6.15","_defaultsLoaded":true,"dist":{"shasum":"0b1ad6361fd0734ff00ac3c80d5347b9945397b6","tarball":"https://registry.npmjs.org/nunjucks/-/nunjucks-0.1.0a2.tgz"},"maintainers":[{"name":"jlongster","email":"longster@gmail.com"}],"directories":{}},"0.1.0-a3":{"name":"nunjucks","description":"A jinja inspired templating engine","version":"0.1.0-a3","author":{"name":"James Long","email":"longster@gmail.com"},"dependencies":{"should":"1.1.0","underscore":"1.3.3"},"engines":{"node":"*"},"scripts":{"test":"make test"},"main":"index","_npmUser":{"name":"jlongster","email":"longster@gmail.com"},"_id":"nunjucks@0.1.0-a3","devDependencies":{},"optionalDependencies":{},"_engineSupported":true,"_npmVersion":"1.1.16","_nodeVersion":"v0.6.15","_defaultsLoaded":true,"dist":{"shasum":"b78c2583241dbc646e4a1a5caaa4ba13b6b37736","tarball":"https://registry.npmjs.org/nunjucks/-/nunjucks-0.1.0a3.tgz"},"maintainers":[{"name":"jlongster","email":"longster@gmail.com"}],"directories":{}},"0.1.0-a4":{"name":"nunjucks","description":"A jinja inspired templating engine","version":"0.1.0-a4","author":{"name":"James Long","email":"longster@gmail.com"},"dependencies":{"should":"1.1.0","underscore":"1.3.3"},"engines":{"node":"*"},"scripts":{"test":"make test"},"main":"index","_npmUser":{"name":"jlongster","email":"longster@gmail.com"},"_id":"nunjucks@0.1.0-a4","devDependencies":{},"optionalDependencies":{},"_engineSupported":true,"_npmVersion":"1.1.16","_nodeVersion":"v0.6.15","_defaultsLoaded":true,"dist":{"shasum":"4e2665cc1d8b0d8a0d5aa7b09f457b3304d7eda1","tarball":"https://registry.npmjs.org/nunjucks/-/nunjucks-0.1.0a4.tgz"},"maintainers":[{"name":"jlongster","email":"longster@gmail.com"}],"directories":{}},"0.1.0-a5":{"name":"nunjucks","description":"A jinja inspired templating engine","version":"0.1.0-a5","author":{"name":"James Long","email":"longster@gmail.com"},"dependencies":{"should":"1.1.0","underscore":"1.3.3"},"engines":{"node":"*"},"scripts":{"test":"make test"},"main":"index","_npmUser":{"name":"jlongster","email":"longster@gmail.com"},"_id":"nunjucks@0.1.0-a5","devDependencies":{},"optionalDependencies":{},"_engineSupported":true,"_npmVersion":"1.1.16","_nodeVersion":"v0.6.15","_defaultsLoaded":true,"dist":{"shasum":"7571212900a850ccdab7e4c60f88ec2bf7f51447","tarball":"https://registry.npmjs.org/nunjucks/-/nunjucks-0.1.0a5.tgz"},"maintainers":[{"name":"jlongster","email":"longster@gmail.com"}],"directories":{}},"0.1.0-a6":{"name":"nunjucks","description":"A jinja inspired templating engine","version":"0.1.0-a6","author":{"name":"James Long","email":"longster@gmail.com"},"dependencies":{"should":"1.1.0"},"engines":{"node":"*"},"scripts":{"test":"make test"},"main":"index","_id":"nunjucks@0.1.0-a6","dist":{"shasum":"69767814dada23c6383995f06e60fd0ac68c4ba2","tarball":"https://registry.npmjs.org/nunjucks/-/nunjucks-0.1.0a6.tgz"},"_npmVersion":"1.1.59","_npmUser":{"name":"jlongster","email":"longster@gmail.com"},"maintainers":[{"name":"jlongster","email":"longster@gmail.com"}],"directories":{}},"0.1.0-b1":{"name":"nunjucks","description":"A jinja inspired templating engine","version":"0.1.0-b1","author":{"name":"James Long","email":"longster@gmail.com"},"dependencies":{"should":"1.1.0"},"engines":{"node":"*"},"scripts":{"test":"make test"},"main":"index","_id":"nunjucks@0.1.0-b1","dist":{"shasum":"ff68c3fd93f6065817e4a138aaed3543281f22dd","tarball":"https://registry.npmjs.org/nunjucks/-/nunjucks-0.1.0b1.tgz"},"_npmVersion":"1.1.59","_npmUser":{"name":"jlongster","email":"longster@gmail.com"},"maintainers":[{"name":"jlongster","email":"longster@gmail.com"}],"directories":{}},"0.1.4-a":{"name":"nunjucks","description":"A jinja inspired templating engine","version":"0.1.4-a","author":{"name":"James Long","email":"longster@gmail.com"},"devDependencies":{"should":"*","mocha":"*"},"engines":{"node":"*"},"scripts":{"test":"make test"},"bin":{"nunjucks-precompile":"./bin/precompile"},"main":"index","_id":"nunjucks@0.1.4-a","dist":{"shasum":"54e0ee56ce010e4812cb0b6a42dbfa5690f40a95","tarball":"https://registry.npmjs.org/nunjucks/-/nunjucks-0.1.4a.tgz"},"_npmVersion":"1.1.62","_npmUser":{"name":"jlongster","email":"longster@gmail.com"},"maintainers":[{"name":"jlongster","email":"longster@gmail.com"}],"directories":{}},"0.1.8-a":{"name":"nunjucks","description":"A jinja inspired templating engine","version":"0.1.8-a","author":{"name":"James Long","email":"longster@gmail.com"},"devDependencies":{"should":"*","mocha":"*","uglify-js":"*"},"engines":{"node":"*"},"scripts":{"test":"make test"},"bin":{"nunjucks-precompile":"./bin/precompile"},"main":"index","_id":"nunjucks@0.1.8-a","dist":{"shasum":"0f8f04a8b7bd8ec71a31a5dfee6b39ad8af3010b","tarball":"https://registry.npmjs.org/nunjucks/-/nunjucks-0.1.8a.tgz"},"_from":".","_npmVersion":"1.2.2","_npmUser":{"name":"jlongster","email":"longster@gmail.com"},"maintainers":[{"name":"jlongster","email":"longster@gmail.com"}],"directories":{}},"1.0.1":{"name":"nunjucks","description":"A powerful templating engine with inheritance, asynchronous control, and more (jinja2 inspired)","version":"1.0.1","author":{"name":"James Long","email":"longster@gmail.com"},"dependencies":{"optimist":"*"},"devDependencies":{"expect.js":"*","mocha":"*","uglify-js":"*"},"engines":{"node":"*"},"scripts":{"test":"make test"},"bin":{"nunjucks-precompile":"./bin/precompile"},"main":"index","repository":{"type":"git","url":"https://github.com/jlongster/nunjucks.git"},"license":[{"type":"BSD","url":"https://github.com/jlongster/nunjucks/blob/master/LICENSE"}],"bugs":{"url":"https://github.com/jlongster/nunjucks/issues"},"_id":"nunjucks@1.0.1","dist":{"shasum":"bae91e6b177190e647d874394c41ca3536613102","tarball":"https://registry.npmjs.org/nunjucks/-/nunjucks-1.0.1.tgz"},"_from":".","_npmVersion":"1.3.11","_npmUser":{"name":"jlongster","email":"longster@gmail.com"},"maintainers":[{"name":"jlongster","email":"longster@gmail.com"}],"deprecated":"potential XSS vulnerability in autoescape mode, and with escape filter was fixed in v2.4.3","directories":{}},"1.0.2":{"name":"nunjucks","description":"A powerful templating engine with inheritance, asynchronous control, and more (jinja2 inspired)","version":"1.0.2","author":{"name":"James Long","email":"longster@gmail.com"},"dependencies":{"optimist":"*","chokidar":"git://github.com/appleifreak/chokidar.git"},"devDependencies":{"expect.js":"*","mocha":"*","uglify-js":"*"},"engines":{"node":"*"},"scripts":{"test":"make test"},"bin":{"nunjucks-precompile":"./bin/precompile"},"main":"index","repository":{"type":"git","url":"https://github.com/jlongster/nunjucks.git"},"license":[{"type":"BSD","url":"https://github.com/jlongster/nunjucks/blob/master/LICENSE"}],"bugs":{"url":"https://github.com/jlongster/nunjucks/issues"},"homepage":"https://github.com/jlongster/nunjucks","_id":"nunjucks@1.0.2","dist":{"shasum":"fedd46514df80aca101fccb90493653416507353","tarball":"https://registry.npmjs.org/nunjucks/-/nunjucks-1.0.2.tgz"},"_from":".","_npmVersion":"1.4.3","_npmUser":{"name":"jlongster","email":"longster@gmail.com"},"maintainers":[{"name":"jlongster","email":"longster@gmail.com"}],"deprecated":"potential XSS vulnerability in autoescape mode, and with escape filter was fixed in v2.4.3","directories":{}},"1.0.3":{"name":"nunjucks","description":"A powerful templating engine with inheritance, asynchronous control, and more (jinja2 inspired)","version":"1.0.3","author":{"name":"James Long","email":"longster@gmail.com"},"dependencies":{"optimist":"*","chokidar":"git://github.com/tyler-johnson/chokidar.git"},"browser":"./browser/nunjucks.js","devDependencies":{"expect.js":"*","mocha":"*","uglify-js":"*"},"engines":{"node":"*"},"scripts":{"test":"make test"},"bin":{"nunjucks-precompile":"./bin/precompile"},"main":"index","repository":{"type":"git","url":"https://github.com/jlongster/nunjucks.git"},"license":[{"type":"BSD","url":"https://github.com/jlongster/nunjucks/blob/master/LICENSE"}],"bugs":{"url":"https://github.com/jlongster/nunjucks/issues"},"homepage":"https://github.com/jlongster/nunjucks","_id":"nunjucks@1.0.3","dist":{"shasum":"da9844ed5a05ce6da889eb1ecb310ddc119bf984","tarball":"https://registry.npmjs.org/nunjucks/-/nunjucks-1.0.3.tgz"},"_from":".","_npmVersion":"1.4.3","_npmUser":{"name":"jlongster","email":"longster@gmail.com"},"maintainers":[{"name":"jlongster","email":"longster@gmail.com"},{"name":"jbuck","email":"jon@jbuckley.ca"}],"deprecated":"potential XSS vulnerability in autoescape mode, and with escape filter was fixed in v2.4.3","directories":{}},"1.0.4":{"name":"nunjucks","description":"A powerful templating engine with inheritance, asynchronous control, and more (jinja2 inspired)","version":"1.0.4","author":{"name":"James Long","email":"longster@gmail.com"},"dependencies":{"optimist":"*","chokidar":"~0.8.2"},"browser":"./browser/nunjucks.js","devDependencies":{"expect.js":"*","mocha":"*","uglify-js":"*"},"engines":{"node":"*"},"scripts":{"test":"make test"},"bin":{"nunjucks-precompile":"./bin/precompile"},"main":"index","repository":{"type":"git","url":"https://github.com/jlongster/nunjucks.git"},"license":[{"type":"BSD","url":"https://github.com/jlongster/nunjucks/blob/master/LICENSE"}],"bugs":{"url":"https://github.com/jlongster/nunjucks/issues"},"homepage":"https://github.com/jlongster/nunjucks","_id":"nunjucks@1.0.4","dist":{"shasum":"aa5a5210660fd7a1b1a7c07d7246aa044d3da295","tarball":"https://registry.npmjs.org/nunjucks/-/nunjucks-1.0.4.tgz"},"_from":".","_npmVersion":"1.4.3","_npmUser":{"name":"jlongster","email":"longster@gmail.com"},"maintainers":[{"name":"jlongster","email":"longster@gmail.com"},{"name":"jbuck","email":"jon@jbuckley.ca"}],"deprecated":"potential XSS vulnerability in autoescape mode, and with escape filter was fixed in v2.4.3","directories":{}},"1.0.5":{"name":"nunjucks","description":"A powerful templating engine with inheritance, asynchronous control, and more (jinja2 inspired)","version":"1.0.5","author":{"name":"James Long","email":"longster@gmail.com"},"dependencies":{"optimist":"*","chokidar":"~0.8.2"},"browser":"./browser/nunjucks.js","devDependencies":{"expect.js":"*","mocha":"*","uglify-js":"*"},"engines":{"node":"*"},"scripts":{"test":"make test"},"bin":{"nunjucks-precompile":"./bin/precompile"},"main":"index","repository":{"type":"git","url":"https://github.com/jlongster/nunjucks.git"},"license":[{"type":"BSD","url":"https://github.com/jlongster/nunjucks/blob/master/LICENSE"}],"bugs":{"url":"https://github.com/jlongster/nunjucks/issues"},"homepage":"https://github.com/jlongster/nunjucks","_id":"nunjucks@1.0.5","dist":{"shasum":"8e3f4e7cdd5a311a6e2f8038aa31f4f97eb4ca52","tarball":"https://registry.npmjs.org/nunjucks/-/nunjucks-1.0.5.tgz"},"_from":".","_npmVersion":"1.4.3","_npmUser":{"name":"jbuck","email":"jon@jbuckley.ca"},"maintainers":[{"name":"jlongster","email":"longster@gmail.com"},{"name":"jbuck","email":"jon@jbuckley.ca"}],"deprecated":"potential XSS vulnerability in autoescape mode, and with escape filter was fixed in v2.4.3","directories":{}},"1.0.6":{"name":"nunjucks","description":"A powerful templating engine with inheritance, asynchronous control, and more (jinja2 inspired)","version":"1.0.6","author":{"name":"James Long","email":"longster@gmail.com"},"dependencies":{"optimist":"*","chokidar":"~0.8.2"},"browser":"./browser/nunjucks.js","devDependencies":{"expect.js":"*","mocha":"*","uglify-js":"*","express":"4.x","supertest":"*"},"engines":{"node":"*"},"scripts":{"test":"make test"},"bin":{"nunjucks-precompile":"./bin/precompile"},"main":"index","repository":{"type":"git","url":"https://github.com/mozilla/nunjucks.git"},"license":[{"type":"BSD","url":"https://github.com/mozilla/nunjucks/blob/master/LICENSE"}],"bugs":{"url":"https://github.com/mozilla/nunjucks/issues"},"gitHead":"a92d2936e08d0e527db5419f282fc814ad773db6","homepage":"https://github.com/mozilla/nunjucks","_id":"nunjucks@1.0.6","_shasum":"3bb23b8b72479bde3e6812de9c498411b2ec1f72","_from":".","_npmVersion":"1.4.14","_npmUser":{"name":"jlongster","email":"longster@gmail.com"},"maintainers":[{"name":"jlongster","email":"longster@gmail.com"},{"name":"jbuck","email":"jon@jbuckley.ca"}],"dist":{"shasum":"3bb23b8b72479bde3e6812de9c498411b2ec1f72","tarball":"https://registry.npmjs.org/nunjucks/-/nunjucks-1.0.6.tgz"},"deprecated":"potential XSS vulnerability in autoescape mode, and with escape filter was fixed in v2.4.3","directories":{}},"1.0.7":{"name":"nunjucks","description":"A powerful templating engine with inheritance, asynchronous control, and more (jinja2 inspired)","version":"1.0.7","author":{"name":"James Long","email":"longster@gmail.com"},"dependencies":{"optimist":"*","chokidar":"~0.8.2"},"browser":"./browser/nunjucks.js","devDependencies":{"expect.js":"*","mocha":"*","uglify-js":"*","express":"4.x","supertest":"*"},"engines":{"node":"*"},"scripts":{"test":"make test"},"bin":{"nunjucks-precompile":"./bin/precompile"},"main":"index","repository":{"type":"git","url":"https://github.com/mozilla/nunjucks.git"},"license":[{"type":"BSD","url":"https://github.com/mozilla/nunjucks/blob/master/LICENSE"}],"bugs":{"url":"https://github.com/mozilla/nunjucks/issues"},"gitHead":"44eb485242de2ac552b466bcc179bd36c95e65c7","homepage":"https://github.com/mozilla/nunjucks","_id":"nunjucks@1.0.7","_shasum":"1fff7ab3933769ccd6cb180c3cbaa254d3f967fc","_from":".","_npmVersion":"1.4.14","_npmUser":{"name":"jlongster","email":"longster@gmail.com"},"maintainers":[{"name":"jlongster","email":"longster@gmail.com"},{"name":"jbuck","email":"jon@jbuckley.ca"}],"dist":{"shasum":"1fff7ab3933769ccd6cb180c3cbaa254d3f967fc","tarball":"https://registry.npmjs.org/nunjucks/-/nunjucks-1.0.7.tgz"},"deprecated":"potential XSS vulnerability in autoescape mode, and with escape filter was fixed in v2.4.3","directories":{}},"1.1.0":{"name":"nunjucks","description":"A powerful templating engine with inheritance, asynchronous control, and more (jinja2 inspired)","version":"1.1.0","author":{"name":"James Long","email":"longster@gmail.com"},"dependencies":{"optimist":"*","chokidar":"~0.9.0"},"browser":"./browser/nunjucks.js","devDependencies":{"expect.js":"*","mocha":"*","uglify-js":"*","express":"4.x","supertest":"*","istanbul":"0.3.x"},"engines":{"node":"*"},"scripts":{"test":"make test"},"bin":{"nunjucks-precompile":"./bin/precompile"},"main":"index","repository":{"type":"git","url":"https://github.com/mozilla/nunjucks.git"},"license":[{"type":"BSD","url":"https://github.com/mozilla/nunjucks/blob/master/LICENSE"}],"bugs":{"url":"https://github.com/mozilla/nunjucks/issues"},"gitHead":"2b6cea6797272518be659d17a40cc09eaab34824","homepage":"https://github.com/mozilla/nunjucks","_id":"nunjucks@1.1.0","_shasum":"dbb2bd5f2ca3c7407877a6682b64fface951e1d3","_from":".","_npmVersion":"1.4.14","_npmUser":{"name":"jlongster","email":"longster@gmail.com"},"maintainers":[{"name":"jlongster","email":"longster@gmail.com"},{"name":"jbuck","email":"jon@jbuckley.ca"}],"dist":{"shasum":"dbb2bd5f2ca3c7407877a6682b64fface951e1d3","tarball":"https://registry.npmjs.org/nunjucks/-/nunjucks-1.1.0.tgz"},"deprecated":"potential XSS vulnerability in autoescape mode, and with escape filter was fixed in v2.4.3","directories":{}},"1.2.0":{"name":"nunjucks","description":"A powerful templating engine with inheritance, asynchronous control, and more (jinja2 inspired)","version":"1.2.0","author":{"name":"James Long","email":"longster@gmail.com"},"dependencies":{"optimist":"*","chokidar":"~0.12.5"},"browser":"./browser/nunjucks.js","devDependencies":{"expect.js":"*","mocha":"*","uglify-js":"*","express":"4.x","supertest":"*","istanbul":"0.3.x"},"engines":{"node":"*"},"scripts":{"test":"make test"},"bin":{"nunjucks-precompile":"./bin/precompile"},"main":"index","repository":{"type":"git","url":"https://github.com/mozilla/nunjucks.git"},"license":[{"type":"BSD","url":"https://github.com/mozilla/nunjucks/blob/master/LICENSE"}],"bugs":{"url":"https://github.com/mozilla/nunjucks/issues"},"gitHead":"c3f4b9612fa53a19a5fd7671cec9b2c8a2d4290e","homepage":"https://github.com/mozilla/nunjucks","_id":"nunjucks@1.2.0","_shasum":"773ffad1aec6cd90b0d7949f129664da36571b30","_from":".","_npmVersion":"1.4.28","_npmUser":{"name":"jlongster","email":"longster@gmail.com"},"maintainers":[{"name":"jlongster","email":"longster@gmail.com"},{"name":"jbuck","email":"jon@jbuckley.ca"}],"dist":{"shasum":"773ffad1aec6cd90b0d7949f129664da36571b30","tarball":"https://registry.npmjs.org/nunjucks/-/nunjucks-1.2.0.tgz"},"deprecated":"potential XSS vulnerability in autoescape mode, and with escape filter was fixed in v2.4.3","directories":{}},"1.3.0":{"name":"nunjucks","description":"A powerful templating engine with inheritance, asynchronous control, and more (jinja2 inspired)","version":"1.3.0","author":{"name":"James Long","email":"longster@gmail.com"},"dependencies":{"optimist":"*","chokidar":"~0.12.5"},"browser":"./browser/nunjucks.js","devDependencies":{"expect.js":"*","mocha":"*","uglify-js":"*","express":"4.x","supertest":"*","istanbul":"0.3.x"},"engines":{"node":"*"},"scripts":{"test":"istanbul cover ./node_modules/mocha/bin/_mocha -- -b -R tap tests","browserfiles":"./bin/bundle browser/nunjucks; SLIM=1 ./bin/bundle browser/nunjucks-slim"},"bin":{"nunjucks-precompile":"./bin/precompile"},"main":"index","repository":{"type":"git","url":"https://github.com/mozilla/nunjucks.git"},"keywords":["template","templating"],"license":[{"type":"BSD","url":"https://github.com/mozilla/nunjucks/blob/master/LICENSE"}],"bugs":{"url":"https://github.com/mozilla/nunjucks/issues"},"gitHead":"5c6c46d10a70a781b547daa14f70fa501260fed5","homepage":"https://github.com/mozilla/nunjucks","_id":"nunjucks@1.3.0","_shasum":"88678f747df9a69ba1b38e7a3aec98e8d232925d","_from":".","_npmVersion":"2.7.4","_nodeVersion":"1.6.3","_npmUser":{"name":"jlongster","email":"longster@gmail.com"},"maintainers":[{"name":"jlongster","email":"longster@gmail.com"},{"name":"jbuck","email":"jon@jbuckley.ca"}],"dist":{"shasum":"88678f747df9a69ba1b38e7a3aec98e8d232925d","tarball":"https://registry.npmjs.org/nunjucks/-/nunjucks-1.3.0.tgz"},"deprecated":"potential XSS vulnerability in autoescape mode, and with escape filter was fixed in v2.4.3","directories":{}},"1.3.1":{"name":"nunjucks","description":"A powerful templating engine with inheritance, asynchronous control, and more (jinja2 inspired)","version":"1.3.1","author":{"name":"James Long","email":"longster@gmail.com"},"dependencies":{"optimist":"*","chokidar":"~0.12.5"},"browser":"./browser/nunjucks.js","devDependencies":{"expect.js":"*","mocha":"*","uglify-js":"*","express":"4.x","supertest":"*","istanbul":"0.3.x"},"engines":{"node":"*"},"scripts":{"test":"istanbul cover ./node_modules/mocha/bin/_mocha -- -b -R tap tests","browserfiles":"./bin/bundle browser/nunjucks; SLIM=1 ./bin/bundle browser/nunjucks-slim"},"bin":{"nunjucks-precompile":"./bin/precompile"},"main":"index","repository":{"type":"git","url":"https://github.com/mozilla/nunjucks.git"},"keywords":["template","templating"],"license":[{"type":"BSD","url":"https://github.com/mozilla/nunjucks/blob/master/LICENSE"}],"bugs":{"url":"https://github.com/mozilla/nunjucks/issues"},"gitHead":"57ec91d6204d9da1fa2f5d57bfbb69041226c0b1","homepage":"https://github.com/mozilla/nunjucks","_id":"nunjucks@1.3.1","_shasum":"b21883806277b0003d78a23af7c91e3dbfc2bc2d","_from":".","_npmVersion":"2.7.4","_nodeVersion":"0.12.2","_npmUser":{"name":"jlongster","email":"longster@gmail.com"},"maintainers":[{"name":"jlongster","email":"longster@gmail.com"},{"name":"jbuck","email":"jon@jbuckley.ca"}],"dist":{"shasum":"b21883806277b0003d78a23af7c91e3dbfc2bc2d","tarball":"https://registry.npmjs.org/nunjucks/-/nunjucks-1.3.1.tgz"},"deprecated":"potential XSS vulnerability in autoescape mode, and with escape filter was fixed in v2.4.3","directories":{}},"1.3.3":{"name":"nunjucks","description":"A powerful templating engine with inheritance, asynchronous control, and more (jinja2 inspired)","version":"1.3.3","author":{"name":"James Long","email":"longster@gmail.com"},"dependencies":{"optimist":"*","chokidar":"~0.12.5"},"browser":"./browser/nunjucks.js","devDependencies":{"expect.js":"*","mocha":"*","uglify-js":"*","express":"4.x","supertest":"*","istanbul":"0.3.x"},"engines":{"node":"*"},"scripts":{"test":"istanbul cover ./node_modules/mocha/bin/_mocha -- -b -R tap tests","browserfiles":"./bin/bundle browser/nunjucks; SLIM=1 ./bin/bundle browser/nunjucks-slim"},"bin":{"nunjucks-precompile":"./bin/precompile"},"main":"index","repository":{"type":"git","url":"https://github.com/mozilla/nunjucks.git"},"keywords":["template","templating"],"license":[{"type":"BSD","url":"https://github.com/mozilla/nunjucks/blob/master/LICENSE"}],"bugs":{"url":"https://github.com/mozilla/nunjucks/issues"},"gitHead":"3c2abc9e9b006360a8130acf99b5e806636b676e","homepage":"https://github.com/mozilla/nunjucks","_id":"nunjucks@1.3.3","_shasum":"acbfcd2e8ee3f299f20e3fd54ba12edc28958457","_from":".","_npmVersion":"2.7.4","_nodeVersion":"0.12.2","_npmUser":{"name":"jlongster","email":"longster@gmail.com"},"maintainers":[{"name":"jlongster","email":"longster@gmail.com"},{"name":"jbuck","email":"jon@jbuckley.ca"}],"dist":{"shasum":"acbfcd2e8ee3f299f20e3fd54ba12edc28958457","tarball":"https://registry.npmjs.org/nunjucks/-/nunjucks-1.3.3.tgz"},"deprecated":"potential XSS vulnerability in autoescape mode, and with escape filter was fixed in v2.4.3","directories":{}},"1.3.4":{"name":"nunjucks","description":"A powerful templating engine with inheritance, asynchronous control, and more (jinja2 inspired)","version":"1.3.4","author":{"name":"James Long","email":"longster@gmail.com"},"dependencies":{"optimist":"*","chokidar":"~0.12.5"},"browser":"./browser/nunjucks.js","devDependencies":{"expect.js":"*","mocha":"*","uglify-js":"*","express":"4.x","supertest":"*","istanbul":"0.3.x"},"engines":{"node":"*"},"scripts":{"test":"istanbul cover ./node_modules/mocha/bin/_mocha -- -b -R tap tests","browserfiles":"./bin/bundle browser/nunjucks; SLIM=1 ./bin/bundle browser/nunjucks-slim"},"bin":{"nunjucks-precompile":"./bin/precompile"},"main":"index","repository":{"type":"git","url":"https://github.com/mozilla/nunjucks.git"},"keywords":["template","templating"],"license":[{"type":"BSD","url":"https://github.com/mozilla/nunjucks/blob/master/LICENSE"}],"bugs":{"url":"https://github.com/mozilla/nunjucks/issues"},"gitHead":"9e0b4f0bf614e7b63cdb60c4bdd364d06c6246a5","homepage":"https://github.com/mozilla/nunjucks","_id":"nunjucks@1.3.4","_shasum":"4ddd10a8364b1a64d3e3d7d2a8d4368131d39042","_from":".","_npmVersion":"2.7.4","_nodeVersion":"0.12.2","_npmUser":{"name":"jlongster","email":"longster@gmail.com"},"maintainers":[{"name":"jlongster","email":"longster@gmail.com"},{"name":"jbuck","email":"jon@jbuckley.ca"}],"dist":{"shasum":"4ddd10a8364b1a64d3e3d7d2a8d4368131d39042","tarball":"https://registry.npmjs.org/nunjucks/-/nunjucks-1.3.4.tgz"},"deprecated":"potential XSS vulnerability in autoescape mode, and with escape filter was fixed in v2.4.3","directories":{}},"2.0.0":{"name":"nunjucks","description":"A powerful templating engine with inheritance, asynchronous control, and more (jinja2 inspired)","version":"2.0.0","author":{"name":"James Long","email":"longster@gmail.com"},"dependencies":{"asap":"^2.0.3","chokidar":"^1.0.0","optimist":"*"},"browser":"./browser/nunjucks.js","devDependencies":{"expect.js":"*","express":"4.x","istanbul":"0.3.x","jshint":"*","mocha":"*","node-libs-browser":"^0.4.3","supertest":"*","uglify-js":"*","webpack":"^1.8.11"},"engines":{"node":"*"},"scripts":{"lint":"jshint .","test":"jshint . && istanbul cover ./node_modules/mocha/bin/_mocha -- -b -R tap tests","browserfiles":"./bin/bundle"},"bin":{"nunjucks-precompile":"./bin/precompile"},"main":"index","repository":{"type":"git","url":"https://github.com/mozilla/nunjucks.git"},"keywords":["template","templating"],"license":"BSD-2-Clause","bugs":{"url":"https://github.com/mozilla/nunjucks/issues"},"gitHead":"134faa518d62688cbce259d75ccbc82ee21d927a","homepage":"https://github.com/mozilla/nunjucks","_id":"nunjucks@2.0.0","_shasum":"10c520efaf0efaadc97a641b3e25e8affd9e0217","_from":".","_npmVersion":"1.4.28","_npmUser":{"name":"jlongster","email":"longster@gmail.com"},"maintainers":[{"name":"jlongster","email":"longster@gmail.com"},{"name":"jbuck","email":"jon@jbuckley.ca"}],"dist":{"shasum":"10c520efaf0efaadc97a641b3e25e8affd9e0217","tarball":"https://registry.npmjs.org/nunjucks/-/nunjucks-2.0.0.tgz"},"deprecated":"potential XSS vulnerability in autoescape mode, and with escape filter was fixed in v2.4.3","directories":{}},"2.1.0":{"name":"nunjucks","description":"A powerful templating engine with inheritance, asynchronous control, and more (jinja2 inspired)","version":"2.1.0","author":{"name":"James Long","email":"longster@gmail.com"},"dependencies":{"asap":"^2.0.3","chokidar":"^1.0.0","optimist":"*"},"browser":"./browser/nunjucks.js","devDependencies":{"expect.js":"*","express":"4.x","istanbul":"0.3.x","jshint":"*","mocha":"*","node-libs-browser":"^0.4.3","supertest":"*","uglify-js":"*","webpack":"^1.8.11"},"engines":{"node":"*"},"scripts":{"lint":"jshint .","test":"jshint . && istanbul cover ./node_modules/mocha/bin/_mocha -- -b -R tap tests","browserfiles":"./bin/bundle"},"bin":{"nunjucks-precompile":"./bin/precompile"},"main":"index","repository":{"type":"git","url":"git+https://github.com/mozilla/nunjucks.git"},"keywords":["template","templating"],"license":"BSD-2-Clause","bugs":{"url":"https://github.com/mozilla/nunjucks/issues"},"gitHead":"55dc0c14ab5556832d3069457faf1b235ab11c17","homepage":"https://github.com/mozilla/nunjucks#readme","_id":"nunjucks@2.1.0","_shasum":"4f020051ce6e173a4399a80d03302948bbca5fbe","_from":".","_npmVersion":"2.11.3","_nodeVersion":"0.12.7","_npmUser":{"name":"carljm","email":"carl@oddbird.net"},"maintainers":[{"name":"carljm","email":"carl@oddbird.net"},{"name":"jlongster","email":"longster@gmail.com"},{"name":"samypesse","email":"samypesse@gmail.com"}],"dist":{"shasum":"4f020051ce6e173a4399a80d03302948bbca5fbe","tarball":"https://registry.npmjs.org/nunjucks/-/nunjucks-2.1.0.tgz"},"deprecated":"potential XSS vulnerability in autoescape mode, and with escape filter was fixed in v2.4.3","directories":{}},"2.2.0":{"name":"nunjucks","description":"A powerful templating engine with inheritance, asynchronous control, and more (jinja2 inspired)","version":"2.2.0","author":{"name":"James Long","email":"longster@gmail.com"},"dependencies":{"asap":"^2.0.3","chokidar":"^1.0.0","optimist":"*"},"browser":"./browser/nunjucks.js","devDependencies":{"expect.js":"*","express":"4.x","istanbul":"0.3.x","jshint":"2.8.x","mocha":"*","node-libs-browser":"^0.4.3","supertest":"*","uglify-js":"*","webpack":"^1.8.11"},"engines":{"node":"*"},"scripts":{"lint":"jshint .","test":"jshint . && istanbul cover ./node_modules/mocha/bin/_mocha -- -b -R tap tests","browserfiles":"./bin/bundle"},"bin":{"nunjucks-precompile":"./bin/precompile"},"main":"index","repository":{"type":"git","url":"git+https://github.com/mozilla/nunjucks.git"},"keywords":["template","templating"],"license":"BSD-2-Clause","bugs":{"url":"https://github.com/mozilla/nunjucks/issues"},"gitHead":"cb00872ee62eb9ea467f9cf91d35c3a172d878bd","homepage":"https://github.com/mozilla/nunjucks#readme","_id":"nunjucks@2.2.0","_shasum":"ae7f776e6561b74b89c897f735d483467feabde0","_from":".","_npmVersion":"2.11.3","_nodeVersion":"0.12.7","_npmUser":{"name":"carljm","email":"carl@oddbird.net"},"maintainers":[{"name":"carljm","email":"carl@oddbird.net"},{"name":"jlongster","email":"longster@gmail.com"},{"name":"samypesse","email":"samypesse@gmail.com"}],"dist":{"shasum":"ae7f776e6561b74b89c897f735d483467feabde0","tarball":"https://registry.npmjs.org/nunjucks/-/nunjucks-2.2.0.tgz"},"deprecated":"potential XSS vulnerability in autoescape mode, and with escape filter was fixed in v2.4.3","directories":{}},"2.3.0":{"name":"nunjucks","description":"A powerful templating engine with inheritance, asynchronous control, and more (jinja2 inspired)","version":"2.3.0","author":{"name":"James Long","email":"longster@gmail.com"},"dependencies":{"asap":"^2.0.3","chokidar":"^1.0.0","optimist":"*"},"browser":"./browser/nunjucks.js","devDependencies":{"expect.js":"*","express":"4.x","istanbul":"0.3.x","jshint":"2.8.x","mocha":"*","node-libs-browser":"^0.4.3","supertest":"*","uglify-js":"*","webpack":"^1.8.11"},"engines":{"node":"*"},"scripts":{"lint":"jshint .","test":"jshint . && istanbul cover ./node_modules/mocha/bin/_mocha -- -b -R tap tests","browserfiles":"./bin/bundle"},"bin":{"nunjucks-precompile":"./bin/precompile"},"main":"index","repository":{"type":"git","url":"git+https://github.com/mozilla/nunjucks.git"},"keywords":["template","templating"],"license":"BSD-2-Clause","bugs":{"url":"https://github.com/mozilla/nunjucks/issues"},"gitHead":"e6b20e9d3b4986fdef5136b56ba670779dfe4343","homepage":"https://github.com/mozilla/nunjucks#readme","_id":"nunjucks@2.3.0","_shasum":"a6eb7c44ba12876f0763a9c59ba7fd8959f65fd7","_from":".","_npmVersion":"2.14.12","_nodeVersion":"4.2.4","_npmUser":{"name":"carljm","email":"carl@oddbird.net"},"maintainers":[{"name":"carljm","email":"carl@oddbird.net"},{"name":"jlongster","email":"longster@gmail.com"},{"name":"samypesse","email":"samypesse@gmail.com"}],"dist":{"shasum":"a6eb7c44ba12876f0763a9c59ba7fd8959f65fd7","tarball":"https://registry.npmjs.org/nunjucks/-/nunjucks-2.3.0.tgz"},"deprecated":"potential XSS vulnerability in autoescape mode, and with escape filter was fixed in v2.4.3","directories":{}},"2.4.0":{"name":"nunjucks","description":"A powerful templating engine with inheritance, asynchronous control, and more (jinja2 inspired)","version":"2.4.0","author":{"name":"James Long","email":"longster@gmail.com"},"dependencies":{"asap":"^2.0.3","chokidar":"^1.0.0","yargs":"^3.32.0"},"browser":"./browser/nunjucks.js","devDependencies":{"expect.js":"*","express":"4.x","istanbul":"0.3.x","jshint":"2.8.x","mocha":"*","node-libs-browser":"^0.4.3","supertest":"*","uglify-js":"*","webpack":"^1.8.11"},"engines":{"node":"*"},"scripts":{"lint":"jshint .","test":"jshint . && istanbul cover ./node_modules/mocha/bin/_mocha -- -b -R tap tests","browserfiles":"./bin/bundle"},"bin":{"nunjucks-precompile":"./bin/precompile"},"main":"index","repository":{"type":"git","url":"git+https://github.com/mozilla/nunjucks.git"},"keywords":["template","templating"],"license":"BSD-2-Clause","bugs":{"url":"https://github.com/mozilla/nunjucks/issues"},"gitHead":"4deb594515928ca83eeeab5b1944645f773a4f02","homepage":"https://github.com/mozilla/nunjucks#readme","_id":"nunjucks@2.4.0","_shasum":"50761a573b812d7530d23e8fbed2e148b756a680","_from":".","_npmVersion":"2.14.12","_nodeVersion":"4.3.2","_npmUser":{"name":"carljm","email":"carl@oddbird.net"},"maintainers":[{"name":"carljm","email":"carl@oddbird.net"},{"name":"jlongster","email":"longster@gmail.com"},{"name":"samypesse","email":"samypesse@gmail.com"}],"dist":{"shasum":"50761a573b812d7530d23e8fbed2e148b756a680","tarball":"https://registry.npmjs.org/nunjucks/-/nunjucks-2.4.0.tgz"},"_npmOperationalInternal":{"host":"packages-13-west.internal.npmjs.com","tmp":"tmp/nunjucks-2.4.0.tgz_1457644819606_0.9497203901410103"},"deprecated":"potential XSS vulnerability in autoescape mode, and with escape filter was fixed in v2.4.3","directories":{}},"2.4.1":{"name":"nunjucks","description":"A powerful templating engine with inheritance, asynchronous control, and more (jinja2 inspired)","version":"2.4.1","author":{"name":"James Long","email":"longster@gmail.com"},"dependencies":{"asap":"^2.0.3","chokidar":"^1.0.0","yargs":"^3.32.0"},"browser":"./browser/nunjucks.js","devDependencies":{"expect.js":"*","express":"4.x","istanbul":"0.3.x","jshint":"2.8.x","mocha":"*","node-libs-browser":"^0.4.3","supertest":"*","uglify-js":"*","webpack":"^1.8.11"},"engines":{"node":"*"},"scripts":{"lint":"jshint .","test":"jshint . && istanbul cover ./node_modules/mocha/bin/_mocha -- -b -R tap tests","browserfiles":"./bin/bundle"},"bin":{"nunjucks-precompile":"./bin/precompile"},"main":"index","repository":{"type":"git","url":"git+https://github.com/mozilla/nunjucks.git"},"keywords":["template","templating"],"license":"BSD-2-Clause","bugs":{"url":"https://github.com/mozilla/nunjucks/issues"},"gitHead":"60a7a15001c10d378cc1b2773549415d201948e5","homepage":"https://github.com/mozilla/nunjucks#readme","_id":"nunjucks@2.4.1","_shasum":"d95c2100a0824b1df189a11c06ac2305831937ec","_from":".","_npmVersion":"2.14.20","_nodeVersion":"4.4.0","_npmUser":{"name":"carljm","email":"carl@oddbird.net"},"maintainers":[{"name":"carljm","email":"carl@oddbird.net"},{"name":"jlongster","email":"longster@gmail.com"},{"name":"samypesse","email":"samypesse@gmail.com"}],"dist":{"shasum":"d95c2100a0824b1df189a11c06ac2305831937ec","tarball":"https://registry.npmjs.org/nunjucks/-/nunjucks-2.4.1.tgz"},"_npmOperationalInternal":{"host":"packages-13-west.internal.npmjs.com","tmp":"tmp/nunjucks-2.4.1.tgz_1458240279071_0.5451493919827044"},"deprecated":"potential XSS vulnerability in autoescape mode, and with escape filter was fixed in v2.4.3","directories":{}},"2.4.2":{"name":"nunjucks","description":"A powerful templating engine with inheritance, asynchronous control, and more (jinja2 inspired)","version":"2.4.2","author":{"name":"James Long","email":"longster@gmail.com"},"dependencies":{"asap":"^2.0.3","chokidar":"^1.0.0","yargs":"^3.32.0"},"browser":"./browser/nunjucks.js","devDependencies":{"expect.js":"*","express":"4.x","istanbul":"0.3.x","jshint":"2.8.x","mocha":"*","node-libs-browser":"^0.4.3","supertest":"*","uglify-js":"*","webpack":"^1.8.11"},"engines":{"node":"*"},"scripts":{"lint":"jshint .","test":"jshint . && istanbul cover ./node_modules/mocha/bin/_mocha -- -b -R tap tests","browserfiles":"./bin/bundle"},"bin":{"nunjucks-precompile":"./bin/precompile"},"main":"index","repository":{"type":"git","url":"git+https://github.com/mozilla/nunjucks.git"},"keywords":["template","templating"],"license":"BSD-2-Clause","bugs":{"url":"https://github.com/mozilla/nunjucks/issues"},"gitHead":"7faaf2c6d23f771bc03bc7b56d3dd0a942ab8643","homepage":"https://github.com/mozilla/nunjucks#readme","_id":"nunjucks@2.4.2","_shasum":"8270abe58118d7dbb836ac29491f413ce68e93df","_from":".","_npmVersion":"2.15.1","_nodeVersion":"4.4.3","_npmUser":{"name":"carljm","email":"carl@oddbird.net"},"maintainers":[{"name":"carljm","email":"carl@oddbird.net"},{"name":"jlongster","email":"longster@gmail.com"},{"name":"samypesse","email":"samypesse@gmail.com"}],"dist":{"shasum":"8270abe58118d7dbb836ac29491f413ce68e93df","tarball":"https://registry.npmjs.org/nunjucks/-/nunjucks-2.4.2.tgz"},"_npmOperationalInternal":{"host":"packages-16-east.internal.npmjs.com","tmp":"tmp/nunjucks-2.4.2.tgz_1460755844480_0.5301353889517486"},"deprecated":"potential XSS vulnerability in autoescape mode, and with escape filter was fixed in v2.4.3","directories":{}},"2.4.3":{"name":"nunjucks","description":"A powerful templating engine with inheritance, asynchronous control, and more (jinja2 inspired)","version":"2.4.3","author":{"name":"James Long","email":"longster@gmail.com"},"dependencies":{"asap":"^2.0.3","chokidar":"^1.0.0","yargs":"^3.32.0"},"browser":"./browser/nunjucks.js","devDependencies":{"expect.js":"*","express":"4.x","istanbul":"0.3.x","jshint":"2.8.x","mocha":"*","node-libs-browser":"^0.4.3","supertest":"*","uglify-js":"*","webpack":"^1.8.11"},"engines":{"node":"*"},"scripts":{"lint":"jshint .","test":"jshint . && istanbul cover ./node_modules/mocha/bin/_mocha -- -b -R tap tests","browserfiles":"./bin/bundle"},"bin":{"nunjucks-precompile":"./bin/precompile"},"main":"index","repository":{"type":"git","url":"git+https://github.com/mozilla/nunjucks.git"},"keywords":["template","templating"],"license":"BSD-2-Clause","bugs":{"url":"https://github.com/mozilla/nunjucks/issues"},"gitHead":"c0c465929c23fd95b60cc89798c21f7ce6c8bada","homepage":"https://github.com/mozilla/nunjucks#readme","_id":"nunjucks@2.4.3","_shasum":"961ccb0f3180048ee9b69ccb6e82c1cb945e5ecd","_from":".","_npmVersion":"2.15.8","_nodeVersion":"4.4.7","_npmUser":{"name":"vecmezoni","email":"alexander.inozemtsev@gmail.com"},"dist":{"shasum":"961ccb0f3180048ee9b69ccb6e82c1cb945e5ecd","tarball":"https://registry.npmjs.org/nunjucks/-/nunjucks-2.4.3.tgz"},"maintainers":[{"name":"carljm","email":"carl@oddbird.net"},{"name":"jlongster","email":"longster@gmail.com"},{"name":"samypesse","email":"samypesse@gmail.com"},{"name":"vecmezoni","email":"alexander.inozemtsev@gmail.com"}],"_npmOperationalInternal":{"host":"packages-12-west.internal.npmjs.com","tmp":"tmp/nunjucks-2.4.3.tgz_1473266348398_0.27637018100358546"},"directories":{}},"2.5.0":{"name":"nunjucks","description":"A powerful templating engine with inheritance, asynchronous control, and more (jinja2 inspired)","version":"2.5.0","author":{"name":"James Long","email":"longster@gmail.com"},"dependencies":{"asap":"^2.0.3","chokidar":"^1.6.0","yargs":"^3.32.0"},"browser":"./browser/nunjucks.js","devDependencies":{"expect.js":"*","express":"4.x","istanbul":"0.3.x","jshint":"2.8.x","mocha":"*","node-libs-browser":"^0.4.3","supertest":"*","uglify-js":"*","webpack":"^1.8.11"},"engines":{"node":"*"},"scripts":{"lint":"jshint .","test":"jshint . && istanbul cover ./node_modules/mocha/bin/_mocha -- -b -R tap tests","browserfiles":"./bin/bundle"},"bin":{"nunjucks-precompile":"./bin/precompile"},"main":"index","repository":{"type":"git","url":"git+https://github.com/mozilla/nunjucks.git"},"keywords":["template","templating"],"license":"BSD-2-Clause","bugs":{"url":"https://github.com/mozilla/nunjucks/issues"},"gitHead":"7ea159390fd2a84e75a90782f81790c970cb7e43","homepage":"https://github.com/mozilla/nunjucks#readme","_id":"nunjucks@2.5.0","_shasum":"63ba11b3e79c0c24af0f3762bd1aa48a6bc95e1c","_from":".","_npmVersion":"2.15.8","_nodeVersion":"4.4.7","_npmUser":{"name":"vecmezoni","email":"alexander.inozemtsev@gmail.com"},"dist":{"shasum":"63ba11b3e79c0c24af0f3762bd1aa48a6bc95e1c","tarball":"https://registry.npmjs.org/nunjucks/-/nunjucks-2.5.0.tgz"},"maintainers":[{"name":"carljm","email":"carl@oddbird.net"},{"name":"jlongster","email":"longster@gmail.com"},{"name":"samypesse","email":"samypesse@gmail.com"},{"name":"vecmezoni","email":"alexander.inozemtsev@gmail.com"}],"_npmOperationalInternal":{"host":"packages-12-west.internal.npmjs.com","tmp":"tmp/nunjucks-2.5.0.tgz_1473280710825_0.430306555936113"},"directories":{}}},"readme":"# Nunjucks\n\n[Nunjucks](http://mozilla.github.io/nunjucks/) is a full featured\ntemplating engine for javascript. It is heavily inspired by\n[jinja2](http://jinja.pocoo.org/). View the docs\n[here](http://mozilla.github.io/nunjucks/).\n\n## Installation\n\n`npm install nunjucks`\n\n(View the [CHANGELOG](https://github.com/mozilla/nunjucks/releases))\n\n## Documentation\n\nSee [here](http://mozilla.github.io/nunjucks/).\n\n## Browser Support\n\nSupported in all modern browsers. For IE8 support, use [es5-shim](https://github.com/es-shims/es5-shim).\n\n## Tests\n\nRun the tests with `npm test`.\n\nWatch `master` branch's tests running at http://mozilla.github.io/nunjucks/files/tests/browser/.\n\n## Mailing List\n\nJoin our mailing list and get help with and issues you have:\nhttps://groups.google.com/forum/?fromgroups#!forum/nunjucks\n\n## Contributors\n\nhttps://github.com/mozilla/nunjucks/graphs/contributors\n","maintainers":[{"name":"carljm","email":"carl@oddbird.net"},{"name":"jlongster","email":"longster@gmail.com"},{"name":"samypesse","email":"samypesse@gmail.com"},{"name":"vecmezoni","email":"alexander.inozemtsev@gmail.com"}],"time":{"modified":"2016-09-07T20:38:32.667Z","created":"2012-08-16T14:48:02.109Z","0.1.0a1":"2012-08-16T14:48:02.885Z","0.1.0a2":"2012-08-16T14:50:57.372Z","0.1.0a3":"2012-08-16T15:34:06.102Z","0.1.0a4":"2012-08-27T19:28:10.377Z","0.1.0a5":"2012-08-28T18:44:44.790Z","0.1.0a6":"2012-09-05T16:19:23.028Z","0.1.0b1":"2012-09-18T17:46:17.289Z","0.1.0":"2012-09-19T17:49:04.999Z","0.1.1":"2012-09-20T16:25:05.573Z","0.1.2":"2012-09-20T16:25:39.328Z","0.1.3":"2012-10-01T19:07:23.778Z","0.1.4":"2012-10-03T18:35:50.334Z","0.1.4a":"2012-10-03T21:55:37.251Z","0.1.5":"2012-10-11T18:27:55.593Z","0.1.6":"2012-11-13T16:49:38.506Z","0.1.7":"2012-12-12T17:01:45.401Z","0.1.8":"2013-02-06T18:20:30.206Z","0.1.8a":"2013-02-06T20:11:50.057Z","0.1.9":"2013-05-31T04:47:31.691Z","0.1.10":"2013-08-09T14:42:04.025Z","1.0.0":"2013-10-24T20:09:36.583Z","1.0.1":"2013-12-16T23:12:01.723Z","0.1.0-a1":"2013-12-16T23:11:58.331Z","0.1.0-a2":"2013-12-16T23:11:58.331Z","0.1.0-a3":"2013-12-16T23:11:58.331Z","0.1.0-a4":"2013-12-16T23:11:58.331Z","0.1.0-a5":"2013-12-16T23:11:58.331Z","0.1.0-a6":"2013-12-16T23:11:58.331Z","0.1.0-b1":"2013-12-16T23:11:58.331Z","0.1.4-a":"2013-12-16T23:11:58.331Z","0.1.8-a":"2013-12-16T23:11:58.331Z","1.0.2":"2014-03-25T19:35:16.266Z","1.0.3":"2014-04-04T20:43:23.036Z","1.0.4":"2014-04-04T20:47:19.556Z","1.0.5":"2014-05-02T00:50:46.626Z","1.0.6":"2014-08-15T19:00:58.135Z","1.0.7":"2014-08-15T19:09:14.135Z","1.1.0":"2014-09-30T17:36:37.130Z","1.2.0":"2015-02-04T22:05:43.186Z","1.3.0":"2015-04-03T16:43:30.186Z","1.3.1":"2015-04-03T20:50:32.448Z","1.3.3":"2015-04-03T21:43:28.614Z","1.3.4":"2015-04-27T20:38:06.627Z","2.0.0":"2015-08-28T00:11:15.572Z","2.1.0":"2015-09-21T20:39:41.774Z","2.2.0":"2015-11-23T20:27:24.648Z","2.3.0":"2016-01-06T23:04:38.760Z","2.4.0":"2016-03-10T21:20:22.240Z","2.4.1":"2016-03-17T18:44:41.700Z","2.4.2":"2016-04-15T21:30:45.566Z","2.4.3":"2016-09-07T16:39:10.319Z","2.5.0":"2016-09-07T20:38:32.667Z"},"author":{"name":"James Long","email":"longster@gmail.com"},"users":{"gimenete":true,"devoidfury":true,"ee":true,"gloddy":true,"jlongster":true,"cadecairos":true,"langri-sha":true,"bpatel":true,"janka102":true,"draganhr":true,"panlw":true,"po":true,"antanst":true,"davidnyhuis":true,"jabbalaci":true,"timdp":true,"guananddu":true,"coolhanddev":true,"lcdss":true,"ecaron":true,"fanweixiao":true,"geery.s":true,"kizzlebot":true,"wangfeia":true,"i-erokhin":true,"cisc":true},"repository":{"type":"git","url":"git+https://github.com/mozilla/nunjucks.git"},"homepage":"https://github.com/mozilla/nunjucks#readme","bugs":{"url":"https://github.com/mozilla/nunjucks/issues"},"license":"BSD-2-Clause","readmeFilename":"README.md","keywords":["template","templating"],"_attachments":{},"_etag":"\"7JOZEXQEQZZANFTTAY6D4YJLY\""}