{"_id":"ansi-regex","_rev":"17-0679d974a2d8bb47f1ef37b5c6b0b1e9","name":"ansi-regex","description":"Regular expression for matching ANSI escape codes","dist-tags":{"latest":"2.0.0"},"versions":{"0.1.0":{"name":"ansi-regex","version":"0.1.0","description":"Regular expression for matching ANSI escape codes","license":"MIT","repository":{"type":"git","url":"git://github.com/sindresorhus/ansi-regex"},"author":{"name":"Sindre Sorhus","email":"sindresorhus@gmail.com","url":"http://sindresorhus.com"},"engines":{"node":">=0.10.0"},"scripts":{"test":"mocha"},"files":["index.js"],"keywords":["ansi","styles","color","colour","colors","terminal","console","cli","string","tty","escape","formatting","rgb","256","shell","xterm","command-line","text","regex","regexp","re"],"devDependencies":{"mocha":"*"},"bugs":{"url":"https://github.com/sindresorhus/ansi-regex/issues"},"homepage":"https://github.com/sindresorhus/ansi-regex","_id":"ansi-regex@0.1.0","_shasum":"55ca60db6900857c423ae9297980026f941ed903","_from":".","_npmVersion":"1.4.9","_npmUser":{"name":"sindresorhus","email":"sindresorhus@gmail.com"},"maintainers":[{"name":"sindresorhus","email":"sindresorhus@gmail.com"}],"dist":{"shasum":"55ca60db6900857c423ae9297980026f941ed903","tarball":"https://registry.npmjs.org/ansi-regex/-/ansi-regex-0.1.0.tgz"},"directories":{}},"0.2.0":{"name":"ansi-regex","version":"0.2.0","description":"Regular expression for matching ANSI escape codes","license":"MIT","repository":{"type":"git","url":"git://github.com/sindresorhus/ansi-regex"},"author":{"name":"Sindre Sorhus","email":"sindresorhus@gmail.com","url":"http://sindresorhus.com"},"engines":{"node":">=0.10.0"},"scripts":{"test":"mocha"},"files":["index.js"],"keywords":["ansi","styles","color","colour","colors","terminal","console","cli","string","tty","escape","formatting","rgb","256","shell","xterm","command-line","text","regex","regexp","re","match","test","find","pattern"],"devDependencies":{"mocha":"*"},"bugs":{"url":"https://github.com/sindresorhus/ansi-regex/issues"},"homepage":"https://github.com/sindresorhus/ansi-regex","_id":"ansi-regex@0.2.0","_shasum":"3c48015ac52bcae430b08b822b87522644eb0de7","_from":".","_npmVersion":"1.4.9","_npmUser":{"name":"sindresorhus","email":"sindresorhus@gmail.com"},"maintainers":[{"name":"sindresorhus","email":"sindresorhus@gmail.com"}],"dist":{"shasum":"3c48015ac52bcae430b08b822b87522644eb0de7","tarball":"https://registry.npmjs.org/ansi-regex/-/ansi-regex-0.2.0.tgz"},"directories":{}},"0.2.1":{"name":"ansi-regex","version":"0.2.1","description":"Regular expression for matching ANSI escape codes","license":"MIT","repository":{"type":"git","url":"git://github.com/sindresorhus/ansi-regex"},"author":{"name":"Sindre Sorhus","email":"sindresorhus@gmail.com","url":"http://sindresorhus.com"},"engines":{"node":">=0.10.0"},"scripts":{"test":"mocha"},"files":["index.js"],"keywords":["ansi","styles","color","colour","colors","terminal","console","cli","string","tty","escape","formatting","rgb","256","shell","xterm","command-line","text","regex","regexp","re","match","test","find","pattern"],"devDependencies":{"mocha":"*"},"bugs":{"url":"https://github.com/sindresorhus/ansi-regex/issues"},"homepage":"https://github.com/sindresorhus/ansi-regex","_id":"ansi-regex@0.2.1","_shasum":"0d8e946967a3d8143f93e24e298525fc1b2235f9","_from":".","_npmVersion":"1.4.9","_npmUser":{"name":"sindresorhus","email":"sindresorhus@gmail.com"},"maintainers":[{"name":"sindresorhus","email":"sindresorhus@gmail.com"}],"dist":{"shasum":"0d8e946967a3d8143f93e24e298525fc1b2235f9","tarball":"https://registry.npmjs.org/ansi-regex/-/ansi-regex-0.2.1.tgz"},"directories":{}},"1.0.0":{"name":"ansi-regex","version":"1.0.0","description":"Regular expression for matching ANSI escape codes","license":"MIT","repository":{"type":"git","url":"git://github.com/sindresorhus/ansi-regex"},"author":{"name":"Sindre Sorhus","email":"sindresorhus@gmail.com","url":"http://sindresorhus.com"},"engines":{"node":">=0.10.0"},"scripts":{"test":"mocha"},"files":["index.js"],"keywords":["ansi","styles","color","colour","colors","terminal","console","cli","string","tty","escape","formatting","rgb","256","shell","xterm","command-line","text","regex","regexp","re","match","test","find","pattern"],"devDependencies":{"mocha":"*"},"gitHead":"4210f11027ddd7937f9e25a9a1570aee6d0594f5","bugs":{"url":"https://github.com/sindresorhus/ansi-regex/issues"},"homepage":"https://github.com/sindresorhus/ansi-regex","_id":"ansi-regex@1.0.0","_shasum":"54c7ce13af71e436348666484c44516ab9bc144e","_from":".","_npmVersion":"1.4.14","_npmUser":{"name":"sindresorhus","email":"sindresorhus@gmail.com"},"maintainers":[{"name":"sindresorhus","email":"sindresorhus@gmail.com"},{"name":"jbnicolai","email":"jappelman@xebia.com"}],"dist":{"shasum":"54c7ce13af71e436348666484c44516ab9bc144e","tarball":"https://registry.npmjs.org/ansi-regex/-/ansi-regex-1.0.0.tgz"},"directories":{}},"1.1.0":{"name":"ansi-regex","version":"1.1.0","description":"Regular expression for matching ANSI escape codes","license":"MIT","repository":{"type":"git","url":"git://github.com/sindresorhus/ansi-regex"},"author":{"name":"Sindre Sorhus","email":"sindresorhus@gmail.com","url":"http://sindresorhus.com"},"engines":{"node":">=0.10.0"},"scripts":{"test":"mocha test/test.js","view-supported":"node test/viewCodes.js"},"files":["index.js"],"keywords":["ansi","styles","color","colour","colors","terminal","console","cli","string","tty","escape","formatting","rgb","256","shell","xterm","command-line","text","regex","regexp","re","match","test","find","pattern"],"devDependencies":{"mocha":"*"},"bugs":{"url":"https://github.com/sindresorhus/ansi-regex/issues"},"homepage":"https://github.com/sindresorhus/ansi-regex","_id":"ansi-regex@1.1.0","_shasum":"67792c5d6ad05c792d6cd6057ac8f5e69ebf4357","_from":".","_npmVersion":"1.4.9","_npmUser":{"name":"sindresorhus","email":"sindresorhus@gmail.com"},"maintainers":[{"name":"sindresorhus","email":"sindresorhus@gmail.com"},{"name":"jbnicolai","email":"jappelman@xebia.com"}],"dist":{"shasum":"67792c5d6ad05c792d6cd6057ac8f5e69ebf4357","tarball":"https://registry.npmjs.org/ansi-regex/-/ansi-regex-1.1.0.tgz"},"directories":{}},"1.1.1":{"name":"ansi-regex","version":"1.1.1","description":"Regular expression for matching ANSI escape codes","license":"MIT","repository":{"type":"git","url":"https://github.com/sindresorhus/ansi-regex"},"author":{"name":"Sindre Sorhus","email":"sindresorhus@gmail.com","url":"http://sindresorhus.com"},"maintainers":[{"name":"sindresorhus","email":"sindresorhus@gmail.com"},{"name":"jbnicolai","email":"jappelman@xebia.com"}],"engines":{"node":">=0.10.0"},"scripts":{"test":"mocha test/test.js","view-supported":"node test/viewCodes.js"},"files":["index.js"],"keywords":["ansi","styles","color","colour","colors","terminal","console","cli","string","tty","escape","formatting","rgb","256","shell","xterm","command-line","text","regex","regexp","re","match","test","find","pattern"],"devDependencies":{"mocha":"*"},"gitHead":"47fb974630af70998157b30fad6eb5e5bd7c7cd6","bugs":{"url":"https://github.com/sindresorhus/ansi-regex/issues"},"homepage":"https://github.com/sindresorhus/ansi-regex","_id":"ansi-regex@1.1.1","_shasum":"41c847194646375e6a1a5d10c3ca054ef9fc980d","_from":".","_npmVersion":"2.1.16","_nodeVersion":"0.10.35","_npmUser":{"name":"jbnicolai","email":"jappelman@xebia.com"},"dist":{"shasum":"41c847194646375e6a1a5d10c3ca054ef9fc980d","tarball":"https://registry.npmjs.org/ansi-regex/-/ansi-regex-1.1.1.tgz"},"directories":{}},"2.0.0":{"name":"ansi-regex","version":"2.0.0","description":"Regular expression for matching ANSI escape codes","license":"MIT","repository":{"type":"git","url":"https://github.com/sindresorhus/ansi-regex"},"author":{"name":"Sindre Sorhus","email":"sindresorhus@gmail.com","url":"sindresorhus.com"},"maintainers":[{"name":"sindresorhus","email":"sindresorhus@gmail.com"},{"name":"jbnicolai","email":"jappelman@xebia.com"}],"engines":{"node":">=0.10.0"},"scripts":{"test":"mocha test/test.js","view-supported":"node test/viewCodes.js"},"files":["index.js"],"keywords":["ansi","styles","color","colour","colors","terminal","console","cli","string","tty","escape","formatting","rgb","256","shell","xterm","command-line","text","regex","regexp","re","match","test","find","pattern"],"devDependencies":{"mocha":"*"},"gitHead":"57c3f2941a73079fa8b081e02a522e3d29913e2f","bugs":{"url":"https://github.com/sindresorhus/ansi-regex/issues"},"homepage":"https://github.com/sindresorhus/ansi-regex","_id":"ansi-regex@2.0.0","_shasum":"c5061b6e0ef8a81775e50f5d66151bf6bf371107","_from":".","_npmVersion":"2.11.2","_nodeVersion":"0.12.5","_npmUser":{"name":"sindresorhus","email":"sindresorhus@gmail.com"},"dist":{"shasum":"c5061b6e0ef8a81775e50f5d66151bf6bf371107","tarball":"https://registry.npmjs.org/ansi-regex/-/ansi-regex-2.0.0.tgz"},"directories":{}}},"readme":"# ansi-regex [![Build Status](https://travis-ci.org/sindresorhus/ansi-regex.svg?branch=master)](https://travis-ci.org/sindresorhus/ansi-regex)\n\n> Regular expression for matching [ANSI escape codes](http://en.wikipedia.org/wiki/ANSI_escape_code)\n\n\n## Install\n\n```\n$ npm install --save ansi-regex\n```\n\n\n## Usage\n\n```js\nvar ansiRegex = require('ansi-regex');\n\nansiRegex().test('\\u001b[4mcake\\u001b[0m');\n//=> true\n\nansiRegex().test('cake');\n//=> false\n\n'\\u001b[4mcake\\u001b[0m'.match(ansiRegex());\n//=> ['\\u001b[4m', '\\u001b[0m']\n```\n\n\n## License\n\nMIT © [Sindre Sorhus](http://sindresorhus.com)\n","maintainers":[{"name":"qix","email":"i.am.qix@gmail.com"},{"name":"sindresorhus","email":"sindresorhus@gmail.com"}],"time":{"modified":"2016-03-28T20:43:22.150Z","created":"2014-06-03T16:59:22.332Z","0.1.0":"2014-06-03T16:59:22.332Z","0.2.0":"2014-06-14T01:12:53.550Z","0.2.1":"2014-06-20T16:44:03.241Z","1.0.0":"2014-08-13T13:29:14.050Z","1.1.0":"2014-08-30T12:38:30.166Z","1.1.1":"2015-02-22T09:24:51.185Z","2.0.0":"2015-06-30T16:07:19.279Z"},"homepage":"https://github.com/sindresorhus/ansi-regex","keywords":["ansi","styles","color","colour","colors","terminal","console","cli","string","tty","escape","formatting","rgb","256","shell","xterm","command-line","text","regex","regexp","re","match","test","find","pattern"],"repository":{"type":"git","url":"https://github.com/sindresorhus/ansi-regex"},"author":{"name":"Sindre Sorhus","email":"sindresorhus@gmail.com","url":"sindresorhus.com"},"bugs":{"url":"https://github.com/sindresorhus/ansi-regex/issues"},"license":"MIT","readmeFilename":"readme.md","users":{"nfd":true},"_attachments":{},"_etag":"\"BN63D3KK8WIQW515ZAUE2LOAL\""}