{"_id":"browser-fingerprint","_rev":"3-38b0cabf32f14591221e570f0157153c","name":"browser-fingerprint","description":"Generate a fingerprint of a browser","dist-tags":{"latest":"0.1.0"},"versions":{"0.0.1":{"name":"browser-fingerprint","version":"0.0.1","description":"Generate a fingerprint of a browser","main":"dist/index.js","scripts":{"build":"npm run clean && mkdir dist && babel index.js > dist/index.js","clean":"rimraf dist","lint":"standard index.js","preversion":"npm run build && git add dist","test":"babel-node test.js"},"keywords":["browser","fingerprint"],"author":{"name":"Kevin Lanni","email":"therealklanni@gmail.com"},"license":"MIT","devDependencies":{"babel":"^5.6.14","rimraf":"^2.4.1","standard":"^4.5.2","tape":"^4.0.0"},"gitHead":"044c22173c908c238ba4f02de05ce71931bf02f5","_id":"browser-fingerprint@0.0.1","_shasum":"8df3cdca25bf7d5b3542d61545d730053fce604a","_from":".","_npmVersion":"3.1.0","_nodeVersion":"0.12.4","_npmUser":{"name":"therealklanni","email":"therealklanni@gmail.com"},"maintainers":[{"name":"therealklanni","email":"therealklanni@gmail.com"}],"dist":{"shasum":"8df3cdca25bf7d5b3542d61545d730053fce604a","tarball":"https://registry.npmjs.org/browser-fingerprint/-/browser-fingerprint-0.0.1.tgz"},"directories":{}},"0.1.0":{"name":"browser-fingerprint","version":"0.1.0","description":"Generate a fingerprint of a browser","main":"dist/index.js","scripts":{"build":"npm run clean && mkdir dist && babel index.js > dist/index.js","clean":"rimraf dist","lint":"standard index.js","preversion":"npm run build && git add dist","test":"babel-node test.js"},"keywords":["browser","fingerprint"],"author":{"name":"Kevin Lanni","email":"therealklanni@gmail.com"},"license":"MIT","devDependencies":{"babel":"^5.6.14","rimraf":"^2.4.1","standard":"^4.5.2","tape":"^4.0.0"},"gitHead":"8a588efa8034b1dca1d6795e17b74ab3ba431283","_id":"browser-fingerprint@0.1.0","_shasum":"8e3c811ac187c7e7f4938b5a6e7c65722389df51","_from":".","_npmVersion":"3.2.2","_nodeVersion":"0.12.7","_npmUser":{"name":"therealklanni","email":"therealklanni@gmail.com"},"maintainers":[{"name":"therealklanni","email":"therealklanni@gmail.com"}],"dist":{"shasum":"8e3c811ac187c7e7f4938b5a6e7c65722389df51","tarball":"https://registry.npmjs.org/browser-fingerprint/-/browser-fingerprint-0.1.0.tgz"},"directories":{}}},"readme":"# browser-fingerprint\n\n> Generate a fingerprint for a browser\n\nOriginal concept taken from [cuid](https://github.com/ericelliott/cuid).\n\nFingerprint is based on a hash of mimeTypes count + userAgent string length + global properties count.\n\n## Install\n\n```\nnpm install browser-fingerprint\n```\n\n## Use\n\n```\nvar fingerprint = require('browser-fingerprint')()\n```\n\n---\n\nMIT © Kevin Lanni\n","maintainers":[{"name":"therealklanni","email":"therealklanni@gmail.com"}],"time":{"modified":"2015-08-22T05:05:57.999Z","created":"2015-07-04T21:42:33.213Z","0.0.1":"2015-07-04T21:42:33.213Z","0.1.0":"2015-08-22T05:05:57.999Z"},"keywords":["browser","fingerprint"],"author":{"name":"Kevin Lanni","email":"therealklanni@gmail.com"},"license":"MIT","readmeFilename":"README.md","users":{"darlanmendonca":true},"_attachments":{},"_etag":"\"D5CBYQHS8EODDNCQ4FJX9RSH\""}