{"_id":"hexo-generator-category","_rev":"14-7729d0efabcc4fa5e92eb9a554ec1164","name":"hexo-generator-category","description":"Category generator for Hexo.","dist-tags":{"latest":"0.1.3"},"versions":{"0.0.1":{"name":"hexo-generator-category","version":"0.0.1","description":"Category generator for Hexo.","main":"index","scripts":{"test":"gulp test"},"directories":{"lib":"./lib"},"engines":{"node":">= 0.10.0"},"repository":{"type":"git","url":"git://github.com/hexojs/hexo-generator-category.git"},"bugs":{"url":"https://github.com/hexojs/hexo-generator-category/issues"},"homepage":"http://hexo.io/","keywords":["hexo","generator","category"],"author":{"name":"Tommy Chen","email":"tommy351@gmail.com","url":"http://zespia.tw"},"license":"MIT","devDependencies":{"chai":"^1.9.1","coveralls":"^2.11.2","gulp":"^3.8.9","gulp-istanbul":"^0.5.0","gulp-jshint":"^1.8.6","gulp-load-plugins":"^0.8.0","gulp-mocha":"^2.0.0","jshint-stylish":"^1.0.0","mocha":"^2.0.1","rimraf":"^2.2.8"},"dependencies":{"hexo-pagination":"0.0.1","utils-merge":"^1.0.0"},"gitHead":"b02b6e5a3207c7712175ec530cf01fff9d79d4af","_id":"hexo-generator-category@0.0.1","_shasum":"6f1022a228057e95580d7cbc9f4a3f72a7fcaac2","_from":".","_npmVersion":"2.1.8","_nodeVersion":"0.10.33","_npmUser":{"name":"tommy351","email":"tommy351@gmail.com"},"maintainers":[{"name":"tommy351","email":"tommy351@gmail.com"}],"dist":{"shasum":"6f1022a228057e95580d7cbc9f4a3f72a7fcaac2","tarball":"https://registry.npmjs.org/hexo-generator-category/-/hexo-generator-category-0.0.1.tgz"}},"0.0.2":{"name":"hexo-generator-category","version":"0.0.2","description":"Category generator for Hexo.","main":"index","scripts":{"test":"gulp test"},"directories":{"lib":"./lib"},"engines":{"node":">= 0.10.0"},"repository":{"type":"git","url":"git://github.com/hexojs/hexo-generator-category.git"},"bugs":{"url":"https://github.com/hexojs/hexo-generator-category/issues"},"homepage":"http://hexo.io/","keywords":["hexo","generator","category"],"author":{"name":"Tommy Chen","email":"tommy351@gmail.com","url":"http://zespia.tw"},"license":"MIT","devDependencies":{"chai":"^1.9.1","coveralls":"^2.11.2","gulp":"^3.8.9","gulp-istanbul":"^0.5.0","gulp-jshint":"^1.8.6","gulp-load-plugins":"^0.8.0","gulp-mocha":"^2.0.0","jshint-stylish":"^1.0.0","mocha":"^2.0.1","rimraf":"^2.2.8"},"dependencies":{"hexo-pagination":"0.0.2","utils-merge":"^1.0.0"},"gitHead":"e458bd553e29f740876a256f24ba11db205a4556","_id":"hexo-generator-category@0.0.2","_shasum":"f6caf95b9404514f485c6e01eda245822acdab38","_from":".","_npmVersion":"2.1.8","_nodeVersion":"0.10.33","_npmUser":{"name":"tommy351","email":"tommy351@gmail.com"},"maintainers":[{"name":"tommy351","email":"tommy351@gmail.com"}],"dist":{"shasum":"f6caf95b9404514f485c6e01eda245822acdab38","tarball":"https://registry.npmjs.org/hexo-generator-category/-/hexo-generator-category-0.0.2.tgz"}},"0.0.3":{"name":"hexo-generator-category","version":"0.0.3","description":"Category generator for Hexo.","main":"index","scripts":{"test":"gulp test"},"directories":{"lib":"./lib"},"engines":{"node":">= 0.10.0"},"repository":{"type":"git","url":"https://github.com/hexojs/hexo-generator-category"},"homepage":"http://hexo.io/","keywords":["hexo","generator","category"],"author":{"name":"Tommy Chen","email":"tommy351@gmail.com","url":"http://zespia.tw"},"license":"MIT","devDependencies":{"chai":"^1.9.1","coveralls":"^2.11.2","gulp":"^3.8.9","gulp-istanbul":"^0.5.0","gulp-jshint":"^1.8.6","gulp-load-plugins":"^0.8.0","gulp-mocha":"^2.0.0","hexo":"^3.0.0-beta.1","jshint-stylish":"^1.0.0","mocha":"^2.0.1","rimraf":"^2.2.8"},"dependencies":{"hexo-pagination":"0.0.2","utils-merge":"^1.0.0"},"gitHead":"0e03fa3962b7ab916b67551e71b31b4c6a15fcb1","bugs":{"url":"https://github.com/hexojs/hexo-generator-category/issues"},"_id":"hexo-generator-category@0.0.3","_shasum":"b515450d23f500d4dcb1d0e338f0fda3fc68b8fa","_from":".","_npmVersion":"2.1.8","_nodeVersion":"0.10.33","_npmUser":{"name":"tommy351","email":"tommy351@gmail.com"},"maintainers":[{"name":"tommy351","email":"tommy351@gmail.com"}],"dist":{"shasum":"b515450d23f500d4dcb1d0e338f0fda3fc68b8fa","tarball":"https://registry.npmjs.org/hexo-generator-category/-/hexo-generator-category-0.0.3.tgz"}},"0.1.0":{"name":"hexo-generator-category","version":"0.1.0","description":"Category generator for Hexo.","main":"index","scripts":{"test":"gulp test"},"directories":{"lib":"./lib"},"engines":{"node":">= 0.10.0"},"repository":{"type":"git","url":"https://github.com/hexojs/hexo-generator-category"},"homepage":"http://hexo.io/","keywords":["hexo","generator","category"],"author":{"name":"Tommy Chen","email":"tommy351@gmail.com","url":"http://zespia.tw"},"license":"MIT","devDependencies":{"chai":"^1.9.1","coveralls":"^2.11.2","gulp":"^3.8.9","gulp-istanbul":"^0.5.0","gulp-jshint":"^1.8.6","gulp-load-plugins":"^0.8.0","gulp-mocha":"^2.0.0","hexo":"^3.0.0-rc.3","jshint-stylish":"^1.0.0","mocha":"^2.0.1","rimraf":"^2.2.8"},"dependencies":{"hexo-pagination":"0.0.2","utils-merge":"^1.0.0"},"gitHead":"534d344eed5458c58f14bd35ac7e7e71a21f40e1","bugs":{"url":"https://github.com/hexojs/hexo-generator-category/issues"},"_id":"hexo-generator-category@0.1.0","_shasum":"8f91462670f95c1e5a3dcaceb650292c0aff75b3","_from":".","_npmVersion":"2.5.1","_nodeVersion":"0.12.0","_npmUser":{"name":"tommy351","email":"tommy351@gmail.com"},"maintainers":[{"name":"tommy351","email":"tommy351@gmail.com"}],"dist":{"shasum":"8f91462670f95c1e5a3dcaceb650292c0aff75b3","tarball":"https://registry.npmjs.org/hexo-generator-category/-/hexo-generator-category-0.1.0.tgz"}},"0.1.1":{"name":"hexo-generator-category","version":"0.1.1","description":"Category generator for Hexo.","main":"index","scripts":{"test":"gulp test"},"directories":{"lib":"./lib"},"engines":{"node":">= 0.10.0"},"repository":{"type":"git","url":"https://github.com/hexojs/hexo-generator-category"},"homepage":"http://hexo.io/","keywords":["hexo","generator","category"],"author":{"name":"Tommy Chen","email":"tommy351@gmail.com","url":"http://zespia.tw"},"license":"MIT","devDependencies":{"chai":"^1.9.1","coveralls":"^2.11.2","gulp":"^3.8.9","gulp-istanbul":"^0.5.0","gulp-jshint":"^1.8.6","gulp-load-plugins":"^0.8.0","gulp-mocha":"^2.0.0","hexo":"^3.0.0-rc.3","jshint-stylish":"^1.0.0","mocha":"^2.0.1","rimraf":"^2.2.8"},"dependencies":{"hexo-pagination":"0.0.2","object-assign":"^2.0.0"},"gitHead":"9931b55149fb8df4b57fd3ff7727fa66d43d70e3","bugs":{"url":"https://github.com/hexojs/hexo-generator-category/issues"},"_id":"hexo-generator-category@0.1.1","_shasum":"cf0caa222001ee7a7c786f1408ef51884e01cce4","_from":".","_npmVersion":"2.5.1","_nodeVersion":"0.12.0","_npmUser":{"name":"tommy351","email":"tommy351@gmail.com"},"maintainers":[{"name":"tommy351","email":"tommy351@gmail.com"}],"dist":{"shasum":"cf0caa222001ee7a7c786f1408ef51884e01cce4","tarball":"https://registry.npmjs.org/hexo-generator-category/-/hexo-generator-category-0.1.1.tgz"}},"0.1.2":{"name":"hexo-generator-category","version":"0.1.2","description":"Category generator for Hexo.","main":"index","scripts":{"test":"gulp test"},"directories":{"lib":"./lib"},"engines":{"node":">= 0.10.0"},"repository":{"type":"git","url":"https://github.com/hexojs/hexo-generator-category"},"homepage":"http://hexo.io/","keywords":["hexo","generator","category"],"author":{"name":"Tommy Chen","email":"tommy351@gmail.com","url":"http://zespia.tw"},"license":"MIT","devDependencies":{"chai":"^1.9.1","coveralls":"^2.11.2","gulp":"^3.8.9","gulp-istanbul":"^0.5.0","gulp-jshint":"^1.8.6","gulp-load-plugins":"^0.8.0","gulp-mocha":"^2.0.0","hexo":"^3.0.0-rc.3","jshint-stylish":"^1.0.0","mocha":"^2.0.1","rimraf":"^2.2.8"},"dependencies":{"hexo-pagination":"0.0.2","object-assign":"^2.0.0"},"gitHead":"8b6328eeb9b3db362df14884d68be78c9d0fab41","bugs":{"url":"https://github.com/hexojs/hexo-generator-category/issues"},"_id":"hexo-generator-category@0.1.2","_shasum":"a683968f9e1a383549d139a507ffa32b4f12c593","_from":".","_npmVersion":"2.5.1","_nodeVersion":"0.12.0","_npmUser":{"name":"tommy351","email":"tommy351@gmail.com"},"maintainers":[{"name":"tommy351","email":"tommy351@gmail.com"}],"dist":{"shasum":"a683968f9e1a383549d139a507ffa32b4f12c593","tarball":"https://registry.npmjs.org/hexo-generator-category/-/hexo-generator-category-0.1.2.tgz"}},"0.1.3":{"name":"hexo-generator-category","version":"0.1.3","description":"Category generator for Hexo.","main":"index","scripts":{"test":"gulp test"},"directories":{"lib":"./lib"},"engines":{"node":">= 0.10.0"},"repository":{"type":"git","url":"git+https://github.com/hexojs/hexo-generator-category.git"},"homepage":"http://hexo.io/","keywords":["hexo","generator","category"],"author":{"name":"Tommy Chen","email":"tommy351@gmail.com","url":"http://zespia.tw"},"license":"MIT","devDependencies":{"chai":"^1.9.1","coveralls":"^2.11.2","gulp":"^3.8.9","gulp-istanbul":"^0.5.0","gulp-jshint":"^1.8.6","gulp-load-plugins":"^0.8.0","gulp-mocha":"^2.0.0","hexo":"^3.0.0-rc.3","jshint-stylish":"^1.0.0","mocha":"^2.0.1","rimraf":"^2.2.8"},"dependencies":{"hexo-pagination":"0.0.2","object-assign":"^2.0.0"},"gitHead":"eb373e18b52b3e719de9e44f5182307f17cfec20","bugs":{"url":"https://github.com/hexojs/hexo-generator-category/issues"},"_id":"hexo-generator-category@0.1.3","_shasum":"b9e6a5862530a83bdd7da4c819c1b9f3e4ccb4b2","_from":".","_npmVersion":"2.10.1","_nodeVersion":"0.12.4","_npmUser":{"name":"tommy351","email":"tommy351@gmail.com"},"maintainers":[{"name":"tommy351","email":"tommy351@gmail.com"}],"dist":{"shasum":"b9e6a5862530a83bdd7da4c819c1b9f3e4ccb4b2","tarball":"https://registry.npmjs.org/hexo-generator-category/-/hexo-generator-category-0.1.3.tgz"}}},"readme":"# hexo-generator-category\n\n[![Build Status](https://travis-ci.org/hexojs/hexo-generator-category.svg?branch=master)](https://travis-ci.org/hexojs/hexo-generator-category)  [![NPM version](https://badge.fury.io/js/hexo-generator-category.svg)](http://badge.fury.io/js/hexo-generator-category) [![Coverage Status](https://img.shields.io/coveralls/hexojs/hexo-generator-category.svg)](https://coveralls.io/r/hexojs/hexo-generator-category?branch=master)\n\nCategory generator for [Hexo].\n\n## Installation\n\n``` bash\n$ npm install hexo-generator-category --save\n```\n\n## Options\n\n``` yaml\ncategory_generator:\n  per_page: 10\n```\n\n- **per_page**: Posts displayed per page. (0 = disable pagination)\n\n## License\n\nMIT\n\n[Hexo]: http://hexo.io/","maintainers":[{"name":"tommy351","email":"tommy351@gmail.com"}],"time":{"modified":"2015-06-05T05:20:49.218Z","created":"2014-12-29T10:40:40.736Z","0.0.1":"2014-12-29T10:40:40.736Z","0.0.2":"2014-12-29T11:12:18.251Z","0.0.3":"2015-01-07T06:31:42.145Z","0.1.0":"2015-02-11T14:12:13.244Z","0.1.1":"2015-02-11T14:23:39.937Z","0.1.2":"2015-04-27T08:07:06.603Z","0.1.3":"2015-06-05T05:20:49.218Z"},"homepage":"http://hexo.io/","keywords":["hexo","generator","category"],"repository":{"type":"git","url":"git+https://github.com/hexojs/hexo-generator-category.git"},"author":{"name":"Tommy Chen","email":"tommy351@gmail.com","url":"http://zespia.tw"},"bugs":{"url":"https://github.com/hexojs/hexo-generator-category/issues"},"license":"MIT","readmeFilename":"README.md","users":{"crazyjingling":true},"_attachments":{},"_etag":"\"F1RH8XJS9X5O59KVBQ0SMRJ1E\""}