{"_id":"hexo-i18n","_rev":"8-1ad039a201ba0ec33d17a4481b5995ad","name":"hexo-i18n","description":"i18n module for Hexo.","dist-tags":{"latest":"0.2.1"},"versions":{"0.0.1":{"name":"hexo-i18n","version":"0.0.1","description":"i18n module for Hexo.","main":"lib/i18n","scripts":{"test":"gulp test"},"directories":{"lib":"./lib"},"engines":{"node":">= 0.10.0"},"repository":{"type":"git","url":"https://github.com/hexojs/i18n"},"homepage":"http://hexo.io/","keywords":["hexo","i18n"],"author":{"name":"Tommy Chen","email":"tommy351@gmail.com","url":"http://zespia.tw"},"license":"MIT","dependencies":{"sprintf-js":"^1.0.2"},"devDependencies":{"chai":"^1.9.1","coveralls":"^2.11.2","gulp":"^3.8.9","gulp-istanbul":"^0.5.0","gulp-jshint":"^1.8.6","gulp-load-plugins":"^0.7.0","gulp-mocha":"^2.0.0","jshint-stylish":"^1.0.0","mocha":"^2.0.1","rimraf":"^2.2.8"},"gitHead":"eeb30d6fc6ee93fac855b1bda680a9401656be77","bugs":{"url":"https://github.com/hexojs/i18n/issues"},"_id":"hexo-i18n@0.0.1","_shasum":"9a8634e65a36b696711fc67f69ca06a0e4ef1369","_from":".","_npmVersion":"2.1.8","_nodeVersion":"0.10.33","_npmUser":{"name":"tommy351","email":"tommy351@gmail.com"},"maintainers":[{"name":"tommy351","email":"tommy351@gmail.com"}],"dist":{"shasum":"9a8634e65a36b696711fc67f69ca06a0e4ef1369","tarball":"https://registry.npmjs.org/hexo-i18n/-/hexo-i18n-0.0.1.tgz"}},"0.1.0":{"name":"hexo-i18n","version":"0.1.0","description":"i18n module for Hexo.","main":"lib/i18n","scripts":{"test":"gulp test"},"directories":{"lib":"./lib"},"engines":{"node":">= 0.10.0"},"repository":{"type":"git","url":"https://github.com/hexojs/i18n"},"homepage":"http://hexo.io/","keywords":["hexo","i18n"],"author":{"name":"Tommy Chen","email":"tommy351@gmail.com","url":"http://zespia.tw"},"license":"MIT","dependencies":{"sprintf-js":"^1.0.2"},"devDependencies":{"chai":"^1.9.1","coveralls":"^2.11.2","gulp":"^3.8.9","gulp-istanbul":"^0.5.0","gulp-jshint":"^1.8.6","gulp-load-plugins":"^0.7.0","gulp-mocha":"^2.0.0","jshint-stylish":"^1.0.0","mocha":"^2.0.1","rimraf":"^2.2.8"},"gitHead":"ed2a7915cf780b2b919fb3a388049142c557b1da","bugs":{"url":"https://github.com/hexojs/i18n/issues"},"_id":"hexo-i18n@0.1.0","_shasum":"66f5b834b55b1ce796b3f14b6c8fff9f30bd1bbb","_from":".","_npmVersion":"2.1.8","_nodeVersion":"0.10.33","_npmUser":{"name":"tommy351","email":"tommy351@gmail.com"},"maintainers":[{"name":"tommy351","email":"tommy351@gmail.com"}],"dist":{"shasum":"66f5b834b55b1ce796b3f14b6c8fff9f30bd1bbb","tarball":"https://registry.npmjs.org/hexo-i18n/-/hexo-i18n-0.1.0.tgz"}},"0.2.0":{"name":"hexo-i18n","version":"0.2.0","description":"i18n module for Hexo.","main":"lib/i18n","scripts":{"test":"gulp test"},"directories":{"lib":"./lib"},"engines":{"node":">= 0.10.0"},"repository":{"type":"git","url":"https://github.com/hexojs/i18n"},"homepage":"http://hexo.io/","keywords":["hexo","i18n","localization"],"author":{"name":"Tommy Chen","email":"tommy351@gmail.com","url":"http://zespia.tw"},"license":"MIT","dependencies":{"sprintf-js":"^1.0.2"},"devDependencies":{"chai":"^1.9.1","coveralls":"^2.11.2","gulp":"^3.8.9","gulp-istanbul":"^0.5.0","gulp-jshint":"^1.8.6","gulp-load-plugins":"^0.7.0","gulp-mocha":"^2.0.0","jshint-stylish":"^1.0.0","mocha":"^2.0.1","rimraf":"^2.2.8"},"gitHead":"d137dc5275055b173158be616877d2a45c9fe585","bugs":{"url":"https://github.com/hexojs/i18n/issues"},"_id":"hexo-i18n@0.2.0","_shasum":"864e22b7eb8f622298e1131a0a5adf08f44f5ef8","_from":".","_npmVersion":"2.2.0","_nodeVersion":"0.10.35","_npmUser":{"name":"tommy351","email":"tommy351@gmail.com"},"maintainers":[{"name":"tommy351","email":"tommy351@gmail.com"}],"dist":{"shasum":"864e22b7eb8f622298e1131a0a5adf08f44f5ef8","tarball":"https://registry.npmjs.org/hexo-i18n/-/hexo-i18n-0.2.0.tgz"}},"0.2.1":{"name":"hexo-i18n","version":"0.2.1","description":"i18n module for Hexo.","main":"lib/i18n","scripts":{"test":"gulp test"},"directories":{"lib":"./lib"},"engines":{"node":">= 0.10.0"},"repository":{"type":"git","url":"https://github.com/hexojs/hexo-i18n"},"homepage":"http://hexo.io/","keywords":["hexo","i18n","localization"],"author":{"name":"Tommy Chen","email":"tommy351@gmail.com","url":"http://zespia.tw"},"license":"MIT","dependencies":{"sprintf-js":"^1.0.2"},"devDependencies":{"chai":"^1.9.1","coveralls":"^2.11.2","gulp":"^3.8.9","gulp-istanbul":"^0.5.0","gulp-jshint":"^1.8.6","gulp-load-plugins":"^0.7.0","gulp-mocha":"^2.0.0","jshint-stylish":"^1.0.0","mocha":"^2.0.1","rimraf":"^2.2.8"},"gitHead":"a1780f69cf844998136547547957a5a186fef043","bugs":{"url":"https://github.com/hexojs/hexo-i18n/issues"},"_id":"hexo-i18n@0.2.1","_shasum":"84f141432bf09d8b558ed878c728164b6d1cd6de","_from":".","_npmVersion":"2.5.1","_nodeVersion":"0.12.0","_npmUser":{"name":"tommy351","email":"tommy351@gmail.com"},"maintainers":[{"name":"tommy351","email":"tommy351@gmail.com"}],"dist":{"shasum":"84f141432bf09d8b558ed878c728164b6d1cd6de","tarball":"https://registry.npmjs.org/hexo-i18n/-/hexo-i18n-0.2.1.tgz"}}},"readme":"# hexo-i18n\n\n[![Build Status](https://travis-ci.org/hexojs/hexo-i18n.svg?branch=master)](https://travis-ci.org/hexojs/hexo-i18n)  [![NPM version](https://badge.fury.io/js/hexo-i18n.svg)](http://badge.fury.io/js/hexo-i18n) [![Coverage Status](https://img.shields.io/coveralls/hexojs/hexo-i18n.svg)](https://coveralls.io/r/hexojs/hexo-i18n?branch=master)\n\ni18n module for [Hexo].\n\n## Installation\n\n``` bash\n$ npm install hexo-i18n --save\n```\n\n## Usage\n\n### Example\n\n``` js\nvar i18n = new require('hexo-i18n')({\n  languages: ['zh-TW', 'en']\n});\n\ni18n.set('en', {\n  ok: 'OK',\n  name: 'My name is %1$s %2$s.',\n  index: {\n    title: 'Home'\n  },\n  video: {\n    zero: 'No videos',\n    one: 'A video',\n    other: '%d videos'\n  }\n});\n\ni18n.set('zh-TW', {\n  name: '我的名字是 %2$s %1$s。',\n  index: {\n    title: '首頁'\n  },\n  video: {\n    zero: '沒有影片',\n    one: '一部影片',\n    other: '%d 部影片'\n  }\n});\n\nvar __ = i18n.__();\nvar _p = i18n._p();\n\n__('ok') // OK\n__('index.title') // 首頁\n__('name', '大呆', '王') // 我的名字是王大呆\n_p('video', 0) // 沒有影片\n_p('video', 1) // 一部影片\n_p('video', 10) // 10 部影片\n```\n\n### new i18n([options])\n\nCreates a new i18n instance.\n\nOption | Description | Default\n--- | --- | ---\n`languages` | Default languages. It can be an array or a string | `default`\n\n### i18n.get([lang]) → Object\n\nReturns a set of localization data. `lang` can be an array or a string, or the default language defined in constructor if not set. This method will build the data in order of languages.\n\n### i18n.set(lang, data)\n\nLoads localization data.\n\n### i18n.remove(lang)\n\nUnloads localization data.\n\n### i18n.list()\n\nLists loaded languages.\n\n### i18n.__() → Function(key, arg...)\n\nReturns a function for localization.\n\n### i18n._p() → Function(key, count, ...)\n\nThis method is similar to `i18n.__`, but it returns pluralized string based on the second parameter. For example:\n\n``` js\n_p('video', 0) = __('video.zero', 0)\n_p('video', 1) = __('video.one', 1)\n_p('video', 10) = __('video.other', 10)\n```\n\n## License\n\nMIT\n\n[Hexo]: http://hexo.io/","maintainers":[{"name":"tommy351","email":"tommy351@gmail.com"}],"time":{"modified":"2015-02-11T06:52:17.854Z","created":"2015-01-08T16:27:21.499Z","0.0.1":"2015-01-08T16:27:21.499Z","0.1.0":"2015-01-09T04:28:23.965Z","0.2.0":"2015-01-18T15:54:18.489Z","0.2.1":"2015-02-11T06:52:17.854Z"},"homepage":"http://hexo.io/","keywords":["hexo","i18n","localization"],"repository":{"type":"git","url":"https://github.com/hexojs/hexo-i18n"},"author":{"name":"Tommy Chen","email":"tommy351@gmail.com","url":"http://zespia.tw"},"bugs":{"url":"https://github.com/hexojs/hexo-i18n/issues"},"license":"MIT","readmeFilename":"README.md","_attachments":{},"_etag":"\"23YBI0NEH1M8AQS2JLSEL0SIB\""}