{"_id":"hexo-util","_rev":"30-78f95e72a165d8035ef1ae6b6a8783e6","name":"hexo-util","description":"Utilities for Hexo.","dist-tags":{"latest":"0.6.0"},"versions":{"0.0.1":{"name":"hexo-util","version":"0.0.1","description":"Utilities for Hexo.","main":"lib/index","scripts":{"test":"gulp test"},"directories":{"lib":"./lib"},"engines":{"node":">= 0.10.0"},"repository":{"type":"git","url":"git://github.com/hexojs/util.git"},"bugs":{"url":"https://github.com/hexojs/util/issues"},"homepage":"http://hexo.io/","keywords":["hexo","util","utilities"],"author":{"name":"Tommy Chen","email":"tommy351@gmail.com","url":"http://zespia.tw"},"license":"MIT","devDependencies":{"chai":"^1.9.1","coveralls":"^2.11.2","gulp":"^3.8.9","gulp-istanbul":"^0.5.0","gulp-jshint":"^1.8.6","gulp-load-plugins":"^0.8.0","gulp-mocha":"^2.0.0","jshint-stylish":"^1.0.0","mocha":"^2.0.1","rimraf":"^2.2.8"},"dependencies":{"hexo-front-matter":"0.0.4","highlight.js":"^8.4.0","inflection":"^1.5.3"},"gitHead":"8b4a6c9ce5799127387c27967a1507f23efdd861","_id":"hexo-util@0.0.1","_shasum":"ddadb7b968c5d1405f586edc60f1c39f83b482d1","_from":".","_npmVersion":"2.1.8","_nodeVersion":"0.10.33","_npmUser":{"name":"tommy351","email":"tommy351@gmail.com"},"maintainers":[{"name":"tommy351","email":"tommy351@gmail.com"}],"dist":{"shasum":"ddadb7b968c5d1405f586edc60f1c39f83b482d1","tarball":"https://registry.npmjs.org/hexo-util/-/hexo-util-0.0.1.tgz"}},"0.0.2":{"name":"hexo-util","version":"0.0.2","description":"Utilities for Hexo.","main":"lib/index","scripts":{"test":"gulp test"},"directories":{"lib":"./lib"},"engines":{"node":">= 0.10.0"},"repository":{"type":"git","url":"git://github.com/hexojs/util.git"},"bugs":{"url":"https://github.com/hexojs/util/issues"},"homepage":"http://hexo.io/","keywords":["hexo","util","utilities"],"author":{"name":"Tommy Chen","email":"tommy351@gmail.com","url":"http://zespia.tw"},"license":"MIT","devDependencies":{"chai":"^1.9.1","coveralls":"^2.11.2","gulp":"^3.8.9","gulp-istanbul":"^0.5.0","gulp-jshint":"^1.8.6","gulp-load-plugins":"^0.8.0","gulp-mocha":"^2.0.0","jshint-stylish":"^1.0.0","mocha":"^2.0.1","rimraf":"^2.2.8"},"dependencies":{"highlight.js":"^8.4.0","inflection":"^1.5.3"},"gitHead":"532be1375126c589cc05461ee573324f1b04625f","_id":"hexo-util@0.0.2","_shasum":"cc75cdc9054626eb45d1d430d00bedb8d4f8e59e","_from":".","_npmVersion":"2.1.8","_nodeVersion":"0.10.33","_npmUser":{"name":"tommy351","email":"tommy351@gmail.com"},"maintainers":[{"name":"tommy351","email":"tommy351@gmail.com"}],"dist":{"shasum":"cc75cdc9054626eb45d1d430d00bedb8d4f8e59e","tarball":"https://registry.npmjs.org/hexo-util/-/hexo-util-0.0.2.tgz"}},"0.1.0":{"name":"hexo-util","version":"0.1.0","description":"Utilities for Hexo.","main":"lib/index","scripts":{"test":"gulp test"},"directories":{"lib":"./lib"},"engines":{"node":">= 0.10.0"},"repository":{"type":"git","url":"https://github.com/hexojs/util"},"homepage":"http://hexo.io/","keywords":["hexo","util","utilities"],"author":{"name":"Tommy Chen","email":"tommy351@gmail.com","url":"http://zespia.tw"},"license":"MIT","devDependencies":{"chai":"^1.9.1","coveralls":"^2.11.2","gulp":"^3.8.9","gulp-istanbul":"^0.5.0","gulp-jshint":"^1.8.6","gulp-load-plugins":"^0.8.0","gulp-mocha":"^2.0.0","jshint-stylish":"^1.0.0","mocha":"^2.0.1","rimraf":"^2.2.8"},"dependencies":{"bluebird":"^2.6.2","highlight.js":"^8.4.0"},"gitHead":"558e5b38a5d9c1b41dd13806a45557b64f081aaa","bugs":{"url":"https://github.com/hexojs/util/issues"},"_id":"hexo-util@0.1.0","_shasum":"269b80d385b38d006d28a6d981b401aa3cb3791b","_from":".","_npmVersion":"2.1.8","_nodeVersion":"0.10.33","_npmUser":{"name":"tommy351","email":"tommy351@gmail.com"},"maintainers":[{"name":"tommy351","email":"tommy351@gmail.com"}],"dist":{"shasum":"269b80d385b38d006d28a6d981b401aa3cb3791b","tarball":"https://registry.npmjs.org/hexo-util/-/hexo-util-0.1.0.tgz"}},"0.1.1":{"name":"hexo-util","version":"0.1.1","description":"Utilities for Hexo.","main":"lib/index","scripts":{"test":"gulp test"},"directories":{"lib":"./lib"},"engines":{"node":">= 0.10.0"},"repository":{"type":"git","url":"https://github.com/hexojs/util"},"homepage":"http://hexo.io/","keywords":["hexo","util","utilities"],"author":{"name":"Tommy Chen","email":"tommy351@gmail.com","url":"http://zespia.tw"},"license":"MIT","devDependencies":{"chai":"^1.9.1","coveralls":"^2.11.2","gulp":"^3.8.9","gulp-istanbul":"^0.5.0","gulp-jshint":"^1.8.6","gulp-load-plugins":"^0.8.0","gulp-mocha":"^2.0.0","jshint-stylish":"^1.0.0","mocha":"^2.0.1","rimraf":"^2.2.8"},"dependencies":{"bluebird":"^2.6.2","highlight.js":"^8.4.0"},"gitHead":"0245b20696a33192fafcf15c2732c679f2c58d16","bugs":{"url":"https://github.com/hexojs/util/issues"},"_id":"hexo-util@0.1.1","_shasum":"6cf10e235f035a363056dfd929212e6fd404d621","_from":".","_npmVersion":"2.2.0","_nodeVersion":"0.10.35","_npmUser":{"name":"tommy351","email":"tommy351@gmail.com"},"maintainers":[{"name":"tommy351","email":"tommy351@gmail.com"}],"dist":{"shasum":"6cf10e235f035a363056dfd929212e6fd404d621","tarball":"https://registry.npmjs.org/hexo-util/-/hexo-util-0.1.1.tgz"}},"0.1.2":{"name":"hexo-util","version":"0.1.2","description":"Utilities for Hexo.","main":"lib/index","scripts":{"test":"gulp test"},"directories":{"lib":"./lib"},"engines":{"node":">= 0.10.0"},"repository":{"type":"git","url":"https://github.com/hexojs/util"},"homepage":"http://hexo.io/","keywords":["hexo","util","utilities"],"author":{"name":"Tommy Chen","email":"tommy351@gmail.com","url":"http://zespia.tw"},"license":"MIT","devDependencies":{"chai":"^1.9.1","coveralls":"^2.11.2","gulp":"^3.8.9","gulp-istanbul":"^0.5.0","gulp-jshint":"^1.8.6","gulp-load-plugins":"^0.8.0","gulp-mocha":"^2.0.0","jshint-stylish":"^1.0.0","mocha":"^2.0.1","rimraf":"^2.2.8"},"dependencies":{"bluebird":"^2.6.2","highlight.js":"^8.4.0"},"gitHead":"66fa25be30d6599a63e366c4dc19246ddef57110","bugs":{"url":"https://github.com/hexojs/util/issues"},"_id":"hexo-util@0.1.2","_shasum":"04ea85d7cb02a533c4bf16ff76610477d6299035","_from":".","_npmVersion":"2.2.0","_nodeVersion":"0.10.35","_npmUser":{"name":"tommy351","email":"tommy351@gmail.com"},"maintainers":[{"name":"tommy351","email":"tommy351@gmail.com"}],"dist":{"shasum":"04ea85d7cb02a533c4bf16ff76610477d6299035","tarball":"https://registry.npmjs.org/hexo-util/-/hexo-util-0.1.2.tgz"}},"0.1.3":{"name":"hexo-util","version":"0.1.3","description":"Utilities for Hexo.","main":"lib/index","scripts":{"test":"gulp test"},"directories":{"lib":"./lib"},"engines":{"node":">= 0.10.0"},"repository":{"type":"git","url":"https://github.com/hexojs/util"},"homepage":"http://hexo.io/","keywords":["hexo","util","utilities"],"author":{"name":"Tommy Chen","email":"tommy351@gmail.com","url":"http://zespia.tw"},"license":"MIT","devDependencies":{"chai":"^1.9.1","coveralls":"^2.11.2","gulp":"^3.8.9","gulp-istanbul":"^0.5.0","gulp-jshint":"^1.8.6","gulp-load-plugins":"^0.8.0","gulp-mocha":"^2.0.0","jshint-stylish":"^1.0.0","mocha":"^2.0.1","rimraf":"^2.2.8"},"dependencies":{"bluebird":"^2.6.2","highlight.js":"^8.4.0"},"gitHead":"c7e7027a521c76d01bb43bfb77d821c4397f3c8c","bugs":{"url":"https://github.com/hexojs/util/issues"},"_id":"hexo-util@0.1.3","_shasum":"9cb68961d088de6f1a6260f777cc9d524c35bc6a","_from":".","_npmVersion":"2.2.0","_nodeVersion":"0.10.35","_npmUser":{"name":"tommy351","email":"tommy351@gmail.com"},"maintainers":[{"name":"tommy351","email":"tommy351@gmail.com"}],"dist":{"shasum":"9cb68961d088de6f1a6260f777cc9d524c35bc6a","tarball":"https://registry.npmjs.org/hexo-util/-/hexo-util-0.1.3.tgz"}},"0.1.4":{"name":"hexo-util","version":"0.1.4","description":"Utilities for Hexo.","main":"lib/index","scripts":{"test":"gulp test"},"directories":{"lib":"./lib"},"engines":{"node":">= 0.10.0"},"repository":{"type":"git","url":"https://github.com/hexojs/hexo-util"},"homepage":"http://hexo.io/","keywords":["hexo","util","utilities"],"author":{"name":"Tommy Chen","email":"tommy351@gmail.com","url":"http://zespia.tw"},"license":"MIT","devDependencies":{"chai":"^1.9.1","coveralls":"^2.11.2","gulp":"^3.8.9","gulp-bench":"^1.1.0","gulp-istanbul":"^0.5.0","gulp-jshint":"^1.8.6","gulp-load-plugins":"^0.8.0","gulp-mocha":"^2.0.0","jshint-stylish":"^1.0.0","mocha":"^2.0.1","rimraf":"^2.2.8"},"dependencies":{"bluebird":"^2.6.2","highlight.js":"^8.4.0"},"gitHead":"e831540cdbf244bde6d10e7ef45418c13a180bce","bugs":{"url":"https://github.com/hexojs/hexo-util/issues"},"_id":"hexo-util@0.1.4","_shasum":"79777d84daf114a77a60961fb0de027ec4299f17","_from":".","_npmVersion":"2.5.1","_nodeVersion":"0.12.0","_npmUser":{"name":"tommy351","email":"tommy351@gmail.com"},"maintainers":[{"name":"tommy351","email":"tommy351@gmail.com"}],"dist":{"shasum":"79777d84daf114a77a60961fb0de027ec4299f17","tarball":"https://registry.npmjs.org/hexo-util/-/hexo-util-0.1.4.tgz"}},"0.1.5":{"name":"hexo-util","version":"0.1.5","description":"Utilities for Hexo.","main":"lib/index","scripts":{"test":"gulp test"},"directories":{"lib":"./lib"},"engines":{"node":">= 0.10.0"},"repository":{"type":"git","url":"https://github.com/hexojs/hexo-util"},"homepage":"http://hexo.io/","keywords":["hexo","util","utilities"],"author":{"name":"Tommy Chen","email":"tommy351@gmail.com","url":"http://zespia.tw"},"license":"MIT","devDependencies":{"chai":"^1.9.1","coveralls":"^2.11.2","gulp":"^3.8.9","gulp-bench":"^1.1.0","gulp-istanbul":"^0.5.0","gulp-jshint":"^1.8.6","gulp-load-plugins":"^0.8.0","gulp-mocha":"^2.0.0","jshint-stylish":"^1.0.0","mocha":"^2.0.1","rimraf":"^2.2.8"},"dependencies":{"bluebird":"^2.6.2","ent":"^2.2.0","highlight.js":"^8.4.0"},"gitHead":"f3091a1befdba8046ec7c25f435ee565d4dc85ef","bugs":{"url":"https://github.com/hexojs/hexo-util/issues"},"_id":"hexo-util@0.1.5","_shasum":"945d9b5b528240d4f8c4c8e01e18838873809a50","_from":".","_npmVersion":"2.5.1","_nodeVersion":"0.12.0","_npmUser":{"name":"tommy351","email":"tommy351@gmail.com"},"maintainers":[{"name":"tommy351","email":"tommy351@gmail.com"}],"dist":{"shasum":"945d9b5b528240d4f8c4c8e01e18838873809a50","tarball":"https://registry.npmjs.org/hexo-util/-/hexo-util-0.1.5.tgz"}},"0.1.6":{"name":"hexo-util","version":"0.1.6","description":"Utilities for Hexo.","main":"lib/index","scripts":{"test":"gulp test"},"directories":{"lib":"./lib"},"engines":{"node":">= 0.10.0"},"repository":{"type":"git","url":"https://github.com/hexojs/hexo-util"},"homepage":"http://hexo.io/","keywords":["hexo","util","utilities"],"author":{"name":"Tommy Chen","email":"tommy351@gmail.com","url":"http://zespia.tw"},"license":"MIT","devDependencies":{"chai":"^1.9.1","coveralls":"^2.11.2","gulp":"^3.8.9","gulp-bench":"^1.1.0","gulp-istanbul":"^0.5.0","gulp-jshint":"^1.8.6","gulp-load-plugins":"^0.8.0","gulp-mocha":"^2.0.0","jshint-stylish":"^1.0.0","mocha":"^2.0.1","rimraf":"^2.2.8"},"dependencies":{"bluebird":"^2.6.2","ent":"^2.2.0","highlight.js":"^8.4.0"},"gitHead":"ed3aa90378554e170b384075a48e353d45e33ae5","bugs":{"url":"https://github.com/hexojs/hexo-util/issues"},"_id":"hexo-util@0.1.6","_shasum":"98b1aedef4be3c1ce89f04ff4d39dee22e19db54","_from":".","_npmVersion":"2.5.1","_nodeVersion":"0.12.0","_npmUser":{"name":"tommy351","email":"tommy351@gmail.com"},"maintainers":[{"name":"tommy351","email":"tommy351@gmail.com"}],"dist":{"shasum":"98b1aedef4be3c1ce89f04ff4d39dee22e19db54","tarball":"https://registry.npmjs.org/hexo-util/-/hexo-util-0.1.6.tgz"}},"0.1.7":{"name":"hexo-util","version":"0.1.7","description":"Utilities for Hexo.","main":"lib/index","scripts":{"test":"gulp test"},"directories":{"lib":"./lib"},"engines":{"node":">= 0.10.0"},"repository":{"type":"git","url":"https://github.com/hexojs/hexo-util"},"homepage":"http://hexo.io/","keywords":["hexo","util","utilities"],"author":{"name":"Tommy Chen","email":"tommy351@gmail.com","url":"http://zespia.tw"},"license":"MIT","devDependencies":{"chai":"^1.9.1","coveralls":"^2.11.2","gulp":"^3.8.9","gulp-bench":"^1.1.0","gulp-istanbul":"^0.5.0","gulp-jshint":"^1.8.6","gulp-load-plugins":"^0.8.0","gulp-mocha":"^2.0.0","jshint-stylish":"^1.0.0","mocha":"^2.0.1","rimraf":"^2.2.8"},"dependencies":{"bluebird":"^2.6.2","ent":"^2.2.0","highlight.js":"^8.6.0"},"gitHead":"ee32f57fe27a55da36af67a5d0cda274ee868022","bugs":{"url":"https://github.com/hexojs/hexo-util/issues"},"_id":"hexo-util@0.1.7","_shasum":"fdc84e1bf21b19c4c8695424585aa9f13ecd6353","_from":".","_npmVersion":"2.5.1","_nodeVersion":"0.12.0","_npmUser":{"name":"tommy351","email":"tommy351@gmail.com"},"maintainers":[{"name":"tommy351","email":"tommy351@gmail.com"}],"dist":{"shasum":"fdc84e1bf21b19c4c8695424585aa9f13ecd6353","tarball":"https://registry.npmjs.org/hexo-util/-/hexo-util-0.1.7.tgz"}},"0.2.0":{"name":"hexo-util","version":"0.2.0","description":"Utilities for Hexo.","main":"lib/index","scripts":{"eslint":"eslint .","jscs":"jscs .","test":"mocha test/index.js","test-cov":"istanbul cover --print both _mocha -- test/index.js"},"directories":{"lib":"./lib"},"engines":{"node":">= 0.10.0"},"repository":{"type":"git","url":"git+https://github.com/hexojs/hexo-util.git"},"homepage":"http://hexo.io/","keywords":["hexo","util","utilities"],"author":{"name":"Tommy Chen","email":"tommy351@gmail.com","url":"http://zespia.tw"},"license":"MIT","devDependencies":{"chai":"^3.4.0","eslint":"^1.8.0","istanbul":"^0.4.0","jscs":"^2.5.0","mocha":"^2.3.3"},"dependencies":{"bluebird":"^3.0.5","highlight.js":"^8.9.1","html-entities":"^1.2.0"},"gitHead":"5d209c40f286717fb39013fd1cb3329c25025ae6","bugs":{"url":"https://github.com/hexojs/hexo-util/issues"},"_id":"hexo-util@0.2.0","_shasum":"65baed3bbed621fbfee02058630efd3594f48815","_from":".","_npmVersion":"3.3.3","_nodeVersion":"4.0.0","_npmUser":{"name":"tommy351","email":"tommy351@gmail.com"},"maintainers":[{"name":"tommy351","email":"tommy351@gmail.com"}],"dist":{"shasum":"65baed3bbed621fbfee02058630efd3594f48815","tarball":"https://registry.npmjs.org/hexo-util/-/hexo-util-0.2.0.tgz"}},"0.2.1":{"name":"hexo-util","version":"0.2.1","description":"Utilities for Hexo.","main":"lib/index","scripts":{"eslint":"eslint .","jscs":"jscs .","test":"mocha test/index.js","test-cov":"istanbul cover --print both _mocha -- test/index.js"},"directories":{"lib":"./lib"},"engines":{"node":">= 0.10.0"},"repository":{"type":"git","url":"git+https://github.com/hexojs/hexo-util.git"},"homepage":"http://hexo.io/","keywords":["hexo","util","utilities"],"author":{"name":"Tommy Chen","email":"tommy351@gmail.com","url":"http://zespia.tw"},"license":"MIT","devDependencies":{"chai":"^3.4.0","eslint":"^1.8.0","istanbul":"^0.4.0","jscs":"^2.5.0","mocha":"^2.3.3"},"dependencies":{"bluebird":"^3.0.5","highlight.js":"^8.9.1","html-entities":"^1.2.0"},"gitHead":"a74b520370582d59bac719f3351c56706285db0f","bugs":{"url":"https://github.com/hexojs/hexo-util/issues"},"_id":"hexo-util@0.2.1","_shasum":"264849bf7aa41b7a73fae5321080d973cc4ea433","_from":".","_npmVersion":"3.3.3","_nodeVersion":"4.0.0","_npmUser":{"name":"tommy351","email":"tommy351@gmail.com"},"maintainers":[{"name":"tommy351","email":"tommy351@gmail.com"}],"dist":{"shasum":"264849bf7aa41b7a73fae5321080d973cc4ea433","tarball":"https://registry.npmjs.org/hexo-util/-/hexo-util-0.2.1.tgz"}},"0.3.0":{"name":"hexo-util","version":"0.3.0","description":"Utilities for Hexo.","main":"lib/index","scripts":{"eslint":"eslint .","jscs":"jscs .","test":"mocha test/index.js","test-cov":"istanbul cover --print both _mocha -- test/index.js"},"directories":{"lib":"./lib"},"repository":{"type":"git","url":"git+https://github.com/hexojs/hexo-util.git"},"homepage":"http://hexo.io/","keywords":["hexo","util","utilities"],"author":{"name":"Tommy Chen","email":"tommy351@gmail.com","url":"http://zespia.tw"},"license":"MIT","devDependencies":{"chai":"^3.4.1","eslint":"^1.10.3","eslint-config-hexo":"^1.0.2","istanbul":"^0.4.1","jscs":"^2.6.0","jscs-preset-hexo":"^1.0.1","mocha":"^2.3.4"},"dependencies":{"bluebird":"^3.0.6","highlight.js":"^9.0.0","html-entities":"^1.2.0"},"gitHead":"15804ef784ae60378b7d9859f771afaed838c8eb","bugs":{"url":"https://github.com/hexojs/hexo-util/issues"},"_id":"hexo-util@0.3.0","_shasum":"bb42555fd27b9e9e7fa9bb488024fecce9d7f811","_from":".","_npmVersion":"3.3.3","_nodeVersion":"4.0.0","_npmUser":{"name":"tommy351","email":"tommy351@gmail.com"},"maintainers":[{"name":"tommy351","email":"tommy351@gmail.com"}],"dist":{"shasum":"bb42555fd27b9e9e7fa9bb488024fecce9d7f811","tarball":"https://registry.npmjs.org/hexo-util/-/hexo-util-0.3.0.tgz"}},"0.4.0":{"name":"hexo-util","version":"0.4.0","description":"Utilities for Hexo.","main":"lib/index","scripts":{"eslint":"eslint .","jscs":"jscs .","test":"mocha test/index.js","test-cov":"istanbul cover --print both _mocha -- test/index.js"},"directories":{"lib":"./lib"},"repository":{"type":"git","url":"git+https://github.com/hexojs/hexo-util.git"},"homepage":"http://hexo.io/","keywords":["hexo","util","utilities"],"author":{"name":"Tommy Chen","email":"tommy351@gmail.com","url":"http://zespia.tw"},"license":"MIT","devDependencies":{"chai":"^3.4.1","eslint":"^1.10.3","eslint-config-hexo":"^1.0.2","istanbul":"^0.4.1","jscs":"^2.6.0","jscs-preset-hexo":"^1.0.1","mocha":"^2.3.4","rewire":"^2.5.1"},"dependencies":{"bluebird":"^3.0.6","highlight.js":"^9.0.0","html-entities":"^1.2.0"},"gitHead":"7167bc3437b6019c9aaf050138e3619037067190","bugs":{"url":"https://github.com/hexojs/hexo-util/issues"},"_id":"hexo-util@0.4.0","_shasum":"2684d338ddc79fa6441c0bd4b0ebe3bf47719e90","_from":".","_npmVersion":"3.3.3","_nodeVersion":"4.0.0","_npmUser":{"name":"tommy351","email":"tommy351@gmail.com"},"maintainers":[{"name":"tommy351","email":"tommy351@gmail.com"}],"dist":{"shasum":"2684d338ddc79fa6441c0bd4b0ebe3bf47719e90","tarball":"https://registry.npmjs.org/hexo-util/-/hexo-util-0.4.0.tgz"}},"0.4.1":{"name":"hexo-util","version":"0.4.1","description":"Utilities for Hexo.","main":"lib/index","scripts":{"eslint":"eslint .","jscs":"jscs .","test":"mocha test/index.js","test-cov":"istanbul cover --print both _mocha -- test/index.js"},"directories":{"lib":"./lib"},"repository":{"type":"git","url":"git+https://github.com/hexojs/hexo-util.git"},"homepage":"http://hexo.io/","keywords":["hexo","util","utilities"],"author":{"name":"Tommy Chen","email":"tommy351@gmail.com","url":"http://zespia.tw"},"license":"MIT","devDependencies":{"chai":"^3.4.1","eslint":"^1.10.3","eslint-config-hexo":"^1.0.2","istanbul":"^0.4.1","jscs":"^2.6.0","jscs-preset-hexo":"^1.0.1","mocha":"^2.3.4","rewire":"^2.5.1"},"dependencies":{"bluebird":"^3.0.6","highlight.js":"^9.0.0","html-entities":"^1.2.0"},"gitHead":"6e8019c43724601ecb487e0f706e3e31a4f20731","bugs":{"url":"https://github.com/hexojs/hexo-util/issues"},"_id":"hexo-util@0.4.1","_shasum":"6f788cfdf8aa48922c4bffe754b28683dfbc2d53","_from":".","_npmVersion":"3.3.3","_nodeVersion":"4.0.0","_npmUser":{"name":"tommy351","email":"tommy351@gmail.com"},"maintainers":[{"name":"tommy351","email":"tommy351@gmail.com"}],"dist":{"shasum":"6f788cfdf8aa48922c4bffe754b28683dfbc2d53","tarball":"https://registry.npmjs.org/hexo-util/-/hexo-util-0.4.1.tgz"}},"0.5.0":{"name":"hexo-util","version":"0.5.0","description":"Utilities for Hexo.","main":"lib/index","scripts":{"eslint":"eslint .","jscs":"jscs .","test":"mocha test/index.js","test-cov":"istanbul cover --print both _mocha -- test/index.js"},"directories":{"lib":"./lib"},"repository":{"type":"git","url":"git+https://github.com/hexojs/hexo-util.git"},"homepage":"http://hexo.io/","keywords":["hexo","util","utilities"],"author":{"name":"Tommy Chen","email":"tommy351@gmail.com","url":"http://zespia.tw"},"license":"MIT","devDependencies":{"chai":"^3.4.1","eslint":"^1.10.3","eslint-config-hexo":"^1.0.2","istanbul":"^0.4.1","jscs":"^2.6.0","jscs-preset-hexo":"^1.0.1","mocha":"^2.3.4","rewire":"^2.5.1"},"dependencies":{"bluebird":"^3.0.6","camel-case":"^1.2.0","highlight.js":"^9.0.0","html-entities":"^1.2.0"},"gitHead":"df49eb3fbbb67e967fecc8ddbc792b2be4a4c961","bugs":{"url":"https://github.com/hexojs/hexo-util/issues"},"_id":"hexo-util@0.5.0","_shasum":"9a098ccef4b8f8f76da11133b7095b1ce9ae1bf2","_from":".","_npmVersion":"3.3.3","_nodeVersion":"4.0.0","_npmUser":{"name":"tommy351","email":"tommy351@gmail.com"},"maintainers":[{"name":"tommy351","email":"tommy351@gmail.com"}],"dist":{"shasum":"9a098ccef4b8f8f76da11133b7095b1ce9ae1bf2","tarball":"https://registry.npmjs.org/hexo-util/-/hexo-util-0.5.0.tgz"}},"0.5.1":{"name":"hexo-util","version":"0.5.1","description":"Utilities for Hexo.","main":"lib/index","scripts":{"eslint":"eslint .","jscs":"jscs .","test":"mocha test/index.js","test-cov":"istanbul cover --print both _mocha -- test/index.js"},"directories":{"lib":"./lib"},"repository":{"type":"git","url":"git+https://github.com/hexojs/hexo-util.git"},"homepage":"http://hexo.io/","keywords":["hexo","util","utilities"],"author":{"name":"Tommy Chen","email":"tommy351@gmail.com","url":"http://zespia.tw"},"license":"MIT","devDependencies":{"chai":"^3.4.1","eslint":"^1.10.3","eslint-config-hexo":"^1.0.2","istanbul":"^0.4.1","jscs":"^2.6.0","jscs-preset-hexo":"^1.0.1","mocha":"^2.3.4","rewire":"^2.5.1"},"dependencies":{"bluebird":"^3.0.6","camel-case":"^1.2.0","highlight.js":"^9.0.0","html-entities":"^1.2.0"},"gitHead":"930567ebb730a5c723248b6b3282a19fed3b0d61","bugs":{"url":"https://github.com/hexojs/hexo-util/issues"},"_id":"hexo-util@0.5.1","_shasum":"a2413dc46c6a502177354e4789aab13450037f4d","_from":".","_npmVersion":"3.3.3","_nodeVersion":"4.0.0","_npmUser":{"name":"tommy351","email":"tommy351@gmail.com"},"maintainers":[{"name":"tommy351","email":"tommy351@gmail.com"}],"dist":{"shasum":"a2413dc46c6a502177354e4789aab13450037f4d","tarball":"https://registry.npmjs.org/hexo-util/-/hexo-util-0.5.1.tgz"}},"0.5.2":{"name":"hexo-util","version":"0.5.2","description":"Utilities for Hexo.","main":"lib/index","scripts":{"eslint":"eslint .","jscs":"jscs .","test":"mocha test/index.js","test-cov":"istanbul cover --print both _mocha -- test/index.js","build:highlight":"mkdir -p build && node scripts/build_highlight_alias.js > build/highlight_alias.json","postinstall":"npm run build:highlight"},"directories":{"lib":"./lib"},"repository":{"type":"git","url":"git+https://github.com/hexojs/hexo-util.git"},"homepage":"https://hexo.io/","keywords":["hexo","util","utilities"],"author":{"name":"Tommy Chen","email":"tommy351@gmail.com","url":"http://zespia.tw"},"license":"MIT","devDependencies":{"chai":"^3.4.1","eslint":"^1.10.3","eslint-config-hexo":"^1.0.2","istanbul":"^0.4.1","jscs":"^2.6.0","jscs-preset-hexo":"^1.0.1","mocha":"^2.3.4","rewire":"^2.5.1"},"dependencies":{"bluebird":"^3.0.6","camel-case":"^1.2.0","cross-spawn":"^2.1.5","highlight.js":"^9.0.0","html-entities":"^1.2.0","striptags":"^2.1.1"},"gitHead":"7e498283b6a06b2221c9df181998e9c1ffb580fb","bugs":{"url":"https://github.com/hexojs/hexo-util/issues"},"_id":"hexo-util@0.5.2","_shasum":"987bb30fcda23e2996d89d0a7474fb355c6ffe0a","_from":".","_npmVersion":"3.7.1","_nodeVersion":"4.3.0","_npmUser":{"name":"tommy351","email":"tommy351@gmail.com"},"dist":{"shasum":"987bb30fcda23e2996d89d0a7474fb355c6ffe0a","tarball":"https://registry.npmjs.org/hexo-util/-/hexo-util-0.5.2.tgz"},"maintainers":[{"name":"tommy351","email":"tommy351@gmail.com"}],"_npmOperationalInternal":{"host":"packages-5-east.internal.npmjs.com","tmp":"tmp/hexo-util-0.5.2.tgz_1455200917408_0.8558958205394447"},"deprecated":"Not able to build highlight alias file on Windows"},"0.5.3":{"name":"hexo-util","version":"0.5.3","description":"Utilities for Hexo.","main":"lib/index","scripts":{"eslint":"eslint .","jscs":"jscs .","test":"mocha test/index.js","test-cov":"istanbul cover --print both _mocha -- test/index.js","build:highlight":"node scripts/build_highlight_alias.js > highlight_alias.json","postinstall":"npm run build:highlight"},"directories":{"lib":"./lib"},"repository":{"type":"git","url":"git+https://github.com/hexojs/hexo-util.git"},"homepage":"https://hexo.io/","keywords":["hexo","util","utilities"],"author":{"name":"Tommy Chen","email":"tommy351@gmail.com","url":"http://zespia.tw"},"license":"MIT","devDependencies":{"chai":"^3.4.1","eslint":"^1.10.3","eslint-config-hexo":"^1.0.2","istanbul":"^0.4.1","jscs":"^2.6.0","jscs-preset-hexo":"^1.0.1","mocha":"^2.3.4","rewire":"^2.5.1"},"dependencies":{"bluebird":"^3.0.6","camel-case":"^1.2.0","cross-spawn":"^2.1.5","highlight.js":"^9.0.0","html-entities":"^1.2.0","striptags":"^2.1.1"},"gitHead":"e592ccf074a1f208a012ed4af76bb7d01f197751","bugs":{"url":"https://github.com/hexojs/hexo-util/issues"},"_id":"hexo-util@0.5.3","_shasum":"60100ab7e6640f36a4007524a38da745f86a3365","_from":".","_npmVersion":"3.7.1","_nodeVersion":"4.3.0","_npmUser":{"name":"tommy351","email":"tommy351@gmail.com"},"dist":{"shasum":"60100ab7e6640f36a4007524a38da745f86a3365","tarball":"https://registry.npmjs.org/hexo-util/-/hexo-util-0.5.3.tgz"},"maintainers":[{"name":"tommy351","email":"tommy351@gmail.com"}],"_npmOperationalInternal":{"host":"packages-6-west.internal.npmjs.com","tmp":"tmp/hexo-util-0.5.3.tgz_1455271512299_0.10811024741269648"}},"0.6.0":{"name":"hexo-util","version":"0.6.0","description":"Utilities for Hexo.","main":"lib/index","scripts":{"eslint":"eslint .","jscs":"jscs .","test":"mocha test/index.js","test-cov":"istanbul cover --print both _mocha -- test/index.js","build:highlight":"node scripts/build_highlight_alias.js > highlight_alias.json","postinstall":"npm run build:highlight"},"directories":{"lib":"./lib"},"repository":{"type":"git","url":"git+https://github.com/hexojs/hexo-util.git"},"homepage":"https://hexo.io/","keywords":["hexo","util","utilities"],"author":{"name":"Tommy Chen","email":"tommy351@gmail.com","url":"http://zespia.tw"},"license":"MIT","devDependencies":{"chai":"^3.5.0","eslint":"^2.12.0","eslint-config-hexo":"^1.0.3","istanbul":"^0.4.3","jscs":"^3.0.4","jscs-preset-hexo":"^1.0.1","mocha":"^2.5.3","rewire":"^2.5.1"},"dependencies":{"bluebird":"^3.4.0","camel-case":"^3.0.0","cross-spawn":"^4.0.0","highlight.js":"^9.4.0","html-entities":"^1.2.0","striptags":"^2.1.1"},"gitHead":"e18c4bd2f94f1233ccfa408915abce74daa2a34a","bugs":{"url":"https://github.com/hexojs/hexo-util/issues"},"_id":"hexo-util@0.6.0","_shasum":"b5719cc2d44d9d45522dddcf96143919824b7803","_from":".","_npmVersion":"3.7.1","_nodeVersion":"4.3.0","_npmUser":{"name":"tommy351","email":"tommy351@gmail.com"},"dist":{"shasum":"b5719cc2d44d9d45522dddcf96143919824b7803","tarball":"https://registry.npmjs.org/hexo-util/-/hexo-util-0.6.0.tgz"},"maintainers":[{"name":"tommy351","email":"tommy351@gmail.com"}],"_npmOperationalInternal":{"host":"packages-16-east.internal.npmjs.com","tmp":"tmp/hexo-util-0.6.0.tgz_1465817141295_0.7396468087099493"}}},"readme":"# hexo-util\n\n[![Build Status](https://travis-ci.org/hexojs/hexo-util.svg?branch=master)](https://travis-ci.org/hexojs/hexo-util)  [![NPM version](https://badge.fury.io/js/hexo-util.svg)](http://badge.fury.io/js/hexo-util) [![Coverage Status](https://coveralls.io/repos/hexojs/hexo-util/badge.svg?branch=master&service=github)](https://coveralls.io/github/hexojs/hexo-util?branch=master)\n\nUtilities for [Hexo].\n\n## Installation\n\n``` bash\n$ npm install hexo-util --save\n```\n\n## Usage\n\n``` js\nvar util = require('hexo-util');\n```\n\n### CacheStream()\n\nCaches contents piped to the stream.\n\n``` js\nvar stream = new CacheStream();\n\nfs.createReadStream('/path/to/file').pipe(stream);\n\nstream.on('finish', function(){\n  // Read cache piped to the stream\n  console.log(stream.getCache());\n\n  // Destroy cache\n  stream.destroy();\n});\n```\n\n### camelCaseKeys(obj, options)\n\nConvert object keys to camelCase. Original keys will be converted to getter/setter and sync to the camelCase keys.\n\n``` js\ncamelCaseKeys({\n  foo_bar: 'test'\n});\n// { fooBar: 'test', foo_bar: 'test' }\n```\n\n### escapeRegex(str)\n\nEscapes special characters in a regular expression.\n\n### escapeDiacritic(str)\n\nEscapes diacritic characters in a string.\n\n### escapeHTML(str)\n\nEscapes HTML entities in a string.\n\n### hash(str)\n\nGenerates SHA1 hash.\n\n``` js\nhash('123456');\n// <Buffer 7c 4a 8d 09 ca 37 62 af 61 e5 95 20 94 3d c2 64 94 f8 94 1b>\n```\n\n### HashStream()\n\nGenerates SHA1 hash with a transform stream.\n\n``` js\nvar stream = new HashStream();\n\nfs.createReadStream('/path/to/file')\n  .pipe(stream)\n  .on('finish', function(){\n    console.log(stream.read());\n  });\n```\n\n### highlight(str, [options])\n\nSyntax highlighting for a code block.\n\nOption | Description | Default\n--- | --- | ---\n`gutter` | Whether to show line numbers | true\n`wrap` | Whether to wrap the code block | true\n`firstLine` | First line number | 1\n`lang` | Language |\n`caption` | Caption |\n`tab`| Replace tabs |\n`autoDetect` | Detect language automatically | false\n\n### htmlTag(tag, attrs, text)\n\nCreates a html tag.\n\n``` js\nhtmlTag('img', {src: 'example.png'})\n// <img src=\"example.png\">\n\nhtmlTag('a', {href: 'http://hexo.io/'}, 'Hexo')\n// <a href=\"http://hexo.io/\">Hexo</a>\n```\n\n### Pattern(rule)\n\nParses the string and tests if the string matches the rule. `rule` can be a string, a regular expression or a function.\n\n``` js\nvar pattern = new Pattern('posts/:id');\n\npattern.match('posts/89');\n// {0: 'posts/89', 1: '89', id: '89'}\n```\n\n``` js\nvar pattern = new Pattern('posts/*path');\n\npattern.match('posts/2013/hello-world');\n// {0: 'posts/2013/hello-world', 1: '2013/hello-world', path: '2013/hello-world'}\n```\n\n### Permalink(rule, [options])\n\nParses a permalink.\n\nOption | Description\n--- | ---\n`segments` | Customize the rule of a segment in the permalink\n\n``` js\nvar permalink = new Permalink(':year/:month/:day/:title', {\n  segments: {\n    year: /(\\d{4})/,\n    month: /(\\d{2})/,\n    day: /(\\d{2})/\n  }\n});\n\npermalink.parse('2014/01/31/test');\n// {year: '2014', month: '01', day: '31', title: 'test'}\n\npermalink.test('2014/01/31/test');\n// true\n\npermalink.stringify({year: '2014', month: '01', day: '31', title: 'test'})\n// 2014/01/31/test\n```\n\n### slugize(str, [options])\n\nTransforms a string into a clean URL-friendly string.\n\nOption | Description | Default\n--- | --- | ---\n`separator` | Separator | -\n`transform` | Transform the string into lower case (`1`) or upper case (`2`) |\n\n``` js\nslugize('Hello World') = 'Hello-World'\nslugize('Hellô Wòrld') = 'Hello-World'\nslugize('Hello World', {separator: '_'}) = 'Hello_World'\nslugize('Hello World', {transform: 1}) = 'hello-world'\nslugize('Hello World', {transform: 2}) = 'HELLO-WORLD'\n```\n\n### spawn(command, [args], [options])\n\nLaunches a new process with the given `command`. This method returns a promise.\n\nOption | Description | Default\n--- | --- | ---\n`cwd` | Current working directory of the child process |\n`env` | Environment key-value pairs |\n`stdio` | Child's stdio configuration |\n`detached` | The child will be a process group leader |\n`uid` | Sets the user identity of the process |\n`gid` | Sets the group identity of the process |\n`verbose` | Display messages on the console | `false`\n`encoding` | Sets the encoding of the output string | `utf8`\n\n``` js\nspawn('cat', 'test.txt').then(function(content){\n  console.log(content);\n});\n```\n\n### stripHTML(str)\n\nRemoves HTML tags in a string.\n\n### wordWrap(str, [options])\n\nWraps the string no longer than line width. This method breaks on the first whitespace character that does not exceed line width.\n\nOption | Description | Default\n--- | --- | ---\n`width` | Line width | 80\n\n``` js\nwordWrap('Once upon a time')\n// Once upon a time\n\nwordWrap('Once upon a time, in a kingdom called Far Far Away, a king fell ill, and finding a successor to the throne turned out to be more trouble than anyone could have imagined...')\n// Once upon a time, in a kingdom called Far Far Away, a king fell ill, and finding\\na successor to the throne turned out to be more trouble than anyone could have\\nimagined...\n\nwordWrap('Once upon a time', {width: 8})\n// Once\\nupon a\\ntime\n\nwordWrap('Once upon a time', {width: 1})\n// Once\\nupon\\na\\ntime\n```\n\n### truncate(str, [options])\n\nTruncates a given text after a given `length` if text is longer than `length`. The last characters will be replaced with the `omission` option for a total length not exceeding `length`.\n\nOption | Description | Default\n--- | --- | ---\n`length` | Max length of the string | 30\n`omission` | Omission text | ...\n`separator` | truncate text at a natural break |\n\n``` js\ntruncate('Once upon a time in a world far far away')\n// \"Once upon a time in a world...\"\n\ntruncate('Once upon a time in a world far far away', {length: 17})\n// \"Once upon a ti...\"\n\ntruncate('Once upon a time in a world far far away', {length: 17, separator: ' '})\n// \"Once upon a...\"\n\ntruncate('And they found that many people were sleeping better.', {length: 25, omission: '... (continued)'})\n// \"And they f... (continued)\"\n```\n\n## License\n\nMIT\n\n[Hexo]: http://hexo.io/\n","maintainers":[{"name":"tommy351","email":"tommy351@gmail.com"}],"time":{"modified":"2016-06-13T11:25:45.521Z","created":"2014-12-20T07:59:11.879Z","0.0.1":"2014-12-20T07:59:11.879Z","0.0.2":"2014-12-26T03:36:39.095Z","0.1.0":"2015-01-09T11:14:46.602Z","0.1.1":"2015-01-25T17:13:34.081Z","0.1.2":"2015-01-27T09:15:03.493Z","0.1.3":"2015-02-06T16:37:04.024Z","0.1.4":"2015-02-11T06:32:21.989Z","0.1.5":"2015-02-26T01:57:53.261Z","0.1.6":"2015-02-27T09:44:13.226Z","0.1.7":"2015-05-20T11:00:31.117Z","0.2.0":"2015-11-04T11:20:48.990Z","0.2.1":"2015-11-07T15:15:11.512Z","0.3.0":"2015-12-05T12:42:08.839Z","0.4.0":"2015-12-10T09:39:32.722Z","0.4.1":"2015-12-10T10:00:31.375Z","0.5.0":"2015-12-13T12:59:06.326Z","0.5.1":"2015-12-13T13:03:16.220Z","0.5.2":"2016-02-11T14:28:40.302Z","0.5.3":"2016-02-12T10:05:13.867Z","0.6.0":"2016-06-13T11:25:45.521Z"},"homepage":"https://hexo.io/","keywords":["hexo","util","utilities"],"repository":{"type":"git","url":"git+https://github.com/hexojs/hexo-util.git"},"author":{"name":"Tommy Chen","email":"tommy351@gmail.com","url":"http://zespia.tw"},"bugs":{"url":"https://github.com/hexojs/hexo-util/issues"},"license":"MIT","readmeFilename":"README.md","_attachments":{},"_etag":"\"508OX2EVFP0EORC9QU5VKUZWU\""}