{"_id":"no-case","_rev":"4-06a7541e16e7a3e91429fdedf21ad5c9","name":"no-case","description":"Remove case from a string","dist-tags":{"latest":"2.3.0"},"versions":{"2.0.0":{"name":"no-case","version":"2.0.0","description":"Remove case from a string","main":"no-case.js","typings":"no-case.d.ts","files":["no-case.js","no-case.d.ts","vendor","LICENSE"],"scripts":{"lint":"standard","test-cov":"istanbul cover node_modules/mocha/bin/_mocha -- -R spec --bail","test":"npm run build && npm run lint && npm run test-cov","build":"node build.js"},"standard":{"ignore":["coverage/**"]},"repository":{"type":"git","url":"git://github.com/blakeembrey/no-case.git"},"keywords":["no","case","space","lower","trim"],"author":{"name":"Blake Embrey","email":"hello@blakeembrey.com","url":"http://blakeembrey.me"},"license":"MIT","bugs":{"url":"https://github.com/blakeembrey/no-case/issues"},"homepage":"https://github.com/blakeembrey/no-case","devDependencies":{"chai":"^1.9.1","istanbul":"^0.3.5","mocha":"^2.1.0","standard":"^2.3.1","xregexp":"^2.0.0"},"dependencies":{"lower-case":"^1.1.1"},"gitHead":"aaeb64a2a2b704efeff34e14986ffcde587dc687","_id":"no-case@2.0.0","_shasum":"45cd6c598a80318af77eba551a475e1c5e1b86c3","_from":".","_npmVersion":"3.9.3","_nodeVersion":"6.2.1","_npmUser":{"name":"blakeembrey","email":"hello@blakeembrey.com"},"dist":{"shasum":"45cd6c598a80318af77eba551a475e1c5e1b86c3","tarball":"https://registry.npmjs.org/no-case/-/no-case-2.0.0.tgz"},"maintainers":[{"name":"blakeembrey","email":"hello@blakeembrey.com"}],"_npmOperationalInternal":{"host":"packages-16-east.internal.npmjs.com","tmp":"tmp/no-case-2.0.0.tgz_1465680690787_0.5905108312144876"},"directories":{}},"2.1.0":{"name":"no-case","version":"2.1.0","description":"Remove case from a string","main":"no-case.js","typings":"no-case.d.ts","files":["no-case.js","no-case.d.ts","vendor","LICENSE"],"scripts":{"lint":"standard","test-cov":"istanbul cover node_modules/mocha/bin/_mocha -- -R spec --bail","test":"npm run build && npm run lint && npm run test-cov","build":"node build.js"},"standard":{"ignore":["coverage/**"]},"repository":{"type":"git","url":"git://github.com/blakeembrey/no-case.git"},"keywords":["no","case","space","lower","trim"],"author":{"name":"Blake Embrey","email":"hello@blakeembrey.com","url":"http://blakeembrey.me"},"license":"MIT","bugs":{"url":"https://github.com/blakeembrey/no-case/issues"},"homepage":"https://github.com/blakeembrey/no-case","devDependencies":{"chai":"^1.9.1","istanbul":"^0.3.5","mocha":"^2.1.0","standard":"^2.3.1","xregexp":"^2.0.0"},"dependencies":{"lower-case":"^1.1.1"},"gitHead":"ac8a199b5765884f38c04c3d6421f65b5aba25d3","_id":"no-case@2.1.0","_shasum":"fb2fa30d81bf2c7f0b8360b8d5159c2acc04e690","_from":".","_npmVersion":"3.9.3","_nodeVersion":"6.2.1","_npmUser":{"name":"blakeembrey","email":"hello@blakeembrey.com"},"dist":{"shasum":"fb2fa30d81bf2c7f0b8360b8d5159c2acc04e690","tarball":"https://registry.npmjs.org/no-case/-/no-case-2.1.0.tgz"},"maintainers":[{"name":"blakeembrey","email":"hello@blakeembrey.com"}],"_npmOperationalInternal":{"host":"packages-12-west.internal.npmjs.com","tmp":"tmp/no-case-2.1.0.tgz_1465686089635_0.8947703135199845"},"directories":{}},"2.2.0":{"name":"no-case","version":"2.2.0","description":"Remove case from a string","main":"no-case.js","typings":"no-case.d.ts","files":["no-case.js","no-case.d.ts","vendor","LICENSE"],"scripts":{"lint":"standard","test-cov":"istanbul cover node_modules/mocha/bin/_mocha -- -R spec --bail","test":"npm run build && npm run lint && npm run test-cov","build":"node build.js"},"standard":{"ignore":["coverage/**"]},"repository":{"type":"git","url":"git://github.com/blakeembrey/no-case.git"},"keywords":["no","case","space","lower","trim"],"author":{"name":"Blake Embrey","email":"hello@blakeembrey.com","url":"http://blakeembrey.me"},"license":"MIT","bugs":{"url":"https://github.com/blakeembrey/no-case/issues"},"homepage":"https://github.com/blakeembrey/no-case","devDependencies":{"chai":"^3.5.0","istanbul":"^0.4.3","mocha":"^2.1.0","standard":"^7.1.2","xregexp":"^3.1.1"},"dependencies":{"lower-case":"^1.1.1"},"gitHead":"cae764af607af1720521d2d83129837fafce029e","_id":"no-case@2.2.0","_shasum":"1f45c55a7bb30e42942ec74e5282f6b8f4495a40","_from":".","_npmVersion":"3.9.3","_nodeVersion":"6.2.1","_npmUser":{"name":"blakeembrey","email":"hello@blakeembrey.com"},"dist":{"shasum":"1f45c55a7bb30e42942ec74e5282f6b8f4495a40","tarball":"https://registry.npmjs.org/no-case/-/no-case-2.2.0.tgz"},"maintainers":[{"name":"blakeembrey","email":"hello@blakeembrey.com"}],"_npmOperationalInternal":{"host":"packages-16-east.internal.npmjs.com","tmp":"tmp/no-case-2.2.0.tgz_1465689907808_0.5101501930039376"},"directories":{}},"2.3.0":{"name":"no-case","version":"2.3.0","description":"Remove case from a string","main":"no-case.js","typings":"no-case.d.ts","files":["no-case.js","no-case.d.ts","vendor","LICENSE"],"scripts":{"lint":"standard","test-cov":"istanbul cover node_modules/mocha/bin/_mocha -- -R spec --bail","test":"npm run build && npm run lint && npm run test-cov","build":"node build.js"},"standard":{"ignore":["coverage/**"]},"repository":{"type":"git","url":"git://github.com/blakeembrey/no-case.git"},"keywords":["no","case","space","lower","trim"],"author":{"name":"Blake Embrey","email":"hello@blakeembrey.com","url":"http://blakeembrey.me"},"license":"MIT","bugs":{"url":"https://github.com/blakeembrey/no-case/issues"},"homepage":"https://github.com/blakeembrey/no-case","devDependencies":{"chai":"^3.5.0","istanbul":"^0.4.3","jsesc":"^2.2.0","mocha":"^2.1.0","standard":"^7.1.2","xregexp":"^3.1.1"},"dependencies":{"lower-case":"^1.1.1"},"gitHead":"651f544bf864011205b48736ebc3029ace0af563","_id":"no-case@2.3.0","_shasum":"ca2825ccb76b18e6f79d573dcfbf1eace33dd164","_from":".","_npmVersion":"3.9.3","_nodeVersion":"6.2.1","_npmUser":{"name":"blakeembrey","email":"hello@blakeembrey.com"},"dist":{"shasum":"ca2825ccb76b18e6f79d573dcfbf1eace33dd164","tarball":"https://registry.npmjs.org/no-case/-/no-case-2.3.0.tgz"},"maintainers":[{"name":"blakeembrey","email":"hello@blakeembrey.com"}],"_npmOperationalInternal":{"host":"packages-16-east.internal.npmjs.com","tmp":"tmp/no-case-2.3.0.tgz_1466439491980_0.6107419265899807"},"directories":{}}},"readme":"# No Case\n\n[![NPM version][npm-image]][npm-url]\n[![NPM downloads][downloads-image]][downloads-url]\n[![Build status][travis-image]][travis-url]\n[![Test coverage][coveralls-image]][coveralls-url]\n\nTransform a string to lower space cased. Optional locale and replacement character supported.\n\nSupports Unicode (non-ASCII characters) and non-string entities, such as objects with a `toString` property, numbers and booleans. Empty values (`null` and `undefined`) will result in an empty string.\n\n## Installation\n\n```\nnpm install no-case --save\n```\n\n## Usage\n\n```javascript\nvar noCase = require('no-case')\n\nnoCase(null)              //=> \"\"\nnoCase('string')          //=> \"string\"\nnoCase('dot.case')        //=> \"dot case\"\nnoCase('camelCase')       //=> \"camel case\"\nnoCase('Beyoncé Knowles') //=> \"beyoncé knowles\"\n\nnoCase('A STRING', 'tr') //=> \"a strıng\"\n\nnoCase('HELLO WORLD!', null, '_') //=> \"hello_world\"\n```\n\n## Typings\n\nIncludes a [TypeScript definition](no-case.d.ts).\n\n## License\n\nMIT\n\n[npm-image]: https://img.shields.io/npm/v/no-case.svg?style=flat\n[npm-url]: https://npmjs.org/package/no-case\n[downloads-image]: https://img.shields.io/npm/dm/no-case.svg?style=flat\n[downloads-url]: https://npmjs.org/package/no-case\n[travis-image]: https://img.shields.io/travis/blakeembrey/no-case.svg?style=flat\n[travis-url]: https://travis-ci.org/blakeembrey/no-case\n[coveralls-image]: https://img.shields.io/coveralls/blakeembrey/no-case.svg?style=flat\n[coveralls-url]: https://coveralls.io/r/blakeembrey/no-case?branch=master\n","maintainers":[{"name":"blakeembrey","email":"hello@blakeembrey.com"}],"time":{"modified":"2016-06-20T16:18:14.575Z","created":"2016-06-11T21:31:33.448Z","2.0.0":"2016-06-11T21:31:33.448Z","2.1.0":"2016-06-11T23:01:32.103Z","2.2.0":"2016-06-12T00:05:10.786Z","2.3.0":"2016-06-20T16:18:14.575Z"},"homepage":"https://github.com/blakeembrey/no-case","keywords":["no","case","space","lower","trim"],"repository":{"type":"git","url":"git://github.com/blakeembrey/no-case.git"},"author":{"name":"Blake Embrey","email":"hello@blakeembrey.com","url":"http://blakeembrey.me"},"bugs":{"url":"https://github.com/blakeembrey/no-case/issues"},"license":"MIT","readmeFilename":"README.md","_attachments":{},"_etag":"\"CINYXFNT584GIUWTH5ANRVIGT\""}