{"_id":"for-own","_rev":"9-ed4275fa3a1cba9d70c7625fa9c6240c","name":"for-own","description":"Iterate over the own enumerable properties of an object, and return an object with properties that evaluate to true from the callback. Exit early by returning `false`. JavaScript/Node.js.","dist-tags":{"latest":"0.1.4"},"versions":{"0.1.0":{"name":"for-own","description":"Iterate over the own enumerable properties of an objecte, and return an object with properties that evaluate to true from the callback. Exit early by returning `false`.","version":"0.1.0","homepage":"https://github.com/jonschlinkert/for-own","author":{"name":"Jon Schlinkert","url":"https://github.com/jonschlinkert"},"repository":{"type":"git","url":"git://github.com/jonschlinkert/for-own.git"},"bugs":{"url":"https://github.com/jonschlinkert/for-own/issues"},"licenses":[{"type":"MIT","url":"https://github.com/jonschlinkert/for-own/blob/master/LICENSE-MIT"}],"main":"index.js","engines":{"node":">=0.10.0"},"scripts":{"test":"mocha -R spec"},"dependencies":{"for-in":"^0.1.1"},"devDependencies":{"mocha":"*","should":"^4.0.4","verb":">= 0.2.6"},"keywords":["find","for-in","for-own","has","has-own","hasOwn","javascript","js","key","keys","loop","node.js","object","own","properties","property","util","utilities","utility","utils","value"],"_id":"for-own@0.1.0","_shasum":"a65efb92e7ad1d6e43b6148a5eb478f6c300eb46","_from":".","_npmVersion":"1.4.9","_npmUser":{"name":"jonschlinkert","email":"github@sellside.com"},"maintainers":[{"name":"jonschlinkert","email":"github@sellside.com"}],"dist":{"shasum":"a65efb92e7ad1d6e43b6148a5eb478f6c300eb46","tarball":"https://registry.npmjs.org/for-own/-/for-own-0.1.0.tgz"},"directories":{}},"0.1.1":{"name":"for-own","description":"Iterate over the own enumerable properties of an object, and return an object with properties that evaluate to true from the callback. Exit early by returning `false`.","version":"0.1.1","homepage":"https://github.com/jonschlinkert/for-own","author":{"name":"Jon Schlinkert","url":"https://github.com/jonschlinkert"},"repository":{"type":"git","url":"git://github.com/jonschlinkert/for-own.git"},"bugs":{"url":"https://github.com/jonschlinkert/for-own/issues"},"licenses":[{"type":"MIT","url":"https://github.com/jonschlinkert/for-own/blob/master/LICENSE-MIT"}],"main":"index.js","engines":{"node":">=0.10.0"},"scripts":{"test":"mocha -R spec"},"dependencies":{"for-in":"^0.1.1"},"devDependencies":{"mocha":"*","should":"^4.0.4","verb":">= 0.2.6"},"keywords":["find","for-in","for-own","has","has-own","hasOwn","javascript","js","key","keys","loop","node.js","object","own","properties","property","util","utilities","utility","utils","value"],"_id":"for-own@0.1.1","_shasum":"bcca55849e14bcb529f9e0240f51b517b793f997","_from":".","_npmVersion":"1.4.9","_npmUser":{"name":"jonschlinkert","email":"github@sellside.com"},"maintainers":[{"name":"jonschlinkert","email":"github@sellside.com"}],"dist":{"shasum":"bcca55849e14bcb529f9e0240f51b517b793f997","tarball":"https://registry.npmjs.org/for-own/-/for-own-0.1.1.tgz"},"directories":{}},"0.1.2":{"name":"for-own","description":"Iterate over the own enumerable properties of an object, and return an object with properties that evaluate to true from the callback. Exit early by returning `false`. JavaScript/Node.js.","version":"0.1.2","homepage":"https://github.com/jonschlinkert/for-own","author":{"name":"Jon Schlinkert","url":"https://github.com/jonschlinkert"},"repository":{"type":"git","url":"git://github.com/jonschlinkert/for-own.git"},"bugs":{"url":"https://github.com/jonschlinkert/for-own/issues"},"licenses":[{"type":"MIT","url":"https://github.com/jonschlinkert/for-own/blob/master/LICENSE-MIT"}],"main":"index.js","engines":{"node":">=0.10.0"},"scripts":{"test":"mocha -R spec"},"dependencies":{"for-in":"^0.1.1"},"devDependencies":{"mocha":"*","should":"^4.0.4","verb":">= 0.2.6"},"keywords":["find","for-in","for-own","has","has-own","hasOwn","javascript","js","key","keys","loop","node.js","object","own","properties","property","util","utilities","utility","utils","value"],"_id":"for-own@0.1.2","_shasum":"4fd2266efd46705b7bbdfc38ac4b6f8cef24ce3b","_from":".","_npmVersion":"1.4.9","_npmUser":{"name":"jonschlinkert","email":"github@sellside.com"},"maintainers":[{"name":"jonschlinkert","email":"github@sellside.com"}],"dist":{"shasum":"4fd2266efd46705b7bbdfc38ac4b6f8cef24ce3b","tarball":"https://registry.npmjs.org/for-own/-/for-own-0.1.2.tgz"},"directories":{}},"0.1.3":{"name":"for-own","description":"Iterate over the own enumerable properties of an object, and return an object with properties that evaluate to true from the callback. Exit early by returning `false`. JavaScript/Node.js.","version":"0.1.3","homepage":"https://github.com/jonschlinkert/for-own","author":{"name":"Jon Schlinkert","url":"https://github.com/jonschlinkert"},"repository":{"type":"git","url":"git://github.com/jonschlinkert/for-own.git"},"bugs":{"url":"https://github.com/jonschlinkert/for-own/issues"},"license":{"type":"MIT","url":"https://github.com/jonschlinkert/for-own/blob/master/LICENSE"},"files":["index.js"],"main":"index.js","engines":{"node":">=0.10.0"},"scripts":{"test":"mocha"},"dependencies":{"for-in":"^0.1.4"},"devDependencies":{"mocha":"*","should":"^5.2.0"},"keywords":["for-in","for-own","has","has-own","hasOwn","key","keys","object","own","value"],"gitHead":"43c5291f22b71297e1b5855236fcc35ac9ce51e4","_id":"for-own@0.1.3","_shasum":"606444cde77c2f0a11088169e2e354eaf56e74fe","_from":".","_npmVersion":"2.7.1","_nodeVersion":"1.6.2","_npmUser":{"name":"jonschlinkert","email":"github@sellside.com"},"maintainers":[{"name":"jonschlinkert","email":"github@sellside.com"}],"dist":{"shasum":"606444cde77c2f0a11088169e2e354eaf56e74fe","tarball":"https://registry.npmjs.org/for-own/-/for-own-0.1.3.tgz"},"directories":{}},"0.1.4":{"name":"for-own","description":"Iterate over the own enumerable properties of an object, and return an object with properties that evaluate to true from the callback. Exit early by returning `false`. JavaScript/Node.js.","version":"0.1.4","homepage":"https://github.com/jonschlinkert/for-own","author":{"name":"Jon Schlinkert","url":"https://github.com/jonschlinkert"},"repository":{"type":"git","url":"git+https://github.com/jonschlinkert/for-own.git"},"bugs":{"url":"https://github.com/jonschlinkert/for-own/issues"},"license":"MIT","files":["index.js"],"main":"index.js","engines":{"node":">=0.10.0"},"scripts":{"test":"mocha"},"dependencies":{"for-in":"^0.1.5"},"devDependencies":{"gulp-format-md":"^0.1.7","mocha":"^2.4.5"},"keywords":["for-in","for-own","has","has-own","hasOwn","key","keys","object","own","value"],"verb":{"run":true,"toc":false,"layout":"default","tasks":["readme"],"plugins":["gulp-format-md"],"reflinks":["verb"],"lint":{"reflinks":true}},"gitHead":"475607dc923dcc399c1bfdbecc0df4b957eb3779","_id":"for-own@0.1.4","_shasum":"0149b41a39088c7515f51ebe1c1386d45f935072","_from":".","_npmVersion":"3.6.0","_nodeVersion":"5.5.0","_npmUser":{"name":"jonschlinkert","email":"github@sellside.com"},"maintainers":[{"name":"jonschlinkert","email":"github@sellside.com"},{"name":"doowb","email":"brian.woodward@gmail.com"}],"dist":{"shasum":"0149b41a39088c7515f51ebe1c1386d45f935072","tarball":"https://registry.npmjs.org/for-own/-/for-own-0.1.4.tgz"},"_npmOperationalInternal":{"host":"packages-16-east.internal.npmjs.com","tmp":"tmp/for-own-0.1.4.tgz_1459091314670_0.658134751021862"},"directories":{}}},"readme":"# for-own [![NPM version](https://badge.fury.io/js/for-own.svg)](http://badge.fury.io/js/for-own)\n\n> Iterate over the own and inherited enumerable properties of an object, and return an object with properties that evaluate to true from the callback. Exit early by returning `false`.\n\n## Install\n#### Install with [npm](https://www.npmjs.com/):\n\n```bash\nnpm i for-own --save\n```\n\n## Run tests\n\n```bash\nnpm test\n```\n\n## Usage\n\n```js\nvar forOwn = require('for-own');\n\nvar obj = {a: 'foo', b: 'bar', c: 'baz'};\nvar values = [];\nvar keys = [];\n\nforOwn(obj, function (value, key, o) {\n  keys.push(key);\n  values.push(value);\n});\n\nconsole.log(keys);\n//=> ['a', 'b', 'c'];\n\nconsole.log(values);\n//=> ['foo', 'bar', 'baz'];\n```\n\n## Author\n\n**Jon Schlinkert**\n\n+ [github/jonschlinkert](https://github.com/jonschlinkert)\n+ [twitter/jonschlinkert](http://twitter.com/jonschlinkert)\n\n## License\nCopyright (c) 2014 Jon Schlinkert, contributors.\nReleased under the MIT license\n\n***\n\n_This file was generated by [verb-cli](https://github.com/assemble/verb-cli) on September 20, 2014._\n","maintainers":[{"name":"jonschlinkert","email":"github@sellside.com"},{"name":"doowb","email":"brian.woodward@gmail.com"}],"time":{"modified":"2016-03-27T15:08:35.595Z","created":"2014-09-20T23:32:54.980Z","0.1.0":"2014-09-20T23:32:54.980Z","0.1.1":"2014-09-20T23:34:04.887Z","0.1.2":"2014-10-06T02:23:31.983Z","0.1.3":"2015-03-24T06:26:21.194Z","0.1.4":"2016-03-27T15:08:35.595Z"},"homepage":"https://github.com/jonschlinkert/for-own","keywords":["for-in","for-own","has","has-own","hasOwn","key","keys","object","own","value"],"repository":{"type":"git","url":"git+https://github.com/jonschlinkert/for-own.git"},"author":{"name":"Jon Schlinkert","url":"https://github.com/jonschlinkert"},"bugs":{"url":"https://github.com/jonschlinkert/for-own/issues"},"readmeFilename":"README.md","license":"MIT","_attachments":{},"_etag":"\"EJMVMY3SZF1YGTTI9W3900EYE\""}