{"_id":"mkdirp","_rev":"279-3364597e0ee420323fffb4c8cfef946a","name":"mkdirp","description":"Recursively mkdir, like `mkdir -p`","dist-tags":{"latest":"0.5.1"},"versions":{"0.0.1":{"name":"mkdirp","description":"Recursively mkdir, like `mkdir -p`","version":"0.0.1","author":{"name":"James Halliday","email":"mail@substack.net","url":"http://substack.net"},"modules":{"index":"./index"},"keywords":["mkdir","directory"],"repository":{"type":"git","url":"http://github.com/substack/node-mkdirp.git"},"engines":{"node":"*"},"_id":"mkdirp@0.0.1","_nodeSupported":true,"_npmVersion":"0.2.12-1","_nodeVersion":"v0.2.5","dist":{"shasum":"3fbd9f4711a5234233dc6c9d7a052d4b9f83b416","tarball":"https://registry.npmjs.org/mkdirp/-/mkdirp-0.0.1.tgz"},"directories":{}},"0.0.2":{"name":"mkdirp","description":"Recursively mkdir, like `mkdir -p`","version":"0.0.2","author":{"name":"James Halliday","email":"mail@substack.net","url":"http://substack.net"},"main":"./index","keywords":["mkdir","directory"],"repository":{"type":"git","url":"http://github.com/substack/node-mkdirp.git"},"license":"MIT/X11","engines":{"node":"*"},"_id":"mkdirp@0.0.2","_engineSupported":true,"_npmVersion":"0.2.18","_nodeVersion":"v0.3.8-pre","directories":{},"files":[""],"_defaultsLoaded":true,"dist":{"shasum":"d9438082daac12691c71d64076706c8a5c3511b6","tarball":"https://registry.npmjs.org/mkdirp/-/mkdirp-0.0.2.tgz"}},"0.0.3":{"name":"mkdirp","description":"Recursively mkdir, like `mkdir -p`","version":"0.0.3","author":{"name":"James Halliday","email":"mail@substack.net","url":"http://substack.net"},"main":"./index","keywords":["mkdir","directory"],"repository":{"type":"git","url":"git://github.com/substack/node-mkdirp.git"},"scripts":{"test":"expresso"},"devDependencies":{"expresso":"0.7.x"},"license":"MIT/X11","engines":{"node":"*"},"_id":"mkdirp@0.0.3","dependencies":{},"_engineSupported":true,"_npmVersion":"1.0.10","_nodeVersion":"v0.5.0-pre","_defaultsLoaded":true,"dist":{"shasum":"5a7d88a26857023759ffee7fe4c0b28b0f0066b9","tarball":"https://registry.npmjs.org/mkdirp/-/mkdirp-0.0.3.tgz"},"directories":{}},"0.0.4":{"name":"mkdirp","description":"Recursively mkdir, like `mkdir -p`","version":"0.0.4","author":{"name":"James Halliday","email":"mail@substack.net","url":"http://substack.net"},"main":"./index","keywords":["mkdir","directory"],"repository":{"type":"git","url":"git://github.com/substack/node-mkdirp.git"},"scripts":{"test":"expresso"},"devDependencies":{"expresso":"0.7.x"},"license":"MIT/X11","engines":{"node":"*"},"_id":"mkdirp@0.0.4","dependencies":{},"_engineSupported":true,"_npmVersion":"1.0.10","_nodeVersion":"v0.5.0-pre","_defaultsLoaded":true,"dist":{"shasum":"fbb491deec0b9b00869f52582e5f431b3681d2f5","tarball":"https://registry.npmjs.org/mkdirp/-/mkdirp-0.0.4.tgz"},"directories":{}},"0.0.5":{"name":"mkdirp","description":"Recursively mkdir, like `mkdir -p`","version":"0.0.5","author":{"name":"James Halliday","email":"mail@substack.net","url":"http://substack.net"},"main":"./index","keywords":["mkdir","directory"],"repository":{"type":"git","url":"git://github.com/substack/node-mkdirp.git"},"scripts":{"test":"expresso"},"devDependencies":{"expresso":"0.7.x"},"license":"MIT/X11","engines":{"node":"*"},"_id":"mkdirp@0.0.5","dependencies":{},"_engineSupported":true,"_npmVersion":"1.0.10","_nodeVersion":"v0.5.0-pre","_defaultsLoaded":true,"dist":{"shasum":"375facfa634b17dcdf734c56f59ddae5102811c8","tarball":"https://registry.npmjs.org/mkdirp/-/mkdirp-0.0.5.tgz"},"directories":{}},"0.0.6":{"name":"mkdirp","description":"Recursively mkdir, like `mkdir -p`","version":"0.0.6","author":{"name":"James Halliday","email":"mail@substack.net","url":"http://substack.net"},"main":"./index","keywords":["mkdir","directory"],"repository":{"type":"git","url":"git://github.com/substack/node-mkdirp.git"},"scripts":{"test":"expresso"},"devDependencies":{"expresso":"0.7.x"},"license":"MIT/X11","engines":{"node":"*"},"_id":"mkdirp@0.0.6","dependencies":{},"_engineSupported":true,"_npmVersion":"1.0.10","_nodeVersion":"v0.5.0-pre","_defaultsLoaded":true,"dist":{"shasum":"0965de71060cf5e237ffa795243cb5d9a78d335b","tarball":"https://registry.npmjs.org/mkdirp/-/mkdirp-0.0.6.tgz"},"maintainers":[{"name":"substack","email":"mail@substack.net"}],"directories":{}},"0.0.7":{"name":"mkdirp","description":"Recursively mkdir, like `mkdir -p`","version":"0.0.7","author":{"name":"James Halliday","email":"mail@substack.net","url":"http://substack.net"},"main":"./index","keywords":["mkdir","directory"],"repository":{"type":"git","url":"git://github.com/substack/node-mkdirp.git"},"scripts":{"test":"node node_modules/tap/bin/tap.js test/*.js"},"devDependencies":{"tap":"0.0.x"},"license":"MIT/X11","engines":{"node":"*"},"_id":"mkdirp@0.0.7","dependencies":{},"_engineSupported":true,"_npmVersion":"1.0.10","_nodeVersion":"v0.5.0-pre","_defaultsLoaded":true,"dist":{"shasum":"d89b4f0e4c3e5e5ca54235931675e094fe1a5072","tarball":"https://registry.npmjs.org/mkdirp/-/mkdirp-0.0.7.tgz"},"maintainers":[{"name":"substack","email":"mail@substack.net"}],"directories":{}},"0.1.0":{"name":"mkdirp","description":"Recursively mkdir, like `mkdir -p`","version":"0.1.0","author":{"name":"James Halliday","email":"mail@substack.net","url":"http://substack.net"},"main":"./index","keywords":["mkdir","directory"],"repository":{"type":"git","url":"git://github.com/substack/node-mkdirp.git"},"scripts":{"test":"tap test/*.js"},"devDependencies":{"tap":"0.0.x"},"license":"MIT/X11","engines":{"node":"*"},"_npmUser":{"name":"substack","email":"mail@substack.net"},"_id":"mkdirp@0.1.0","dependencies":{},"_engineSupported":true,"_npmVersion":"1.0.101","_nodeVersion":"v0.4.12","_defaultsLoaded":true,"dist":{"shasum":"53212930f7bd75f187b6c8688eb0a5fd69b7d118","tarball":"https://registry.npmjs.org/mkdirp/-/mkdirp-0.1.0.tgz"},"maintainers":[{"name":"substack","email":"mail@substack.net"}],"directories":{}},"0.2.0":{"name":"mkdirp","description":"Recursively mkdir, like `mkdir -p`","version":"0.2.0","author":{"name":"James Halliday","email":"mail@substack.net","url":"http://substack.net"},"main":"./index","keywords":["mkdir","directory"],"repository":{"type":"git","url":"git://github.com/substack/node-mkdirp.git"},"scripts":{"test":"tap test/*.js"},"devDependencies":{"tap":"0.0.x"},"license":"MIT/X11","engines":{"node":"*"},"_npmUser":{"name":"substack","email":"mail@substack.net"},"_id":"mkdirp@0.2.0","dependencies":{},"_engineSupported":true,"_npmVersion":"1.0.101","_nodeVersion":"v0.4.12","_defaultsLoaded":true,"dist":{"shasum":"29dd87f198880b568d1efce0980e7231b048f3aa","tarball":"https://registry.npmjs.org/mkdirp/-/mkdirp-0.2.0.tgz"},"maintainers":[{"name":"substack","email":"mail@substack.net"}],"directories":{}},"0.2.1":{"name":"mkdirp","description":"Recursively mkdir, like `mkdir -p`","version":"0.2.1","author":{"name":"James Halliday","email":"mail@substack.net","url":"http://substack.net"},"main":"./index","keywords":["mkdir","directory"],"repository":{"type":"git","url":"git://github.com/substack/node-mkdirp.git"},"scripts":{"test":"tap test/*.js"},"devDependencies":{"tap":"0.0.x"},"license":"MIT/X11","engines":{"node":"*"},"_npmUser":{"name":"substack","email":"mail@substack.net"},"_id":"mkdirp@0.2.1","dependencies":{},"_engineSupported":true,"_npmVersion":"1.0.101","_nodeVersion":"v0.4.12","_defaultsLoaded":true,"dist":{"shasum":"2ef920435c8511e135137a33f18a9e40cf9dd166","tarball":"https://registry.npmjs.org/mkdirp/-/mkdirp-0.2.1.tgz"},"maintainers":[{"name":"substack","email":"mail@substack.net"}],"directories":{}},"0.2.2":{"name":"mkdirp","description":"Recursively mkdir, like `mkdir -p`","version":"0.2.2","author":{"name":"James Halliday","email":"mail@substack.net","url":"http://substack.net"},"main":"./index","keywords":["mkdir","directory"],"repository":{"type":"git","url":"git://github.com/substack/node-mkdirp.git"},"scripts":{"test":"tap test/*.js"},"devDependencies":{"tap":"0.0.x"},"license":"MIT/X11","engines":{"node":"*"},"_npmUser":{"name":"substack","email":"mail@substack.net"},"_id":"mkdirp@0.2.2","dependencies":{},"_engineSupported":true,"_npmVersion":"1.0.106","_nodeVersion":"v0.4.12","_defaultsLoaded":true,"dist":{"shasum":"7235f2a2062aaf3619189b9f4772114c30944498","tarball":"https://registry.npmjs.org/mkdirp/-/mkdirp-0.2.2.tgz"},"maintainers":[{"name":"substack","email":"mail@substack.net"}],"directories":{}},"0.3.0":{"name":"mkdirp","description":"Recursively mkdir, like `mkdir -p`","version":"0.3.0","author":{"name":"James Halliday","email":"mail@substack.net","url":"http://substack.net"},"main":"./index","keywords":["mkdir","directory"],"repository":{"type":"git","url":"git://github.com/substack/node-mkdirp.git"},"scripts":{"test":"tap test/*.js"},"devDependencies":{"tap":"0.0.x"},"license":"MIT/X11","engines":{"node":"*"},"_npmUser":{"name":"substack","email":"mail@substack.net"},"_id":"mkdirp@0.3.0","dependencies":{},"_engineSupported":true,"_npmVersion":"1.0.106","_nodeVersion":"v0.4.12","_defaultsLoaded":true,"dist":{"shasum":"1bbf5ab1ba827af23575143490426455f481fe1e","tarball":"https://registry.npmjs.org/mkdirp/-/mkdirp-0.3.0.tgz"},"maintainers":[{"name":"substack","email":"mail@substack.net"}],"directories":{}},"0.3.1":{"name":"mkdirp","description":"Recursively mkdir, like `mkdir -p`","version":"0.3.1","author":{"name":"James Halliday","email":"mail@substack.net","url":"http://substack.net"},"main":"./index","keywords":["mkdir","directory"],"repository":{"type":"git","url":"git://github.com/substack/node-mkdirp.git"},"scripts":{"test":"tap test/*.js"},"devDependencies":{"tap":"~0.2.4"},"license":"MIT/X11","engines":{"node":"*"},"_npmUser":{"name":"substack","email":"mail@substack.net"},"_id":"mkdirp@0.3.1","dependencies":{},"optionalDependencies":{},"_engineSupported":true,"_npmVersion":"1.1.1","_nodeVersion":"v0.6.11","_defaultsLoaded":true,"dist":{"shasum":"bee3db22a2aa1c81d4b4c0db39c7da9888799593","tarball":"https://registry.npmjs.org/mkdirp/-/mkdirp-0.3.1.tgz"},"maintainers":[{"name":"substack","email":"mail@substack.net"}],"directories":{}},"0.3.2":{"name":"mkdirp","description":"Recursively mkdir, like `mkdir -p`","version":"0.3.2","author":{"name":"James Halliday","email":"mail@substack.net","url":"http://substack.net"},"main":"./index","keywords":["mkdir","directory"],"repository":{"type":"git","url":"git://github.com/substack/node-mkdirp.git"},"scripts":{"test":"tap test/*.js"},"devDependencies":{"tap":"~0.2.4"},"license":"MIT/X11","engines":{"node":"*"},"_npmUser":{"name":"substack","email":"mail@substack.net"},"_id":"mkdirp@0.3.2","dependencies":{},"optionalDependencies":{},"_engineSupported":true,"_npmVersion":"1.1.1","_nodeVersion":"v0.6.11","_defaultsLoaded":true,"dist":{"shasum":"4bfb891e9c48b93d6b567f2c3cf2dd3f56bcdef8","tarball":"https://registry.npmjs.org/mkdirp/-/mkdirp-0.3.2.tgz"},"maintainers":[{"name":"substack","email":"mail@substack.net"}],"directories":{}},"0.3.3":{"name":"mkdirp","description":"Recursively mkdir, like `mkdir -p`","version":"0.3.3","author":{"name":"James Halliday","email":"mail@substack.net","url":"http://substack.net"},"main":"./index","keywords":["mkdir","directory"],"repository":{"type":"git","url":"git://github.com/substack/node-mkdirp.git"},"scripts":{"test":"tap test/*.js"},"devDependencies":{"tap":"~0.2.4"},"license":"MIT/X11","engines":{"node":"*"},"_npmUser":{"name":"substack","email":"mail@substack.net"},"_id":"mkdirp@0.3.3","dependencies":{},"optionalDependencies":{},"_engineSupported":true,"_npmVersion":"1.1.19","_nodeVersion":"v0.6.11","_defaultsLoaded":true,"dist":{"shasum":"595e251c1370c3a68bab2136d0e348b8105adf13","tarball":"https://registry.npmjs.org/mkdirp/-/mkdirp-0.3.3.tgz"},"maintainers":[{"name":"substack","email":"mail@substack.net"}],"directories":{}},"0.3.4":{"name":"mkdirp","description":"Recursively mkdir, like `mkdir -p`","version":"0.3.4","author":{"name":"James Halliday","email":"mail@substack.net","url":"http://substack.net"},"main":"./index","keywords":["mkdir","directory"],"repository":{"type":"git","url":"http://github.com/substack/node-mkdirp.git"},"scripts":{"test":"tap test/*.js"},"devDependencies":{"tap":"~0.2.4"},"license":"MIT/X11","engines":{"node":"*"},"_id":"mkdirp@0.3.4","dist":{"shasum":"f8c81d213b7299a031f193a57d752a17d2f6c7d8","tarball":"https://registry.npmjs.org/mkdirp/-/mkdirp-0.3.4.tgz"},"maintainers":[{"name":"substack","email":"mail@substack.net"}],"directories":{}},"0.3.5":{"name":"mkdirp","description":"Recursively mkdir, like `mkdir -p`","version":"0.3.5","author":{"name":"James Halliday","email":"mail@substack.net","url":"http://substack.net"},"main":"./index","keywords":["mkdir","directory"],"repository":{"type":"git","url":"http://github.com/substack/node-mkdirp.git"},"scripts":{"test":"tap test/*.js"},"devDependencies":{"tap":"~0.4.0"},"license":"MIT","_id":"mkdirp@0.3.5","dist":{"shasum":"de3e5f8961c88c787ee1368df849ac4413eca8d7","tarball":"https://registry.npmjs.org/mkdirp/-/mkdirp-0.3.5.tgz"},"_from":".","_npmVersion":"1.2.2","_npmUser":{"name":"substack","email":"mail@substack.net"},"maintainers":[{"name":"substack","email":"mail@substack.net"}],"directories":{}},"0.4.0":{"name":"mkdirp","description":"Recursively mkdir, like `mkdir -p`","version":"0.4.0","author":{"name":"James Halliday","email":"mail@substack.net","url":"http://substack.net"},"main":"./index","keywords":["mkdir","directory"],"repository":{"type":"git","url":"http://github.com/substack/node-mkdirp.git"},"scripts":{"test":"tap test/*.js"},"devDependencies":{"tap":"~0.4.0"},"bin":{"mkdirp":"bin/cmd.js"},"license":"MIT","bugs":{"url":"https://github.com/substack/node-mkdirp/issues"},"homepage":"https://github.com/substack/node-mkdirp","_id":"mkdirp@0.4.0","dist":{"shasum":"291ac2a2d43a19c478662577b5be846fe83b5923","tarball":"https://registry.npmjs.org/mkdirp/-/mkdirp-0.4.0.tgz"},"_from":".","_npmVersion":"1.4.3","_npmUser":{"name":"substack","email":"mail@substack.net"},"maintainers":[{"name":"substack","email":"mail@substack.net"}],"directories":{}},"0.4.1":{"name":"mkdirp","description":"Recursively mkdir, like `mkdir -p`","version":"0.4.1","author":{"name":"James Halliday","email":"mail@substack.net","url":"http://substack.net"},"main":"./index","keywords":["mkdir","directory"],"repository":{"type":"git","url":"http://github.com/substack/node-mkdirp.git"},"scripts":{"test":"tap test/*.js"},"dependencies":{"minimist":"0.0.8"},"devDependencies":{"tap":"~0.4.0"},"bin":{"mkdirp":"bin/cmd.js"},"license":"MIT","bugs":{"url":"https://github.com/substack/node-mkdirp/issues"},"homepage":"https://github.com/substack/node-mkdirp","_id":"mkdirp@0.4.1","dist":{"shasum":"4d467afabfdf8ae460c2da656eae8f7b21af4558","tarball":"https://registry.npmjs.org/mkdirp/-/mkdirp-0.4.1.tgz"},"_from":".","_npmVersion":"1.4.3","_npmUser":{"name":"substack","email":"mail@substack.net"},"maintainers":[{"name":"substack","email":"mail@substack.net"}],"directories":{}},"0.4.2":{"name":"mkdirp","description":"Recursively mkdir, like `mkdir -p`","version":"0.4.2","author":{"name":"James Halliday","email":"mail@substack.net","url":"http://substack.net"},"main":"./index","keywords":["mkdir","directory"],"repository":{"type":"git","url":"https://github.com/substack/node-mkdirp.git"},"scripts":{"test":"tap test/*.js"},"dependencies":{"minimist":"0.0.8"},"devDependencies":{"tap":"~0.4.0"},"bin":{"mkdirp":"bin/cmd.js"},"license":"MIT","bugs":{"url":"https://github.com/substack/node-mkdirp/issues"},"homepage":"https://github.com/substack/node-mkdirp","_id":"mkdirp@0.4.2","dist":{"shasum":"427c8c18ece398b932f6f666f4e1e5b7740e78c8","tarball":"https://registry.npmjs.org/mkdirp/-/mkdirp-0.4.2.tgz"},"_from":".","_npmVersion":"1.4.3","_npmUser":{"name":"substack","email":"mail@substack.net"},"maintainers":[{"name":"substack","email":"mail@substack.net"}],"directories":{}},"0.5.0":{"name":"mkdirp","description":"Recursively mkdir, like `mkdir -p`","version":"0.5.0","author":{"name":"James Halliday","email":"mail@substack.net","url":"http://substack.net"},"main":"./index","keywords":["mkdir","directory"],"repository":{"type":"git","url":"https://github.com/substack/node-mkdirp.git"},"scripts":{"test":"tap test/*.js"},"dependencies":{"minimist":"0.0.8"},"devDependencies":{"tap":"~0.4.0","mock-fs":"~2.2.0"},"bin":{"mkdirp":"bin/cmd.js"},"license":"MIT","bugs":{"url":"https://github.com/substack/node-mkdirp/issues"},"homepage":"https://github.com/substack/node-mkdirp","_id":"mkdirp@0.5.0","dist":{"shasum":"1d73076a6df986cd9344e15e71fcc05a4c9abf12","tarball":"https://registry.npmjs.org/mkdirp/-/mkdirp-0.5.0.tgz"},"_from":".","_npmVersion":"1.4.3","_npmUser":{"name":"substack","email":"mail@substack.net"},"maintainers":[{"name":"substack","email":"mail@substack.net"}],"directories":{}},"0.5.1":{"name":"mkdirp","description":"Recursively mkdir, like `mkdir -p`","version":"0.5.1","author":{"name":"James Halliday","email":"mail@substack.net","url":"http://substack.net"},"main":"index.js","keywords":["mkdir","directory"],"repository":{"type":"git","url":"git+https://github.com/substack/node-mkdirp.git"},"scripts":{"test":"tap test/*.js"},"dependencies":{"minimist":"0.0.8"},"devDependencies":{"tap":"1","mock-fs":"2 >=2.7.0"},"bin":{"mkdirp":"bin/cmd.js"},"license":"MIT","gitHead":"d4eff0f06093aed4f387e88e9fc301cb76beedc7","bugs":{"url":"https://github.com/substack/node-mkdirp/issues"},"homepage":"https://github.com/substack/node-mkdirp#readme","_id":"mkdirp@0.5.1","_shasum":"30057438eac6cf7f8c4767f38648d6697d75c903","_from":".","_npmVersion":"2.9.0","_nodeVersion":"2.0.0","_npmUser":{"name":"substack","email":"substack@gmail.com"},"dist":{"shasum":"30057438eac6cf7f8c4767f38648d6697d75c903","tarball":"https://registry.npmjs.org/mkdirp/-/mkdirp-0.5.1.tgz"},"maintainers":[{"name":"substack","email":"mail@substack.net"}],"directories":{}}},"maintainers":[{"name":"substack","email":"mail@substack.net"}],"time":{"modified":"2016-10-19T03:40:27.963Z","created":"2011-01-06T02:54:36.080Z","0.0.1":"2011-01-06T02:54:36.496Z","0.0.2":"2011-02-14T20:11:44.988Z","0.0.3":"2011-06-20T04:02:44.361Z","0.0.4":"2011-06-29T00:28:32.272Z","0.0.5":"2011-06-29T18:22:05.839Z","0.0.6":"2011-08-20T21:37:10.730Z","0.0.7":"2011-09-10T22:50:08.879Z","0.1.0":"2011-11-06T06:32:23.379Z","0.2.0":"2011-11-16T05:32:17.036Z","0.2.1":"2011-11-16T09:26:51.089Z","0.2.2":"2012-01-08T05:02:35.484Z","0.3.0":"2012-01-20T02:20:42.042Z","0.3.1":"2012-03-31T19:51:38.912Z","0.3.2":"2012-04-30T08:52:12.424Z","0.3.3":"2012-06-05T15:54:31.889Z","0.3.4":"2012-08-20T12:27:24.983Z","0.3.5":"2013-02-22T11:44:25.486Z","0.4.0":"2014-04-22T22:21:21.058Z","0.4.1":"2014-05-04T02:20:59.368Z","0.4.2":"2014-05-06T01:40:35.608Z","0.5.0":"2014-05-06T02:28:23.769Z","0.5.1":"2015-05-14T02:27:01.553Z"},"author":{"name":"James Halliday","email":"mail@substack.net","url":"http://substack.net"},"repository":{"type":"git","url":"git+https://github.com/substack/node-mkdirp.git"},"users":{"pid":true,"dodo":true,"tellnes":true,"fgribreau":true,"jswartwood":true,"m42am":true,"superjoe":true,"chrisdickinson":true,"michaelnisi":true,"dannydulai":true,"dbrockman":true,"jpoehls":true,"chilts":true,"jamesmgreene":true,"forbeslindesay":true,"mvolkmann":true,"netroy":true,"kastor":true,"florianwendelborn":true,"werle":true,"pana":true,"isaacs":true,"polotek":true,"timur.shemsedinov":true,"jacques":true,"cilindrox":true,"greelgorke":true,"esundahl":true,"alanbhamilton":true,"coderaiser":true,"feross":true,"seldo":true,"tarcio":true,"biggora":true,"jifeng":true,"leventkaragol":true,"maxzhang":true,"cocopas":true,"peterbeno":true,"jacoborus":true,"zeusdeux":true,"redmed":true,"jacksontian":true,"solodu":true,"davidrlee":true,"sdolard":true,"krry":true,"tchey":true,"atd":true,"fill":true,"omrilotan":true,"pingjiang":true,"bmpvieira":true,"buster":true,"yourhoneysky":true,"asantiago":true,"caudralys":true,"ali1k":true,"peckzeg":true,"shieldax":true,"ryanj":true,"mihaiv":true,"lupus":true,"ycloud":true,"nayrangnu":true,"larixk":true,"masonwan":true,"f124275809":true,"cellule":true,"pdilyard":true,"hzapata":true,"tmypawa":true,"benoror":true,"mpcref":true,"kulakowka":true,"trusktr":true,"jakeginnivan":true,"pnevares":true,"seanjh":true,"pstoev":true,"subchen":true,"schnittstabil":true,"rbartoli":true,"shaneli":true,"itonyyo":true,"icirellik":true,"akiva":true,"mysticatea":true,"kelerliao":true,"wangnan0610":true,"mjwilliams":true,"jasoncmcg":true,"nwinant":true,"khaledkaram":true,"marcghorayeb":true,"elrolito":true,"shriek":true,"garrickajo":true,"ddffx":true,"mattms":true,"axelav":true,"ocd_lionel":true,"kappuccino":true,"emiljohansson":true,"pirijan":true,"ugarz":true,"nice_body":true,"sixertoy":true,"mikend":true,"nketchum":true,"evan2x":true,"jasonevrtt":true,"parkerproject":true,"gamr":true,"incendiary":true,"alectic":true,"anhulife":true,"galenandrew":true,"rwhogg":true,"jermspeaks":true,"snowdream":true,"pandao":true,"wkaifang":true,"dongxu":true,"h0ward":true,"kikna":true,"ambdxtrch":true,"flozz":true,"ericwbailey":true,"leahcimic":true,"bojand":true,"hacksalot":true,"bjmin":true,"sammkj":true,"dolymood":true,"behrangsa":true,"acewinnielee":true,"coolhanddev":true,"kontrax":true,"dankle":true,"grantcarthew":true,"kmck":true,"vutran":true,"donvercety":true,"chris-me":true,"bwade231":true,"baoang":true,"nhz.io":true,"roman-io":true,"zoxon":true,"klombomb":true,"rwnet":true,"igorpupkinable":true,"spanser":true,"zhouanbo":true,"danielbankhead":true,"recursion_excursion":true,"teaera":true,"guananddu":true,"potnox":true,"fleischer":true,"spacerockzero":true,"xieranmaya":true,"daip":true,"farskipper":true,"james3299":true,"nickytonline":true,"joneszhuchinagd":true,"manxisuo":true,"morrelinko":true,"junjiansyu":true,"ivanempire":true,"jgrl":true,"superchenney":true,"hingsir":true,"kempfcreative":true,"nickeltobias":true,"marsking":true,"amdsouza92":true,"lotuslwb":true,"razr9":true,"unapersona":true,"i-erokhin":true,"miga":true,"programmer.severson":true,"ozgrozer":true,"raigorx":true,"aicest":true,"csbun":true,"narven":true,"zhoutk":true,"davidnyhuis":true,"wuyangwang":true,"sqrtthree":true,"troygizzi":true},"keywords":["mkdir","directory"],"license":"MIT","readme":"# mkdirp\n\nLike `mkdir -p`, but in node.js!\n\n[![build status](https://secure.travis-ci.org/substack/node-mkdirp.png)](http://travis-ci.org/substack/node-mkdirp)\n\n# example\n\n## pow.js\n\n```js\nvar mkdirp = require('mkdirp');\n    \nmkdirp('/tmp/foo/bar/baz', function (err) {\n    if (err) console.error(err)\n    else console.log('pow!')\n});\n```\n\nOutput\n\n```\npow!\n```\n\nAnd now /tmp/foo/bar/baz exists, huzzah!\n\n# methods\n\n```js\nvar mkdirp = require('mkdirp');\n```\n\n## mkdirp(dir, opts, cb)\n\nCreate a new directory and any necessary subdirectories at `dir` with octal\npermission string `opts.mode`. If `opts` is a non-object, it will be treated as\nthe `opts.mode`.\n\nIf `opts.mode` isn't specified, it defaults to `0777 & (~process.umask())`.\n\n`cb(err, made)` fires with the error or the first directory `made`\nthat had to be created, if any.\n\nYou can optionally pass in an alternate `fs` implementation by passing in\n`opts.fs`. Your implementation should have `opts.fs.mkdir(path, mode, cb)` and\n`opts.fs.stat(path, cb)`.\n\n## mkdirp.sync(dir, opts)\n\nSynchronously create a new directory and any necessary subdirectories at `dir`\nwith octal permission string `opts.mode`. If `opts` is a non-object, it will be\ntreated as the `opts.mode`.\n\nIf `opts.mode` isn't specified, it defaults to `0777 & (~process.umask())`.\n\nReturns the first directory that had to be created, if any.\n\nYou can optionally pass in an alternate `fs` implementation by passing in\n`opts.fs`. Your implementation should have `opts.fs.mkdirSync(path, mode)` and\n`opts.fs.statSync(path)`.\n\n# usage\n\nThis package also ships with a `mkdirp` command.\n\n```\nusage: mkdirp [DIR1,DIR2..] {OPTIONS}\n\n  Create each supplied directory including any necessary parent directories that\n  don't yet exist.\n  \n  If the directory already exists, do nothing.\n\nOPTIONS are:\n\n  -m, --mode   If a directory needs to be created, set the mode as an octal\n               permission string.\n\n```\n\n# install\n\nWith [npm](http://npmjs.org) do:\n\n```\nnpm install mkdirp\n```\n\nto get the library, or\n\n```\nnpm install -g mkdirp\n```\n\nto get the command.\n\n# license\n\nMIT\n","readmeFilename":"readme.markdown","homepage":"https://github.com/substack/node-mkdirp#readme","bugs":{"url":"https://github.com/substack/node-mkdirp/issues"},"_attachments":{},"_etag":"\"DSR3BULDD0EWJ0DWK90U8P391\""}