{"_id":"arrify","_rev":"7-d5fb6cda740513cac464730e1cde4a90","name":"arrify","description":"Convert a value to an array","dist-tags":{"latest":"1.0.1"},"versions":{"1.0.0":{"name":"arrify","version":"1.0.0","description":"Convert a value to an array","license":"MIT","repository":{"type":"git","url":"https://github.com/sindresorhus/arrify"},"author":{"name":"Sindre Sorhus","email":"sindresorhus@gmail.com","url":"sindresorhus.com"},"engines":{"node":">=0.10.0"},"scripts":{"test":"node test.js"},"files":["index.js"],"keywords":["array","arr","arrify","arrayify","convert","value"],"devDependencies":{"ava":"0.0.4"},"gitHead":"4576e944677c722c356480b17a6d709d34d0733c","bugs":{"url":"https://github.com/sindresorhus/arrify/issues"},"homepage":"https://github.com/sindresorhus/arrify","_id":"arrify@1.0.0","_shasum":"d6c361518250802fa2147ea7fb67597128cb8c81","_from":".","_npmVersion":"2.5.0","_nodeVersion":"0.12.0","_npmUser":{"name":"sindresorhus","email":"sindresorhus@gmail.com"},"maintainers":[{"name":"sindresorhus","email":"sindresorhus@gmail.com"}],"dist":{"shasum":"d6c361518250802fa2147ea7fb67597128cb8c81","tarball":"https://registry.npmjs.org/arrify/-/arrify-1.0.0.tgz"},"directories":{}},"1.0.1":{"name":"arrify","version":"1.0.1","description":"Convert a value to an array","license":"MIT","repository":{"type":"git","url":"git+https://github.com/sindresorhus/arrify.git"},"author":{"name":"Sindre Sorhus","email":"sindresorhus@gmail.com","url":"sindresorhus.com"},"engines":{"node":">=0.10.0"},"scripts":{"test":"xo && ava"},"files":["index.js"],"keywords":["array","arr","arrify","arrayify","convert","value"],"devDependencies":{"ava":"*","xo":"*"},"gitHead":"087edee1a58d5adaac6cae5a107886121ef43783","bugs":{"url":"https://github.com/sindresorhus/arrify/issues"},"homepage":"https://github.com/sindresorhus/arrify#readme","_id":"arrify@1.0.1","_shasum":"898508da2226f380df904728456849c1501a4b0d","_from":".","_npmVersion":"3.5.2","_nodeVersion":"4.2.1","_npmUser":{"name":"sindresorhus","email":"sindresorhus@gmail.com"},"dist":{"shasum":"898508da2226f380df904728456849c1501a4b0d","tarball":"https://registry.npmjs.org/arrify/-/arrify-1.0.1.tgz"},"maintainers":[{"name":"sindresorhus","email":"sindresorhus@gmail.com"}],"directories":{}}},"readme":"# arrify [![Build Status](https://travis-ci.org/sindresorhus/arrify.svg?branch=master)](https://travis-ci.org/sindresorhus/arrify)\n\n> Convert a value to an array\n\n\n## Install\n\n```\n$ npm install --save arrify\n```\n\n\n## Usage\n\n```js\nconst arrify = require('arrify');\n\narrify('unicorn');\n//=> ['unicorn']\n\narrify(['unicorn']);\n//=> ['unicorn']\n\narrify(null);\n//=> []\n\narrify(undefined);\n//=> []\n```\n\n*Supplying `null` or `undefined` results in an empty array.*\n\n\n## License\n\nMIT © [Sindre Sorhus](http://sindresorhus.com)\n","maintainers":[{"name":"sindresorhus","email":"sindresorhus@gmail.com"}],"time":{"modified":"2015-12-09T17:48:38.769Z","created":"2015-02-16T14:59:57.330Z","1.0.0":"2015-02-16T14:59:57.330Z","1.0.1":"2015-12-09T17:48:38.769Z"},"homepage":"https://github.com/sindresorhus/arrify#readme","keywords":["array","arr","arrify","arrayify","convert","value"],"repository":{"type":"git","url":"git+https://github.com/sindresorhus/arrify.git"},"author":{"name":"Sindre Sorhus","email":"sindresorhus@gmail.com","url":"sindresorhus.com"},"bugs":{"url":"https://github.com/sindresorhus/arrify/issues"},"license":"MIT","readmeFilename":"readme.md","users":{"vlazar":true,"wenbing":true,"youstrive":true,"nichoth":true},"_attachments":{},"_etag":"\"EUGFAKW89GG1TRUKS22W9VP8U\""}