{"_id":"arr-flatten","_rev":"11-6400c3bb911e8d9715912d2b1ce1c3cf","name":"arr-flatten","description":"Recursively flatten an array or arrays. This is the fastest implementation of array flatten.","dist-tags":{"latest":"1.0.1"},"versions":{"0.1.0":{"name":"arr-flatten","description":"Recursively flatten an array or arrays.","version":"0.1.0","homepage":"https://github.com/jonschlinkert/arr-flatten","author":{"name":"Jon Schlinkert","url":"https://github.com/jonschlinkert"},"repository":{"type":"git","url":"git://github.com/jonschlinkert/arr-flatten.git"},"bugs":{"url":"https://github.com/jonschlinkert/arr-flatten/issues"},"licenses":[{"type":"MIT","url":"https://github.com/jonschlinkert/arr-flatten/blob/master/LICENSE-MIT"}],"main":"index.js","engines":{"node":">=0.10.0"},"scripts":{"test":"mocha -R spec"},"devDependencies":{"mocha":"*","should":"^4.0.4","verb":">= 0.2.6","verb-tag-jscomments":">= 0.2.0"},"keywords":["recurse","recursive","recursively","arr","array","util","utils","utility","javascript","node.js","flat","flatten"],"_id":"arr-flatten@0.1.0","_shasum":"d9e09d0ae2bc3737ceb389ab423c36d650feaf6e","_from":".","_npmVersion":"1.4.9","_npmUser":{"name":"jonschlinkert","email":"github@sellside.com"},"maintainers":[{"name":"jonschlinkert","email":"github@sellside.com"}],"dist":{"shasum":"d9e09d0ae2bc3737ceb389ab423c36d650feaf6e","tarball":"https://registry.npmjs.org/arr-flatten/-/arr-flatten-0.1.0.tgz"},"directories":{}},"0.2.0":{"name":"arr-flatten","description":"Recursively flatten an array or arrays. This is the fastest implementation of array flatten.","version":"0.2.0","homepage":"https://github.com/jonschlinkert/arr-flatten","author":{"name":"Jon Schlinkert","url":"https://github.com/jonschlinkert"},"repository":{"type":"git","url":"git://github.com/jonschlinkert/arr-flatten.git"},"bugs":{"url":"https://github.com/jonschlinkert/arr-flatten/issues"},"licenses":[{"type":"MIT","url":"https://github.com/jonschlinkert/arr-flatten/blob/master/LICENSE-MIT"}],"main":"index.js","engines":{"node":">=0.10.0"},"scripts":{"test":"mocha -R spec"},"devDependencies":{"array-flatten":"^1.0.0","array-slice":"^0.2.2","benchmarked":"^0.1.3","chalk":"^0.5.1","glob":"^4.0.6","kind-of":"^0.1.2","mocha":"*","should":"^4.0.4","verb":">= 0.2.6","verb-tag-jscomments":">= 0.2.0"},"keywords":["recurse","recursive","recursively","arr","array","util","utils","utility","javascript","node.js","flat","flatten"],"_id":"arr-flatten@0.2.0","_shasum":"b7375f4ac8c4e2a2fc55f3a56038f3e100cc8812","_from":".","_npmVersion":"1.4.9","_npmUser":{"name":"jonschlinkert","email":"github@sellside.com"},"maintainers":[{"name":"jonschlinkert","email":"github@sellside.com"}],"dist":{"shasum":"b7375f4ac8c4e2a2fc55f3a56038f3e100cc8812","tarball":"https://registry.npmjs.org/arr-flatten/-/arr-flatten-0.2.0.tgz"},"directories":{}},"0.2.1":{"name":"arr-flatten","description":"Recursively flatten an array or arrays. This is the fastest implementation of array flatten.","version":"0.2.1","homepage":"https://github.com/jonschlinkert/arr-flatten","author":{"name":"Jon Schlinkert","url":"https://github.com/jonschlinkert"},"repository":{"type":"git","url":"git://github.com/jonschlinkert/arr-flatten.git"},"bugs":{"url":"https://github.com/jonschlinkert/arr-flatten/issues"},"licenses":[{"type":"MIT","url":"https://github.com/jonschlinkert/arr-flatten/blob/master/LICENSE-MIT"}],"main":"index.js","engines":{"node":">=0.10.0"},"scripts":{"test":"mocha -R spec"},"devDependencies":{"array-flatten":"^1.0.0","array-slice":"^0.2.2","benchmarked":"^0.1.3","chalk":"^0.5.1","glob":"^4.0.6","kind-of":"^0.1.2","mocha":"*","should":"^4.0.4","verb":">= 0.2.6","verb-tag-jscomments":">= 0.2.0"},"keywords":["recurse","recursive","recursively","arr","array","util","utils","utility","javascript","node.js","flat","flatten"],"_id":"arr-flatten@0.2.1","_shasum":"423f2c915521ac955ce098d7401333135451ed95","_from":".","_npmVersion":"1.4.9","_npmUser":{"name":"jonschlinkert","email":"github@sellside.com"},"maintainers":[{"name":"jonschlinkert","email":"github@sellside.com"}],"dist":{"shasum":"423f2c915521ac955ce098d7401333135451ed95","tarball":"https://registry.npmjs.org/arr-flatten/-/arr-flatten-0.2.1.tgz"},"directories":{}},"1.0.0":{"name":"arr-flatten","description":"Recursively flatten an array or arrays. This is the fastest implementation of array flatten.","version":"1.0.0","homepage":"https://github.com/jonschlinkert/arr-flatten","author":{"name":"Jon Schlinkert","url":"https://github.com/jonschlinkert"},"repository":{"type":"git","url":"git://github.com/jonschlinkert/arr-flatten.git"},"bugs":{"url":"https://github.com/jonschlinkert/arr-flatten/issues"},"license":{"type":"MIT","url":"https://github.com/jonschlinkert/arr-flatten/blob/master/LICENSE"},"main":"index.js","engines":{"node":">=0.10.0"},"scripts":{"test":"mocha -R spec","benchmarks":"node benchmark"},"devDependencies":{"array-flatten":"^1.0.2","array-slice":"^0.2.2","benchmarked":"^0.1.3","chalk":"^0.5.1","glob":"^4.3.5","kind-of":"^1.0.0"},"keywords":["arr","array","elements","flat","flatten","nested","recurse","recursive","recursively"],"gitHead":"1597ea90072a2eaff8e523523e0105cac0bf195c","_id":"arr-flatten@1.0.0","_shasum":"12ca7d96960ceb506a2f63b9e45a1b7500359746","_from":".","_npmVersion":"1.4.28","_npmUser":{"name":"jonschlinkert","email":"github@sellside.com"},"maintainers":[{"name":"jonschlinkert","email":"github@sellside.com"}],"dist":{"shasum":"12ca7d96960ceb506a2f63b9e45a1b7500359746","tarball":"https://registry.npmjs.org/arr-flatten/-/arr-flatten-1.0.0.tgz"},"directories":{}},"1.0.1":{"name":"arr-flatten","description":"Recursively flatten an array or arrays. This is the fastest implementation of array flatten.","version":"1.0.1","homepage":"https://github.com/jonschlinkert/arr-flatten","author":{"name":"Jon Schlinkert","url":"https://github.com/jonschlinkert"},"repository":{"type":"git","url":"git://github.com/jonschlinkert/arr-flatten.git"},"bugs":{"url":"https://github.com/jonschlinkert/arr-flatten/issues"},"license":{"type":"MIT","url":"https://github.com/jonschlinkert/arr-flatten/blob/master/LICENSE"},"files":["index.js"],"main":"index.js","engines":{"node":">=0.10.0"},"scripts":{"test":"mocha","benchmarks":"node benchmark"},"devDependencies":{"array-flatten":"^1.0.2","array-slice":"^0.2.2","benchmarked":"^0.1.3","chalk":"^0.5.1","glob":"^4.3.5","kind-of":"^1.0.0"},"keywords":["arr","array","elements","flat","flatten","nested","recurse","recursive","recursively"],"gitHead":"7b3706eaa0093d8f5ba65af8ed590b6fcb3fe7cf","_id":"arr-flatten@1.0.1","_shasum":"e5ffe54d45e19f32f216e91eb99c8ce892bb604b","_from":".","_npmVersion":"2.5.1","_nodeVersion":"0.12.0","_npmUser":{"name":"jonschlinkert","email":"github@sellside.com"},"maintainers":[{"name":"jonschlinkert","email":"github@sellside.com"}],"dist":{"shasum":"e5ffe54d45e19f32f216e91eb99c8ce892bb604b","tarball":"https://registry.npmjs.org/arr-flatten/-/arr-flatten-1.0.1.tgz"},"directories":{}}},"readme":"# arr-flatten [![NPM version](https://badge.fury.io/js/arr-flatten.svg)](http://badge.fury.io/js/arr-flatten)  [![Build Status](https://travis-ci.org/jonschlinkert/arr-flatten.svg)](https://travis-ci.org/jonschlinkert/arr-flatten) \n\n> Recursively flatten an array or arrays. This is the fastest implementation of array flatten.\n\nWhy another flatten utility? I wanted the fastest implementation I could find, with implementation choices that should work for 95% of use cases, but no cruft to cover the other 5%.\n\n## Run benchmarks\n\n```bash\nnpm run benchmarks\n```\n\nBenchmark results comparing this library to [array-flatten]:\n\n```bash\n#1: large.js\n  arr-flatten.js x 487,030 ops/sec ±0.67% (92 runs sampled)\n  array-flatten.js x 347,020 ops/sec ±0.57% (98 runs sampled)\n\n#2: medium.js\n  arr-flatten.js x 1,914,516 ops/sec ±0.76% (94 runs sampled)\n  array-flatten.js x 1,391,661 ops/sec ±0.63% (96 runs sampled)\n\n#3: small.js\n  arr-flatten.js x 5,158,980 ops/sec ±0.85% (94 runs sampled)\n  array-flatten.js x 3,683,173 ops/sec ±0.79% (97 runs sampled)\n```\n\n## Run tests\n\nInstall dev dependencies:\n\n```bash\nnpm i -d && npm test\n```\n\n## Install with [npm](npmjs.org)\n\n```bash\nnpm i arr-flatten --save\n```\n### Install with [bower](https://github.com/bower/bower)\n\n```bash\nbower install arr-flatten --save\n```\n\n\n## Usage\n\n```js\nvar flatten = require('arr-flatten');\n\nflatten(['a', ['b', ['c']], 'd', ['e']]);\n//=> ['a', 'b', 'c', 'd', 'e']\n```\n\n## Author\n\n**Jon Schlinkert**\n \n+ [github/jonschlinkert](https://github.com/jonschlinkert)\n+ [twitter/jonschlinkert](http://twitter.com/jonschlinkert) \n\n## License\nCopyright (c) 2014-2015 Jon Schlinkert  \nReleased under the MIT license\n\n***\n\n_This file was generated by [verb-cli](https://github.com/assemble/verb-cli) on March 11, 2015._\n\n[array-flatten]: https://github.com/blakeembrey/array-flatten","maintainers":[{"name":"jonschlinkert","email":"github@sellside.com"}],"time":{"modified":"2015-03-11T04:28:29.728Z","created":"2014-09-26T01:43:20.056Z","0.1.0":"2014-09-26T01:43:20.056Z","0.2.0":"2014-10-28T18:48:59.940Z","0.2.1":"2014-11-09T10:07:21.410Z","1.0.0":"2015-01-20T03:35:54.060Z","1.0.1":"2015-03-11T04:28:29.728Z"},"homepage":"https://github.com/jonschlinkert/arr-flatten","keywords":["arr","array","elements","flat","flatten","nested","recurse","recursive","recursively"],"repository":{"type":"git","url":"git://github.com/jonschlinkert/arr-flatten.git"},"author":{"name":"Jon Schlinkert","url":"https://github.com/jonschlinkert"},"bugs":{"url":"https://github.com/jonschlinkert/arr-flatten/issues"},"readmeFilename":"README.md","license":{"type":"MIT","url":"https://github.com/jonschlinkert/arr-flatten/blob/master/LICENSE"},"users":{"hugov":true},"_attachments":{},"_etag":"\"47GUPDZ5MP822JLNV41JK6XQA\""}