{"_id":"hexo-generator-index","_rev":"11-13c890e61d513210c6e092e9005ed07d","name":"hexo-generator-index","description":"Index generator for Hexo.","dist-tags":{"latest":"0.2.0"},"versions":{"0.0.1":{"name":"hexo-generator-index","version":"0.0.1","description":"Index generator for Hexo.","main":"index","scripts":{"test":"gulp test"},"directories":{"lib":"./lib"},"engines":{"node":">= 0.10.0"},"repository":{"type":"git","url":"git://github.com/hexojs/hexo-generator-index.git"},"bugs":{"url":"https://github.com/hexojs/hexo-generator-index/issues"},"homepage":"http://hexo.io/","keywords":["hexo","generator","index","home"],"author":{"name":"Tommy Chen","email":"tommy351@gmail.com","url":"http://zespia.tw"},"license":"MIT","devDependencies":{"chai":"^1.9.1","coveralls":"^2.11.2","gulp":"^3.8.9","gulp-istanbul":"^0.5.0","gulp-jshint":"^1.8.6","gulp-load-plugins":"^0.8.0","gulp-mocha":"^2.0.0","jshint-stylish":"^1.0.0","mocha":"^2.0.1","rimraf":"^2.2.8"},"dependencies":{"hexo-pagination":"0.0.2","utils-merge":"^1.0.0"},"gitHead":"b36cba02c0f510e8b3e7943048689d733ca4292c","_id":"hexo-generator-index@0.0.1","_shasum":"6ac731400157c6a7acb246acb930e0bd3c52bdfc","_from":".","_npmVersion":"2.1.8","_nodeVersion":"0.10.33","_npmUser":{"name":"tommy351","email":"tommy351@gmail.com"},"maintainers":[{"name":"tommy351","email":"tommy351@gmail.com"}],"dist":{"shasum":"6ac731400157c6a7acb246acb930e0bd3c52bdfc","tarball":"https://registry.npmjs.org/hexo-generator-index/-/hexo-generator-index-0.0.1.tgz"}},"0.0.2":{"name":"hexo-generator-index","version":"0.0.2","description":"Index generator for Hexo.","main":"index","scripts":{"test":"gulp test"},"directories":{"lib":"./lib"},"engines":{"node":">= 0.10.0"},"repository":{"type":"git","url":"https://github.com/hexojs/hexo-generator-index"},"homepage":"http://hexo.io/","keywords":["hexo","generator","index","home"],"author":{"name":"Tommy Chen","email":"tommy351@gmail.com","url":"http://zespia.tw"},"license":"MIT","devDependencies":{"chai":"^1.9.1","coveralls":"^2.11.2","gulp":"^3.8.9","gulp-istanbul":"^0.5.0","gulp-jshint":"^1.8.6","gulp-load-plugins":"^0.8.0","gulp-mocha":"^2.0.0","hexo":"^3.0.0-beta.1","jshint-stylish":"^1.0.0","mocha":"^2.0.1","rimraf":"^2.2.8"},"dependencies":{"hexo-pagination":"0.0.2","utils-merge":"^1.0.0"},"gitHead":"d16a70df116187b3f97da88a49137eab3ea8de41","bugs":{"url":"https://github.com/hexojs/hexo-generator-index/issues"},"_id":"hexo-generator-index@0.0.2","_shasum":"0e330950139e8893a8c339e5bcb173fc4788f15a","_from":".","_npmVersion":"2.1.8","_nodeVersion":"0.10.33","_npmUser":{"name":"tommy351","email":"tommy351@gmail.com"},"maintainers":[{"name":"tommy351","email":"tommy351@gmail.com"}],"dist":{"shasum":"0e330950139e8893a8c339e5bcb173fc4788f15a","tarball":"https://registry.npmjs.org/hexo-generator-index/-/hexo-generator-index-0.0.2.tgz"}},"0.1.0":{"name":"hexo-generator-index","version":"0.1.0","description":"Index generator for Hexo.","main":"index","scripts":{"test":"gulp test"},"directories":{"lib":"./lib"},"engines":{"node":">= 0.10.0"},"repository":{"type":"git","url":"https://github.com/hexojs/hexo-generator-index"},"homepage":"http://hexo.io/","keywords":["hexo","generator","index","home"],"author":{"name":"Tommy Chen","email":"tommy351@gmail.com","url":"http://zespia.tw"},"license":"MIT","devDependencies":{"chai":"^1.9.1","coveralls":"^2.11.2","gulp":"^3.8.9","gulp-istanbul":"^0.5.0","gulp-jshint":"^1.8.6","gulp-load-plugins":"^0.8.0","gulp-mocha":"^2.0.0","hexo":"^3.0.0-rc.3","jshint-stylish":"^1.0.0","mocha":"^2.0.1","rimraf":"^2.2.8"},"dependencies":{"hexo-pagination":"0.0.2","object-assign":"^2.0.0"},"gitHead":"0a75f3600c8c0a93c4c611e291834a8f8a0118ed","bugs":{"url":"https://github.com/hexojs/hexo-generator-index/issues"},"_id":"hexo-generator-index@0.1.0","_shasum":"471e9304472e3726bfc6c8aecb0f33adc2a72c64","_from":".","_npmVersion":"2.5.1","_nodeVersion":"0.12.0","_npmUser":{"name":"tommy351","email":"tommy351@gmail.com"},"maintainers":[{"name":"tommy351","email":"tommy351@gmail.com"}],"dist":{"shasum":"471e9304472e3726bfc6c8aecb0f33adc2a72c64","tarball":"https://registry.npmjs.org/hexo-generator-index/-/hexo-generator-index-0.1.0.tgz"}},"0.1.1":{"name":"hexo-generator-index","version":"0.1.1","description":"Index generator for Hexo.","main":"index","scripts":{"test":"gulp test"},"directories":{"lib":"./lib"},"engines":{"node":">= 0.10.0"},"repository":{"type":"git","url":"https://github.com/hexojs/hexo-generator-index"},"homepage":"http://hexo.io/","keywords":["hexo","generator","index","home"],"author":{"name":"Tommy Chen","email":"tommy351@gmail.com","url":"http://zespia.tw"},"license":"MIT","devDependencies":{"chai":"^1.9.1","coveralls":"^2.11.2","gulp":"^3.8.9","gulp-istanbul":"^0.5.0","gulp-jshint":"^1.8.6","gulp-load-plugins":"^0.8.0","gulp-mocha":"^2.0.0","hexo":"^3.0.0-rc.3","jshint-stylish":"^1.0.0","mocha":"^2.0.1","rimraf":"^2.2.8"},"dependencies":{"hexo-pagination":"0.0.2","object-assign":"^2.0.0"},"gitHead":"3bf150d231e653107f20bdeb001f751c25542452","bugs":{"url":"https://github.com/hexojs/hexo-generator-index/issues"},"_id":"hexo-generator-index@0.1.1","_shasum":"866ff9e28f2d87144068310bcee0b722f4140fb4","_from":".","_npmVersion":"2.5.1","_nodeVersion":"0.12.0","_npmUser":{"name":"tommy351","email":"tommy351@gmail.com"},"maintainers":[{"name":"tommy351","email":"tommy351@gmail.com"}],"dist":{"shasum":"866ff9e28f2d87144068310bcee0b722f4140fb4","tarball":"https://registry.npmjs.org/hexo-generator-index/-/hexo-generator-index-0.1.1.tgz"}},"0.1.2":{"name":"hexo-generator-index","version":"0.1.2","description":"Index generator for Hexo.","main":"index","scripts":{"test":"gulp test"},"directories":{"lib":"./lib"},"engines":{"node":">= 0.10.0"},"repository":{"type":"git","url":"https://github.com/hexojs/hexo-generator-index"},"homepage":"http://hexo.io/","keywords":["hexo","generator","index","home"],"author":{"name":"Tommy Chen","email":"tommy351@gmail.com","url":"http://zespia.tw"},"license":"MIT","devDependencies":{"chai":"^1.9.1","coveralls":"^2.11.2","gulp":"^3.8.9","gulp-istanbul":"^0.5.0","gulp-jshint":"^1.8.6","gulp-load-plugins":"^0.8.0","gulp-mocha":"^2.0.0","hexo":"^3.0.0","jshint-stylish":"^1.0.0","mocha":"^2.0.1","rimraf":"^2.2.8"},"dependencies":{"hexo-pagination":"0.0.2","object-assign":"^2.0.0"},"gitHead":"430b35ea766fac8e5f784b118a7d822c85736e78","bugs":{"url":"https://github.com/hexojs/hexo-generator-index/issues"},"_id":"hexo-generator-index@0.1.2","_shasum":"d3b158964c6b80ccda9b7c6c490c5d8096afc91a","_from":".","_npmVersion":"2.5.1","_nodeVersion":"0.12.0","_npmUser":{"name":"tommy351","email":"tommy351@gmail.com"},"maintainers":[{"name":"tommy351","email":"tommy351@gmail.com"}],"dist":{"shasum":"d3b158964c6b80ccda9b7c6c490c5d8096afc91a","tarball":"https://registry.npmjs.org/hexo-generator-index/-/hexo-generator-index-0.1.2.tgz"}},"0.1.3":{"name":"hexo-generator-index","version":"0.1.3","description":"Index generator for Hexo.","main":"index","scripts":{"test":"gulp test"},"directories":{"lib":"./lib"},"engines":{"node":">= 0.10.0"},"repository":{"type":"git","url":"git+https://github.com/hexojs/hexo-generator-index.git"},"homepage":"http://hexo.io/","keywords":["hexo","generator","index","home"],"author":{"name":"Tommy Chen","email":"tommy351@gmail.com","url":"http://zespia.tw"},"license":"MIT","devDependencies":{"chai":"^1.9.1","coveralls":"^2.11.2","gulp":"^3.8.9","gulp-istanbul":"^0.5.0","gulp-jshint":"^1.8.6","gulp-load-plugins":"^0.8.0","gulp-mocha":"^2.0.0","hexo":"^3.0.0","jshint-stylish":"^1.0.0","mocha":"^2.0.1","rimraf":"^2.2.8"},"dependencies":{"hexo-pagination":"0.0.2","object-assign":"^2.0.0"},"gitHead":"f3e077cc04dd316fd27bd97e45ab4e0639ac269b","bugs":{"url":"https://github.com/hexojs/hexo-generator-index/issues"},"_id":"hexo-generator-index@0.1.3","_shasum":"8b85e9ed710a8e3aa301e6c27e058ee64087e50e","_from":".","_npmVersion":"2.10.1","_nodeVersion":"0.12.4","_npmUser":{"name":"tommy351","email":"tommy351@gmail.com"},"maintainers":[{"name":"tommy351","email":"tommy351@gmail.com"}],"dist":{"shasum":"8b85e9ed710a8e3aa301e6c27e058ee64087e50e","tarball":"https://registry.npmjs.org/hexo-generator-index/-/hexo-generator-index-0.1.3.tgz"}},"0.2.0":{"name":"hexo-generator-index","version":"0.2.0","description":"Index generator for Hexo.","main":"index","scripts":{"eslint":"eslint .","jscs":"jscs .","test":"mocha test/index.js","test-cov":"istanbul cover --print both _mocha -- test/index.js"},"directories":{"lib":"./lib"},"engines":{"node":">= 0.10.0"},"repository":{"type":"git","url":"git+https://github.com/hexojs/hexo-generator-index.git"},"homepage":"http://hexo.io/","keywords":["hexo","generator","index","home"],"author":{"name":"Tommy Chen","email":"tommy351@gmail.com","url":"http://zespia.tw"},"license":"MIT","devDependencies":{"chai":"^3.4.0","eslint":"^1.8.0","hexo":"^3.0.0","istanbul":"^0.4.0","jscs":"^2.5.0","mocha":"^2.0.1"},"dependencies":{"hexo-pagination":"0.0.2","object-assign":"^4.0.1"},"gitHead":"8f8ff5d9abf0fb81776ba0e04cb12e98b01062c3","bugs":{"url":"https://github.com/hexojs/hexo-generator-index/issues"},"_id":"hexo-generator-index@0.2.0","_shasum":"e6fc8014e0f899362f3a5a9e9428cefebcc91c09","_from":".","_npmVersion":"3.3.3","_nodeVersion":"4.0.0","_npmUser":{"name":"tommy351","email":"tommy351@gmail.com"},"maintainers":[{"name":"tommy351","email":"tommy351@gmail.com"}],"dist":{"shasum":"e6fc8014e0f899362f3a5a9e9428cefebcc91c09","tarball":"https://registry.npmjs.org/hexo-generator-index/-/hexo-generator-index-0.2.0.tgz"}}},"readme":"# hexo-generator-index\n\n[![Build Status](https://travis-ci.org/hexojs/hexo-generator-index.svg?branch=master)](https://travis-ci.org/hexojs/hexo-generator-index)  [![NPM version](https://badge.fury.io/js/hexo-generator-index.svg)](http://badge.fury.io/js/hexo-generator-index) [![Coverage Status](https://img.shields.io/coveralls/hexojs/hexo-generator-index.svg)](https://coveralls.io/r/hexojs/hexo-generator-index?branch=master)\n\nIndex generator for [Hexo].\n\n## Installation\n\n``` bash\n$ npm install hexo-generator-index --save\n```\n\n## Options\n\n``` yaml\nindex_generator:\n  per_page: 10\n  order_by: -date\n```\n\n- **per_page**: Posts displayed per page. (0 = disable pagination)\n- **order_by**: Posts order. (Order by date descending by default)\n\n## License\n\nMIT\n\n[Hexo]: http://hexo.io/","maintainers":[{"name":"tommy351","email":"tommy351@gmail.com"}],"time":{"modified":"2015-11-01T06:47:09.554Z","created":"2014-12-29T10:52:30.933Z","0.0.1":"2014-12-29T10:52:30.933Z","0.0.2":"2015-01-07T06:04:35.665Z","0.1.0":"2015-02-11T14:16:07.850Z","0.1.1":"2015-04-27T07:57:17.300Z","0.1.2":"2015-05-20T03:40:22.085Z","0.1.3":"2015-06-05T05:19:07.175Z","0.2.0":"2015-11-01T06:47:09.554Z"},"homepage":"http://hexo.io/","keywords":["hexo","generator","index","home"],"repository":{"type":"git","url":"git+https://github.com/hexojs/hexo-generator-index.git"},"author":{"name":"Tommy Chen","email":"tommy351@gmail.com","url":"http://zespia.tw"},"bugs":{"url":"https://github.com/hexojs/hexo-generator-index/issues"},"license":"MIT","readmeFilename":"README.md","users":{"crazyjingling":true},"_attachments":{},"_etag":"\"9O979H903IQVRVY6DG20DA11F\""}