{"_id":"binary-extensions","_rev":"23-7f13a3a8d4f3c7098cb5fdacd7798356","name":"binary-extensions","description":"List of binary file extensions","dist-tags":{"latest":"1.7.0"},"versions":{"1.0.0":{"name":"binary-extensions","version":"1.0.0","description":"List of binary file extensions","license":"MIT","repository":{"type":"git","url":"https://github.com/sindresorhus/binary-extensions"},"author":{"name":"Sindre Sorhus","email":"sindresorhus@gmail.com","url":"sindresorhus.com"},"engines":{"node":">=0.10.0"},"scripts":{"test":"node test.js"},"files":["index.js","binary-extensions.json"],"keywords":["bin","binary","ext","extensions","extension","file","json","list","array"],"devDependencies":{"ava":"0.0.4"},"gitHead":"79100b9a8305177ba3d5908a396eaf5f9f0c087e","bugs":{"url":"https://github.com/sindresorhus/binary-extensions/issues"},"homepage":"https://github.com/sindresorhus/binary-extensions","_id":"binary-extensions@1.0.0","_shasum":"2f4124ba6a3fc598eeb0206f89aa365aca6a0a50","_from":".","_npmVersion":"1.4.28","_npmUser":{"name":"sindresorhus","email":"sindresorhus@gmail.com"},"maintainers":[{"name":"sindresorhus","email":"sindresorhus@gmail.com"}],"dist":{"shasum":"2f4124ba6a3fc598eeb0206f89aa365aca6a0a50","tarball":"https://registry.npmjs.org/binary-extensions/-/binary-extensions-1.0.0.tgz"},"directories":{}},"1.0.1":{"name":"binary-extensions","version":"1.0.1","description":"List of binary file extensions","license":"MIT","repository":{"type":"git","url":"https://github.com/sindresorhus/binary-extensions"},"author":{"name":"Sindre Sorhus","email":"sindresorhus@gmail.com","url":"sindresorhus.com"},"engines":{"node":">=0.10.0"},"scripts":{"test":"node test.js"},"files":["index.js","binary-extensions.json"],"keywords":["bin","binary","ext","extensions","extension","file","json","list","array"],"devDependencies":{"ava":"0.0.4"},"gitHead":"d0890f88de71888c42e9c7f13a6d814973c454fb","bugs":{"url":"https://github.com/sindresorhus/binary-extensions/issues"},"homepage":"https://github.com/sindresorhus/binary-extensions","_id":"binary-extensions@1.0.1","_shasum":"ae59c1ee647de4e10525a272fc8b8e7ab30fa6c7","_from":".","_npmVersion":"1.4.28","_npmUser":{"name":"sindresorhus","email":"sindresorhus@gmail.com"},"maintainers":[{"name":"sindresorhus","email":"sindresorhus@gmail.com"},{"name":"paulmillr","email":"paul@paulmillr.com"},{"name":"es128","email":"elan.shanker+npm@gmail.com"}],"dist":{"shasum":"ae59c1ee647de4e10525a272fc8b8e7ab30fa6c7","tarball":"https://registry.npmjs.org/binary-extensions/-/binary-extensions-1.0.1.tgz"},"directories":{}},"1.0.2":{"name":"binary-extensions","version":"1.0.2","description":"List of binary file extensions","license":"MIT","repository":{"type":"git","url":"https://github.com/sindresorhus/binary-extensions"},"author":{"name":"Sindre Sorhus","email":"sindresorhus@gmail.com","url":"sindresorhus.com"},"engines":{"node":">=0.10.0"},"scripts":{"test":"node test.js"},"files":["index.js","binary-extensions.json"],"keywords":["bin","binary","ext","extensions","extension","file","json","list","array"],"devDependencies":{"ava":"0.0.4"},"gitHead":"7cc15fad3d8c07459674ae7c69914c191e91190a","bugs":{"url":"https://github.com/sindresorhus/binary-extensions/issues"},"homepage":"https://github.com/sindresorhus/binary-extensions","_id":"binary-extensions@1.0.2","_shasum":"af27a3a2fe4297610af9b2ad63f140a2a613df90","_from":".","_npmVersion":"1.4.28","_npmUser":{"name":"es128","email":"elan.shanker+npm@gmail.com"},"maintainers":[{"name":"sindresorhus","email":"sindresorhus@gmail.com"},{"name":"paulmillr","email":"paul@paulmillr.com"},{"name":"es128","email":"elan.shanker+npm@gmail.com"}],"dist":{"shasum":"af27a3a2fe4297610af9b2ad63f140a2a613df90","tarball":"https://registry.npmjs.org/binary-extensions/-/binary-extensions-1.0.2.tgz"},"directories":{}},"1.1.0":{"name":"binary-extensions","version":"1.1.0","description":"List of binary file extensions","license":"MIT","repository":{"type":"git","url":"https://github.com/sindresorhus/binary-extensions"},"author":{"name":"Sindre Sorhus","email":"sindresorhus@gmail.com","url":"sindresorhus.com"},"engines":{"node":">=0.10.0"},"scripts":{"test":"node test.js"},"main":"binary-extensions.json","files":["binary-extensions.json"],"keywords":["bin","binary","ext","extensions","extension","file","json","list","array"],"devDependencies":{"ava":"0.0.4"},"gitHead":"ecc4b8b122db160b39472d491c7db86d5f9dca84","bugs":{"url":"https://github.com/sindresorhus/binary-extensions/issues"},"homepage":"https://github.com/sindresorhus/binary-extensions","_id":"binary-extensions@1.1.0","_shasum":"74f42755e8d719b30440dac309fc02972fe23863","_from":".","_npmVersion":"1.4.28","_npmUser":{"name":"es128","email":"elan.shanker+npm@gmail.com"},"maintainers":[{"name":"sindresorhus","email":"sindresorhus@gmail.com"},{"name":"paulmillr","email":"paul@paulmillr.com"},{"name":"es128","email":"elan.shanker+npm@gmail.com"}],"dist":{"shasum":"74f42755e8d719b30440dac309fc02972fe23863","tarball":"https://registry.npmjs.org/binary-extensions/-/binary-extensions-1.1.0.tgz"},"directories":{}},"1.1.1":{"name":"binary-extensions","version":"1.1.1","description":"List of binary file extensions","license":"MIT","repository":{"type":"git","url":"https://github.com/sindresorhus/binary-extensions"},"author":{"name":"Sindre Sorhus","email":"sindresorhus@gmail.com","url":"sindresorhus.com"},"engines":{"node":">=0.10.0"},"scripts":{"test":"node test.js"},"main":"binary-extensions.json","files":["binary-extensions.json"],"keywords":["bin","binary","ext","extensions","extension","file","json","list","array"],"devDependencies":{"ava":"0.0.4"},"gitHead":"e2b71deb7bc9ac6f5e46efa654a7033f0bf4dc27","bugs":{"url":"https://github.com/sindresorhus/binary-extensions/issues"},"homepage":"https://github.com/sindresorhus/binary-extensions","_id":"binary-extensions@1.1.1","_shasum":"68935364a1489a3c62a741352e2f28c2ef2b62d5","_from":".","_npmVersion":"2.5.0","_nodeVersion":"0.12.0","_npmUser":{"name":"sindresorhus","email":"sindresorhus@gmail.com"},"maintainers":[{"name":"sindresorhus","email":"sindresorhus@gmail.com"},{"name":"paulmillr","email":"paul@paulmillr.com"},{"name":"es128","email":"elan.shanker+npm@gmail.com"}],"dist":{"shasum":"68935364a1489a3c62a741352e2f28c2ef2b62d5","tarball":"https://registry.npmjs.org/binary-extensions/-/binary-extensions-1.1.1.tgz"},"directories":{}},"1.2.0":{"name":"binary-extensions","version":"1.2.0","description":"List of binary file extensions","license":"MIT","repository":{"type":"git","url":"https://github.com/sindresorhus/binary-extensions"},"author":{"name":"Sindre Sorhus","email":"sindresorhus@gmail.com","url":"sindresorhus.com"},"engines":{"node":">=0.10.0"},"scripts":{"test":"node test.js"},"main":"binary-extensions.json","files":["binary-extensions.json"],"keywords":["bin","binary","ext","extensions","extension","file","json","list","array"],"devDependencies":{"ava":"0.0.4"},"gitHead":"3a4431eb9f751b1dfe76ede9156c8b8a216fa84b","bugs":{"url":"https://github.com/sindresorhus/binary-extensions/issues"},"homepage":"https://github.com/sindresorhus/binary-extensions","_id":"binary-extensions@1.2.0","_shasum":"ae679b33e90cfd73baf244d03467c055a2902fd1","_from":".","_npmVersion":"2.5.0","_nodeVersion":"0.12.0","_npmUser":{"name":"sindresorhus","email":"sindresorhus@gmail.com"},"maintainers":[{"name":"sindresorhus","email":"sindresorhus@gmail.com"},{"name":"paulmillr","email":"paul@paulmillr.com"},{"name":"es128","email":"elan.shanker+npm@gmail.com"}],"dist":{"shasum":"ae679b33e90cfd73baf244d03467c055a2902fd1","tarball":"https://registry.npmjs.org/binary-extensions/-/binary-extensions-1.2.0.tgz"},"directories":{}},"1.3.0":{"name":"binary-extensions","version":"1.3.0","description":"List of binary file extensions","license":"MIT","repository":{"type":"git","url":"https://github.com/sindresorhus/binary-extensions"},"author":{"name":"Sindre Sorhus","email":"sindresorhus@gmail.com","url":"sindresorhus.com"},"engines":{"node":">=0.10.0"},"scripts":{"test":"node test.js"},"main":"binary-extensions.json","files":["binary-extensions.json"],"keywords":["bin","binary","ext","extensions","extension","file","json","list","array"],"devDependencies":{"ava":"0.0.4"},"gitHead":"6eb14380b5f89f92d70305124abc388bc0a55af0","bugs":{"url":"https://github.com/sindresorhus/binary-extensions/issues"},"homepage":"https://github.com/sindresorhus/binary-extensions","_id":"binary-extensions@1.3.0","_shasum":"8c0fd7fa1bd27cfe1e6f2a1d38721647c80b2029","_from":".","_npmVersion":"2.5.1","_nodeVersion":"0.12.0","_npmUser":{"name":"sindresorhus","email":"sindresorhus@gmail.com"},"maintainers":[{"name":"sindresorhus","email":"sindresorhus@gmail.com"},{"name":"paulmillr","email":"paul@paulmillr.com"},{"name":"es128","email":"elan.shanker+npm@gmail.com"}],"dist":{"shasum":"8c0fd7fa1bd27cfe1e6f2a1d38721647c80b2029","tarball":"https://registry.npmjs.org/binary-extensions/-/binary-extensions-1.3.0.tgz"},"directories":{}},"1.3.1":{"name":"binary-extensions","version":"1.3.1","description":"List of binary file extensions","license":"MIT","repository":{"type":"git","url":"https://github.com/sindresorhus/binary-extensions"},"author":{"name":"Sindre Sorhus","email":"sindresorhus@gmail.com","url":"sindresorhus.com"},"engines":{"node":">=0.10.0"},"scripts":{"test":"node test.js"},"main":"binary-extensions.json","files":["binary-extensions.json"],"keywords":["bin","binary","ext","extensions","extension","file","json","list","array"],"devDependencies":{"ava":"0.0.4"},"gitHead":"38f603a7822c488436c32c67f9f5f505aca09cd3","bugs":{"url":"https://github.com/sindresorhus/binary-extensions/issues"},"homepage":"https://github.com/sindresorhus/binary-extensions","_id":"binary-extensions@1.3.1","_shasum":"32dd9ed2a7c69acec56f77f6cd80df043f78777a","_from":".","_npmVersion":"2.9.1","_nodeVersion":"0.12.3","_npmUser":{"name":"sindresorhus","email":"sindresorhus@gmail.com"},"dist":{"shasum":"32dd9ed2a7c69acec56f77f6cd80df043f78777a","tarball":"https://registry.npmjs.org/binary-extensions/-/binary-extensions-1.3.1.tgz"},"maintainers":[{"name":"sindresorhus","email":"sindresorhus@gmail.com"},{"name":"paulmillr","email":"paul@paulmillr.com"},{"name":"es128","email":"elan.shanker+npm@gmail.com"},{"name":"arthurvr","email":"contact@arthurverschaeve.be"}],"directories":{}},"1.4.0":{"name":"binary-extensions","version":"1.4.0","description":"List of binary file extensions","license":"MIT","repository":{"type":"git","url":"https://github.com/sindresorhus/binary-extensions"},"author":{"name":"Sindre Sorhus","email":"sindresorhus@gmail.com","url":"sindresorhus.com"},"engines":{"node":">=0.10.0"},"scripts":{"test":"node test.js"},"main":"binary-extensions.json","files":["binary-extensions.json"],"keywords":["bin","binary","ext","extensions","extension","file","json","list","array"],"devDependencies":{"ava":"0.0.4"},"gitHead":"8c3a781127ff15ee516c8bedda97807e4dddf1ff","bugs":{"url":"https://github.com/sindresorhus/binary-extensions/issues"},"homepage":"https://github.com/sindresorhus/binary-extensions","_id":"binary-extensions@1.4.0","_shasum":"d733ccb628986d7b326d88656e0ddbd3aac351b7","_from":".","_npmVersion":"2.14.7","_nodeVersion":"4.2.1","_npmUser":{"name":"sindresorhus","email":"sindresorhus@gmail.com"},"dist":{"shasum":"d733ccb628986d7b326d88656e0ddbd3aac351b7","tarball":"https://registry.npmjs.org/binary-extensions/-/binary-extensions-1.4.0.tgz"},"maintainers":[{"name":"sindresorhus","email":"sindresorhus@gmail.com"},{"name":"paulmillr","email":"paul@paulmillr.com"},{"name":"es128","email":"elan.shanker+npm@gmail.com"},{"name":"arthurvr","email":"contact@arthurverschaeve.be"}],"directories":{}},"1.4.1":{"name":"binary-extensions","version":"1.4.1","description":"List of binary file extensions","license":"MIT","repository":{"type":"git","url":"git+https://github.com/sindresorhus/binary-extensions.git"},"author":{"name":"Sindre Sorhus","email":"sindresorhus@gmail.com","url":"sindresorhus.com"},"engines":{"node":">=0.10.0"},"scripts":{"test":"ava"},"main":"binary-extensions.json","files":["binary-extensions.json"],"keywords":["bin","binary","ext","extensions","extension","file","json","list","array"],"devDependencies":{"ava":"*"},"gitHead":"151b647b070a838be56acbd04d6e81d4a0b71815","bugs":{"url":"https://github.com/sindresorhus/binary-extensions/issues"},"homepage":"https://github.com/sindresorhus/binary-extensions#readme","_id":"binary-extensions@1.4.1","_shasum":"be94c78b44d9f9c336d0de3088545d5efa8511a8","_from":".","_npmVersion":"2.15.0","_nodeVersion":"4.4.2","_npmUser":{"name":"sindresorhus","email":"sindresorhus@gmail.com"},"dist":{"shasum":"be94c78b44d9f9c336d0de3088545d5efa8511a8","tarball":"https://registry.npmjs.org/binary-extensions/-/binary-extensions-1.4.1.tgz"},"maintainers":[{"name":"sindresorhus","email":"sindresorhus@gmail.com"},{"name":"paulmillr","email":"paul@paulmillr.com"},{"name":"es128","email":"elan.shanker+npm@gmail.com"},{"name":"arthurvr","email":"contact@arthurverschaeve.be"}],"_npmOperationalInternal":{"host":"packages-16-east.internal.npmjs.com","tmp":"tmp/binary-extensions-1.4.1.tgz_1464152617488_0.08830209239386022"},"directories":{}},"1.5.0":{"name":"binary-extensions","version":"1.5.0","description":"List of binary file extensions","license":"MIT","repository":{"type":"git","url":"git+https://github.com/sindresorhus/binary-extensions.git"},"author":{"name":"Sindre Sorhus","email":"sindresorhus@gmail.com","url":"sindresorhus.com"},"engines":{"node":">=0.10.0"},"scripts":{"test":"ava"},"main":"binary-extensions.json","files":["binary-extensions.json"],"keywords":["bin","binary","ext","extensions","extension","file","json","list","array"],"devDependencies":{"ava":"*"},"gitHead":"639f0353f0ce0b59a94013a1d4caa02622bacbe9","bugs":{"url":"https://github.com/sindresorhus/binary-extensions/issues"},"homepage":"https://github.com/sindresorhus/binary-extensions#readme","_id":"binary-extensions@1.5.0","_shasum":"e6e2057f2cdfb17ad406349c86b71ef8069a25f5","_from":".","_npmVersion":"2.15.5","_nodeVersion":"4.4.5","_npmUser":{"name":"sindresorhus","email":"sindresorhus@gmail.com"},"dist":{"shasum":"e6e2057f2cdfb17ad406349c86b71ef8069a25f5","tarball":"https://registry.npmjs.org/binary-extensions/-/binary-extensions-1.5.0.tgz"},"maintainers":[{"name":"sindresorhus","email":"sindresorhus@gmail.com"},{"name":"paulmillr","email":"paul@paulmillr.com"},{"name":"es128","email":"elan.shanker+npm@gmail.com"},{"name":"arthurvr","email":"contact@arthurverschaeve.be"}],"_npmOperationalInternal":{"host":"packages-16-east.internal.npmjs.com","tmp":"tmp/binary-extensions-1.5.0.tgz_1467202210211_0.12345921993255615"},"directories":{}},"1.6.0":{"name":"binary-extensions","version":"1.6.0","description":"List of binary file extensions","license":"MIT","repository":{"type":"git","url":"git+https://github.com/sindresorhus/binary-extensions.git"},"author":{"name":"Sindre Sorhus","email":"sindresorhus@gmail.com","url":"sindresorhus.com"},"engines":{"node":">=0.10.0"},"scripts":{"test":"ava"},"main":"binary-extensions.json","files":["binary-extensions.json"],"keywords":["bin","binary","ext","extensions","extension","file","json","list","array"],"devDependencies":{"ava":"*"},"gitHead":"9c6368c4a6bc0f185e9abe791751fc0c8faef774","bugs":{"url":"https://github.com/sindresorhus/binary-extensions/issues"},"homepage":"https://github.com/sindresorhus/binary-extensions#readme","_id":"binary-extensions@1.6.0","_shasum":"aa2184cbc434d29862c66a69bf81cc0a3383ee79","_from":".","_npmVersion":"3.10.3","_nodeVersion":"6.4.0","_npmUser":{"name":"sindresorhus","email":"sindresorhus@gmail.com"},"dist":{"shasum":"aa2184cbc434d29862c66a69bf81cc0a3383ee79","tarball":"https://registry.npmjs.org/binary-extensions/-/binary-extensions-1.6.0.tgz"},"maintainers":[{"name":"sindresorhus","email":"sindresorhus@gmail.com"},{"name":"paulmillr","email":"paul@paulmillr.com"},{"name":"es128","email":"elan.shanker+npm@gmail.com"},{"name":"arthurvr","email":"contact@arthurverschaeve.be"}],"_npmOperationalInternal":{"host":"packages-16-east.internal.npmjs.com","tmp":"tmp/binary-extensions-1.6.0.tgz_1472800510782_0.5894664500374347"},"directories":{}},"1.7.0":{"name":"binary-extensions","version":"1.7.0","description":"List of binary file extensions","license":"MIT","repository":{"type":"git","url":"git+https://github.com/sindresorhus/binary-extensions.git"},"author":{"name":"Sindre Sorhus","email":"sindresorhus@gmail.com","url":"sindresorhus.com"},"engines":{"node":">=0.10.0"},"scripts":{"test":"ava"},"main":"binary-extensions.json","files":["binary-extensions.json"],"keywords":["bin","binary","ext","extensions","extension","file","json","list","array"],"devDependencies":{"ava":"*"},"gitHead":"6bab08ef2d6e6f1780eaba7607d347dae51768fa","bugs":{"url":"https://github.com/sindresorhus/binary-extensions/issues"},"homepage":"https://github.com/sindresorhus/binary-extensions#readme","_id":"binary-extensions@1.7.0","_shasum":"6c1610db163abfb34edfe42fa423343a1e01185d","_from":".","_npmVersion":"2.15.9","_nodeVersion":"4.5.0","_npmUser":{"name":"sindresorhus","email":"sindresorhus@gmail.com"},"dist":{"shasum":"6c1610db163abfb34edfe42fa423343a1e01185d","tarball":"https://registry.npmjs.org/binary-extensions/-/binary-extensions-1.7.0.tgz"},"maintainers":[{"name":"sindresorhus","email":"sindresorhus@gmail.com"},{"name":"paulmillr","email":"paul@paulmillr.com"},{"name":"es128","email":"elan.shanker+npm@gmail.com"},{"name":"arthurvr","email":"contact@arthurverschaeve.be"}],"_npmOperationalInternal":{"host":"packages-12-west.internal.npmjs.com","tmp":"tmp/binary-extensions-1.7.0.tgz_1475458290589_0.34751846990548074"},"directories":{}}},"readme":"# binary-extensions [![Build Status](https://travis-ci.org/sindresorhus/binary-extensions.svg?branch=master)](https://travis-ci.org/sindresorhus/binary-extensions)\n\n> List of binary file extensions\n\nThe list is just a [JSON file](binary-extensions.json) and can be used wherever.\n\n\n## Install\n\n```\n$ npm install --save binary-extensions\n```\n\n\n## Usage\n\n```js\nvar binaryExtensions = require('binary-extensions');\n\nconsole.log(binaryExtensions);\n//=> ['3ds', '3g2', ...]\n```\n\n\n## Related\n\n- [`is-binary-path`](https://github.com/sindresorhus/is-binary-path) - Check if a filepath is a binary file\n- [`text-extensions`](https://github.com/sindresorhus/text-extensions) - List of text file extensions\n\n\n## License\n\nMIT © [Sindre Sorhus](http://sindresorhus.com)\n","maintainers":[{"name":"sindresorhus","email":"sindresorhus@gmail.com"},{"name":"paulmillr","email":"paul@paulmillr.com"},{"name":"es128","email":"elan.shanker+npm@gmail.com"},{"name":"arthurvr","email":"contact@arthurverschaeve.be"}],"time":{"modified":"2016-10-03T01:31:30.814Z","created":"2015-01-24T09:04:29.927Z","1.0.0":"2015-01-24T09:04:29.927Z","1.0.1":"2015-01-26T10:56:06.676Z","1.0.2":"2015-02-06T00:27:38.427Z","1.1.0":"2015-02-06T18:36:49.046Z","1.1.1":"2015-02-15T04:26:26.313Z","1.2.0":"2015-02-16T07:23:29.790Z","1.3.0":"2015-02-16T21:10:14.299Z","1.3.1":"2015-05-17T23:39:55.173Z","1.4.0":"2015-11-18T17:00:05.622Z","1.4.1":"2016-05-25T05:03:40.065Z","1.5.0":"2016-06-29T12:10:11.507Z","1.6.0":"2016-09-02T07:15:14.131Z","1.7.0":"2016-10-03T01:31:30.814Z"},"homepage":"https://github.com/sindresorhus/binary-extensions#readme","keywords":["bin","binary","ext","extensions","extension","file","json","list","array"],"repository":{"type":"git","url":"git+https://github.com/sindresorhus/binary-extensions.git"},"author":{"name":"Sindre Sorhus","email":"sindresorhus@gmail.com","url":"sindresorhus.com"},"bugs":{"url":"https://github.com/sindresorhus/binary-extensions/issues"},"license":"MIT","readmeFilename":"readme.md","_attachments":{},"_etag":"\"9A35W8J8F62RDTC1THC4RA1K4\""}