{"_id":"fill-range","_rev":"44-54561eba8a7bc3834ce2dfef57b34b6e","name":"fill-range","description":"Fill in a range of numbers or letters, optionally passing an increment or `step` to use, or create a regex-compatible range with `options.toRegex`","dist-tags":{"latest":"3.0.3"},"versions":{"0.1.0":{"name":"fill-range","description":"Fill in a range of numbers or letters, optionally passing an increment or multiplier to use.","version":"0.1.0","homepage":"https://github.com/jonschlinkert/fill-range","author":{"name":"Jon Schlinkert","url":"https://github.com/jonschlinkert"},"repository":{"type":"git","url":"git://github.com/jonschlinkert/fill-range.git"},"bugs":{"url":"https://github.com/jonschlinkert/fill-range/issues"},"licenses":[{"type":"MIT","url":"https://github.com/jonschlinkert/fill-range/blob/master/LICENSE-MIT"}],"main":"index.js","engines":{"node":">=0.10.0"},"scripts":{"test":"mocha -R spec"},"dependencies":{"is-number":"^0.1.1"},"devDependencies":{"mocha":"*","should":"*"},"keywords":["alpha","alphabetical","bash","brace","expand","expansion","glob","match","matches","matching","number","numerical","range","ranges","sh"],"_id":"fill-range@0.1.0","_shasum":"2d7e5a265c18b3571d3fdf0e59be1026049f3fa1","_from":".","_npmVersion":"1.4.9","_npmUser":{"name":"jonschlinkert","email":"github@sellside.com"},"maintainers":[{"name":"jonschlinkert","email":"github@sellside.com"}],"dist":{"shasum":"2d7e5a265c18b3571d3fdf0e59be1026049f3fa1","tarball":"https://registry.npmjs.org/fill-range/-/fill-range-0.1.0.tgz"},"directories":{}},"0.1.1":{"name":"fill-range","description":"Fill in a range of numbers or letters, optionally passing an increment or multiplier to use.","version":"0.1.1","homepage":"https://github.com/jonschlinkert/fill-range","author":{"name":"Jon Schlinkert","url":"https://github.com/jonschlinkert"},"repository":{"type":"git","url":"git://github.com/jonschlinkert/fill-range.git"},"bugs":{"url":"https://github.com/jonschlinkert/fill-range/issues"},"licenses":[{"type":"MIT","url":"https://github.com/jonschlinkert/fill-range/blob/master/LICENSE-MIT"}],"main":"index.js","engines":{"node":">=0.10.0"},"scripts":{"test":"mocha -R spec"},"dependencies":{"is-number":"^0.1.1"},"devDependencies":{"mocha":"*","should":"*"},"keywords":["alpha","alphabetical","bash","brace","expand","expansion","glob","match","matches","matching","number","numerical","range","ranges","sh"],"_id":"fill-range@0.1.1","_shasum":"6a88bcca5b6dbe26f605c64ce7f6642b8b6b0c0f","_from":".","_npmVersion":"1.4.9","_npmUser":{"name":"jonschlinkert","email":"github@sellside.com"},"maintainers":[{"name":"jonschlinkert","email":"github@sellside.com"}],"dist":{"shasum":"6a88bcca5b6dbe26f605c64ce7f6642b8b6b0c0f","tarball":"https://registry.npmjs.org/fill-range/-/fill-range-0.1.1.tgz"},"directories":{}},"0.2.0":{"name":"fill-range","description":"Fill in a range of numbers or letters, optionally passing an increment or multiplier to use.","version":"0.2.0","homepage":"https://github.com/jonschlinkert/fill-range","author":{"name":"Jon Schlinkert","url":"https://github.com/jonschlinkert"},"repository":{"type":"git","url":"git://github.com/jonschlinkert/fill-range.git"},"bugs":{"url":"https://github.com/jonschlinkert/fill-range/issues"},"licenses":[{"type":"MIT","url":"https://github.com/jonschlinkert/fill-range/blob/master/LICENSE-MIT"}],"main":"index.js","engines":{"node":">=0.10.0"},"scripts":{"test":"mocha -R spec"},"dependencies":{"alphabet":"^0.1.0","is-number":"^0.1.1"},"devDependencies":{"mocha":"*","should":"*"},"keywords":["alpha","alphabetical","bash","brace","expand","expansion","glob","match","matches","matching","number","numerical","range","ranges","sh"],"_id":"fill-range@0.2.0","_shasum":"78651bb4b153d0fc482bdedb7be169645ea9d6e5","_from":".","_npmVersion":"1.4.9","_npmUser":{"name":"jonschlinkert","email":"github@sellside.com"},"maintainers":[{"name":"jonschlinkert","email":"github@sellside.com"}],"dist":{"shasum":"78651bb4b153d0fc482bdedb7be169645ea9d6e5","tarball":"https://registry.npmjs.org/fill-range/-/fill-range-0.2.0.tgz"},"directories":{}},"1.0.0":{"name":"fill-range","description":"Fill in a range of numbers or letters, optionally passing an increment or multiplier to use.","version":"1.0.0","homepage":"https://github.com/jonschlinkert/fill-range","author":{"name":"Jon Schlinkert","url":"https://github.com/jonschlinkert"},"repository":{"type":"git","url":"git://github.com/jonschlinkert/fill-range.git"},"bugs":{"url":"https://github.com/jonschlinkert/fill-range/issues"},"license":{"type":"MIT","url":"https://github.com/jonschlinkert/fill-range/blob/master/LICENSE-MIT"},"main":"index.js","engines":{"node":">=0.10.0"},"scripts":{"test":"mocha -R spec","docs":"update && license && npmignore && deps && verb","all":"npm run test && npm run docs"},"dependencies":{"is-number":"^0.1.1","randomatic":"^1.0.1","repeat-string":"^1.2.0"},"devDependencies":{"benchmarked":"^0.1.3","chalk":"^0.5.1","should":"*"},"keywords":["alpha","alphabetical","bash","brace","expand","expansion","glob","match","matches","matching","number","numerical","range","ranges","sh"],"gitHead":"78263be7de77ce0ad458e485436d3f32bab026dc","_id":"fill-range@1.0.0","_shasum":"8c39058e297ac6523c6daf336dca2f0bd62efc8e","_from":".","_npmVersion":"1.4.23","_npmUser":{"name":"jonschlinkert","email":"github@sellside.com"},"maintainers":[{"name":"jonschlinkert","email":"github@sellside.com"}],"dist":{"shasum":"8c39058e297ac6523c6daf336dca2f0bd62efc8e","tarball":"https://registry.npmjs.org/fill-range/-/fill-range-1.0.0.tgz"},"directories":{}},"1.1.0":{"name":"fill-range","description":"Fill in a range of numbers or letters, optionally passing an increment or multiplier to use.","version":"1.1.0","homepage":"https://github.com/jonschlinkert/fill-range","author":{"name":"Jon Schlinkert","url":"https://github.com/jonschlinkert"},"repository":{"type":"git","url":"git://github.com/jonschlinkert/fill-range.git"},"bugs":{"url":"https://github.com/jonschlinkert/fill-range/issues"},"license":{"type":"MIT","url":"https://github.com/jonschlinkert/fill-range/blob/master/LICENSE-MIT"},"main":"index.js","engines":{"node":">=0.10.0"},"scripts":{"test":"mocha -R spec","docs":"update && license && npmignore && deps && verb","all":"npm run test && npm run docs"},"dependencies":{"is-number":"^0.1.1","randomatic":"^1.0.1","repeat-string":"^1.2.0"},"devDependencies":{"benchmarked":"^0.1.3","chalk":"^0.5.1","should":"*"},"keywords":["alpha","alphabetical","bash","brace","expand","expansion","glob","match","matches","matching","number","numerical","range","ranges","sh"],"gitHead":"2ff624da23b354d6637b6b1803856bbea0aff739","_id":"fill-range@1.1.0","_shasum":"1d459e01c0d41e85dba1287d83bdd9b246b8572c","_from":".","_npmVersion":"1.4.23","_npmUser":{"name":"jonschlinkert","email":"github@sellside.com"},"maintainers":[{"name":"jonschlinkert","email":"github@sellside.com"}],"dist":{"shasum":"1d459e01c0d41e85dba1287d83bdd9b246b8572c","tarball":"https://registry.npmjs.org/fill-range/-/fill-range-1.1.0.tgz"},"directories":{}},"1.2.0":{"name":"fill-range","description":"Fill in a range of numbers or letters, optionally passing an increment or multiplier to use.","version":"1.2.0","homepage":"https://github.com/jonschlinkert/fill-range","author":{"name":"Jon Schlinkert","url":"https://github.com/jonschlinkert"},"repository":{"type":"git","url":"git://github.com/jonschlinkert/fill-range.git"},"bugs":{"url":"https://github.com/jonschlinkert/fill-range/issues"},"license":{"type":"MIT","url":"https://github.com/jonschlinkert/fill-range/blob/master/LICENSE-MIT"},"main":"index.js","engines":{"node":">=0.10.0"},"scripts":{"test":"mocha -R spec","docs":"update && license && npmignore && deps && verb","all":"npm run test && npm run docs"},"dependencies":{"is-number":"^0.1.1","randomatic":"^1.0.1","repeat-string":"^1.2.0"},"devDependencies":{"benchmarked":"^0.1.3","chalk":"^0.5.1","should":"*"},"keywords":["alpha","alphabetical","bash","brace","expand","expansion","glob","match","matches","matching","number","numerical","range","ranges","sh"],"gitHead":"91a181e661652a431fc308576f3d6255d0ebd7e0","_id":"fill-range@1.2.0","_shasum":"47a9311bc4edbef4ccb95a426fd20c2d83d5c4e1","_from":".","_npmVersion":"1.4.23","_npmUser":{"name":"jonschlinkert","email":"github@sellside.com"},"maintainers":[{"name":"jonschlinkert","email":"github@sellside.com"}],"dist":{"shasum":"47a9311bc4edbef4ccb95a426fd20c2d83d5c4e1","tarball":"https://registry.npmjs.org/fill-range/-/fill-range-1.2.0.tgz"},"directories":{}},"1.3.0":{"name":"fill-range","description":"Fill in a range of numbers or letters, optionally passing an increment or multiplier to use.","version":"1.3.0","homepage":"https://github.com/jonschlinkert/fill-range","author":{"name":"Jon Schlinkert","url":"https://github.com/jonschlinkert"},"repository":{"type":"git","url":"git://github.com/jonschlinkert/fill-range.git"},"bugs":{"url":"https://github.com/jonschlinkert/fill-range/issues"},"license":{"type":"MIT","url":"https://github.com/jonschlinkert/fill-range/blob/master/LICENSE-MIT"},"main":"index.js","engines":{"node":">=0.10.0"},"scripts":{"test":"mocha -R spec","docs":"update && license && npmignore && deps && verb","all":"npm run test && npm run docs"},"dependencies":{"is-number":"^0.1.1","randomatic":"^1.0.1","repeat-element":"^1.0.0","repeat-string":"^1.2.0"},"devDependencies":{"benchmarked":"^0.1.3","chalk":"^0.5.1","should":"*"},"keywords":["alpha","alphabetical","bash","brace","expand","expansion","glob","match","matches","matching","number","numerical","range","ranges","sh"],"gitHead":"8feab621033bae8276138909d61a89e267434934","_id":"fill-range@1.3.0","_shasum":"6d3541ac148a216c3a0fd39c4717e563926fcfee","_from":".","_npmVersion":"1.4.23","_npmUser":{"name":"jonschlinkert","email":"github@sellside.com"},"maintainers":[{"name":"jonschlinkert","email":"github@sellside.com"}],"dist":{"shasum":"6d3541ac148a216c3a0fd39c4717e563926fcfee","tarball":"https://registry.npmjs.org/fill-range/-/fill-range-1.3.0.tgz"},"directories":{}},"1.4.0":{"name":"fill-range","description":"Fill in a range of numbers or letters, optionally passing an increment or multiplier to use.","version":"1.4.0","homepage":"https://github.com/jonschlinkert/fill-range","author":{"name":"Jon Schlinkert","url":"https://github.com/jonschlinkert"},"repository":{"type":"git","url":"git://github.com/jonschlinkert/fill-range.git"},"bugs":{"url":"https://github.com/jonschlinkert/fill-range/issues"},"license":{"type":"MIT","url":"https://github.com/jonschlinkert/fill-range/blob/master/LICENSE-MIT"},"main":"index.js","engines":{"node":">=0.10.0"},"scripts":{"test":"mocha -R spec","docs":"update && license && npmignore && deps && verb","all":"npm run test && npm run docs"},"dependencies":{"is-number":"^0.1.1","randomatic":"^1.0.1","repeat-element":"^1.0.0","repeat-string":"^1.2.0"},"devDependencies":{"benchmarked":"^0.1.3","chalk":"^0.5.1","should":"*"},"keywords":["alpha","alphabetical","bash","brace","expand","expansion","glob","match","matches","matching","number","numerical","range","ranges","sh"],"gitHead":"8feab621033bae8276138909d61a89e267434934","_id":"fill-range@1.4.0","_shasum":"e6d1e18ee733452ab608a74e181d2c41f6291ba3","_from":".","_npmVersion":"1.4.23","_npmUser":{"name":"jonschlinkert","email":"github@sellside.com"},"maintainers":[{"name":"jonschlinkert","email":"github@sellside.com"}],"dist":{"shasum":"e6d1e18ee733452ab608a74e181d2c41f6291ba3","tarball":"https://registry.npmjs.org/fill-range/-/fill-range-1.4.0.tgz"},"directories":{}},"1.5.0":{"name":"fill-range","description":"Fill in a range of numbers or letters, optionally passing an increment or multiplier to use.","version":"1.5.0","homepage":"https://github.com/jonschlinkert/fill-range","author":{"name":"Jon Schlinkert","url":"https://github.com/jonschlinkert"},"repository":{"type":"git","url":"git://github.com/jonschlinkert/fill-range.git"},"bugs":{"url":"https://github.com/jonschlinkert/fill-range/issues"},"license":{"type":"MIT","url":"https://github.com/jonschlinkert/fill-range/blob/master/LICENSE-MIT"},"main":"index.js","engines":{"node":">=0.10.0"},"files":["index.js"],"scripts":{"test":"mocha -R spec"},"dependencies":{"is-number":"^1.1.0","randomatic":"^1.0.1","repeat-element":"^1.0.0"},"devDependencies":{"benchmarked":"^0.1.3","chalk":"^0.5.1","should":"*"},"keywords":["alpha","alphabetical","bash","brace","expand","expansion","glob","match","matches","matching","number","numerical","range","ranges","sh"],"gitHead":"a578d682adf97538bcd321ee32deda2c6f7bcb6c","_id":"fill-range@1.5.0","_shasum":"3cf1025e5b4a65f6b0b492d3116c0dbdf75d5f85","_from":".","_npmVersion":"1.4.28","_npmUser":{"name":"jonschlinkert","email":"github@sellside.com"},"maintainers":[{"name":"jonschlinkert","email":"github@sellside.com"}],"dist":{"shasum":"3cf1025e5b4a65f6b0b492d3116c0dbdf75d5f85","tarball":"https://registry.npmjs.org/fill-range/-/fill-range-1.5.0.tgz"},"directories":{}},"1.6.0":{"name":"fill-range","description":"Fill in a range of numbers or letters, optionally passing an increment or multiplier to use.","version":"1.6.0","homepage":"https://github.com/jonschlinkert/fill-range","author":{"name":"Jon Schlinkert","url":"https://github.com/jonschlinkert"},"repository":{"type":"git","url":"git://github.com/jonschlinkert/fill-range.git"},"bugs":{"url":"https://github.com/jonschlinkert/fill-range/issues"},"license":{"type":"MIT","url":"https://github.com/jonschlinkert/fill-range/blob/master/LICENSE-MIT"},"main":"index.js","engines":{"node":">=0.10.0"},"files":["index.js"],"scripts":{"test":"mocha -R spec"},"dependencies":{"is-number":"^1.1.0","randomatic":"^1.0.1","repeat-element":"^1.0.0","repeat-string":"^1.4.0"},"devDependencies":{"benchmarked":"^0.1.3","chalk":"^0.5.1","should":"*"},"keywords":["alpha","alphabetical","bash","brace","expand","expansion","glob","match","matches","matching","number","numerical","range","ranges","sh"],"gitHead":"a95fece96f7d525edf0bd7b92b88753b89ac5420","_id":"fill-range@1.6.0","_shasum":"3a18b7ecb2a61700a2005c8a5c8e8de65950f4d1","_from":".","_npmVersion":"1.4.28","_npmUser":{"name":"jonschlinkert","email":"github@sellside.com"},"maintainers":[{"name":"jonschlinkert","email":"github@sellside.com"}],"dist":{"shasum":"3a18b7ecb2a61700a2005c8a5c8e8de65950f4d1","tarball":"https://registry.npmjs.org/fill-range/-/fill-range-1.6.0.tgz"},"directories":{}},"1.7.0":{"name":"fill-range","description":"Fill in a range of numbers or letters, optionally passing an increment or multiplier to use.","version":"1.7.0","homepage":"https://github.com/jonschlinkert/fill-range","author":{"name":"Jon Schlinkert","url":"https://github.com/jonschlinkert"},"repository":{"type":"git","url":"git://github.com/jonschlinkert/fill-range.git"},"bugs":{"url":"https://github.com/jonschlinkert/fill-range/issues"},"license":{"type":"MIT","url":"https://github.com/jonschlinkert/fill-range/blob/master/LICENSE-MIT"},"main":"index.js","engines":{"node":">=0.10.0"},"files":["index.js"],"scripts":{"test":"mocha -R spec"},"dependencies":{"is-number":"^1.1.0","randomatic":"^1.0.1","repeat-element":"^1.0.0","repeat-string":"^1.4.0"},"devDependencies":{"benchmarked":"^0.1.3","chalk":"^0.5.1","should":"*"},"keywords":["alpha","alphabetical","bash","brace","expand","expansion","glob","match","matches","matching","number","numerical","range","ranges","sh"],"gitHead":"bbda14384c98093788b85cfbf427b509390d84ad","_id":"fill-range@1.7.0","_shasum":"b55f1bb5aea102eb7ed89e2718510ec3ad23d86d","_from":".","_npmVersion":"1.4.28","_npmUser":{"name":"jonschlinkert","email":"github@sellside.com"},"maintainers":[{"name":"jonschlinkert","email":"github@sellside.com"}],"dist":{"shasum":"b55f1bb5aea102eb7ed89e2718510ec3ad23d86d","tarball":"https://registry.npmjs.org/fill-range/-/fill-range-1.7.0.tgz"},"directories":{}},"1.7.1":{"name":"fill-range","description":"Fill in a range of numbers or letters, optionally passing an increment or multiplier to use.","version":"1.7.1","homepage":"https://github.com/jonschlinkert/fill-range","author":{"name":"Jon Schlinkert","url":"https://github.com/jonschlinkert"},"repository":{"type":"git","url":"git://github.com/jonschlinkert/fill-range.git"},"bugs":{"url":"https://github.com/jonschlinkert/fill-range/issues"},"license":{"type":"MIT","url":"https://github.com/jonschlinkert/fill-range/blob/master/LICENSE-MIT"},"main":"index.js","engines":{"node":">=0.10.0"},"files":["index.js"],"scripts":{"test":"mocha -R spec"},"dependencies":{"is-number":"^1.1.0","randomatic":"^1.0.1","repeat-element":"^1.0.0","repeat-string":"^1.4.0"},"devDependencies":{"benchmarked":"^0.1.3","chalk":"^0.5.1","should":"*"},"keywords":["alpha","alphabetical","bash","brace","expand","expansion","glob","match","matches","matching","number","numerical","range","ranges","sh"],"gitHead":"2251a06a67ae6093d5457091c95a347d1aabbaa7","_id":"fill-range@1.7.1","_shasum":"73bf1ab3f5e1dc91945824db7d82f475d40ba136","_from":".","_npmVersion":"1.4.28","_npmUser":{"name":"jonschlinkert","email":"github@sellside.com"},"maintainers":[{"name":"jonschlinkert","email":"github@sellside.com"}],"dist":{"shasum":"73bf1ab3f5e1dc91945824db7d82f475d40ba136","tarball":"https://registry.npmjs.org/fill-range/-/fill-range-1.7.1.tgz"},"directories":{}},"1.8.0":{"name":"fill-range","description":"Fill in a range of numbers or letters, optionally passing an increment or multiplier to use.","version":"1.8.0","homepage":"https://github.com/jonschlinkert/fill-range","author":{"name":"Jon Schlinkert","url":"https://github.com/jonschlinkert"},"repository":{"type":"git","url":"git://github.com/jonschlinkert/fill-range.git"},"bugs":{"url":"https://github.com/jonschlinkert/fill-range/issues"},"license":{"type":"MIT","url":"https://github.com/jonschlinkert/fill-range/blob/master/LICENSE-MIT"},"main":"index.js","engines":{"node":">=0.10.0"},"files":["index.js"],"scripts":{"test":"mocha -R spec"},"dependencies":{"is-number":"^1.1.0","isobject":"^0.2.0","randomatic":"^1.0.1","repeat-element":"^1.0.0","repeat-string":"^1.4.0"},"devDependencies":{"benchmarked":"^0.1.3","chalk":"^0.5.1","should":"*"},"keywords":["alpha","alphabetical","bash","brace","expand","expansion","glob","match","matches","matching","number","numerical","range","ranges","sh"],"gitHead":"55792c320bed0ada3e1ed1a53628b6c799fb495e","_id":"fill-range@1.8.0","_shasum":"6d90816c856b7ca7a47c443dfcfbebab9c8c365e","_from":".","_npmVersion":"1.4.28","_npmUser":{"name":"jonschlinkert","email":"github@sellside.com"},"maintainers":[{"name":"jonschlinkert","email":"github@sellside.com"}],"dist":{"shasum":"6d90816c856b7ca7a47c443dfcfbebab9c8c365e","tarball":"https://registry.npmjs.org/fill-range/-/fill-range-1.8.0.tgz"},"directories":{}},"1.9.0":{"name":"fill-range","description":"Fill in a range of numbers or letters, optionally passing an increment or multiplier to use.","version":"1.9.0","homepage":"https://github.com/jonschlinkert/fill-range","author":{"name":"Jon Schlinkert","url":"https://github.com/jonschlinkert"},"repository":{"type":"git","url":"git://github.com/jonschlinkert/fill-range.git"},"bugs":{"url":"https://github.com/jonschlinkert/fill-range/issues"},"license":{"type":"MIT","url":"https://github.com/jonschlinkert/fill-range/blob/master/LICENSE-MIT"},"main":"index.js","engines":{"node":">=0.10.0"},"files":["index.js"],"scripts":{"test":"mocha -R spec"},"dependencies":{"is-number":"^1.1.0","isobject":"^0.2.0","randomatic":"^1.0.1","repeat-element":"^1.0.0","repeat-string":"^1.4.0"},"devDependencies":{"benchmarked":"^0.1.3","chalk":"^0.5.1","should":"*"},"keywords":["alpha","alphabetical","bash","brace","expand","expansion","glob","match","matches","matching","number","numerical","range","ranges","sh"],"gitHead":"55792c320bed0ada3e1ed1a53628b6c799fb495e","_id":"fill-range@1.9.0","_shasum":"a15facff50d734df2d35a8303510b81fce2fb894","_from":".","_npmVersion":"1.4.28","_npmUser":{"name":"jonschlinkert","email":"github@sellside.com"},"maintainers":[{"name":"jonschlinkert","email":"github@sellside.com"}],"dist":{"shasum":"a15facff50d734df2d35a8303510b81fce2fb894","tarball":"https://registry.npmjs.org/fill-range/-/fill-range-1.9.0.tgz"},"directories":{}},"2.0.0":{"name":"fill-range","description":"Fill in a range of numbers or letters, optionally passing an increment or multiplier to use.","version":"2.0.0","homepage":"https://github.com/jonschlinkert/fill-range","author":{"name":"Jon Schlinkert","url":"https://github.com/jonschlinkert"},"repository":{"type":"git","url":"git://github.com/jonschlinkert/fill-range.git"},"bugs":{"url":"https://github.com/jonschlinkert/fill-range/issues"},"license":{"type":"MIT","url":"https://github.com/jonschlinkert/fill-range/blob/master/LICENSE-MIT"},"main":"index.js","engines":{"node":">=0.10.0"},"files":["index.js"],"scripts":{"test":"mocha -R spec"},"dependencies":{"is-number":"^1.1.0","isobject":"^0.2.0","randomatic":"^1.1.0","repeat-element":"^1.0.0","repeat-string":"^1.5.0"},"devDependencies":{"benchmarked":"^0.1.3","chalk":"^0.5.1","should":"*"},"keywords":["alpha","alphabetical","bash","brace","expand","expansion","glob","match","matches","matching","number","numerical","range","ranges","sh"],"gitHead":"68bcd3e18c04698147ae7701c7c9c73427007d30","_id":"fill-range@2.0.0","_shasum":"4957d921e1737e13160da91f274bc2f066552897","_from":".","_npmVersion":"1.4.28","_npmUser":{"name":"jonschlinkert","email":"github@sellside.com"},"maintainers":[{"name":"jonschlinkert","email":"github@sellside.com"}],"dist":{"shasum":"4957d921e1737e13160da91f274bc2f066552897","tarball":"https://registry.npmjs.org/fill-range/-/fill-range-2.0.0.tgz"},"directories":{}},"2.1.0":{"name":"fill-range","description":"Fill in a range of numbers or letters, optionally passing an increment or multiplier to use.","version":"2.1.0","homepage":"https://github.com/jonschlinkert/fill-range","author":{"name":"Jon Schlinkert","url":"https://github.com/jonschlinkert"},"repository":{"type":"git","url":"git://github.com/jonschlinkert/fill-range.git"},"bugs":{"url":"https://github.com/jonschlinkert/fill-range/issues"},"license":{"type":"MIT","url":"https://github.com/jonschlinkert/fill-range/blob/master/LICENSE-MIT"},"main":"index.js","engines":{"node":">=0.10.0"},"files":["index.js"],"scripts":{"test":"mocha -R spec"},"dependencies":{"is-number":"^1.1.0","isobject":"^0.2.0","randomatic":"^1.1.0","repeat-element":"^1.0.0","repeat-string":"^1.5.0"},"devDependencies":{"benchmarked":"^0.1.3","chalk":"^0.5.1","should":"*"},"keywords":["alpha","alphabetical","bash","brace","expand","expansion","glob","match","matches","matching","number","numerical","range","ranges","sh"],"gitHead":"965fc42da05330741d85f842e52f4d625b1e242b","_id":"fill-range@2.1.0","_shasum":"6c6ef3a318872fae7e17b8bbd6c4b97a792b0903","_from":".","_npmVersion":"1.4.28","_npmUser":{"name":"jonschlinkert","email":"github@sellside.com"},"maintainers":[{"name":"jonschlinkert","email":"github@sellside.com"}],"dist":{"shasum":"6c6ef3a318872fae7e17b8bbd6c4b97a792b0903","tarball":"https://registry.npmjs.org/fill-range/-/fill-range-2.1.0.tgz"},"directories":{}},"2.2.0":{"name":"fill-range","description":"Fill in a range of numbers or letters, optionally passing an increment or multiplier to use.","version":"2.2.0","homepage":"https://github.com/jonschlinkert/fill-range","author":{"name":"Jon Schlinkert","url":"https://github.com/jonschlinkert"},"repository":{"type":"git","url":"git://github.com/jonschlinkert/fill-range.git"},"bugs":{"url":"https://github.com/jonschlinkert/fill-range/issues"},"license":{"type":"MIT","url":"https://github.com/jonschlinkert/fill-range/blob/master/LICENSE"},"files":["index.js"],"main":"index.js","engines":{"node":">=0.10.0"},"scripts":{"test":"mocha"},"dependencies":{"is-number":"^1.1.0","isobject":"^0.2.0","randomatic":"^1.1.0","repeat-element":"^1.0.0","repeat-string":"^1.5.0"},"devDependencies":{"benchmarked":"^0.1.3","chalk":"^0.5.1","should":"*"},"keywords":["alpha","alphabetical","bash","brace","expand","expansion","glob","match","matches","matching","number","numerical","range","ranges","sh"],"gitHead":"b403fefd2d8c5ba134239824cec118cfe4c19393","_id":"fill-range@2.2.0","_shasum":"60ed5d1ca44aba3e7f86b0b72e1fadbabe56f37a","_from":".","_npmVersion":"2.5.1","_nodeVersion":"0.12.0","_npmUser":{"name":"jonschlinkert","email":"github@sellside.com"},"maintainers":[{"name":"jonschlinkert","email":"github@sellside.com"}],"dist":{"shasum":"60ed5d1ca44aba3e7f86b0b72e1fadbabe56f37a","tarball":"https://registry.npmjs.org/fill-range/-/fill-range-2.2.0.tgz"},"directories":{}},"2.2.1":{"name":"fill-range","description":"Fill in a range of numbers or letters, optionally passing an increment or multiplier to use.","version":"2.2.1","homepage":"https://github.com/jonschlinkert/fill-range","author":{"name":"Jon Schlinkert","url":"https://github.com/jonschlinkert"},"repository":{"type":"git","url":"git://github.com/jonschlinkert/fill-range.git"},"bugs":{"url":"https://github.com/jonschlinkert/fill-range/issues"},"license":{"type":"MIT","url":"https://github.com/jonschlinkert/fill-range/blob/master/LICENSE"},"files":["index.js"],"main":"index.js","engines":{"node":">=0.10.0"},"scripts":{"test":"mocha"},"dependencies":{"is-number":"^1.1.2","isobject":"^1.0.0","randomatic":"^1.1.0","repeat-element":"^1.1.0","repeat-string":"^1.5.2"},"devDependencies":{"benchmarked":"^0.1.3","chalk":"^0.5.1","should":"*"},"keywords":["alpha","alphabetical","bash","brace","expand","expansion","glob","match","matches","matching","number","numerical","range","ranges","sh"],"gitHead":"dafcb07a8cb9d8138543234fde0cc92340248cb1","_id":"fill-range@2.2.1","_shasum":"80bb64f2af0505fab78166e6508d7ac9ca8b118d","_from":".","_npmVersion":"2.5.1","_nodeVersion":"0.12.0","_npmUser":{"name":"jonschlinkert","email":"github@sellside.com"},"maintainers":[{"name":"jonschlinkert","email":"github@sellside.com"},{"name":"doowb","email":"brian.woodward@gmail.com"},{"name":"es128","email":"elan.shanker+npm@gmail.com"}],"dist":{"shasum":"80bb64f2af0505fab78166e6508d7ac9ca8b118d","tarball":"https://registry.npmjs.org/fill-range/-/fill-range-2.2.1.tgz"},"directories":{}},"2.2.2":{"name":"fill-range","description":"Fill in a range of numbers or letters, optionally passing an increment or multiplier to use.","version":"2.2.2","homepage":"https://github.com/jonschlinkert/fill-range","author":{"name":"Jon Schlinkert","url":"https://github.com/jonschlinkert"},"repository":{"type":"git","url":"git://github.com/jonschlinkert/fill-range.git"},"bugs":{"url":"https://github.com/jonschlinkert/fill-range/issues"},"license":{"type":"MIT","url":"https://github.com/jonschlinkert/fill-range/blob/master/LICENSE"},"files":["index.js"],"main":"index.js","engines":{"node":">=0.10.0"},"scripts":{"test":"mocha"},"dependencies":{"is-number":"^1.1.2","isobject":"^1.0.0","randomatic":"^1.1.0","repeat-element":"^1.1.0","repeat-string":"^1.5.2"},"devDependencies":{"benchmarked":"^0.1.3","chalk":"^0.5.1","should":"*"},"keywords":["alpha","alphabetical","bash","brace","expand","expansion","glob","match","matches","matching","number","numerical","range","ranges","sh"],"gitHead":"dafcb07a8cb9d8138543234fde0cc92340248cb1","_id":"fill-range@2.2.2","_shasum":"2ad9d158a6a666f9fb8c9f9f05345dff68d45760","_from":".","_npmVersion":"2.5.1","_nodeVersion":"0.12.0","_npmUser":{"name":"jonschlinkert","email":"github@sellside.com"},"maintainers":[{"name":"jonschlinkert","email":"github@sellside.com"},{"name":"doowb","email":"brian.woodward@gmail.com"},{"name":"es128","email":"elan.shanker+npm@gmail.com"}],"dist":{"shasum":"2ad9d158a6a666f9fb8c9f9f05345dff68d45760","tarball":"https://registry.npmjs.org/fill-range/-/fill-range-2.2.2.tgz"},"directories":{}},"2.2.3":{"name":"fill-range","description":"Fill in a range of numbers or letters, optionally passing an increment or multiplier to use.","version":"2.2.3","homepage":"https://github.com/jonschlinkert/fill-range","author":{"name":"Jon Schlinkert","url":"https://github.com/jonschlinkert"},"repository":{"type":"git","url":"git+https://github.com/jonschlinkert/fill-range.git"},"bugs":{"url":"https://github.com/jonschlinkert/fill-range/issues"},"license":"MIT","files":["index.js"],"main":"index.js","engines":{"node":">=0.10.0"},"scripts":{"test":"mocha"},"dependencies":{"is-number":"^2.1.0","isobject":"^2.0.0","randomatic":"^1.1.3","repeat-element":"^1.1.2","repeat-string":"^1.5.2"},"devDependencies":{"benchmarked":"^0.1.3","chalk":"^0.5.1","should":"*"},"keywords":["alpha","alphabetical","bash","brace","expand","expansion","glob","match","matches","matching","number","numerical","range","ranges","sh"],"verb":{"related":{"list":["micromatch","expand-range","braces","is-glob"]}},"gitHead":"6cb50d5c679d9e6d9e8ad97bb2efd63a8c8da610","_id":"fill-range@2.2.3","_shasum":"50b77dfd7e469bc7492470963699fe7a8485a723","_from":".","_npmVersion":"3.3.6","_nodeVersion":"5.0.0","_npmUser":{"name":"jonschlinkert","email":"github@sellside.com"},"maintainers":[{"name":"jonschlinkert","email":"github@sellside.com"},{"name":"doowb","email":"brian.woodward@gmail.com"},{"name":"es128","email":"elan.shanker+npm@gmail.com"}],"dist":{"shasum":"50b77dfd7e469bc7492470963699fe7a8485a723","tarball":"https://registry.npmjs.org/fill-range/-/fill-range-2.2.3.tgz"},"directories":{}},"3.0.0":{"name":"fill-range","description":"Fill in a range of numbers or letters, optionally passing an increment or `step` to use, or create a regex-compatible range with `options.toRegex`","version":"3.0.0","homepage":"https://github.com/jonschlinkert/fill-range","author":{"name":"Jon Schlinkert","url":"https://github.com/jonschlinkert"},"contributors":[{"name":"Jon Schlinkert","email":"jon.schlinkert@sellside.com","url":"http://twitter.com/jonschlinkert"},{"name":"Paul Miller","email":"paul+gh@paulmillr.com","url":"paulmillr.com"}],"repository":{"type":"git","url":"git+https://github.com/jonschlinkert/fill-range.git"},"bugs":{"url":"https://github.com/jonschlinkert/fill-range/issues"},"license":"MIT","files":["index.js"],"main":"index.js","engines":{"node":">=0.10.0"},"scripts":{"test":"mocha"},"dependencies":{"extend-shallow":"^2.0.1","is-number":"^3.0.0","repeat-string":"^1.5.4","to-regex-range":"^0.2.0"},"devDependencies":{"gulp-format-md":"^0.1.10","mocha":"^3.0.2"},"keywords":["array","alpha","alphabetical","bash","brace","expand","expansion","fill","glob","match","matches","matching","number","numerical","regex","range","ranges","sh"],"verb":{"related":{"list":["braces","to-regex-range","expand-range","micromatch"]},"toc":true,"layout":"default","tasks":["readme"],"plugins":["gulp-format-md"],"lint":{"reflinks":true},"reflinks":["verb","verb-generate-readme"]},"gitHead":"53bc0f1e4933dbd56ab9cfe0b7759945d1d513ac","_id":"fill-range@3.0.0","_shasum":"4388a4a5163cca338d04f96b871cb800615cc042","_from":".","_npmVersion":"3.10.3","_nodeVersion":"6.3.0","_npmUser":{"name":"jonschlinkert","email":"github@sellside.com"},"maintainers":[{"name":"doowb","email":"brian.woodward@gmail.com"},{"name":"es128","email":"elan.shanker+npm@gmail.com"},{"name":"jonschlinkert","email":"github@sellside.com"},{"name":"paulmillr","email":"paul@paulmillr.com"}],"dist":{"shasum":"4388a4a5163cca338d04f96b871cb800615cc042","tarball":"https://registry.npmjs.org/fill-range/-/fill-range-3.0.0.tgz"},"_npmOperationalInternal":{"host":"packages-16-east.internal.npmjs.com","tmp":"tmp/fill-range-3.0.0.tgz_1473922297104_0.9279654189012945"},"directories":{}},"3.0.1":{"name":"fill-range","description":"Fill in a range of numbers or letters, optionally passing an increment or `step` to use, or create a regex-compatible range with `options.toRegex`","version":"3.0.1","homepage":"https://github.com/jonschlinkert/fill-range","author":{"name":"Jon Schlinkert","url":"https://github.com/jonschlinkert"},"contributors":[{"name":"Jon Schlinkert","email":"jon.schlinkert@sellside.com","url":"http://twitter.com/jonschlinkert"},{"name":"Paul Miller","email":"paul+gh@paulmillr.com","url":"paulmillr.com"}],"repository":{"type":"git","url":"git+https://github.com/jonschlinkert/fill-range.git"},"bugs":{"url":"https://github.com/jonschlinkert/fill-range/issues"},"license":"MIT","files":["index.js"],"main":"index.js","engines":{"node":">=0.10.0"},"scripts":{"test":"mocha"},"dependencies":{"extend-shallow":"^2.0.1","is-number":"^3.0.0","repeat-string":"^1.5.4","to-regex-range":"^0.2.0"},"devDependencies":{"gulp-format-md":"^0.1.10","mocha":"^3.0.2"},"keywords":["array","alpha","alphabetical","bash","brace","expand","expansion","fill","glob","match","matches","matching","number","numerical","regex","range","ranges","sh"],"verb":{"related":{"list":["braces","to-regex-range","expand-range","micromatch"]},"toc":true,"layout":"default","tasks":["readme"],"plugins":["gulp-format-md"],"lint":{"reflinks":true},"reflinks":["verb","verb-generate-readme"]},"gitHead":"1b70ecc3ae59706d333dad49288fe2044af385f7","_id":"fill-range@3.0.1","_shasum":"56bd878c6f484ccbd89e201da429ed555e0816a6","_from":".","_npmVersion":"3.10.3","_nodeVersion":"6.3.0","_npmUser":{"name":"jonschlinkert","email":"github@sellside.com"},"maintainers":[{"name":"doowb","email":"brian.woodward@gmail.com"},{"name":"es128","email":"elan.shanker+npm@gmail.com"},{"name":"jonschlinkert","email":"github@sellside.com"},{"name":"paulmillr","email":"paul@paulmillr.com"}],"dist":{"shasum":"56bd878c6f484ccbd89e201da429ed555e0816a6","tarball":"https://registry.npmjs.org/fill-range/-/fill-range-3.0.1.tgz"},"_npmOperationalInternal":{"host":"packages-12-west.internal.npmjs.com","tmp":"tmp/fill-range-3.0.1.tgz_1473922409682_0.8862245734781027"},"directories":{}},"3.0.2":{"name":"fill-range","description":"Fill in a range of numbers or letters, optionally passing an increment or `step` to use, or create a regex-compatible range with `options.toRegex`","version":"3.0.2","homepage":"https://github.com/jonschlinkert/fill-range","author":{"name":"Jon Schlinkert","url":"https://github.com/jonschlinkert"},"contributors":[{"name":"Jon Schlinkert","email":"jon.schlinkert@sellside.com","url":"http://twitter.com/jonschlinkert"},{"name":"Paul Miller","email":"paul+gh@paulmillr.com","url":"paulmillr.com"}],"repository":{"type":"git","url":"git+https://github.com/jonschlinkert/fill-range.git"},"bugs":{"url":"https://github.com/jonschlinkert/fill-range/issues"},"license":"MIT","files":["index.js"],"main":"index.js","engines":{"node":">=0.10.0"},"scripts":{"test":"mocha"},"dependencies":{"extend-shallow":"^2.0.1","is-number":"^3.0.0","repeat-string":"^1.5.4","to-regex-range":"^0.2.0"},"devDependencies":{"gulp-format-md":"^0.1.10","mocha":"^3.0.2"},"keywords":["array","alpha","alphabetical","bash","brace","expand","expansion","fill","glob","match","matches","matching","number","numerical","regex","range","ranges","sh"],"verb":{"related":{"list":["braces","to-regex-range","expand-range","micromatch"]},"toc":true,"layout":"default","tasks":["readme"],"plugins":["gulp-format-md"],"lint":{"reflinks":true},"reflinks":["verb","verb-generate-readme"]},"gitHead":"2cceeec1988e1e274e8b4c54c57d42636f8c7145","_id":"fill-range@3.0.2","_shasum":"e09db2fe9f8162bceb7e553a7a022008ab98e5bc","_from":".","_npmVersion":"3.10.3","_nodeVersion":"6.3.0","_npmUser":{"name":"jonschlinkert","email":"github@sellside.com"},"maintainers":[{"name":"doowb","email":"brian.woodward@gmail.com"},{"name":"es128","email":"elan.shanker+npm@gmail.com"},{"name":"jonschlinkert","email":"github@sellside.com"},{"name":"paulmillr","email":"paul@paulmillr.com"}],"dist":{"shasum":"e09db2fe9f8162bceb7e553a7a022008ab98e5bc","tarball":"https://registry.npmjs.org/fill-range/-/fill-range-3.0.2.tgz"},"_npmOperationalInternal":{"host":"packages-16-east.internal.npmjs.com","tmp":"tmp/fill-range-3.0.2.tgz_1473922792882_0.997952681966126"},"directories":{}},"3.0.3":{"name":"fill-range","description":"Fill in a range of numbers or letters, optionally passing an increment or `step` to use, or create a regex-compatible range with `options.toRegex`","version":"3.0.3","homepage":"https://github.com/jonschlinkert/fill-range","author":{"name":"Jon Schlinkert","url":"https://github.com/jonschlinkert"},"contributors":[{"name":"Jon Schlinkert","email":"jon.schlinkert@sellside.com","url":"http://twitter.com/jonschlinkert"},{"name":"Paul Miller","email":"paul+gh@paulmillr.com","url":"paulmillr.com"}],"repository":{"type":"git","url":"git+https://github.com/jonschlinkert/fill-range.git"},"bugs":{"url":"https://github.com/jonschlinkert/fill-range/issues"},"license":"MIT","files":["index.js"],"main":"index.js","engines":{"node":">=0.10.0"},"scripts":{"test":"mocha"},"dependencies":{"extend-shallow":"^2.0.1","is-number":"^3.0.0","repeat-string":"^1.5.4","to-regex-range":"^0.2.0"},"devDependencies":{"gulp-format-md":"^0.1.10","mocha":"^3.0.2"},"keywords":["array","alpha","alphabetical","bash","brace","expand","expansion","fill","glob","match","matches","matching","number","numerical","regex","range","ranges","sh"],"verb":{"related":{"list":["braces","to-regex-range","expand-range","micromatch"]},"toc":true,"layout":"default","tasks":["readme"],"plugins":["gulp-format-md"],"lint":{"reflinks":true},"reflinks":["verb","verb-generate-readme"]},"gitHead":"f7aad9db3ef14dbd96b8ddeb8fc57bc72963127a","_id":"fill-range@3.0.3","_shasum":"7579a71c8c107a655ef8a648d3ab247a7ef71ab4","_from":".","_npmVersion":"3.10.3","_nodeVersion":"6.3.0","_npmUser":{"name":"jonschlinkert","email":"github@sellside.com"},"maintainers":[{"name":"doowb","email":"brian.woodward@gmail.com"},{"name":"es128","email":"elan.shanker+npm@gmail.com"},{"name":"jonschlinkert","email":"github@sellside.com"},{"name":"paulmillr","email":"paul@paulmillr.com"}],"dist":{"shasum":"7579a71c8c107a655ef8a648d3ab247a7ef71ab4","tarball":"https://registry.npmjs.org/fill-range/-/fill-range-3.0.3.tgz"},"_npmOperationalInternal":{"host":"packages-16-east.internal.npmjs.com","tmp":"tmp/fill-range-3.0.3.tgz_1473925592132_0.7065864582546055"},"directories":{}}},"readme":"# fill-range [![NPM version](https://img.shields.io/npm/v/fill-range.svg?style=flat)](https://www.npmjs.com/package/fill-range) [![NPM downloads](https://img.shields.io/npm/dm/fill-range.svg?style=flat)](https://npmjs.org/package/fill-range) [![Build Status](https://img.shields.io/travis/jonschlinkert/fill-range.svg?style=flat)](https://travis-ci.org/jonschlinkert/fill-range)\n\n> Fill in a range of numbers or letters, optionally passing an increment or `step` to use, or create a regex-compatible range with `options.toRegex`\n\n## Table of Contents\n\n- [Install](#install)\n- [Usage](#usage)\n  * [Invalid ranges](#invalid-ranges)\n  * [Custom function](#custom-function)\n- [About](#about)\n  * [Related projects](#related-projects)\n  * [Contributing](#contributing)\n  * [Building docs](#building-docs)\n  * [Running tests](#running-tests)\n  * [Author](#author)\n  * [License](#license)\n\n_(TOC generated by [verb](https://github.com/verbose/verb) using [markdown-toc](https://github.com/jonschlinkert/markdown-toc))_\n\n## Install\n\nInstall with [npm](https://www.npmjs.com/):\n\n```sh\n$ npm install --save fill-range\n```\n\n## Usage\n\nExpands numbers and letters, optionally using a `step` as the last argument. _(Numbers may be defined as JavaScript numbers or strings)_.\n\n```js\nvar fill = require('fill-range');\n\nconsole.log(fill('a', 'e'));\n//=> ['a', 'b', 'c', 'd', 'e']\n\nconsole.log(fill(0, 25, 5));\n//=> [ 0, 5, 10, 15, 20, 25 ]\n\nconsole.log(fill('a', 'e', {toRegex: true}));\n//=> '[a-e]'\n\nconsole.log(fill('a', 'z', 3, {toRegex: true}));\n//=> 'a|d|g|j|m|p|s|v|y'\n\nconsole.log(fill('1', '100', {toRegex: true}));\n//=> '[1-9]|[1-9][0-9]|100'\n```\n\nCreate regex-compatible ranges (returns a string, which can be used however you need to create a regex):\n\n```js\nconsole.log(fill('a', 'e', {toRegex: true}));\n//=> '[a-e]'\n\nconsole.log(fill('a', 'z', 3, {toRegex: true}));\n//=> 'a|d|g|j|m|p|s|v|y'\n\nconsole.log(fill('1', '100', {toRegex: true}));\n//=> '[1-9]|[1-9][0-9]|100'\n```\n\n**Params**\n\n```js\nfill(start, stop, step, options, fn);\n```\n\n* `start`: **{String|Number}** the number or letter to start with\n* `end`: **{String|Number}** the number or letter to end with\n* `step`: **{String|Number}** optionally pass the step to use. works for letters or numbers.\n* `options`: **{Object}**:\n  - `toRegex`: return a regex-compatible string (still returned as an array for consistency)\n  - `step`: pass the step on the options as an alternative to passing it as an argument\n  - `strict`: `undefined` by default, set to true to throw errors on invalid ranges.\n* `fn`: **{Function}** optionally [pass a function](#custom-function) to modify each character. This can also be defined as `options.transform`\n\n**Examples**\n\n```js\nfill(1, 3)\n//=> ['1', '2', '3']\n\nfill('1', '3')\n//=> ['1', '2', '3']\n\nfill('0', '-5')\n//=> [ '0', '-1', '-2', '-3', '-4', '-5' ]\n\nfill(-9, 9, 3)\n//=> [ '-9', '-6', '-3', '0', '3', '6', '9' ])\n\nfill('-1', '-10', '-2')\n//=> [ '-1', '-3', '-5', '-7', '-9' ]\n\nfill('1', '10', '2')\n//=> [ '1', '3', '5', '7', '9' ]\n\nfill('a', 'e')\n//=> ['a', 'b', 'c', 'd', 'e']\n\nfill('a', 'e', 2)\n//=> ['a', 'c', 'e']\n\nfill('A', 'E', 2)\n//=> ['A', 'C', 'E']\n```\n\n### Invalid ranges\n\nWhen an invalid range is passed, `null` is returned.\n\n```js\nfill('1.1', '2');   // decimals not supported in ranges\n//=> null\n\nfill('a', '2');     // unmatched values\n//=> null\n\nfill(1, 10, 'foo'); // invalid step\n//=> null\n```\n\nIf you want errors to be throw, set `options.strict` to true.\n\n### Custom function\n\nOptionally pass a custom function as last argument or on `options.transform`.\n\n```js\n// increase padding by two\nvar arr = fill('01', '05', function(val, a, b, step, idx, arr, options) {\n  return repeat('0', (options.maxLength + 2) - val.length) + val;\n});\n\nconsole.log(arr);\n//=> ['0001', '0002', '0003', '0004', '0005']\n```\n\n## About\n\n### Related projects\n\n* [braces](https://www.npmjs.com/package/braces): Fastest brace expansion for node.js, with the most complete support for the Bash 4.3 braces… [more](https://github.com/jonschlinkert/braces) | [homepage](https://github.com/jonschlinkert/braces \"Fastest brace expansion for node.js, with the most complete support for the Bash 4.3 braces specification.\")\n* [expand-range](https://www.npmjs.com/package/expand-range): Fast, bash-like range expansion. Expand a range of numbers or letters, uppercase or lowercase. See… [more](https://github.com/jonschlinkert/expand-range) | [homepage](https://github.com/jonschlinkert/expand-range \"Fast, bash-like range expansion. Expand a range of numbers or letters, uppercase or lowercase. See the benchmarks. Used by micromatch.\")\n* [micromatch](https://www.npmjs.com/package/micromatch): Glob matching for javascript/node.js. A drop-in replacement and faster alternative to minimatch and multimatch. | [homepage](https://github.com/jonschlinkert/micromatch \"Glob matching for javascript/node.js. A drop-in replacement and faster alternative to minimatch and multimatch.\")\n* [to-regex-range](https://www.npmjs.com/package/to-regex-range): Returns a regex-compatible range from two numbers, min and max, with 855,412 generated unit tests… [more](https://github.com/jonschlinkert/to-regex-range) | [homepage](https://github.com/jonschlinkert/to-regex-range \"Returns a regex-compatible range from two numbers, min and max, with 855,412 generated unit tests to validate it's accuracy! Useful for creating regular expressions to validate numbers, ranges, years, etc. Returns a string, allowing the returned value to \")\n\n### Contributing\n\nPull requests and stars are always welcome. For bugs and feature requests, [please create an issue](../../issues/new).\n\n### Building docs\n\n_(This document was generated by [verb-generate-readme](https://github.com/verbose/verb-generate-readme) (a [verb](https://github.com/verbose/verb) generator), please don't edit the readme directly. Any changes to the readme must be made in [.verb.md](.verb.md).)_\n\nTo generate the readme and API documentation with [verb](https://github.com/verbose/verb):\n\n```sh\n$ npm install -g verb verb-generate-readme && verb\n```\n\n### Running tests\n\nInstall dev dependencies:\n\n```sh\n$ npm install -d && npm test\n```\n\n### Author\n\n**Jon Schlinkert**\n\n* [github/jonschlinkert](https://github.com/jonschlinkert)\n* [twitter/jonschlinkert](http://twitter.com/jonschlinkert)\n\n### License\n\nCopyright © 2016, [Jon Schlinkert](https://github.com/jonschlinkert).\nReleased under the [MIT license](https://github.com/jonschlinkert/fill-range/blob/master/LICENSE).\n\n***\n\n_This file was generated by [verb-generate-readme](https://github.com/verbose/verb-generate-readme), v0.1.30, on September 15, 2016._","maintainers":[{"name":"doowb","email":"brian.woodward@gmail.com"},{"name":"es128","email":"elan.shanker+npm@gmail.com"},{"name":"jonschlinkert","email":"github@sellside.com"},{"name":"paulmillr","email":"paul@paulmillr.com"}],"time":{"modified":"2016-09-15T07:46:33.372Z","created":"2014-11-25T07:08:17.514Z","0.1.0":"2014-11-25T07:08:17.514Z","0.1.1":"2014-11-25T07:26:24.847Z","0.2.0":"2014-11-25T18:38:44.757Z","1.0.0":"2015-01-04T18:00:33.433Z","1.1.0":"2015-01-09T02:51:52.156Z","1.2.0":"2015-01-09T16:21:12.863Z","1.3.0":"2015-01-12T00:23:30.192Z","1.4.0":"2015-01-14T22:03:45.204Z","1.5.0":"2015-01-24T10:56:51.026Z","1.6.0":"2015-01-24T11:06:24.383Z","1.7.0":"2015-01-24T23:27:49.974Z","1.7.1":"2015-01-24T23:39:53.337Z","1.8.0":"2015-01-25T05:31:07.083Z","1.9.0":"2015-01-25T06:03:42.536Z","2.0.0":"2015-01-26T16:56:12.970Z","2.1.0":"2015-01-30T13:33:09.891Z","2.2.0":"2015-02-25T16:21:11.297Z","2.2.1":"2015-04-07T08:43:18.684Z","2.2.2":"2015-04-07T08:50:55.860Z","2.2.3":"2015-12-06T22:15:02.623Z","3.0.0":"2016-09-15T06:51:38.296Z","3.0.1":"2016-09-15T06:53:31.812Z","3.0.2":"2016-09-15T06:59:54.132Z","3.0.3":"2016-09-15T07:46:33.372Z"},"homepage":"https://github.com/jonschlinkert/fill-range","keywords":["array","alpha","alphabetical","bash","brace","expand","expansion","fill","glob","match","matches","matching","number","numerical","regex","range","ranges","sh"],"repository":{"type":"git","url":"git+https://github.com/jonschlinkert/fill-range.git"},"author":{"name":"Jon Schlinkert","url":"https://github.com/jonschlinkert"},"bugs":{"url":"https://github.com/jonschlinkert/fill-range/issues"},"readmeFilename":"README.md","license":"MIT","contributors":[{"name":"Jon Schlinkert","email":"jon.schlinkert@sellside.com","url":"http://twitter.com/jonschlinkert"},{"name":"Paul Miller","email":"paul+gh@paulmillr.com","url":"paulmillr.com"}],"_attachments":{},"_etag":"\"B3QJ047537MM5CCK7HQAHKWX\""}