{"_id":"markdown","_rev":"98-f4b67ca8433596f87486fe668f9f902a","name":"markdown","description":"A sensible Markdown parser for javascript","dist-tags":{"latest":"0.5.0"},"versions":{"0.1.0":{"name":"markdown","description":"C markdown implementation using discount","tags":["markdown","md","parser","native"],"author":{"name":"TJ Holowaychuk","email":"tj@vision-media.ca"},"version":"0.1.0","lib":"./build/default","main":"./build/default/markdown","scripts":{"preinstall":"node-waf configure build"},"repository":{"type":"git","url":"http://github.com/visionmedia/node-discount.git"},"bugs":{"web":"http://github.com/visionmedia/node-discount/issues"},"_id":"markdown@0.1.0","engines":{"node":"*"},"_nodeSupported":true,"_npmVersion":"0.2.7-2","_nodeVersion":"v0.3.1-pre","dist":{"tarball":"https://registry.npmjs.org/markdown/-/markdown-0.1.0.tgz","shasum":"ee97369faafe640ab36f15b353f48f1f323cd318"},"directories":{}},"0.1.1":{"name":"markdown","description":"C markdown implementation using discount","tags":["markdown","md","parser","native"],"author":{"name":"TJ Holowaychuk","email":"tj@vision-media.ca"},"version":"0.1.1","lib":"./build/default","main":"./build/default/markdown","scripts":{"preinstall":"node-waf configure build"},"repository":{"type":"git","url":"http://github.com/visionmedia/node-discount.git"},"bugs":{"web":"http://github.com/visionmedia/node-discount/issues"},"_id":"markdown@0.1.1","engines":{"node":"*"},"_nodeSupported":true,"_npmVersion":"0.2.7-2","_nodeVersion":"v0.3.1-pre","dist":{"tarball":"https://registry.npmjs.org/markdown/-/markdown-0.1.1.tgz","shasum":"3457e4782f132fffb94ed6e91dffc3ba4aea6c40"},"directories":{}},"0.1.2":{"name":"markdown","description":"C markdown implementation using discount","tags":["markdown","md","parser","native"],"author":{"name":"TJ Holowaychuk","email":"tj@vision-media.ca"},"version":"0.1.2","lib":"./build/default","main":"./build/default/markdown","scripts":{"preinstall":"node-waf configure build"},"repository":{"type":"git","url":"http://github.com/visionmedia/node-discount.git"},"bugs":{"web":"http://github.com/visionmedia/node-discount/issues"},"_id":"markdown@0.1.2","engines":{"node":"*"},"_nodeSupported":true,"_npmVersion":"0.2.7-2","_nodeVersion":"v0.3.1-pre","dist":{"tarball":"https://registry.npmjs.org/markdown/-/markdown-0.1.2.tgz","shasum":"bdf30ac110afaaaf7f1243bcc2708e308d5bbeb1"},"directories":{}},"0.2.1":{"name":"markdown","version":"0.2.1","description":"A sensible Markdown parser for javascript","keywords":["markdown","text processing","ast"],"maintainers":[{"name":"Dominic Baggott","email":"dominic.baggott@gmail.com","url":"http://evilstreak.co.uk"},{"name":"Ash Berlin","email":"ash_markdownjs@firemirror.com","url":"http://ashberlin.com"}],"contributors":[{"name":"Dominic Baggott","email":"dominic.baggott@gmail.com","url":"http://evilstreak.co.uk"},{"name":"Ash Berlin","email":"ash_markdownjs@firemirror.com","url":"http://ashberlin.com"}],"bugs":{"name":"http://github.com/evilstreak/markdown-js/issues"},"licenses":[{"type":"MIT","url":"http://www.opensource.org/licenses/mit-license.php"}],"main":"./lib/index.js","repository":{"type":"git","url":"git://github.com/evilstreak/markdown-js.git"},"_id":"markdown@0.2.1","engines":{"node":"*"},"_engineSupported":true,"_npmVersion":"0.3.14","_nodeVersion":"v0.4.2","directories":{"lib":"./lib"},"files":[""],"_defaultsLoaded":true,"dist":{"shasum":"3dbec47638e06661ccdd9df1954b9bd90345cf61","tarball":"https://registry.npmjs.org/markdown/-/markdown-0.2.1.tgz"}},"0.3.0":{"name":"markdown","version":"0.3.0","description":"A sensible Markdown parser for javascript","keywords":["markdown","text processing","ast"],"maintainers":[{"name":"ashb","email":"ash.berlin@gmail.com"},{"name":"isaacs","email":"i@izs.me"}],"contributors":[{"name":"Dominic Baggott","email":"dominic.baggott@gmail.com","url":"http://evilstreak.co.uk"},{"name":"Ash Berlin","email":"ash_markdownjs@firemirror.com","url":"http://ashberlin.com"}],"bugs":{"url":"http://github.com/evilstreak/markdown-js/issues"},"licenses":[{"type":"MIT","url":"http://www.opensource.org/licenses/mit-license.php"}],"repository":{"type":"git","url":"git://github.com/evilstreak/markdown-js.git"},"main":"./lib/index.js","bin":{"md2html":"./bin/md2html.js"},"_npmUser":{"name":"ashb","email":"ash.berlin@gmail.com"},"_id":"markdown@0.3.0","dependencies":{},"devDependencies":{},"engines":{"node":"*"},"_engineSupported":true,"_npmVersion":"1.0.100","_nodeVersion":"v0.4.8","_defaultsLoaded":true,"dist":{"shasum":"1201634b0c4f95d0102d5124eddebe1a8c8dd667","tarball":"https://registry.npmjs.org/markdown/-/markdown-0.3.0.tgz"},"directories":{}},"0.3.1":{"name":"markdown","version":"0.3.1","description":"A sensible Markdown parser for javascript","keywords":["markdown","text processing","ast"],"maintainers":[{"name":"ashb","email":"ash.berlin@gmail.com"},{"name":"isaacs","email":"i@izs.me"}],"contributors":[{"name":"Dominic Baggott","email":"dominic.baggott@gmail.com","url":"http://evilstreak.co.uk"},{"name":"Ash Berlin","email":"ash_markdownjs@firemirror.com","url":"http://ashberlin.com"}],"bugs":{"url":"http://github.com/evilstreak/markdown-js/issues"},"licenses":[{"type":"MIT","url":"http://www.opensource.org/licenses/mit-license.php"}],"repository":{"type":"git","url":"git://github.com/evilstreak/markdown-js.git"},"main":"./lib/index.js","bin":{"md2html":"./bin/md2html.js"},"_npmUser":{"name":"ashb","email":"ash.berlin@gmail.com"},"_id":"markdown@0.3.1","dependencies":{},"devDependencies":{},"engines":{"node":"*"},"_engineSupported":true,"_npmVersion":"1.0.100","_nodeVersion":"v0.4.8","_defaultsLoaded":true,"dist":{"shasum":"5d95c1a860d148535297832a157e4be59e9880d4","tarball":"https://registry.npmjs.org/markdown/-/markdown-0.3.1.tgz"},"directories":{}},"0.4.0":{"name":"markdown","version":"0.4.0","description":"A sensible Markdown parser for javascript","keywords":["markdown","text processing","ast"],"maintainers":[{"name":"ashb","email":"ash.berlin@gmail.com"},{"name":"isaacs","email":"i@izs.me"}],"contributors":[{"name":"Dominic Baggott","email":"dominic.baggott@gmail.com","url":"http://evilstreak.co.uk"},{"name":"Ash Berlin","email":"ash_markdownjs@firemirror.com","url":"http://ashberlin.com"}],"bugs":{"url":"http://github.com/evilstreak/markdown-js/issues"},"licenses":[{"type":"MIT","url":"http://www.opensource.org/licenses/mit-license.php"}],"repository":{"type":"git","url":"git://github.com/evilstreak/markdown-js.git"},"main":"./lib/index.js","bin":{"md2html":"./bin/md2html.js"},"dependencies":{"nopt":"1"},"devDependencies":{"tap":"0"},"scripts":{"test":"tap test/*.t.js"},"_npmUser":{"name":"ashb","email":"ash_npm@firemirror.com"},"_id":"markdown@0.4.0","optionalDependencies":{},"engines":{"node":"*"},"_engineSupported":true,"_npmVersion":"1.1.16","_nodeVersion":"v0.6.14","_defaultsLoaded":true,"dist":{"shasum":"a4b545adb6c66494f97168f3290c8d1b073e5b2a","tarball":"https://registry.npmjs.org/markdown/-/markdown-0.4.0.tgz"},"readme":"","directories":{}},"0.5.0":{"name":"markdown","version":"0.5.0","description":"A sensible Markdown parser for javascript","keywords":["markdown","text processing","ast"],"maintainers":[{"name":"ashb","email":"ash.berlin@gmail.com"},{"name":"dom","email":"dominic.baggott@gmail.com"}],"contributors":[{"name":"Dominic Baggott","email":"dominic.baggott@gmail.com","url":"http://evilstreak.co.uk"},{"name":"Ash Berlin","email":"ash_markdownjs@firemirror.com","url":"http://ashberlin.com"}],"bugs":{"url":"http://github.com/evilstreak/markdown-js/issues"},"licenses":[{"type":"MIT","url":"http://www.opensource.org/licenses/mit-license.php"}],"repository":{"type":"git","url":"git://github.com/evilstreak/markdown-js.git"},"main":"./lib/index.js","bin":{"md2html":"./bin/md2html.js"},"dependencies":{"nopt":"~2.1.1"},"devDependencies":{"tap":"~0.3.3"},"scripts":{"test":"tap ./test/*.t.js"},"_npmUser":{"name":"ashb","email":"ash_npm@firemirror.com"},"_id":"markdown@0.5.0","optionalDependencies":{},"engines":{"node":"*"},"_engineSupported":true,"_npmVersion":"1.1.16","_nodeVersion":"v0.6.14","_defaultsLoaded":true,"dist":{"shasum":"28205b565a8ae7592de207463d6637dc182722b2","tarball":"https://registry.npmjs.org/markdown/-/markdown-0.5.0.tgz"},"readme":"","directories":{}}},"maintainers":[{"name":"ashb","email":"ash.berlin@gmail.com"},{"name":"dom","email":"dominic.baggott@gmail.com"}],"author":{"name":"TJ Holowaychuk","email":"tj@vision-media.ca"},"repository":{"type":"git","url":"git://github.com/evilstreak/markdown-js.git"},"time":{"modified":"2013-12-04T11:37:54.515Z","created":"2010-12-28T19:53:47.824Z","0.1.0":"2010-12-28T19:53:47.824Z","0.1.1":"2010-12-28T19:53:47.824Z","0.1.2":"2010-12-28T19:53:47.824Z","0.2.0":"2010-12-28T21:01:55.159Z","0.2.1":"2011-03-07T00:57:21.982Z","0.3.0":"2011-10-20T21:11:08.179Z","0.3.1":"2011-10-26T23:04:07.100Z","0.4.0":"2012-06-09T11:06:27.697Z","0.5.0":"2013-07-26T09:48:28.455Z"},"users":{"poulejapon":true,"sjonnet":true,"fgribreau":true,"bpierre":true,"sjonnet19":true,"kastor":true,"shanewholloway":true,"mhaidarh":true,"matus-novy":true,"purywp":true,"loganallenc":true,"roryrjb":true,"jokeyrhyme":true,"niccai":true,"cabbiepete":true,"dziudek":true,"jimnox":true,"shen-weizhong":true,"brentonhouse":true,"mr.raindrop":true,"louxiaojian":true,"peijian708":true,"sunrising":true,"lc0526":true,"team2059":true,"kulakowka":true,"sanketss84":true,"tomasy":true,"evanj0hnson":true,"karlbateman":true,"luckyulin":true,"bluechili":true,"dheerajvs":true,"abdihaikal":true,"redmonkeydf":true,"landy2014":true,"xufz":true,"coalesce":true,"456wyc":true,"acs1899":true,"tunghua":true},"_attachments":{},"_etag":"\"CGMRJUNDR69P974H8RHP8JCYA\""}