{"_id":"for-in","_rev":"12-2a37dfd9687f4794f89428d4a55a8929","name":"for-in","description":"Iterate over the own and inherited enumerable properties of an object, and return an object with properties that evaluate to true from the callback. Exit early by returning `false`. JavaScript/Node.js","dist-tags":{"latest":"0.1.6"},"versions":{"0.1.0":{"name":"for-in","description":"Iterate over the enumerable properties of an object, and return an object with properties that evalute to true from the callback. Exit early by returning `false`.","version":"0.1.0","homepage":"https://github.com/jonschlinkert/for-in","author":{"name":"Jon Schlinkert","url":"https://github.com/jonschlinkert"},"repository":{"type":"git","url":"git://github.com/jonschlinkert/for-in.git"},"bugs":{"url":"https://github.com/jonschlinkert/for-in/issues"},"licenses":[{"type":"MIT","url":"https://github.com/jonschlinkert/for-in/blob/master/LICENSE-MIT"}],"main":"index.js","engines":{"node":">=0.10.0"},"scripts":{"test":"mocha -R spec"},"devDependencies":{"mocha":"*","should":"^4.0.4"},"keywords":["find","for-in","for-own","has","has-own","hasOwn","javascript","js","key","keys","loop","node.js","object","own","properties","property","util","utilities","utility","utils","value"],"_id":"for-in@0.1.0","_shasum":"9c9e1dfe0429054fa01d90dc34743ad79b50cd6d","_from":".","_npmVersion":"1.4.9","_npmUser":{"name":"jonschlinkert","email":"github@sellside.com"},"maintainers":[{"name":"jonschlinkert","email":"github@sellside.com"}],"dist":{"shasum":"9c9e1dfe0429054fa01d90dc34743ad79b50cd6d","tarball":"https://registry.npmjs.org/for-in/-/for-in-0.1.0.tgz"},"directories":{}},"0.1.1":{"name":"for-in","description":"Iterate over the enumerable properties of an object, and return an object with properties that evaluate to true from the callback. Exit early by returning `false`.","version":"0.1.1","homepage":"https://github.com/jonschlinkert/for-in","author":{"name":"Jon Schlinkert","url":"https://github.com/jonschlinkert"},"repository":{"type":"git","url":"git://github.com/jonschlinkert/for-in.git"},"bugs":{"url":"https://github.com/jonschlinkert/for-in/issues"},"licenses":[{"type":"MIT","url":"https://github.com/jonschlinkert/for-in/blob/master/LICENSE-MIT"}],"main":"index.js","engines":{"node":">=0.10.0"},"scripts":{"test":"mocha -R spec"},"devDependencies":{"mocha":"*","should":"^4.0.4"},"keywords":["find","for-in","for-own","has","has-own","hasOwn","javascript","js","key","keys","loop","node.js","object","own","properties","property","util","utilities","utility","utils","value"],"_id":"for-in@0.1.1","_shasum":"5312f3ac23c2799de8153dd8b4c63c26b15f9aea","_from":".","_npmVersion":"1.4.9","_npmUser":{"name":"jonschlinkert","email":"github@sellside.com"},"maintainers":[{"name":"jonschlinkert","email":"github@sellside.com"}],"dist":{"shasum":"5312f3ac23c2799de8153dd8b4c63c26b15f9aea","tarball":"https://registry.npmjs.org/for-in/-/for-in-0.1.1.tgz"},"directories":{}},"0.1.2":{"name":"for-in","description":"Iterate over the own and inherited enumerable properties of an objecte, and return an object with properties that evaluate to true from the callback. Exit early by returning `false`.","version":"0.1.2","homepage":"https://github.com/jonschlinkert/for-in","author":{"name":"Jon Schlinkert","url":"https://github.com/jonschlinkert"},"repository":{"type":"git","url":"git://github.com/jonschlinkert/for-in.git"},"bugs":{"url":"https://github.com/jonschlinkert/for-in/issues"},"licenses":[{"type":"MIT","url":"https://github.com/jonschlinkert/for-in/blob/master/LICENSE-MIT"}],"main":"index.js","engines":{"node":">=0.10.0"},"scripts":{"test":"mocha -R spec"},"devDependencies":{"mocha":"*","should":"^4.0.4"},"keywords":["find","for-in","for-own","has","has-own","hasOwn","javascript","js","key","keys","loop","node.js","object","own","properties","property","util","utilities","utility","utils","value"],"_id":"for-in@0.1.2","_shasum":"49db1c74a8a2f241d74c6316515a5a1254982041","_from":".","_npmVersion":"1.4.9","_npmUser":{"name":"jonschlinkert","email":"github@sellside.com"},"maintainers":[{"name":"jonschlinkert","email":"github@sellside.com"}],"dist":{"shasum":"49db1c74a8a2f241d74c6316515a5a1254982041","tarball":"https://registry.npmjs.org/for-in/-/for-in-0.1.2.tgz"},"directories":{}},"0.1.3":{"name":"for-in","description":"Iterate over the own and inherited enumerable properties of an objecte, and return an object with properties that evaluate to true from the callback. Exit early by returning `false`. JavaScript/Node.js","version":"0.1.3","homepage":"https://github.com/jonschlinkert/for-in","author":{"name":"Jon Schlinkert","url":"https://github.com/jonschlinkert"},"repository":{"type":"git","url":"git://github.com/jonschlinkert/for-in.git"},"bugs":{"url":"https://github.com/jonschlinkert/for-in/issues"},"licenses":[{"type":"MIT","url":"https://github.com/jonschlinkert/for-in/blob/master/LICENSE-MIT"}],"main":"index.js","engines":{"node":">=0.10.0"},"scripts":{"test":"mocha -R spec"},"devDependencies":{"mocha":"*","should":"^4.0.4"},"keywords":["find","for-in","for-own","has","has-own","hasOwn","javascript","js","key","keys","loop","node.js","object","own","properties","property","util","utilities","utility","utils","value"],"_id":"for-in@0.1.3","_shasum":"9e53e7b70ac05ede6fdf038d30cc5709e19125b7","_from":".","_npmVersion":"1.4.9","_npmUser":{"name":"jonschlinkert","email":"github@sellside.com"},"maintainers":[{"name":"jonschlinkert","email":"github@sellside.com"}],"dist":{"shasum":"9e53e7b70ac05ede6fdf038d30cc5709e19125b7","tarball":"https://registry.npmjs.org/for-in/-/for-in-0.1.3.tgz"},"directories":{}},"0.1.4":{"name":"for-in","description":"Iterate over the own and inherited enumerable properties of an objecte, and return an object with properties that evaluate to true from the callback. Exit early by returning `false`. JavaScript/Node.js","version":"0.1.4","homepage":"https://github.com/jonschlinkert/for-in","author":{"name":"Jon Schlinkert","url":"https://github.com/jonschlinkert"},"repository":{"type":"git","url":"git://github.com/jonschlinkert/for-in.git"},"bugs":{"url":"https://github.com/jonschlinkert/for-in/issues"},"license":{"type":"MIT","url":"https://github.com/jonschlinkert/for-in/blob/master/LICENSE"},"files":["index.js"],"main":"index.js","engines":{"node":">=0.10.0"},"scripts":{"test":"mocha"},"devDependencies":{"mocha":"*","should":"^4.0.4"},"keywords":["for-in","for-own","has","has-own","hasOwn","key","keys","object","own","value"],"gitHead":"fb09612d3e4137486c652a328888872eba5c1548","_id":"for-in@0.1.4","_shasum":"9f5cf7b4ffc7e1ae6591a4e97b177aa59d70fb2e","_from":".","_npmVersion":"2.7.1","_nodeVersion":"1.6.2","_npmUser":{"name":"jonschlinkert","email":"github@sellside.com"},"maintainers":[{"name":"jonschlinkert","email":"github@sellside.com"}],"dist":{"shasum":"9f5cf7b4ffc7e1ae6591a4e97b177aa59d70fb2e","tarball":"https://registry.npmjs.org/for-in/-/for-in-0.1.4.tgz"},"directories":{}},"0.1.5":{"name":"for-in","description":"Iterate over the own and inherited enumerable properties of an objecte, and return an object with properties that evaluate to true from the callback. Exit early by returning `false`. JavaScript/Node.js","version":"0.1.5","homepage":"https://github.com/jonschlinkert/for-in","author":{"name":"Jon Schlinkert","url":"https://github.com/jonschlinkert"},"repository":{"type":"git","url":"git+https://github.com/jonschlinkert/for-in.git"},"bugs":{"url":"https://github.com/jonschlinkert/for-in/issues"},"license":"MIT","files":["index.js"],"main":"index.js","engines":{"node":">=0.10.0"},"scripts":{"test":"mocha"},"devDependencies":{"gulp-format-md":"^0.1.7","mocha":"^2.4.5","should":"^8.3.0"},"keywords":["for-in","for-own","has","has-own","hasOwn","key","keys","object","own","value"],"verb":{"run":true,"toc":false,"layout":"default","tasks":["readme"],"plugins":["gulp-format-md"],"reflinks":["verb"],"lint":{"reflinks":true}},"gitHead":"5240e873e512aec30b0e0fe9790bd8f0e2136806","_id":"for-in@0.1.5","_shasum":"007374e2b6d5c67420a1479bdb75a04872b738c4","_from":".","_npmVersion":"3.6.0","_nodeVersion":"5.5.0","_npmUser":{"name":"jonschlinkert","email":"github@sellside.com"},"maintainers":[{"name":"jonschlinkert","email":"github@sellside.com"},{"name":"doowb","email":"brian.woodward@gmail.com"}],"dist":{"shasum":"007374e2b6d5c67420a1479bdb75a04872b738c4","tarball":"https://registry.npmjs.org/for-in/-/for-in-0.1.5.tgz"},"_npmOperationalInternal":{"host":"packages-16-east.internal.npmjs.com","tmp":"tmp/for-in-0.1.5.tgz_1459090695716_0.8974318646360189"},"directories":{}},"0.1.6":{"name":"for-in","description":"Iterate over the own and inherited enumerable properties of an object, and return an object with properties that evaluate to true from the callback. Exit early by returning `false`. JavaScript/Node.js","version":"0.1.6","homepage":"https://github.com/jonschlinkert/for-in","author":{"name":"Jon Schlinkert","url":"https://github.com/jonschlinkert"},"repository":{"type":"git","url":"git+https://github.com/jonschlinkert/for-in.git"},"bugs":{"url":"https://github.com/jonschlinkert/for-in/issues"},"license":"MIT","files":["index.js"],"main":"index.js","engines":{"node":">=0.10.0"},"scripts":{"test":"mocha"},"devDependencies":{"gulp-format-md":"^0.1.7","mocha":"^2.4.5","should":"^8.3.0"},"keywords":["for-in","for-own","has","has-own","hasOwn","key","keys","object","own","value"],"verb":{"run":true,"toc":false,"layout":"default","tasks":["readme"],"plugins":["gulp-format-md"],"reflinks":["verb"],"lint":{"reflinks":true}},"gitHead":"c903a9c0e06747c31bed8634c7c8645c6dbf8da1","_id":"for-in@0.1.6","_shasum":"c9f96e89bfad18a545af5ec3ed352a1d9e5b4dc8","_from":".","_npmVersion":"3.10.3","_nodeVersion":"6.3.0","_npmUser":{"name":"jonschlinkert","email":"github@sellside.com"},"maintainers":[{"name":"jonschlinkert","email":"github@sellside.com"},{"name":"doowb","email":"brian.woodward@gmail.com"}],"dist":{"shasum":"c9f96e89bfad18a545af5ec3ed352a1d9e5b4dc8","tarball":"https://registry.npmjs.org/for-in/-/for-in-0.1.6.tgz"},"_npmOperationalInternal":{"host":"packages-16-east.internal.npmjs.com","tmp":"tmp/for-in-0.1.6.tgz_1473858422358_0.2992941744159907"},"directories":{}}},"readme":"# for-in [![NPM version](https://img.shields.io/npm/v/for-in.svg?style=flat)](https://www.npmjs.com/package/for-in) [![NPM downloads](https://img.shields.io/npm/dm/for-in.svg?style=flat)](https://npmjs.org/package/for-in) [![Build Status](https://img.shields.io/travis/jonschlinkert/for-in.svg?style=flat)](https://travis-ci.org/jonschlinkert/for-in)\n\n> Iterate over the own and inherited enumerable properties of an object, and return an object with properties that evaluate to true from the callback. Exit early by returning `false`. JavaScript/Node.js\n\n## Install\n\nInstall with [npm](https://www.npmjs.com/):\n\n```sh\n$ npm install for-in --save\n```\n\n## Usage\n\n```js\nvar forIn = require('for-in');\n\nvar obj = {a: 'foo', b: 'bar', c: 'baz'};\nvar values = [];\nvar keys = [];\n\nforIn(obj, function (value, key, o) {\n  keys.push(key);\n  values.push(value);\n});\n\nconsole.log(keys);\n//=> ['a', 'b', 'c'];\n\nconsole.log(values);\n//=> ['foo', 'bar', 'baz'];\n```\n\n## Contributing\n\nPull requests and stars are always welcome. For bugs and feature requests, [please create an issue](https://github.com/jonschlinkert/for-in/issues/new).\n\n## Building docs\n\nGenerate readme and API documentation with [verb](https://github.com/verbose/verb):\n\n```sh\n$ npm install verb && npm run docs\n```\n\nOr, if [verb](https://github.com/verbose/verb) is installed globally:\n\n```sh\n$ verb\n```\n\n## Running tests\n\nInstall dev dependencies:\n\n```sh\n$ npm install -d && npm test\n```\n\n## Author\n\n**Jon Schlinkert**\n\n* [github/jonschlinkert](https://github.com/jonschlinkert)\n* [twitter/jonschlinkert](http://twitter.com/jonschlinkert)\n\n## License\n\nCopyright © 2016, [Jon Schlinkert](https://github.com/jonschlinkert).\nReleased under the [MIT license](https://github.com/jonschlinkert/for-in/blob/master/LICENSE).\n\n***\n\n_This file was generated by [verb](https://github.com/verbose/verb), v, on March 27, 2016._\n","maintainers":[{"name":"jonschlinkert","email":"github@sellside.com"},{"name":"doowb","email":"brian.woodward@gmail.com"}],"time":{"modified":"2016-09-14T13:07:03.225Z","created":"2014-09-20T23:24:21.373Z","0.1.0":"2014-09-20T23:24:21.373Z","0.1.1":"2014-09-20T23:26:01.423Z","0.1.2":"2014-09-20T23:30:31.957Z","0.1.3":"2014-10-06T02:36:49.650Z","0.1.4":"2015-03-24T06:25:12.152Z","0.1.5":"2016-03-27T14:58:16.722Z","0.1.6":"2016-09-14T13:07:03.225Z"},"homepage":"https://github.com/jonschlinkert/for-in","keywords":["for-in","for-own","has","has-own","hasOwn","key","keys","object","own","value"],"repository":{"type":"git","url":"git+https://github.com/jonschlinkert/for-in.git"},"author":{"name":"Jon Schlinkert","url":"https://github.com/jonschlinkert"},"bugs":{"url":"https://github.com/jonschlinkert/for-in/issues"},"readmeFilename":"README.md","license":"MIT","_attachments":{},"_etag":"\"4AC9O9K1T3JD5HD8BNWALY2SF\""}