{"_id":"etag","_rev":"33-8324c0af742aa4a2e43072d5faeb5d34","name":"etag","description":"Create simple ETags","dist-tags":{"latest":"1.7.0"},"versions":{"1.0.0":{"name":"etag","version":"1.0.0","description":"Small thingy to create an etag from a String or Buffer","main":"etag.js","scripts":{"test":"echo \"Error: no test specified\" && exit 1"},"author":{"name":"David Björklund","email":"david.bjorklund@gmail.com"},"license":"MIT","repository":{"type":"git","url":"git://github.com/kesla/etag.git"},"bugs":{"url":"https://github.com/kesla/etag/issues"},"homepage":"https://github.com/kesla/etag","_id":"etag@1.0.0","dist":{"shasum":"db9f9610cc2bf22036d713012dff4aa7e0c96162","tarball":"https://registry.npmjs.org/etag/-/etag-1.0.0.tgz"},"_from":".","_npmVersion":"1.4.3","_npmUser":{"name":"kesla","email":"david.bjorklund@gmail.com"},"maintainers":[{"name":"kesla","email":"david.bjorklund@gmail.com"}],"directories":{}},"1.0.1":{"name":"etag","description":"Create simple ETags","version":"1.0.1","contributors":[{"name":"Douglas Christopher Wilson","email":"doug@somethingdoug.com"},{"name":"David Björklund","email":"david.bjorklund@gmail.com"}],"license":"MIT","keywords":["etag","http","res"],"repository":{"type":"git","url":"https://github.com/jshttp/etag"},"devDependencies":{"istanbul":"0.3.0","mocha":"~1.21.4"},"files":["LICENSE","HISTORY.md","index.js"],"engines":{"node":">= 0.8.0"},"scripts":{"test":"mocha --reporter spec --bail --check-leaks test/","test-cov":"istanbul cover node_modules/mocha/bin/_mocha -- --reporter dot --check-leaks test/","test-travis":"istanbul cover node_modules/mocha/bin/_mocha --report lcovonly -- --reporter spec --check-leaks test/"},"gitHead":"d28ee6654ff51e83f3025a73677a30ec0fe04fc8","bugs":{"url":"https://github.com/jshttp/etag/issues"},"homepage":"https://github.com/jshttp/etag","_id":"etag@1.0.1","_shasum":"2aa41de474ffc45669f25c9fedacd64fea4f6ff7","_from":".","_npmVersion":"1.4.21","_npmUser":{"name":"dougwilson","email":"doug@somethingdoug.com"},"maintainers":[{"name":"kesla","email":"david.bjorklund@gmail.com"},{"name":"dougwilson","email":"doug@somethingdoug.com"}],"dist":{"shasum":"2aa41de474ffc45669f25c9fedacd64fea4f6ff7","tarball":"https://registry.npmjs.org/etag/-/etag-1.0.1.tgz"},"directories":{}},"1.1.0":{"name":"etag","description":"Create simple ETags","version":"1.1.0","contributors":[{"name":"Douglas Christopher Wilson","email":"doug@somethingdoug.com"},{"name":"David Björklund","email":"david.bjorklund@gmail.com"}],"license":"MIT","keywords":["etag","http","res"],"repository":{"type":"git","url":"https://github.com/jshttp/etag"},"dependencies":{"crc":"2.1.1"},"devDependencies":{"istanbul":"0.3.0","mocha":"~1.21.4"},"files":["LICENSE","HISTORY.md","index.js"],"engines":{"node":">= 0.8.0"},"scripts":{"test":"mocha --reporter spec --bail --check-leaks test/","test-cov":"istanbul cover node_modules/mocha/bin/_mocha -- --reporter dot --check-leaks test/","test-travis":"istanbul cover node_modules/mocha/bin/_mocha --report lcovonly -- --reporter spec --check-leaks test/"},"gitHead":"415cebe1d2a87510ffbd102816733e2c9934d0c7","bugs":{"url":"https://github.com/jshttp/etag/issues"},"homepage":"https://github.com/jshttp/etag","_id":"etag@1.1.0","_shasum":"e44af7bbabe2f998d9fc3bee00db0d34b29c13a3","_from":".","_npmVersion":"1.4.21","_npmUser":{"name":"dougwilson","email":"doug@somethingdoug.com"},"maintainers":[{"name":"dougwilson","email":"doug@somethingdoug.com"}],"dist":{"shasum":"e44af7bbabe2f998d9fc3bee00db0d34b29c13a3","tarball":"https://registry.npmjs.org/etag/-/etag-1.1.0.tgz"},"directories":{}},"1.2.0":{"name":"etag","description":"Create simple ETags","version":"1.2.0","contributors":[{"name":"Douglas Christopher Wilson","email":"doug@somethingdoug.com"},{"name":"David Björklund","email":"david.bjorklund@gmail.com"}],"license":"MIT","keywords":["etag","http","res"],"repository":{"type":"git","url":"https://github.com/jshttp/etag"},"dependencies":{"crc":"2.1.1"},"devDependencies":{"istanbul":"0.3.0","mocha":"~1.21.4"},"files":["LICENSE","HISTORY.md","index.js"],"engines":{"node":">= 0.8.0"},"scripts":{"test":"mocha --reporter spec --bail --check-leaks test/","test-cov":"istanbul cover node_modules/mocha/bin/_mocha -- --reporter dot --check-leaks test/","test-travis":"istanbul cover node_modules/mocha/bin/_mocha --report lcovonly -- --reporter spec --check-leaks test/"},"gitHead":"0d38a87d4217882b31e4a34786069281631a5cb2","bugs":{"url":"https://github.com/jshttp/etag/issues"},"homepage":"https://github.com/jshttp/etag","_id":"etag@1.2.0","_shasum":"fa537a8e1b1e29aa53480b69cfceb906a47aca8a","_from":".","_npmVersion":"1.4.21","_npmUser":{"name":"dougwilson","email":"doug@somethingdoug.com"},"maintainers":[{"name":"dougwilson","email":"doug@somethingdoug.com"}],"dist":{"shasum":"fa537a8e1b1e29aa53480b69cfceb906a47aca8a","tarball":"https://registry.npmjs.org/etag/-/etag-1.2.0.tgz"},"directories":{}},"1.2.1":{"name":"etag","description":"Create simple ETags","version":"1.2.1","contributors":[{"name":"Douglas Christopher Wilson","email":"doug@somethingdoug.com"},{"name":"David Björklund","email":"david.bjorklund@gmail.com"}],"license":"MIT","keywords":["etag","http","res"],"repository":{"type":"git","url":"https://github.com/jshttp/etag"},"dependencies":{"buffer-crc32":"0.2.3"},"devDependencies":{"benchmark":"1.0.0","beautify-benchmark":"0.2.4","istanbul":"0.3.0","mocha":"~1.21.4","seedrandom":"~2.3.6"},"files":["LICENSE","HISTORY.md","index.js"],"engines":{"node":">= 0.8.0"},"scripts":{"bench":"node benchmark/index.js","test":"mocha --reporter spec --bail --check-leaks test/","test-cov":"istanbul cover node_modules/mocha/bin/_mocha -- --reporter dot --check-leaks test/","test-travis":"istanbul cover node_modules/mocha/bin/_mocha --report lcovonly -- --reporter spec --check-leaks test/"},"gitHead":"4b9369db7434104ee7c449f288af03c6abe7bad3","bugs":{"url":"https://github.com/jshttp/etag/issues"},"homepage":"https://github.com/jshttp/etag","_id":"etag@1.2.1","_shasum":"74b16ea7511ce0041b944852eca2a95b9afefba3","_from":".","_npmVersion":"1.4.21","_npmUser":{"name":"dougwilson","email":"doug@somethingdoug.com"},"maintainers":[{"name":"dougwilson","email":"doug@somethingdoug.com"}],"dist":{"shasum":"74b16ea7511ce0041b944852eca2a95b9afefba3","tarball":"https://registry.npmjs.org/etag/-/etag-1.2.1.tgz"},"directories":{}},"1.3.0":{"name":"etag","description":"Create simple ETags","version":"1.3.0","contributors":[{"name":"Douglas Christopher Wilson","email":"doug@somethingdoug.com"},{"name":"David Björklund","email":"david.bjorklund@gmail.com"}],"license":"MIT","keywords":["etag","http","res"],"repository":{"type":"git","url":"https://github.com/jshttp/etag"},"dependencies":{"buffer-crc32":"0.2.3"},"devDependencies":{"benchmark":"1.0.0","beautify-benchmark":"0.2.4","istanbul":"0.3.0","mocha":"~1.21.4","seedrandom":"~2.3.6"},"files":["LICENSE","HISTORY.md","index.js"],"engines":{"node":">= 0.8.0"},"scripts":{"bench":"node benchmark/index.js","test":"mocha --reporter spec --bail --check-leaks test/","test-cov":"istanbul cover node_modules/mocha/bin/_mocha -- --reporter dot --check-leaks test/","test-travis":"istanbul cover node_modules/mocha/bin/_mocha --report lcovonly -- --reporter spec --check-leaks test/"},"gitHead":"b1531685ee679ca8fe329202e56d429d3c02eac0","bugs":{"url":"https://github.com/jshttp/etag/issues"},"homepage":"https://github.com/jshttp/etag","_id":"etag@1.3.0","_shasum":"c837debfbfe0baf7eb8e2f0bbb3d1d9cc3229697","_from":".","_npmVersion":"1.4.21","_npmUser":{"name":"dougwilson","email":"doug@somethingdoug.com"},"maintainers":[{"name":"dougwilson","email":"doug@somethingdoug.com"}],"dist":{"shasum":"c837debfbfe0baf7eb8e2f0bbb3d1d9cc3229697","tarball":"https://registry.npmjs.org/etag/-/etag-1.3.0.tgz"},"directories":{}},"1.3.1":{"name":"etag","description":"Create simple ETags","version":"1.3.1","contributors":[{"name":"Douglas Christopher Wilson","email":"doug@somethingdoug.com"},{"name":"David Björklund","email":"david.bjorklund@gmail.com"}],"license":"MIT","keywords":["etag","http","res"],"repository":{"type":"git","url":"https://github.com/jshttp/etag"},"dependencies":{"crc":"3.0.0"},"devDependencies":{"benchmark":"1.0.0","beautify-benchmark":"0.2.4","istanbul":"0.3.2","mocha":"~1.21.4","seedrandom":"~2.3.6"},"files":["LICENSE","HISTORY.md","index.js"],"engines":{"node":">= 0.8"},"scripts":{"bench":"node benchmark/index.js","test":"mocha --reporter spec --bail --check-leaks test/","test-cov":"istanbul cover node_modules/mocha/bin/_mocha -- --reporter dot --check-leaks test/","test-travis":"istanbul cover node_modules/mocha/bin/_mocha --report lcovonly -- --reporter spec --check-leaks test/"},"gitHead":"88a83fdccc15065893cfad6e2c7af8a379941f16","bugs":{"url":"https://github.com/jshttp/etag/issues"},"homepage":"https://github.com/jshttp/etag","_id":"etag@1.3.1","_shasum":"e51925728688a32dc4eea1cfa9ab4f734d055567","_from":".","_npmVersion":"1.4.21","_npmUser":{"name":"dougwilson","email":"doug@somethingdoug.com"},"maintainers":[{"name":"dougwilson","email":"doug@somethingdoug.com"}],"dist":{"shasum":"e51925728688a32dc4eea1cfa9ab4f734d055567","tarball":"https://registry.npmjs.org/etag/-/etag-1.3.1.tgz"},"directories":{}},"1.4.0":{"name":"etag","description":"Create simple ETags","version":"1.4.0","contributors":[{"name":"Douglas Christopher Wilson","email":"doug@somethingdoug.com"},{"name":"David Björklund","email":"david.bjorklund@gmail.com"}],"license":"MIT","keywords":["etag","http","res"],"repository":{"type":"git","url":"https://github.com/jshttp/etag"},"dependencies":{"crc":"3.0.0"},"devDependencies":{"benchmark":"1.0.0","beautify-benchmark":"0.2.4","istanbul":"0.3.2","mocha":"~1.21.4","seedrandom":"~2.3.6"},"files":["LICENSE","HISTORY.md","index.js"],"engines":{"node":">= 0.6"},"scripts":{"bench":"node benchmark/index.js","test":"mocha --reporter spec --bail --check-leaks test/","test-cov":"istanbul cover node_modules/mocha/bin/_mocha -- --reporter dot --check-leaks test/","test-travis":"istanbul cover node_modules/mocha/bin/_mocha --report lcovonly -- --reporter spec --check-leaks test/"},"gitHead":"6b701773b06a102947cc063286e7e3f3bceae27b","bugs":{"url":"https://github.com/jshttp/etag/issues"},"homepage":"https://github.com/jshttp/etag","_id":"etag@1.4.0","_shasum":"3050991615857707c04119d075ba2088e0701225","_from":".","_npmVersion":"1.4.21","_npmUser":{"name":"dougwilson","email":"doug@somethingdoug.com"},"maintainers":[{"name":"dougwilson","email":"doug@somethingdoug.com"}],"dist":{"shasum":"3050991615857707c04119d075ba2088e0701225","tarball":"https://registry.npmjs.org/etag/-/etag-1.4.0.tgz"},"directories":{}},"1.5.0":{"name":"etag","description":"Create simple ETags","version":"1.5.0","contributors":[{"name":"Douglas Christopher Wilson","email":"doug@somethingdoug.com"},{"name":"David Björklund","email":"david.bjorklund@gmail.com"}],"license":"MIT","keywords":["etag","http","res"],"repository":{"type":"git","url":"https://github.com/jshttp/etag"},"dependencies":{"crc":"3.0.0"},"devDependencies":{"benchmark":"1.0.0","beautify-benchmark":"0.2.4","istanbul":"0.3.2","mocha":"~1.21.4","seedrandom":"~2.3.6"},"files":["LICENSE","HISTORY.md","index.js"],"engines":{"node":">= 0.6"},"scripts":{"bench":"node benchmark/index.js","test":"mocha --reporter spec --bail --check-leaks test/","test-cov":"istanbul cover node_modules/mocha/bin/_mocha -- --reporter dot --check-leaks test/","test-travis":"istanbul cover node_modules/mocha/bin/_mocha --report lcovonly -- --reporter spec --check-leaks test/"},"gitHead":"d42734af50250c05893f02cb900e1c71efffbc45","bugs":{"url":"https://github.com/jshttp/etag/issues"},"homepage":"https://github.com/jshttp/etag","_id":"etag@1.5.0","_shasum":"8ca0f7a30b4b7305f034e8902fb8ec3c321491e4","_from":".","_npmVersion":"1.4.21","_npmUser":{"name":"dougwilson","email":"doug@somethingdoug.com"},"maintainers":[{"name":"dougwilson","email":"doug@somethingdoug.com"}],"dist":{"shasum":"8ca0f7a30b4b7305f034e8902fb8ec3c321491e4","tarball":"https://registry.npmjs.org/etag/-/etag-1.5.0.tgz"},"directories":{}},"1.5.1":{"name":"etag","description":"Create simple ETags","version":"1.5.1","contributors":[{"name":"Douglas Christopher Wilson","email":"doug@somethingdoug.com"},{"name":"David Björklund","email":"david.bjorklund@gmail.com"}],"license":"MIT","keywords":["etag","http","res"],"repository":{"type":"git","url":"https://github.com/jshttp/etag"},"dependencies":{"crc":"3.2.1"},"devDependencies":{"benchmark":"1.0.0","beautify-benchmark":"0.2.4","istanbul":"0.3.2","mocha":"~1.21.4","seedrandom":"~2.3.6"},"files":["LICENSE","HISTORY.md","index.js"],"engines":{"node":">= 0.6"},"scripts":{"bench":"node benchmark/index.js","test":"mocha --reporter spec --bail --check-leaks test/","test-cov":"istanbul cover node_modules/mocha/bin/_mocha -- --reporter dot --check-leaks test/","test-travis":"istanbul cover node_modules/mocha/bin/_mocha --report lcovonly -- --reporter spec --check-leaks test/"},"gitHead":"27335e2265388109e50a9f037452081dc8a8260f","bugs":{"url":"https://github.com/jshttp/etag/issues"},"homepage":"https://github.com/jshttp/etag","_id":"etag@1.5.1","_shasum":"54c50de04ee42695562925ac566588291be7e9ea","_from":".","_npmVersion":"1.4.21","_npmUser":{"name":"dougwilson","email":"doug@somethingdoug.com"},"maintainers":[{"name":"dougwilson","email":"doug@somethingdoug.com"}],"dist":{"shasum":"54c50de04ee42695562925ac566588291be7e9ea","tarball":"https://registry.npmjs.org/etag/-/etag-1.5.1.tgz"},"directories":{}},"1.6.0":{"name":"etag","description":"Create simple ETags","version":"1.6.0","contributors":[{"name":"Douglas Christopher Wilson","email":"doug@somethingdoug.com"},{"name":"David Björklund","email":"david.bjorklund@gmail.com"}],"license":"MIT","keywords":["etag","http","res"],"repository":{"type":"git","url":"https://github.com/jshttp/etag"},"dependencies":{"crc":"3.2.1"},"devDependencies":{"benchmark":"1.0.0","beautify-benchmark":"0.2.4","istanbul":"0.3.9","mocha":"~1.21.4","seedrandom":"2.3.11"},"files":["LICENSE","HISTORY.md","README.md","index.js"],"engines":{"node":">= 0.6"},"scripts":{"bench":"node benchmark/index.js","test":"mocha --reporter spec --bail --check-leaks test/","test-cov":"istanbul cover node_modules/mocha/bin/_mocha -- --reporter dot --check-leaks test/","test-travis":"istanbul cover node_modules/mocha/bin/_mocha --report lcovonly -- --reporter spec --check-leaks test/"},"gitHead":"76a8f5250b02e85bc1c9b1b049d83b853a87df44","bugs":{"url":"https://github.com/jshttp/etag/issues"},"homepage":"https://github.com/jshttp/etag","_id":"etag@1.6.0","_shasum":"8bcb2c6af1254c481dfc8b997c906ef4e442c207","_from":".","_npmVersion":"1.4.28","_npmUser":{"name":"dougwilson","email":"doug@somethingdoug.com"},"maintainers":[{"name":"dougwilson","email":"doug@somethingdoug.com"}],"dist":{"shasum":"8bcb2c6af1254c481dfc8b997c906ef4e442c207","tarball":"https://registry.npmjs.org/etag/-/etag-1.6.0.tgz"},"directories":{}},"1.7.0":{"name":"etag","description":"Create simple ETags","version":"1.7.0","contributors":[{"name":"Douglas Christopher Wilson","email":"doug@somethingdoug.com"},{"name":"David Björklund","email":"david.bjorklund@gmail.com"}],"license":"MIT","keywords":["etag","http","res"],"repository":{"type":"git","url":"https://github.com/jshttp/etag"},"devDependencies":{"benchmark":"1.0.0","beautify-benchmark":"0.2.4","istanbul":"0.3.14","mocha":"~1.21.4","seedrandom":"2.3.11"},"files":["LICENSE","HISTORY.md","README.md","index.js"],"engines":{"node":">= 0.6"},"scripts":{"bench":"node benchmark/index.js","test":"mocha --reporter spec --bail --check-leaks test/","test-cov":"istanbul cover node_modules/mocha/bin/_mocha -- --reporter dot --check-leaks test/","test-travis":"istanbul cover node_modules/mocha/bin/_mocha --report lcovonly -- --reporter spec --check-leaks test/"},"gitHead":"a511f5c8c930fd9546dbd88acb080f96bc788cfc","bugs":{"url":"https://github.com/jshttp/etag/issues"},"homepage":"https://github.com/jshttp/etag","_id":"etag@1.7.0","_shasum":"03d30b5f67dd6e632d2945d30d6652731a34d5d8","_from":".","_npmVersion":"1.4.28","_npmUser":{"name":"dougwilson","email":"doug@somethingdoug.com"},"maintainers":[{"name":"dougwilson","email":"doug@somethingdoug.com"}],"dist":{"shasum":"03d30b5f67dd6e632d2945d30d6652731a34d5d8","tarball":"https://registry.npmjs.org/etag/-/etag-1.7.0.tgz"},"directories":{}}},"readme":"# etag\n\n[![NPM Version][npm-image]][npm-url]\n[![NPM Downloads][downloads-image]][downloads-url]\n[![Node.js Version][node-version-image]][node-version-url]\n[![Build Status][travis-image]][travis-url]\n[![Test Coverage][coveralls-image]][coveralls-url]\n\nCreate simple ETags\n\n## Installation\n\n```sh\n$ npm install etag\n```\n\n## API\n\n```js\nvar etag = require('etag')\n```\n\n### etag(entity, [options])\n\nGenerate a strong ETag for the given entity. This should be the complete\nbody of the entity. Strings, `Buffer`s, and `fs.Stats` are accepted. By\ndefault, a strong ETag is generated except for `fs.Stats`, which will\ngenerate a weak ETag (this can be overwritten by `options.weak`).\n\n```js\nres.setHeader('ETag', etag(body))\n```\n\n#### Options\n\n`etag` accepts these properties in the options object.\n\n##### weak\n\nSpecifies if the generated ETag will include the weak validator mark (that\nis, the leading `W/`). The actual entity tag is the same. The default value\nis `false`, unless the `entity` is `fs.Stats`, in which case it is `true`.\n\n## Testing\n\n```sh\n$ npm test\n```\n\n## Benchmark\n\n```bash\n$ npm run-script bench\n\n> etag@1.6.0 bench nodejs-etag\n> node benchmark/index.js\n\n  http_parser@1.0\n  node@0.10.33\n  v8@3.14.5.9\n  ares@1.9.0-DEV\n  uv@0.10.29\n  zlib@1.2.3\n  modules@11\n  openssl@1.0.1j\n\n> node benchmark/body0-100b.js\n\n  100B body\n\n  1 test completed.\n  2 tests completed.\n  3 tests completed.\n  4 tests completed.\n\n* buffer - strong x 289,198 ops/sec ±1.09% (190 runs sampled)\n* buffer - weak   x 287,838 ops/sec ±0.91% (189 runs sampled)\n* string - strong x 284,586 ops/sec ±1.05% (192 runs sampled)\n* string - weak   x 287,439 ops/sec ±0.82% (192 runs sampled)\n\n> node benchmark/body1-1kb.js\n\n  1KB body\n\n  1 test completed.\n  2 tests completed.\n  3 tests completed.\n  4 tests completed.\n\n* buffer - strong x 212,423 ops/sec ±0.75% (193 runs sampled)\n* buffer - weak   x 211,871 ops/sec ±0.74% (194 runs sampled)\n  string - strong x 205,291 ops/sec ±0.86% (194 runs sampled)\n  string - weak   x 208,463 ops/sec ±0.79% (192 runs sampled)\n\n> node benchmark/body2-5kb.js\n\n  5KB body\n\n  1 test completed.\n  2 tests completed.\n  3 tests completed.\n  4 tests completed.\n\n* buffer - strong x 92,901 ops/sec ±0.58% (195 runs sampled)\n* buffer - weak   x 93,045 ops/sec ±0.65% (192 runs sampled)\n  string - strong x 89,621 ops/sec ±0.68% (194 runs sampled)\n  string - weak   x 90,070 ops/sec ±0.70% (196 runs sampled)\n\n> node benchmark/body3-10kb.js\n\n  10KB body\n\n  1 test completed.\n  2 tests completed.\n  3 tests completed.\n  4 tests completed.\n\n* buffer - strong x 54,220 ops/sec ±0.85% (192 runs sampled)\n* buffer - weak   x 54,069 ops/sec ±0.83% (191 runs sampled)\n  string - strong x 53,078 ops/sec ±0.53% (194 runs sampled)\n  string - weak   x 53,849 ops/sec ±0.47% (197 runs sampled)\n\n> node benchmark/body4-100kb.js\n\n  100KB body\n\n  1 test completed.\n  2 tests completed.\n  3 tests completed.\n  4 tests completed.\n\n* buffer - strong x 6,673 ops/sec ±0.15% (197 runs sampled)\n* buffer - weak   x 6,716 ops/sec ±0.12% (198 runs sampled)\n  string - strong x 6,357 ops/sec ±0.14% (197 runs sampled)\n  string - weak   x 6,344 ops/sec ±0.21% (197 runs sampled)\n\n> node benchmark/stats.js\n\n  stats\n\n  1 test completed.\n  2 tests completed.\n  3 tests completed.\n  4 tests completed.\n\n* real - strong x 1,671,989 ops/sec ±0.13% (197 runs sampled)\n* real - weak   x 1,681,297 ops/sec ±0.12% (198 runs sampled)\n  fake - strong x   927,063 ops/sec ±0.14% (198 runs sampled)\n  fake - weak   x   914,461 ops/sec ±0.41% (191 runs sampled)\n```\n\n## License\n\n[MIT](LICENSE)\n\n[npm-image]: https://img.shields.io/npm/v/etag.svg\n[npm-url]: https://npmjs.org/package/etag\n[node-version-image]: https://img.shields.io/node/v/etag.svg\n[node-version-url]: http://nodejs.org/download/\n[travis-image]: https://img.shields.io/travis/jshttp/etag/master.svg\n[travis-url]: https://travis-ci.org/jshttp/etag\n[coveralls-image]: https://img.shields.io/coveralls/jshttp/etag/master.svg\n[coveralls-url]: https://coveralls.io/r/jshttp/etag?branch=master\n[downloads-image]: https://img.shields.io/npm/dm/etag.svg\n[downloads-url]: https://npmjs.org/package/etag\n","maintainers":[{"name":"dougwilson","email":"doug@somethingdoug.com"}],"time":{"modified":"2016-02-04T18:29:56.162Z","created":"2014-05-18T11:14:58.281Z","1.0.0":"2014-05-18T11:14:58.281Z","1.0.1":"2014-08-24T23:28:33.196Z","1.1.0":"2014-08-25T02:07:34.113Z","1.2.0":"2014-08-25T04:09:33.706Z","1.2.1":"2014-08-30T03:58:39.314Z","1.3.0":"2014-08-30T04:25:31.815Z","1.3.1":"2014-09-14T16:54:11.346Z","1.4.0":"2014-09-21T18:47:20.760Z","1.5.0":"2014-10-14T04:48:49.796Z","1.5.1":"2014-11-20T07:06:45.217Z","1.6.0":"2015-05-11T02:11:35.427Z","1.7.0":"2015-06-09T03:38:54.614Z"},"homepage":"https://github.com/jshttp/etag","repository":{"type":"git","url":"https://github.com/jshttp/etag"},"bugs":{"url":"https://github.com/jshttp/etag/issues"},"license":"MIT","readmeFilename":"README.md","keywords":["etag","http","res"],"contributors":[{"name":"Douglas Christopher Wilson","email":"doug@somethingdoug.com"},{"name":"David Björklund","email":"david.bjorklund@gmail.com"}],"users":{"simplyianm":true,"program247365":true,"blitzprog":true,"liushoukai":true,"wangnan0610":true,"yesseecity":true,"shanoor":true},"_attachments":{},"_etag":"\"CAAEFWXMH6ST3LYX0BTMBJQU\""}