{"_id":"bcrypt-pbkdf","_rev":"4-ae03795becd53ca16a8ad7e48afe11e4","name":"bcrypt-pbkdf","description":"Port of the OpenBSD bcrypt_pbkdf function to pure JS","dist-tags":{"latest":"1.0.0"},"versions":{"1.0.0":{"name":"bcrypt-pbkdf","version":"1.0.0","description":"Port of the OpenBSD bcrypt_pbkdf function to pure JS","main":"index.js","dependencies":{"tweetnacl":"^0.14.3"},"devDependencies":{},"license":"BSD-4-Clause","gitHead":"e88be37d3cd25395b4aa496ac468b33671368be6","_id":"bcrypt-pbkdf@1.0.0","scripts":{},"_shasum":"3ca76b85241c7170bf7d9703e7b9aa74630040d4","_from":".","_npmVersion":"3.10.3","_nodeVersion":"0.12.15","_npmUser":{"name":"arekinath","email":"alex@cooperi.net"},"dist":{"shasum":"3ca76b85241c7170bf7d9703e7b9aa74630040d4","tarball":"https://registry.npmjs.org/bcrypt-pbkdf/-/bcrypt-pbkdf-1.0.0.tgz"},"maintainers":[{"name":"arekinath","email":"alex@cooperi.net"}],"_npmOperationalInternal":{"host":"packages-16-east.internal.npmjs.com","tmp":"tmp/bcrypt-pbkdf-1.0.0.tgz_1471381825814_0.06877309852279723"},"directories":{}}},"readme":"Port of the OpenBSD `bcrypt_pbkdf` function to pure Javascript. `npm`-ified\nversion of [Devi Mandiri's port]\n(https://github.com/devi/tmp/blob/master/js/bcrypt_pbkdf.js),\nwith some minor performance improvements. The code is copied verbatim (and\nun-styled) from Devi's work.\n\nThis product includes software developed by Niels Provos.\n\n## API\n\n### `bcrypt_pbkdf.pbkdf(pass, passlen, salt, saltlen, key, keylen, rounds)`\n\nDerive a cryptographic key of arbitrary length from a given password and salt,\nusing the OpenBSD `bcrypt_pbkdf` function. This is a combination of Blowfish and\nSHA-512.\n\nSee [this article](http://www.tedunangst.com/flak/post/bcrypt-pbkdf) for\nfurther information.\n\nParameters:\n\n * `pass`, a Uint8Array of length `passlen`\n * `passlen`, an integer Number\n * `salt`, a Uint8Array of length `saltlen`\n * `saltlen`, an integer Number\n * `key`, a Uint8Array of length `keylen`, will be filled with output\n * `keylen`, an integer Number\n * `rounds`, an integer Number, number of rounds of the PBKDF to run\n\n### `bcrypt_pbkdf.hash(sha2pass, sha2salt, out)`\n\nCalculate a Blowfish hash, given SHA2-512 output of a password and salt. Used as\npart of the inner round function in the PBKDF.\n\nParameters:\n\n * `sha2pass`, a Uint8Array of length 64\n * `sha2salt`, a Uint8Array of length 64\n * `out`, a Uint8Array of length 32, will be filled with output\n","maintainers":[{"name":"arekinath","email":"alex@cooperi.net"},{"name":"dap","email":"dap@cs.brown.edu"},{"name":"jclulow","email":"josh@sysmgr.org"},{"name":"trentm","email":"trentm@gmail.com"}],"time":{"modified":"2016-08-16T21:12:52.737Z","created":"2016-08-16T21:10:29.470Z","1.0.0":"2016-08-16T21:10:29.470Z"},"license":"BSD-4-Clause","readmeFilename":"README.md","_attachments":{},"_etag":"\"7HHEUOVOWIFFRZD098TMO68BS\""}