{"_id":"JSONStream","_rev":"148-c5cba0c6eb40414be62efcdd39eac77c","name":"JSONStream","description":"rawStream.pipe(JSONStream.parse()).pipe(streamOfObjects)","dist-tags":{"latest":"1.1.4","weird":"1.0.2"},"versions":{"0.0.0":{"name":"JSONStream","version":"0.0.0","description":"rawStream.pipe(JSONStream.parse()).pipe(streamOfObjects)","homepage":"http://github.com/dominictarr/JSONStream","repository":{"type":"git","url":"git://github.com/dominictarr/JSONStream.git"},"dependencies":{"jsonparse":"0.0.1"},"devDependencies":{},"author":{"name":"Dominic Tarr","email":"dominic.tarr@gmail.com","url":"http://bit.ly/dominictarr"},"scripts":{"test":"meta-test test/*.js"},"_npmJsonOpts":{"file":"/home/dominic/.npm/JSONStream/0.0.0/package/package.json","wscript":false,"contributors":false,"serverjs":false},"_id":"JSONStream@0.0.0","engines":{"node":"*"},"_engineSupported":true,"_npmVersion":"1.0.27","_nodeVersion":"v0.4.12","_defaultsLoaded":true,"dist":{"shasum":"cd81636260f432847780fb5a48ab0be0ed264ba6","tarball":"https://registry.npmjs.org/JSONStream/-/JSONStream-0.0.0.tgz"},"maintainers":[{"name":"dominictarr","email":"dominic.tarr@gmail.com"}],"directories":{}},"0.1.0":{"name":"JSONStream","version":"0.1.0","description":"rawStream.pipe(JSONStream.parse()).pipe(streamOfObjects)","homepage":"http://github.com/dominictarr/JSONStream","repository":{"type":"git","url":"git://github.com/dominictarr/JSONStream.git"},"dependencies":{"jsonparse":"0.0.1"},"devDependencies":{},"author":{"name":"Dominic Tarr","email":"dominic.tarr@gmail.com","url":"http://bit.ly/dominictarr"},"scripts":{"test":"meta-test test/*.js"},"_npmJsonOpts":{"file":"/home/dominic/.npm/JSONStream/0.1.0/package/package.json","wscript":false,"contributors":false,"serverjs":false},"_id":"JSONStream@0.1.0","engines":{"node":"*"},"_engineSupported":true,"_npmVersion":"1.0.27","_nodeVersion":"v0.4.12","_defaultsLoaded":true,"dist":{"shasum":"66d9f4fe782cd91c1f671193f30fcbd2a7d4ebc7","tarball":"https://registry.npmjs.org/JSONStream/-/JSONStream-0.1.0.tgz"},"maintainers":[{"name":"dominictarr","email":"dominic.tarr@gmail.com"}],"directories":{}},"0.1.1":{"name":"JSONStream","version":"0.1.1","description":"rawStream.pipe(JSONStream.parse()).pipe(streamOfObjects)","homepage":"http://github.com/dominictarr/JSONStream","repository":{"type":"git","url":"git://github.com/dominictarr/JSONStream.git"},"dependencies":{"jsonparse":"0.0.1"},"devDependencies":{},"author":{"name":"Dominic Tarr","email":"dominic.tarr@gmail.com","url":"http://bit.ly/dominictarr"},"scripts":{"test":"meta-test test/*.js"},"_npmJsonOpts":{"file":"/home/dominic/.npm/JSONStream/0.1.1/package/package.json","wscript":false,"contributors":false,"serverjs":false},"_id":"JSONStream@0.1.1","engines":{"node":"*"},"_engineSupported":true,"_npmVersion":"1.0.27","_nodeVersion":"v0.4.10","_defaultsLoaded":true,"dist":{"shasum":"e2c482fdf9a78be634a50d063e576a95f4e6bca7","tarball":"https://registry.npmjs.org/JSONStream/-/JSONStream-0.1.1.tgz"},"maintainers":[{"name":"dominictarr","email":"dominic.tarr@gmail.com"}],"directories":{}},"0.1.2":{"name":"JSONStream","version":"0.1.2","description":"rawStream.pipe(JSONStream.parse()).pipe(streamOfObjects)","homepage":"http://github.com/dominictarr/JSONStream","repository":{"type":"git","url":"git://github.com/dominictarr/JSONStream.git"},"dependencies":{"jsonparse":"0.0.1"},"devDependencies":{},"author":{"name":"Dominic Tarr","email":"dominic.tarr@gmail.com","url":"http://bit.ly/dominictarr"},"scripts":{"test":"meta-test test/*.js"},"_npmJsonOpts":{"file":"/home/dominic/.npm/JSONStream/0.1.2/package/package.json","wscript":false,"contributors":false,"serverjs":false},"_id":"JSONStream@0.1.2","engines":{"node":"*"},"_engineSupported":true,"_npmVersion":"1.0.27","_nodeVersion":"v0.4.10","_defaultsLoaded":true,"dist":{"shasum":"ee0908f1612c3c280683f5c91b426cb15513c122","tarball":"https://registry.npmjs.org/JSONStream/-/JSONStream-0.1.2.tgz"},"maintainers":[{"name":"dominictarr","email":"dominic.tarr@gmail.com"}],"directories":{}},"0.1.3":{"name":"JSONStream","version":"0.1.3","description":"rawStream.pipe(JSONStream.parse()).pipe(streamOfObjects)","homepage":"http://github.com/dominictarr/JSONStream","repository":{"type":"git","url":"git://github.com/dominictarr/JSONStream.git"},"dependencies":{"jsonparse":"0.0.1"},"devDependencies":{},"author":{"name":"Dominic Tarr","email":"dominic.tarr@gmail.com","url":"http://bit.ly/dominictarr"},"scripts":{"test":"meta-test test/*.js"},"_npmUser":{"name":"dominictarr","email":"dominic.tarr@gmail.com"},"_id":"JSONStream@0.1.3","optionalDependencies":{},"engines":{"node":"*"},"_engineSupported":true,"_npmVersion":"1.1.0-3","_nodeVersion":"v0.6.9","_defaultsLoaded":true,"dist":{"shasum":"eafefa0d628b56970904b428fcc9dc60b0f9652d","tarball":"https://registry.npmjs.org/JSONStream/-/JSONStream-0.1.3.tgz"},"maintainers":[{"name":"dominictarr","email":"dominic.tarr@gmail.com"}],"directories":{}},"0.2.0":{"name":"JSONStream","version":"0.2.0","description":"rawStream.pipe(JSONStream.parse()).pipe(streamOfObjects)","homepage":"http://github.com/dominictarr/JSONStream","repository":{"type":"git","url":"git://github.com/dominictarr/JSONStream.git"},"dependencies":{"jsonparse":"0.0.1"},"devDependencies":{"it-is":"~1.0.1","assertions":"~2.2.2","render":"~0.1.1","trees":"~0.0.3","event-stream":"~0.7.0"},"author":{"name":"Dominic Tarr","email":"dominic.tarr@gmail.com","url":"http://bit.ly/dominictarr"},"scripts":{"test":"for t in test/*.js; do echo *** $t ***; node $t; done"},"_npmUser":{"name":"dominictarr","email":"dominic.tarr@gmail.com"},"_id":"JSONStream@0.2.0","optionalDependencies":{},"engines":{"node":"*"},"_engineSupported":true,"_npmVersion":"1.1.0-3","_nodeVersion":"v0.6.10","_defaultsLoaded":true,"dist":{"shasum":"5a3e15a1319e5f2563208fbd72d863e931123dea","tarball":"https://registry.npmjs.org/JSONStream/-/JSONStream-0.2.0.tgz"},"maintainers":[{"name":"dominictarr","email":"dominic.tarr@gmail.com"}],"directories":{}},"0.2.1":{"name":"JSONStream","version":"0.2.1","description":"rawStream.pipe(JSONStream.parse()).pipe(streamOfObjects)","homepage":"http://github.com/dominictarr/JSONStream","repository":{"type":"git","url":"git://github.com/dominictarr/JSONStream.git"},"dependencies":{"jsonparse":"0.0.1"},"devDependencies":{"it-is":"~1","assertions":"~2.2.2","render":"~0.1.1","trees":"~0.0.3","event-stream":"~0.7.0"},"author":{"name":"Dominic Tarr","email":"dominic.tarr@gmail.com","url":"http://bit.ly/dominictarr"},"scripts":{"test":"for t in test/*.js; do echo *** $t ***; node $t; done"},"_npmUser":{"name":"dominictarr","email":"dominic.tarr@gmail.com"},"_id":"JSONStream@0.2.1","optionalDependencies":{},"engines":{"node":"*"},"_engineSupported":true,"_npmVersion":"1.1.0-3","_nodeVersion":"v0.6.10","_defaultsLoaded":true,"dist":{"shasum":"7295abf47e5024addaf698d9b9634175bc53a892","tarball":"https://registry.npmjs.org/JSONStream/-/JSONStream-0.2.1.tgz"},"maintainers":[{"name":"dominictarr","email":"dominic.tarr@gmail.com"}],"directories":{}},"0.2.2":{"name":"JSONStream","version":"0.2.2","description":"rawStream.pipe(JSONStream.parse()).pipe(streamOfObjects)","homepage":"http://github.com/dominictarr/JSONStream","repository":{"type":"git","url":"git://github.com/dominictarr/JSONStream.git"},"dependencies":{"jsonparse":"0.0.1"},"devDependencies":{"it-is":"~1","assertions":"~2.2.2","render":"~0.1.1","trees":"~0.0.3","event-stream":"~0.7.0"},"author":{"name":"Dominic Tarr","email":"dominic.tarr@gmail.com","url":"http://bit.ly/dominictarr"},"scripts":{"test":"for t in test/*.js; do echo *** $t ***; node $t; done"},"_npmUser":{"name":"dominictarr","email":"dominic.tarr@gmail.com"},"_id":"JSONStream@0.2.2","optionalDependencies":{},"engines":{"node":"*"},"_engineSupported":true,"_npmVersion":"1.1.21","_nodeVersion":"v0.6.17","_defaultsLoaded":true,"dist":{"shasum":"5a6d8d0ea7b2fd635037bfd5da6ac797863b9102","tarball":"https://registry.npmjs.org/JSONStream/-/JSONStream-0.2.2.tgz"},"maintainers":[{"name":"dominictarr","email":"dominic.tarr@gmail.com"}],"directories":{}},"0.2.3":{"name":"JSONStream","version":"0.2.3","description":"rawStream.pipe(JSONStream.parse()).pipe(streamOfObjects)","homepage":"http://github.com/dominictarr/JSONStream","repository":{"type":"git","url":"git://github.com/dominictarr/JSONStream.git"},"dependencies":{"jsonparse":"0.0.1"},"devDependencies":{"it-is":"~1","assertions":"~2.2.2","render":"~0.1.1","trees":"~0.0.3","event-stream":"~0.7.0"},"author":{"name":"Dominic Tarr","email":"dominic.tarr@gmail.com","url":"http://bit.ly/dominictarr"},"scripts":{"test":"for t in test/*.js; do echo *** $t ***; node $t; done"},"_npmUser":{"name":"dominictarr","email":"dominic.tarr@gmail.com"},"_id":"JSONStream@0.2.3","optionalDependencies":{},"engines":{"node":"*"},"_engineSupported":true,"_npmVersion":"1.1.23","_nodeVersion":"v0.6.18","_defaultsLoaded":true,"dist":{"shasum":"831f5fe4b40c7bcfd3de958dc9f4034f5c87b494","tarball":"https://registry.npmjs.org/JSONStream/-/JSONStream-0.2.3.tgz"},"maintainers":[{"name":"dominictarr","email":"dominic.tarr@gmail.com"}],"directories":{}},"0.3.0":{"name":"JSONStream","version":"0.3.0","description":"rawStream.pipe(JSONStream.parse()).pipe(streamOfObjects)","homepage":"http://github.com/dominictarr/JSONStream","repository":{"type":"git","url":"git://github.com/dominictarr/JSONStream.git"},"dependencies":{"jsonparse":"0.0.1"},"devDependencies":{"it-is":"~1","assertions":"~2.2.2","render":"~0.1.1","trees":"~0.0.3","event-stream":"~0.7.0"},"author":{"name":"Dominic Tarr","email":"dominic.tarr@gmail.com","url":"http://bit.ly/dominictarr"},"scripts":{"test":"for t in test/*.js; do echo *** $t ***; node $t; done"},"optionalDependencies":{},"engines":{"node":"*"},"_npmUser":{"name":"dominictarr","email":"dominic.tarr@gmail.com"},"_id":"JSONStream@0.3.0","_engineSupported":true,"_npmVersion":"1.1.23","_nodeVersion":"v0.6.18","_defaultsLoaded":true,"dist":{"shasum":"64d2d6f38fb21bcec8c9894f9cfafe294cc49f1e","tarball":"https://registry.npmjs.org/JSONStream/-/JSONStream-0.3.0.tgz"},"maintainers":[{"name":"dominictarr","email":"dominic.tarr@gmail.com"}],"directories":{}},"0.3.1":{"name":"JSONStream","version":"0.3.1","description":"rawStream.pipe(JSONStream.parse()).pipe(streamOfObjects)","homepage":"http://github.com/dominictarr/JSONStream","repository":{"type":"git","url":"git://github.com/dominictarr/JSONStream.git"},"dependencies":{"jsonparse":"0.0.1"},"devDependencies":{"it-is":"~1","assertions":"~2.2.2","render":"~0.1.1","trees":"~0.0.3","event-stream":"~0.7.0"},"author":{"name":"Dominic Tarr","email":"dominic.tarr@gmail.com","url":"http://bit.ly/dominictarr"},"scripts":{"test":"for t in test/*.js; do echo *** $t ***; node $t; done"},"optionalDependencies":{},"engines":{"node":"*"},"_id":"JSONStream@0.3.1","dist":{"shasum":"40dfbc113ed1c5ef1b3d61e87794cebfe07c4b11","tarball":"https://registry.npmjs.org/JSONStream/-/JSONStream-0.3.1.tgz"},"maintainers":[{"name":"dominictarr","email":"dominic.tarr@gmail.com"}],"directories":{}},"0.3.2":{"name":"JSONStream","version":"0.3.2","description":"rawStream.pipe(JSONStream.parse()).pipe(streamOfObjects)","homepage":"http://github.com/dominictarr/JSONStream","repository":{"type":"git","url":"git://github.com/dominictarr/JSONStream.git"},"dependencies":{"jsonparse":"0.0.1"},"devDependencies":{"it-is":"~1","assertions":"~2.2.2","render":"~0.1.1","trees":"~0.0.3","event-stream":"~0.7.0"},"author":{"name":"Dominic Tarr","email":"dominic.tarr@gmail.com","url":"http://bit.ly/dominictarr"},"scripts":{"test":"set -e; for t in test/*.js; do echo '***' $t '***'; node $t; done"},"optionalDependencies":{},"engines":{"node":"*"},"_id":"JSONStream@0.3.2","dist":{"shasum":"27032013b76de45d84d0b559fbfabfa078bdbcb4","tarball":"https://registry.npmjs.org/JSONStream/-/JSONStream-0.3.2.tgz"},"_npmVersion":"1.1.59","_npmUser":{"name":"dominictarr","email":"dominic.tarr@gmail.com"},"maintainers":[{"name":"dominictarr","email":"dominic.tarr@gmail.com"}],"directories":{}},"0.3.3":{"name":"JSONStream","version":"0.3.3","description":"rawStream.pipe(JSONStream.parse()).pipe(streamOfObjects)","homepage":"http://github.com/dominictarr/JSONStream","repository":{"type":"git","url":"git://github.com/dominictarr/JSONStream.git"},"dependencies":{"jsonparse":"0.0.1"},"devDependencies":{"it-is":"~1","assertions":"~2.2.2","render":"~0.1.1","trees":"~0.0.3","event-stream":"~0.7.0"},"author":{"name":"Dominic Tarr","email":"dominic.tarr@gmail.com","url":"http://bit.ly/dominictarr"},"scripts":{"test":"set -e; for t in test/*.js; do echo '***' $t '***'; node $t; done"},"optionalDependencies":{},"engines":{"node":"*"},"_id":"JSONStream@0.3.3","dist":{"shasum":"f2fac90f0a3397e221d0cc5e666e3baea6ef2efc","tarball":"https://registry.npmjs.org/JSONStream/-/JSONStream-0.3.3.tgz"},"_npmVersion":"1.1.59","_npmUser":{"name":"dominictarr","email":"dominic.tarr@gmail.com"},"maintainers":[{"name":"dominictarr","email":"dominic.tarr@gmail.com"}],"directories":{}},"0.4.0":{"name":"JSONStream","version":"0.4.0","description":"rawStream.pipe(JSONStream.parse()).pipe(streamOfObjects)","homepage":"http://github.com/dominictarr/JSONStream","repository":{"type":"git","url":"git://github.com/dominictarr/JSONStream.git"},"dependencies":{"jsonparse":"0.0.1"},"devDependencies":{"it-is":"~1","assertions":"~2.2.2","render":"~0.1.1","trees":"~0.0.3","event-stream":"~0.7.0"},"author":{"name":"Dominic Tarr","email":"dominic.tarr@gmail.com","url":"http://bit.ly/dominictarr"},"scripts":{"test":"set -e; for t in test/*.js; do echo '***' $t '***'; node $t; done"},"optionalDependencies":{},"engines":{"node":"*"},"_id":"JSONStream@0.4.0","dist":{"shasum":"6dd8220ae998e6be537b4d7892ceef7d1daec609","tarball":"https://registry.npmjs.org/JSONStream/-/JSONStream-0.4.0.tgz"},"_npmVersion":"1.1.59","_npmUser":{"name":"dominictarr","email":"dominic.tarr@gmail.com"},"maintainers":[{"name":"dominictarr","email":"dominic.tarr@gmail.com"}],"directories":{}},"0.4.1":{"name":"JSONStream","version":"0.4.1","description":"rawStream.pipe(JSONStream.parse()).pipe(streamOfObjects)","homepage":"http://github.com/dominictarr/JSONStream","repository":{"type":"git","url":"git://github.com/dominictarr/JSONStream.git"},"dependencies":{"jsonparse":"0.0.1"},"devDependencies":{"it-is":"~1","assertions":"~2.2.2","render":"~0.1.1","trees":"~0.0.3","event-stream":"~0.7.0"},"author":{"name":"Dominic Tarr","email":"dominic.tarr@gmail.com","url":"http://bit.ly/dominictarr"},"scripts":{"test":"set -e; for t in test/*.js; do echo '***' $t '***'; node $t; done"},"optionalDependencies":{},"engines":{"node":"*"},"_id":"JSONStream@0.4.1","dist":{"shasum":"5db24f48cbb664ff370737f393f3ce5c7f9bdb5b","tarball":"https://registry.npmjs.org/JSONStream/-/JSONStream-0.4.1.tgz"},"_npmVersion":"1.1.59","_npmUser":{"name":"dominictarr","email":"dominic.tarr@gmail.com"},"maintainers":[{"name":"dominictarr","email":"dominic.tarr@gmail.com"}],"directories":{}},"0.4.2":{"name":"JSONStream","version":"0.4.2","description":"rawStream.pipe(JSONStream.parse()).pipe(streamOfObjects)","homepage":"http://github.com/dominictarr/JSONStream","repository":{"type":"git","url":"git://github.com/dominictarr/JSONStream.git"},"dependencies":{"jsonparse":"0.0.2"},"devDependencies":{"it-is":"~1","assertions":"~2.2.2","render":"~0.1.1","trees":"~0.0.3","event-stream":"~0.7.0"},"author":{"name":"Dominic Tarr","email":"dominic.tarr@gmail.com","url":"http://bit.ly/dominictarr"},"scripts":{"test":"set -e; for t in test/*.js; do echo '***' $t '***'; node $t; done"},"optionalDependencies":{},"engines":{"node":"*"},"_id":"JSONStream@0.4.2","dist":{"shasum":"00d4b3d4c384dcb9c1f5395c27d6734b643521a4","tarball":"https://registry.npmjs.org/JSONStream/-/JSONStream-0.4.2.tgz"},"_npmVersion":"1.1.59","_npmUser":{"name":"dominictarr","email":"dominic.tarr@gmail.com"},"maintainers":[{"name":"dominictarr","email":"dominic.tarr@gmail.com"}],"directories":{}},"0.4.3":{"name":"JSONStream","version":"0.4.3","description":"rawStream.pipe(JSONStream.parse()).pipe(streamOfObjects)","homepage":"http://github.com/dominictarr/JSONStream","repository":{"type":"git","url":"git://github.com/dominictarr/JSONStream.git"},"dependencies":{"jsonparse":"~0.0.4"},"devDependencies":{"it-is":"~1","assertions":"~2.2.2","render":"~0.1.1","trees":"~0.0.3","event-stream":"~0.7.0","from":"0.0.2","probe-stream":"~0.1.0"},"author":{"name":"Dominic Tarr","email":"dominic.tarr@gmail.com","url":"http://bit.ly/dominictarr"},"scripts":{"test":"set -e; for t in test/*.js; do echo '***' $t '***'; node $t; done"},"optionalDependencies":{},"engines":{"node":"*"},"_id":"JSONStream@0.4.3","dist":{"shasum":"d06eaa8d9e925fb8b586c3e0df5cc873cbfed907","tarball":"https://registry.npmjs.org/JSONStream/-/JSONStream-0.4.3.tgz"},"_npmVersion":"1.1.65","_npmUser":{"name":"dominictarr","email":"dominic.tarr@gmail.com"},"maintainers":[{"name":"dominictarr","email":"dominic.tarr@gmail.com"}],"directories":{}},"0.4.4":{"name":"JSONStream","version":"0.4.4","description":"rawStream.pipe(JSONStream.parse()).pipe(streamOfObjects)","homepage":"http://github.com/dominictarr/JSONStream","repository":{"type":"git","url":"git://github.com/dominictarr/JSONStream.git"},"dependencies":{"jsonparse":"0.0.5"},"devDependencies":{"it-is":"~1","assertions":"~2.2.2","render":"~0.1.1","trees":"~0.0.3","event-stream":"~0.7.0"},"author":{"name":"Dominic Tarr","email":"dominic.tarr@gmail.com","url":"http://bit.ly/dominictarr"},"scripts":{"test":"set -e; for t in test/*.js; do echo '***' $t '***'; node $t; done"},"optionalDependencies":{},"engines":{"node":"*"},"_id":"JSONStream@0.4.4","dist":{"shasum":"cc2cf119286c45be150423cbc128d480e9b54ae2","tarball":"https://registry.npmjs.org/JSONStream/-/JSONStream-0.4.4.tgz"},"_from":".","_npmVersion":"1.2.3","_npmUser":{"name":"dominictarr","email":"dominic.tarr@gmail.com"},"maintainers":[{"name":"dominictarr","email":"dominic.tarr@gmail.com"}],"directories":{}},"0.5.0":{"name":"JSONStream","version":"0.5.0","description":"rawStream.pipe(JSONStream.parse()).pipe(streamOfObjects)","homepage":"http://github.com/dominictarr/JSONStream","repository":{"type":"git","url":"git://github.com/dominictarr/JSONStream.git"},"dependencies":{"jsonparse":"0.0.5","through":"~2.2.7"},"devDependencies":{"it-is":"~1","assertions":"~2.2.2","render":"~0.1.1","trees":"~0.0.3","event-stream":"~0.7.0"},"author":{"name":"Dominic Tarr","email":"dominic.tarr@gmail.com","url":"http://bit.ly/dominictarr"},"scripts":{"test":"set -e; for t in test/*.js; do echo '***' $t '***'; node $t; done"},"optionalDependencies":{},"engines":{"node":"*"},"_id":"JSONStream@0.5.0","dist":{"shasum":"e7c1860a1b66c1bd029dc96b41cfeaa3a2f5e8f3","tarball":"https://registry.npmjs.org/JSONStream/-/JSONStream-0.5.0.tgz"},"_from":".","_npmVersion":"1.2.14","_npmUser":{"name":"dominictarr","email":"dominic.tarr@gmail.com"},"maintainers":[{"name":"dominictarr","email":"dominic.tarr@gmail.com"}],"directories":{}},"0.6.0":{"name":"JSONStream","version":"0.6.0","description":"rawStream.pipe(JSONStream.parse()).pipe(streamOfObjects)","homepage":"http://github.com/dominictarr/JSONStream","repository":{"type":"git","url":"git://github.com/dominictarr/JSONStream.git"},"dependencies":{"jsonparse":"0.0.5","through":"~2.2.7"},"devDependencies":{"it-is":"~1","assertions":"~2.2.2","render":"~0.1.1","trees":"~0.0.3","event-stream":"~0.7.0"},"author":{"name":"Dominic Tarr","email":"dominic.tarr@gmail.com","url":"http://bit.ly/dominictarr"},"scripts":{"test":"set -e; for t in test/*.js; do echo '***' $t '***'; node $t; done"},"optionalDependencies":{},"engines":{"node":"*"},"_id":"JSONStream@0.6.0","dist":{"shasum":"708743fa92dbe4e8839db7579d9731abf602d70b","tarball":"https://registry.npmjs.org/JSONStream/-/JSONStream-0.6.0.tgz"},"_from":".","_npmVersion":"1.2.3","_npmUser":{"name":"dominictarr","email":"dominic.tarr@gmail.com"},"maintainers":[{"name":"dominictarr","email":"dominic.tarr@gmail.com"}],"directories":{}},"0.6.1":{"name":"JSONStream","version":"0.6.1","description":"rawStream.pipe(JSONStream.parse()).pipe(streamOfObjects)","homepage":"http://github.com/dominictarr/JSONStream","repository":{"type":"git","url":"git://github.com/dominictarr/JSONStream.git"},"dependencies":{"jsonparse":"0.0.5","through":"~2.2.7"},"devDependencies":{"it-is":"~1","assertions":"~2.2.2","render":"~0.1.1","trees":"~0.0.3","event-stream":"~0.7.0"},"author":{"name":"Dominic Tarr","email":"dominic.tarr@gmail.com","url":"http://bit.ly/dominictarr"},"scripts":{"test":"set -e; for t in test/*.js; do echo '***' $t '***'; node $t; done"},"optionalDependencies":{},"engines":{"node":"*"},"_id":"JSONStream@0.6.1","dist":{"shasum":"c9684730ff3d8484eae416e1917f5513f538b369","tarball":"https://registry.npmjs.org/JSONStream/-/JSONStream-0.6.1.tgz"},"_from":".","_npmVersion":"1.2.3","_npmUser":{"name":"dominictarr","email":"dominic.tarr@gmail.com"},"maintainers":[{"name":"dominictarr","email":"dominic.tarr@gmail.com"}],"directories":{}},"0.6.2":{"name":"JSONStream","version":"0.6.2","description":"rawStream.pipe(JSONStream.parse()).pipe(streamOfObjects)","homepage":"http://github.com/dominictarr/JSONStream","repository":{"type":"git","url":"git://github.com/dominictarr/JSONStream.git"},"dependencies":{"jsonparse":"0.0.5","through":"~2.2.7"},"devDependencies":{"it-is":"~1","assertions":"~2.2.2","render":"~0.1.1","trees":"~0.0.3","event-stream":"~0.7.0"},"author":{"name":"Dominic Tarr","email":"dominic.tarr@gmail.com","url":"http://bit.ly/dominictarr"},"scripts":{"test":"set -e; for t in test/*.js; do echo '***' $t '***'; node $t; done"},"optionalDependencies":{},"engines":{"node":"*"},"_id":"JSONStream@0.6.2","dist":{"shasum":"f66a6cad8f56ec09d2834820ffe23c4b421c77e8","tarball":"https://registry.npmjs.org/JSONStream/-/JSONStream-0.6.2.tgz"},"_from":".","_npmVersion":"1.2.3","_npmUser":{"name":"dominictarr","email":"dominic.tarr@gmail.com"},"maintainers":[{"name":"dominictarr","email":"dominic.tarr@gmail.com"}],"directories":{}},"0.6.3":{"name":"JSONStream","version":"0.6.3","description":"rawStream.pipe(JSONStream.parse()).pipe(streamOfObjects)","homepage":"http://github.com/dominictarr/JSONStream","repository":{"type":"git","url":"git://github.com/dominictarr/JSONStream.git"},"dependencies":{"jsonparse":"0.0.5","through":"~2.2.7"},"devDependencies":{"it-is":"~1","assertions":"~2.2.2","render":"~0.1.1","trees":"~0.0.3","event-stream":"~0.7.0"},"author":{"name":"Dominic Tarr","email":"dominic.tarr@gmail.com","url":"http://bit.ly/dominictarr"},"scripts":{"test":"set -e; for t in test/*.js; do echo '***' $t '***'; node $t; done"},"optionalDependencies":{},"engines":{"node":"*"},"_id":"JSONStream@0.6.3","dist":{"shasum":"618fac1beec81dccb7eb09fe6b835812243cd9b2","tarball":"https://registry.npmjs.org/JSONStream/-/JSONStream-0.6.3.tgz"},"_from":".","_npmVersion":"1.2.3","_npmUser":{"name":"dominictarr","email":"dominic.tarr@gmail.com"},"maintainers":[{"name":"dominictarr","email":"dominic.tarr@gmail.com"}],"directories":{}},"0.6.4":{"name":"JSONStream","version":"0.6.4","description":"rawStream.pipe(JSONStream.parse()).pipe(streamOfObjects)","homepage":"http://github.com/dominictarr/JSONStream","repository":{"type":"git","url":"git://github.com/dominictarr/JSONStream.git"},"dependencies":{"jsonparse":"0.0.5","through":"~2.2.7"},"devDependencies":{"it-is":"~1","assertions":"~2.2.2","render":"~0.1.1","trees":"~0.0.3","event-stream":"~0.7.0","tape":"~0.2.2"},"author":{"name":"Dominic Tarr","email":"dominic.tarr@gmail.com","url":"http://bit.ly/dominictarr"},"scripts":{"test":"set -e; for t in test/*.js; do echo '***' $t '***'; node $t; done"},"optionalDependencies":{},"engines":{"node":"*"},"_id":"JSONStream@0.6.4","dist":{"shasum":"4b2c8063f8f512787b2375f7ee9db69208fa2dcb","tarball":"https://registry.npmjs.org/JSONStream/-/JSONStream-0.6.4.tgz"},"_from":".","_npmVersion":"1.2.3","_npmUser":{"name":"dominictarr","email":"dominic.tarr@gmail.com"},"maintainers":[{"name":"dominictarr","email":"dominic.tarr@gmail.com"}],"directories":{}},"0.7.0":{"name":"JSONStream","version":"0.7.0","description":"rawStream.pipe(JSONStream.parse()).pipe(streamOfObjects)","homepage":"http://github.com/dominictarr/JSONStream","repository":{"type":"git","url":"git://github.com/dominictarr/JSONStream.git"},"dependencies":{"jsonparse":"0.0.5","through":"~2.2.7"},"devDependencies":{"it-is":"~1","assertions":"~2.2.2","render":"~0.1.1","trees":"~0.0.3","event-stream":"~0.7.0","tape":"~0.3.3"},"author":{"name":"Dominic Tarr","email":"dominic.tarr@gmail.com","url":"http://bit.ly/dominictarr"},"scripts":{"test":"set -e; for t in test/*.js; do echo '***' $t '***'; node $t; done"},"optionalDependencies":{},"engines":{"node":"*"},"bugs":{"url":"https://github.com/dominictarr/JSONStream/issues"},"_id":"JSONStream@0.7.0","dist":{"shasum":"c636f5d00ff9bf5f78a00cee2743902113db6147","tarball":"https://registry.npmjs.org/JSONStream/-/JSONStream-0.7.0.tgz"},"_from":".","_npmVersion":"1.3.6","_npmUser":{"name":"dominictarr","email":"dominic.tarr@gmail.com"},"maintainers":[{"name":"dominictarr","email":"dominic.tarr@gmail.com"}],"directories":{}},"0.7.1":{"name":"JSONStream","version":"0.7.1","description":"rawStream.pipe(JSONStream.parse()).pipe(streamOfObjects)","homepage":"http://github.com/dominictarr/JSONStream","repository":{"type":"git","url":"git://github.com/dominictarr/JSONStream.git"},"dependencies":{"jsonparse":"0.0.5","through":"~2.2.7"},"devDependencies":{"it-is":"~1","assertions":"~2.2.2","render":"~0.1.1","trees":"~0.0.3","event-stream":"~0.7.0","tape":"~0.3.3"},"author":{"name":"Dominic Tarr","email":"dominic.tarr@gmail.com","url":"http://bit.ly/dominictarr"},"scripts":{"test":"set -e; for t in test/*.js; do echo '***' $t '***'; node $t; done"},"optionalDependencies":{},"engines":{"node":"*"},"bugs":{"url":"https://github.com/dominictarr/JSONStream/issues"},"_id":"JSONStream@0.7.1","dist":{"shasum":"0a6bf7f85459beb1319486927d293c7cef8a0260","tarball":"https://registry.npmjs.org/JSONStream/-/JSONStream-0.7.1.tgz"},"_from":".","_npmVersion":"1.3.6","_npmUser":{"name":"dominictarr","email":"dominic.tarr@gmail.com"},"maintainers":[{"name":"dominictarr","email":"dominic.tarr@gmail.com"}],"directories":{}},"0.8.0":{"name":"JSONStream","version":"0.8.0","description":"rawStream.pipe(JSONStream.parse()).pipe(streamOfObjects)","homepage":"http://github.com/dominictarr/JSONStream","repository":{"type":"git","url":"git://github.com/dominictarr/JSONStream.git"},"dependencies":{"jsonparse":"0.0.5","through":"~2.2.7"},"devDependencies":{"it-is":"~1","assertions":"~2.2.2","render":"~0.1.1","trees":"~0.0.3","event-stream":"~0.7.0","tape":"~0.3.3"},"author":"Dominic Tarr <dominic.tarr@gmail.com> (http://bit.ly/dominictarr)","scripts":{"test":"set -e; for t in test/*.js; do echo '***' $t '***'; node $t; done"},"optionalDependencies":{},"engines":{"node":"*"},"readmeFile":"readme.markdown","dist":{"shasum":"efc462d5a5bc94ec007f4b22571acd7f6f2ae013","tarball":"https://registry.npmjs.org/JSONStream/-/JSONStream-0.8.0.tgz"},"maintainers":[{"name":"dominictarr","email":"dominic.tarr@gmail.com"}],"directories":{}},"0.7.2":{"name":"JSONStream","version":"0.7.2","description":"rawStream.pipe(JSONStream.parse()).pipe(streamOfObjects)","homepage":"http://github.com/dominictarr/JSONStream","repository":{"type":"git","url":"git://github.com/dominictarr/JSONStream.git"},"keywords":["json","stream","streaming","parser","async","parsing"],"dependencies":{"jsonparse":"0.0.5","through":">=2.2.7 <3"},"devDependencies":{"it-is":"~1","assertions":"~2.2.2","render":"~0.1.1","trees":"~0.0.3","event-stream":"~0.7.0","tape":"~0.3.3"},"author":{"name":"Dominic Tarr","email":"dominic.tarr@gmail.com","url":"http://bit.ly/dominictarr"},"scripts":{"test":"set -e; for t in test/*.js; do echo '***' $t '***'; node $t; done"},"optionalDependencies":{},"engines":{"node":"*"},"bugs":{"url":"https://github.com/dominictarr/JSONStream/issues"},"_id":"JSONStream@0.7.2","dist":{"shasum":"27f4d7fe1918dc08ee72aed9c794e32ce80618f7","tarball":"https://registry.npmjs.org/JSONStream/-/JSONStream-0.7.2.tgz"},"_from":".","_npmVersion":"1.4.6","_npmUser":{"name":"dominictarr","email":"dominic.tarr@gmail.com"},"maintainers":[{"name":"dominictarr","email":"dominic.tarr@gmail.com"}],"directories":{}},"0.7.3":{"name":"JSONStream","version":"0.7.3","description":"rawStream.pipe(JSONStream.parse()).pipe(streamOfObjects)","homepage":"http://github.com/dominictarr/JSONStream","repository":{"type":"git","url":"git://github.com/dominictarr/JSONStream.git"},"keywords":["json","stream","streaming","parser","async","parsing"],"dependencies":{"jsonparse":"0.0.5","through":">=2.2.7 <3"},"devDependencies":{"it-is":"~1","assertions":"~2.2.2","render":"~0.1.1","trees":"~0.0.3","event-stream":"~0.7.0","tape":"~0.3.3"},"author":{"name":"Dominic Tarr","email":"dominic.tarr@gmail.com","url":"http://bit.ly/dominictarr"},"scripts":{"test":"set -e; for t in test/*.js; do echo '***' $t '***'; node $t; done"},"optionalDependencies":{},"engines":{"node":"*"},"bugs":{"url":"https://github.com/dominictarr/JSONStream/issues"},"_id":"JSONStream@0.7.3","dist":{"shasum":"968c4fc8fef2ff588c39be98906f37ab710174b9","tarball":"https://registry.npmjs.org/JSONStream/-/JSONStream-0.7.3.tgz"},"_from":".","_npmVersion":"1.4.6","_npmUser":{"name":"dominictarr","email":"dominic.tarr@gmail.com"},"maintainers":[{"name":"dominictarr","email":"dominic.tarr@gmail.com"}],"directories":{}},"0.7.4":{"name":"JSONStream","version":"0.7.4","description":"rawStream.pipe(JSONStream.parse()).pipe(streamOfObjects)","homepage":"http://github.com/dominictarr/JSONStream","repository":{"type":"git","url":"git://github.com/dominictarr/JSONStream.git"},"keywords":["json","stream","streaming","parser","async","parsing"],"dependencies":{"jsonparse":"0.0.5","through":">=2.2.7 <3"},"devDependencies":{"it-is":"~1","assertions":"~2.2.2","render":"~0.1.1","trees":"~0.0.3","event-stream":"~0.7.0","tape":"~2.12.3"},"author":{"name":"Dominic Tarr","email":"dominic.tarr@gmail.com","url":"http://bit.ly/dominictarr"},"scripts":{"test":"set -e; for t in test/*.js; do echo '***' $t '***'; node $t; done"},"optionalDependencies":{},"engines":{"node":"*"},"bugs":{"url":"https://github.com/dominictarr/JSONStream/issues"},"_id":"JSONStream@0.7.4","_shasum":"734290e41511eea7c2cfe151fbf9a563a97b9786","_from":".","_npmVersion":"1.4.9","_npmUser":{"name":"dominictarr","email":"dominic.tarr@gmail.com"},"maintainers":[{"name":"dominictarr","email":"dominic.tarr@gmail.com"}],"dist":{"shasum":"734290e41511eea7c2cfe151fbf9a563a97b9786","tarball":"https://registry.npmjs.org/JSONStream/-/JSONStream-0.7.4.tgz"},"directories":{}},"0.8.1":{"name":"JSONStream","version":"0.8.1","description":"rawStream.pipe(JSONStream.parse()).pipe(streamOfObjects)","homepage":"http://github.com/dominictarr/JSONStream","repository":{"type":"git","url":"git://github.com/dominictarr/JSONStream.git"},"keywords":["json","stream","streaming","parser","async","parsing"],"dependencies":{"jsonparse":"0.0.5","through":">=2.2.7 <3"},"devDependencies":{"it-is":"~1","assertions":"~2.2.2","render":"~0.1.1","trees":"~0.0.3","event-stream":"~0.7.0","tape":"~2.12.3"},"author":{"name":"Dominic Tarr","email":"dominic.tarr@gmail.com","url":"http://bit.ly/dominictarr"},"scripts":{"test":"set -e; for t in test/*.js; do echo '***' $t '***'; node $t; done"},"optionalDependencies":{},"engines":{"node":"*"},"bugs":{"url":"https://github.com/dominictarr/JSONStream/issues"},"_id":"JSONStream@0.8.1","_shasum":"ebe17496d3a90d71bbe1923f1fc1cb9bbbeabe60","_from":".","_npmVersion":"1.4.9","_npmUser":{"name":"dominictarr","email":"dominic.tarr@gmail.com"},"maintainers":[{"name":"dominictarr","email":"dominic.tarr@gmail.com"}],"dist":{"shasum":"ebe17496d3a90d71bbe1923f1fc1cb9bbbeabe60","tarball":"https://registry.npmjs.org/JSONStream/-/JSONStream-0.8.1.tgz"},"directories":{}},"0.8.2":{"name":"JSONStream","version":"0.8.2","description":"rawStream.pipe(JSONStream.parse()).pipe(streamOfObjects)","homepage":"http://github.com/dominictarr/JSONStream","repository":{"type":"git","url":"git://github.com/dominictarr/JSONStream.git"},"keywords":["json","stream","streaming","parser","async","parsing"],"dependencies":{"jsonparse":"0.0.5","through":">=2.2.7 <3"},"devDependencies":{"it-is":"~1","assertions":"~2.2.2","render":"~0.1.1","trees":"~0.0.3","event-stream":"~0.7.0","tape":"~2.12.3"},"bin":{"JSONStream":"./index.js"},"author":{"name":"Dominic Tarr","email":"dominic.tarr@gmail.com","url":"http://bit.ly/dominictarr"},"scripts":{"test":"set -e; for t in test/*.js; do echo '***' $t '***'; node $t; done"},"optionalDependencies":{},"engines":{"node":"*"},"bugs":{"url":"https://github.com/dominictarr/JSONStream/issues"},"_id":"JSONStream@0.8.2","_shasum":"476a9bad6b1d421d94bf7e31c79112f03f581e10","_from":".","_npmVersion":"1.4.9","_npmUser":{"name":"dominictarr","email":"dominic.tarr@gmail.com"},"maintainers":[{"name":"dominictarr","email":"dominic.tarr@gmail.com"}],"dist":{"shasum":"476a9bad6b1d421d94bf7e31c79112f03f581e10","tarball":"https://registry.npmjs.org/JSONStream/-/JSONStream-0.8.2.tgz"},"directories":{}},"0.8.3":{"name":"JSONStream","version":"0.8.3","description":"rawStream.pipe(JSONStream.parse()).pipe(streamOfObjects)","homepage":"http://github.com/dominictarr/JSONStream","repository":{"type":"git","url":"git://github.com/dominictarr/JSONStream.git"},"keywords":["json","stream","streaming","parser","async","parsing"],"dependencies":{"jsonparse":"0.0.5","through":">=2.2.7 <3"},"devDependencies":{"it-is":"~1","assertions":"~2.2.2","render":"~0.1.1","trees":"~0.0.3","event-stream":"~0.7.0","tape":"~2.12.3"},"bin":{"JSONStream":"./index.js"},"author":{"name":"Dominic Tarr","email":"dominic.tarr@gmail.com","url":"http://bit.ly/dominictarr"},"scripts":{"test":"set -e; for t in test/*.js; do echo '***' $t '***'; node $t; done"},"optionalDependencies":{},"engines":{"node":"*"},"bugs":{"url":"https://github.com/dominictarr/JSONStream/issues"},"_id":"JSONStream@0.8.3","_shasum":"dad8f3e9d9e8990be88bca2d64144d75db8ebd2f","_from":".","_npmVersion":"1.4.9","_npmUser":{"name":"dominictarr","email":"dominic.tarr@gmail.com"},"maintainers":[{"name":"dominictarr","email":"dominic.tarr@gmail.com"}],"dist":{"shasum":"dad8f3e9d9e8990be88bca2d64144d75db8ebd2f","tarball":"https://registry.npmjs.org/JSONStream/-/JSONStream-0.8.3.tgz"},"directories":{}},"0.8.4":{"name":"JSONStream","version":"0.8.4","description":"rawStream.pipe(JSONStream.parse()).pipe(streamOfObjects)","homepage":"http://github.com/dominictarr/JSONStream","repository":{"type":"git","url":"git://github.com/dominictarr/JSONStream.git"},"keywords":["json","stream","streaming","parser","async","parsing"],"dependencies":{"jsonparse":"0.0.5","through":">=2.2.7 <3"},"devDependencies":{"it-is":"~1","assertions":"~2.2.2","render":"~0.1.1","trees":"~0.0.3","event-stream":"~0.7.0","tape":"~2.12.3"},"bin":{"JSONStream":"./index.js"},"author":{"name":"Dominic Tarr","email":"dominic.tarr@gmail.com","url":"http://bit.ly/dominictarr"},"scripts":{"test":"set -e; for t in test/*.js; do echo '***' $t '***'; node $t; done"},"optionalDependencies":{},"engines":{"node":"*"},"bugs":{"url":"https://github.com/dominictarr/JSONStream/issues"},"_id":"JSONStream@0.8.4","_shasum":"91657dfe6ff857483066132b4618b62e8f4887bd","_from":".","_npmVersion":"1.4.9","_npmUser":{"name":"dominictarr","email":"dominic.tarr@gmail.com"},"maintainers":[{"name":"dominictarr","email":"dominic.tarr@gmail.com"}],"dist":{"shasum":"91657dfe6ff857483066132b4618b62e8f4887bd","tarball":"https://registry.npmjs.org/JSONStream/-/JSONStream-0.8.4.tgz"},"directories":{}},"0.9.0":{"name":"JSONStream","version":"0.9.0","description":"rawStream.pipe(JSONStream.parse()).pipe(streamOfObjects)","homepage":"http://github.com/dominictarr/JSONStream","repository":{"type":"git","url":"git://github.com/dominictarr/JSONStream.git"},"keywords":["json","stream","streaming","parser","async","parsing"],"dependencies":{"jsonparse":"0.0.5","through":">=2.2.7 <3"},"devDependencies":{"it-is":"~1","assertions":"~2.2.2","render":"~0.1.1","trees":"~0.0.3","event-stream":"~0.7.0","tape":"~2.12.3"},"bin":{"JSONStream":"./index.js"},"author":{"name":"Dominic Tarr","email":"dominic.tarr@gmail.com","url":"http://bit.ly/dominictarr"},"scripts":{"test":"set -e; for t in test/*.js; do echo '***' $t '***'; node $t; done"},"optionalDependencies":{},"engines":{"node":"*"},"bugs":{"url":"https://github.com/dominictarr/JSONStream/issues"},"_id":"JSONStream@0.9.0","_shasum":"6ce0ab382da3ec76b4d901b91f381dd44ca97e56","_from":".","_npmVersion":"1.4.9","_npmUser":{"name":"dominictarr","email":"dominic.tarr@gmail.com"},"maintainers":[{"name":"dominictarr","email":"dominic.tarr@gmail.com"}],"dist":{"shasum":"6ce0ab382da3ec76b4d901b91f381dd44ca97e56","tarball":"https://registry.npmjs.org/JSONStream/-/JSONStream-0.9.0.tgz"},"directories":{}},"0.10.0":{"name":"JSONStream","version":"0.10.0","description":"rawStream.pipe(JSONStream.parse()).pipe(streamOfObjects)","homepage":"http://github.com/dominictarr/JSONStream","repository":{"type":"git","url":"git://github.com/dominictarr/JSONStream.git"},"keywords":["json","stream","streaming","parser","async","parsing"],"dependencies":{"jsonparse":"0.0.5","through":">=2.2.7 <3"},"devDependencies":{"it-is":"~1","assertions":"~2.2.2","render":"~0.1.1","trees":"~0.0.3","event-stream":"~0.7.0","tape":"~2.12.3"},"bin":{"JSONStream":"./index.js"},"author":{"name":"Dominic Tarr","email":"dominic.tarr@gmail.com","url":"http://bit.ly/dominictarr"},"scripts":{"test":"set -e; for t in test/*.js; do echo '***' $t '***'; node $t; done"},"optionalDependencies":{},"engines":{"node":"*"},"gitHead":"d4335321d9e2ab8a1ed94184daf71d5c0f3f90f2","bugs":{"url":"https://github.com/dominictarr/JSONStream/issues"},"_id":"JSONStream@0.10.0","_shasum":"74349d0d89522b71f30f0a03ff9bd20ca6f12ac0","_from":".","_npmVersion":"1.4.26","_npmUser":{"name":"dominictarr","email":"dominic.tarr@gmail.com"},"maintainers":[{"name":"dominictarr","email":"dominic.tarr@gmail.com"}],"dist":{"shasum":"74349d0d89522b71f30f0a03ff9bd20ca6f12ac0","tarball":"https://registry.npmjs.org/JSONStream/-/JSONStream-0.10.0.tgz"},"directories":{}},"1.0.2":{"name":"JSONStream","version":"1.0.2","description":"rawStream.pipe(JSONStream.parse()).pipe(streamOfObjects)","homepage":"http://github.com/dominictarr/JSONStream","repository":{"type":"git","url":"git://github.com/dominictarr/JSONStream.git"},"keywords":["json","stream","streaming","parser","async","parsing"],"dependencies":{"jsonparse":"~1.0.0","through":">=2.2.7 <3"},"devDependencies":{"it-is":"~1","assertions":"~2.2.2","render":"~0.1.1","trees":"~0.0.3","event-stream":"~0.7.0","tape":"~2.12.3"},"bin":{"JSONStream":"./index.js"},"author":{"name":"Dominic Tarr","email":"dominic.tarr@gmail.com","url":"http://bit.ly/dominictarr"},"scripts":{"test":"set -e; for t in test/*.js; do echo '***' $t '***'; node $t; done"},"optionalDependencies":{},"engines":{"node":"*"},"gitHead":"9d6c40060b7b429d73ad07f6ad49f091eb4a5ec4","bugs":{"url":"https://github.com/dominictarr/JSONStream/issues"},"_id":"JSONStream@1.0.2","_shasum":"c1676167b59a4e09c261b4f6d9f01577c17fe858","_from":".","_npmVersion":"1.4.28","_npmUser":{"name":"dominictarr","email":"dominic.tarr@gmail.com"},"maintainers":[{"name":"dominictarr","email":"dominic.tarr@gmail.com"}],"dist":{"shasum":"c1676167b59a4e09c261b4f6d9f01577c17fe858","tarball":"https://registry.npmjs.org/JSONStream/-/JSONStream-1.0.2.tgz"},"directories":{}},"1.0.3":{"name":"JSONStream","version":"1.0.3","description":"rawStream.pipe(JSONStream.parse()).pipe(streamOfObjects)","homepage":"http://github.com/dominictarr/JSONStream","repository":{"type":"git","url":"git://github.com/dominictarr/JSONStream.git"},"keywords":["json","stream","streaming","parser","async","parsing"],"dependencies":{"jsonparse":"~1.0.0","through":">=2.2.7 <3"},"devDependencies":{"it-is":"~1","assertions":"~2.2.2","render":"~0.1.1","trees":"~0.0.3","event-stream":"~0.7.0","tape":"~2.12.3"},"bin":{"JSONStream":"./index.js"},"author":{"name":"Dominic Tarr","email":"dominic.tarr@gmail.com","url":"http://bit.ly/dominictarr"},"scripts":{"test":"set -e; for t in test/*.js; do echo '***' $t '***'; node $t; done"},"optionalDependencies":{},"engines":{"node":"*"},"gitHead":"ef6a0faed2340a38dbe961d460c863426dde1966","bugs":{"url":"https://github.com/dominictarr/JSONStream/issues"},"_id":"JSONStream@1.0.3","_shasum":"728544189438b7b9dd2184392581861ebabd9621","_from":".","_npmVersion":"1.4.28","_npmUser":{"name":"dominictarr","email":"dominic.tarr@gmail.com"},"maintainers":[{"name":"dominictarr","email":"dominic.tarr@gmail.com"}],"dist":{"shasum":"728544189438b7b9dd2184392581861ebabd9621","tarball":"https://registry.npmjs.org/JSONStream/-/JSONStream-1.0.3.tgz"},"directories":{}},"1.0.4":{"name":"JSONStream","version":"1.0.4","description":"rawStream.pipe(JSONStream.parse()).pipe(streamOfObjects)","homepage":"http://github.com/dominictarr/JSONStream","repository":{"type":"git","url":"git://github.com/dominictarr/JSONStream.git"},"license":"(MIT OR Apache-2.0)","keywords":["json","stream","streaming","parser","async","parsing"],"dependencies":{"jsonparse":"~1.0.0","through":">=2.2.7 <3"},"devDependencies":{"it-is":"~1","assertions":"~2.2.2","render":"~0.1.1","trees":"~0.0.3","event-stream":"~0.7.0","tape":"~2.12.3"},"bin":{"JSONStream":"./index.js"},"author":{"name":"Dominic Tarr","email":"dominic.tarr@gmail.com","url":"http://bit.ly/dominictarr"},"scripts":{"test":"set -e; for t in test/*.js; do echo '***' $t '***'; node $t; done"},"optionalDependencies":{},"engines":{"node":"*"},"gitHead":"b89b855ffa3c88693cf28dc5dae6311842dd3acf","bugs":{"url":"https://github.com/dominictarr/JSONStream/issues"},"_id":"JSONStream@1.0.4","_shasum":"aa86d6a89c8e77f206cd542581b563e7eee32459","_from":".","_npmVersion":"1.4.28","_npmUser":{"name":"dominictarr","email":"dominic.tarr@gmail.com"},"maintainers":[{"name":"dominictarr","email":"dominic.tarr@gmail.com"}],"dist":{"shasum":"aa86d6a89c8e77f206cd542581b563e7eee32459","tarball":"https://registry.npmjs.org/JSONStream/-/JSONStream-1.0.4.tgz"},"directories":{}},"1.0.5":{"name":"JSONStream","version":"1.0.5","description":"rawStream.pipe(JSONStream.parse()).pipe(streamOfObjects)","homepage":"http://github.com/dominictarr/JSONStream","repository":{"type":"git","url":"git://github.com/dominictarr/JSONStream.git"},"license":"(MIT OR Apache-2.0)","keywords":["json","stream","streaming","parser","async","parsing"],"dependencies":{"jsonparse":"^1.1.0","through":">=2.2.7 <3"},"devDependencies":{"it-is":"~1","assertions":"~2.2.2","render":"~0.1.1","trees":"~0.0.3","event-stream":"~0.7.0","tape":"~2.12.3"},"bin":{"JSONStream":"./index.js"},"author":{"name":"Dominic Tarr","email":"dominic.tarr@gmail.com","url":"http://bit.ly/dominictarr"},"scripts":{"test":"set -e; for t in test/*.js; do echo '***' $t '***'; node $t; done"},"optionalDependencies":{},"engines":{"node":"*"},"gitHead":"b3cb1fd419b2a07d0c608a96991dc7d113e17817","bugs":{"url":"https://github.com/dominictarr/JSONStream/issues"},"_id":"JSONStream@1.0.5","_shasum":"4de3e6c039caa7ff0273d8c81b9991779d2c64c9","_from":".","_npmVersion":"3.3.1","_nodeVersion":"2.3.1","_npmUser":{"name":"dominictarr","email":"dominic.tarr@gmail.com"},"maintainers":[{"name":"dominictarr","email":"dominic.tarr@gmail.com"}],"dist":{"shasum":"4de3e6c039caa7ff0273d8c81b9991779d2c64c9","tarball":"https://registry.npmjs.org/JSONStream/-/JSONStream-1.0.5.tgz"},"directories":{}},"1.0.6":{"name":"JSONStream","version":"1.0.6","description":"rawStream.pipe(JSONStream.parse()).pipe(streamOfObjects)","homepage":"http://github.com/dominictarr/JSONStream","repository":{"type":"git","url":"git://github.com/dominictarr/JSONStream.git"},"license":"(MIT OR Apache-2.0)","keywords":["json","stream","streaming","parser","async","parsing"],"dependencies":{"jsonparse":"^1.1.0","through":">=2.2.7 <3"},"devDependencies":{"it-is":"~1","assertions":"~2.2.2","render":"~0.1.1","trees":"~0.0.3","event-stream":"~0.7.0","tape":"~2.12.3"},"bin":{"JSONStream":"./index.js"},"author":{"name":"Dominic Tarr","email":"dominic.tarr@gmail.com","url":"http://bit.ly/dominictarr"},"scripts":{"test":"set -e; for t in test/*.js; do echo '***' $t '***'; node $t; done"},"optionalDependencies":{},"engines":{"node":"*"},"gitHead":"4aef6e50ec4f2bc84fdf2370e43b2e62cd8e534c","bugs":{"url":"https://github.com/dominictarr/JSONStream/issues"},"_id":"JSONStream@1.0.6","_shasum":"7fa56d971a69c97b7f9db942f441a68a2187da3a","_from":".","_npmVersion":"3.3.1","_nodeVersion":"2.3.1","_npmUser":{"name":"dominictarr","email":"dominic.tarr@gmail.com"},"maintainers":[{"name":"dominictarr","email":"dominic.tarr@gmail.com"}],"dist":{"shasum":"7fa56d971a69c97b7f9db942f441a68a2187da3a","tarball":"https://registry.npmjs.org/JSONStream/-/JSONStream-1.0.6.tgz"},"directories":{}},"1.0.7":{"name":"JSONStream","version":"1.0.7","description":"rawStream.pipe(JSONStream.parse()).pipe(streamOfObjects)","homepage":"http://github.com/dominictarr/JSONStream","repository":{"type":"git","url":"git://github.com/dominictarr/JSONStream.git"},"license":"(MIT OR Apache-2.0)","keywords":["json","stream","streaming","parser","async","parsing"],"dependencies":{"jsonparse":"^1.1.0","through":">=2.2.7 <3"},"devDependencies":{"it-is":"~1","assertions":"~2.2.2","render":"~0.1.1","trees":"~0.0.3","event-stream":"~0.7.0","tape":"~2.12.3"},"bin":{"JSONStream":"./index.js"},"author":{"name":"Dominic Tarr","email":"dominic.tarr@gmail.com","url":"http://bit.ly/dominictarr"},"scripts":{"test":"set -e; for t in test/*.js; do echo '***' $t '***'; node $t; done"},"optionalDependencies":{},"engines":{"node":"*"},"gitHead":"d02b9d588241f05271190b174c23f0c3846edf9c","bugs":{"url":"https://github.com/dominictarr/JSONStream/issues"},"_id":"JSONStream@1.0.7","_shasum":"700c8e4711fef1ce421f650bead55235bb21d7de","_from":".","_npmVersion":"2.14.8","_nodeVersion":"4.2.1","_npmUser":{"name":"dominictarr","email":"dominic.tarr@gmail.com"},"maintainers":[{"name":"dominictarr","email":"dominic.tarr@gmail.com"}],"dist":{"shasum":"700c8e4711fef1ce421f650bead55235bb21d7de","tarball":"https://registry.npmjs.org/JSONStream/-/JSONStream-1.0.7.tgz"},"directories":{}},"1.1.1":{"name":"JSONStream","version":"1.1.1","description":"rawStream.pipe(JSONStream.parse()).pipe(streamOfObjects)","homepage":"http://github.com/dominictarr/JSONStream","repository":{"type":"git","url":"git://github.com/dominictarr/JSONStream.git"},"license":"(MIT OR Apache-2.0)","keywords":["json","stream","streaming","parser","async","parsing"],"dependencies":{"jsonparse":"^1.1.0","through":">=2.2.7 <3"},"devDependencies":{"it-is":"~1","assertions":"~2.2.2","render":"~0.1.1","trees":"~0.0.3","event-stream":"~0.7.0","tape":"~2.12.3"},"bin":{"JSONStream":"./index.js"},"author":{"name":"Dominic Tarr","email":"dominic.tarr@gmail.com","url":"http://bit.ly/dominictarr"},"scripts":{"test":"set -e; for t in test/*.js; do echo '***' $t '***'; node $t; done"},"optionalDependencies":{},"engines":{"node":"*"},"gitHead":"1b38fa2eaa5e17614c5a426873a9ce3c3577c474","bugs":{"url":"https://github.com/dominictarr/JSONStream/issues"},"_id":"JSONStream@1.1.1","_shasum":"c98bfd88c8f1e1e8694e53c5baa6c8691553e59a","_from":".","_npmVersion":"3.6.0","_nodeVersion":"5.6.0","_npmUser":{"name":"dominictarr","email":"dominic.tarr@gmail.com"},"dist":{"shasum":"c98bfd88c8f1e1e8694e53c5baa6c8691553e59a","tarball":"https://registry.npmjs.org/JSONStream/-/JSONStream-1.1.1.tgz"},"maintainers":[{"name":"dominictarr","email":"dominic.tarr@gmail.com"}],"_npmOperationalInternal":{"host":"packages-13-west.internal.npmjs.com","tmp":"tmp/JSONStream-1.1.1.tgz_1456900847311_0.42015237221494317"},"directories":{}},"1.1.2":{"name":"JSONStream","version":"1.1.2","description":"rawStream.pipe(JSONStream.parse()).pipe(streamOfObjects)","homepage":"http://github.com/dominictarr/JSONStream","repository":{"type":"git","url":"git://github.com/dominictarr/JSONStream.git"},"license":"(MIT OR Apache-2.0)","keywords":["json","stream","streaming","parser","async","parsing"],"dependencies":{"jsonparse":"^1.1.0","through":">=2.2.7 <3"},"devDependencies":{"it-is":"~1","assertions":"~2.2.2","render":"~0.1.1","trees":"~0.0.3","event-stream":"~0.7.0","tape":"~2.12.3"},"bin":{"JSONStream":"./index.js"},"author":{"name":"Dominic Tarr","email":"dominic.tarr@gmail.com","url":"http://bit.ly/dominictarr"},"scripts":{"test":"set -e; for t in test/*.js; do echo '***' $t '***'; node $t; done"},"optionalDependencies":{},"engines":{"node":"*"},"gitHead":"72b27d9ce270ed37b630af4441f6bba973b567ce","bugs":{"url":"https://github.com/dominictarr/JSONStream/issues"},"_id":"JSONStream@1.1.2","_shasum":"7c01816613d7e5fe41e913edb3b7f359fddbfbf8","_from":".","_npmVersion":"3.8.6","_nodeVersion":"5.11.1","_npmUser":{"name":"dominictarr","email":"dominic.tarr@gmail.com"},"dist":{"shasum":"7c01816613d7e5fe41e913edb3b7f359fddbfbf8","tarball":"https://registry.npmjs.org/JSONStream/-/JSONStream-1.1.2.tgz"},"maintainers":[{"name":"dominictarr","email":"dominic.tarr@gmail.com"}],"_npmOperationalInternal":{"host":"packages-12-west.internal.npmjs.com","tmp":"tmp/JSONStream-1.1.2.tgz_1465513117573_0.6442981124855578"},"directories":{}},"1.1.3":{"name":"JSONStream","version":"1.1.3","description":"rawStream.pipe(JSONStream.parse()).pipe(streamOfObjects)","homepage":"http://github.com/dominictarr/JSONStream","repository":{"type":"git","url":"git://github.com/dominictarr/JSONStream.git"},"license":"(MIT OR Apache-2.0)","keywords":["json","stream","streaming","parser","async","parsing"],"dependencies":{"jsonparse":"^1.1.0","through":">=2.2.7 <3"},"devDependencies":{"it-is":"~1","assertions":"~2.2.2","render":"~0.1.1","trees":"~0.0.3","event-stream":"~0.7.0","tape":"~2.12.3"},"bin":{"JSONStream":"./index.js"},"author":{"name":"Dominic Tarr","email":"dominic.tarr@gmail.com","url":"http://bit.ly/dominictarr"},"scripts":{"test":"set -e; for t in test/*.js; do echo '***' $t '***'; node $t; done"},"optionalDependencies":{},"engines":{"node":"*"},"gitHead":"e9523762c07a99716a66595278b338e56ab956b6","bugs":{"url":"https://github.com/dominictarr/JSONStream/issues"},"_id":"JSONStream@1.1.3","_shasum":"1b296c7949b47e4fc22ac7958f76d2fbe2415493","_from":".","_npmVersion":"3.8.9","_nodeVersion":"6.2.0","_npmUser":{"name":"dominictarr","email":"dominic.tarr@gmail.com"},"dist":{"shasum":"1b296c7949b47e4fc22ac7958f76d2fbe2415493","tarball":"https://registry.npmjs.org/JSONStream/-/JSONStream-1.1.3.tgz"},"maintainers":[{"name":"dominictarr","email":"dominic.tarr@gmail.com"}],"_npmOperationalInternal":{"host":"packages-16-east.internal.npmjs.com","tmp":"tmp/JSONStream-1.1.3.tgz_1467249759260_0.31305341818369925"},"directories":{}},"1.1.4":{"name":"JSONStream","version":"1.1.4","description":"rawStream.pipe(JSONStream.parse()).pipe(streamOfObjects)","homepage":"http://github.com/dominictarr/JSONStream","repository":{"type":"git","url":"git://github.com/dominictarr/JSONStream.git"},"license":"(MIT OR Apache-2.0)","keywords":["json","stream","streaming","parser","async","parsing"],"dependencies":{"jsonparse":"^1.2.0","through":">=2.2.7 <3"},"devDependencies":{"it-is":"~1","assertions":"~2.2.2","render":"~0.1.1","trees":"~0.0.3","event-stream":"~0.7.0","tape":"~2.12.3"},"bin":{"JSONStream":"./index.js"},"author":{"name":"Dominic Tarr","email":"dominic.tarr@gmail.com","url":"http://bit.ly/dominictarr"},"scripts":{"test":"set -e; for t in test/*.js; do echo '***' $t '***'; node $t; done"},"optionalDependencies":{},"engines":{"node":"*"},"gitHead":"b7c01ee67fc3824a9038eb7a41899376f5bd99dc","bugs":{"url":"https://github.com/dominictarr/JSONStream/issues"},"_id":"JSONStream@1.1.4","_shasum":"be11a495938e882d277773d11986f3974a8ba37a","_from":".","_npmVersion":"3.8.9","_nodeVersion":"6.2.0","_npmUser":{"name":"dominictarr","email":"dominic.tarr@gmail.com"},"dist":{"shasum":"be11a495938e882d277773d11986f3974a8ba37a","tarball":"https://registry.npmjs.org/JSONStream/-/JSONStream-1.1.4.tgz"},"maintainers":[{"name":"dominictarr","email":"dominic.tarr@gmail.com"}],"_npmOperationalInternal":{"host":"packages-12-west.internal.npmjs.com","tmp":"tmp/JSONStream-1.1.4.tgz_1469848972947_0.19998654047958553"},"directories":{}}},"maintainers":[{"name":"dominictarr","email":"dominic.tarr@gmail.com"}],"time":{"modified":"2016-07-30T03:22:53.183Z","created":"2011-09-23T11:01:36.806Z","0.0.0":"2011-09-23T11:01:40.295Z","0.1.0":"2011-09-23T12:45:34.218Z","0.1.1":"2011-09-26T02:57:57.814Z","0.1.2":"2011-10-05T11:53:45.443Z","0.1.3":"2012-02-02T01:38:16.492Z","0.2.0":"2012-02-23T09:51:21.669Z","0.2.1":"2012-04-09T23:10:23.002Z","0.2.2":"2012-05-08T23:39:06.049Z","0.2.3":"2012-06-14T02:54:00.901Z","0.3.0":"2012-06-14T11:22:01.759Z","0.3.1":"2012-07-16T01:17:23.031Z","0.3.2":"2012-09-07T11:44:51.988Z","0.3.3":"2012-09-07T11:57:34.484Z","0.4.0":"2012-09-08T19:39:09.927Z","0.4.1":"2012-09-09T13:45:51.042Z","0.4.2":"2012-09-20T15:02:47.374Z","0.4.3":"2012-12-19T20:25:22.551Z","0.4.4":"2013-03-14T21:44:19.656Z","0.5.0":"2013-03-16T01:52:31.200Z","0.6.0":"2013-03-16T02:47:17.038Z","0.6.1":"2013-03-17T05:30:18.173Z","0.6.2":"2013-03-17T05:38:07.272Z","0.6.3":"2013-04-01T14:20:32.746Z","0.6.4":"2013-04-01T14:36:52.143Z","0.7.0":"2013-09-01T11:02:17.796Z","0.7.1":"2013-09-01T11:04:04.220Z","0.8.0":"2014-02-13T02:40:35.675Z","0.7.2":"2014-04-13T00:19:36.779Z","0.7.3":"2014-04-30T12:09:51.568Z","0.7.4":"2014-05-13T13:30:04.111Z","0.8.1":"2014-05-13T14:00:09.664Z","0.8.2":"2014-05-13T14:03:54.651Z","0.8.3":"2014-06-10T14:17:09.421Z","0.8.4":"2014-06-27T06:08:48.580Z","0.9.0":"2014-08-04T19:15:52.140Z","0.10.0":"2014-11-23T22:46:55.552Z","1.0.2":"2015-05-07T19:59:49.444Z","1.0.3":"2015-05-07T20:00:27.818Z","1.0.4":"2015-05-21T07:55:03.795Z","1.0.5":"2015-09-17T09:36:42.186Z","1.0.6":"2015-09-17T09:39:59.495Z","1.0.7":"2015-11-19T02:30:53.941Z","1.1.1":"2016-03-02T06:40:47.794Z","1.1.2":"2016-06-09T22:58:38.101Z","1.1.3":"2016-06-30T01:22:42.523Z","1.1.4":"2016-07-30T03:22:53.183Z"},"author":{"name":"Dominic Tarr","email":"dominic.tarr@gmail.com","url":"http://bit.ly/dominictarr"},"repository":{"type":"git","url":"git://github.com/dominictarr/JSONStream.git"},"users":{"substack":true,"luk":true,"hij1nx":true,"lupomontero":true,"nrn":true,"dubban":true,"hughsk":true,"scull7":true,"liveinjs":true,"dexteryy":true,"joshgillies":true,"h02e56":true,"bmpvieira":true,"thebearingedge":true,"sevko":true,"deide":true,"tunnckocore":true,"ryanj":true,"omgbbqhax":true,"santosharakere":true,"akiva":true,"roryrjb":true,"nguru":true,"simplyianm":true,"passcod":true,"markthethomas":true,"cilindrox":true,"nickleefly":true,"jkutianski":true,"shanewholloway":true,"jmelanson-balihoo":true,"mjurincic":true,"marekhrabe":true,"ayoungh":true,"hyde2able":true,"dongguangming":true,"ovrmrw":true,"iancrowther":true,"algonzo":true,"artursgirons":true,"leodutra":true,"edobry":true,"manvalls":true,"hengkiardo":true,"jmiziolek":true,"ahme-t":true,"xieranmaya":true,"akarem":true},"readme":"# JSONStream\n\nstreaming JSON.parse and stringify\n\n![](https://secure.travis-ci.org/dominictarr/JSONStream.png?branch=master)\n\n## install\n```npm install JSONStream```\n\n## example\n\n``` js\n\nvar request = require('request')\n  , JSONStream = require('JSONStream')\n  , es = require('event-stream')\n\nrequest({url: 'http://isaacs.couchone.com/registry/_all_docs'})\n  .pipe(JSONStream.parse('rows.*'))\n  .pipe(es.mapSync(function (data) {\n    console.error(data)\n    return data\n  }))\n```\n\n## JSONStream.parse(path)\n\nparse stream of values that match a path\n\n``` js\n  JSONStream.parse('rows.*.doc')\n```\n\nThe `..` operator is the recursive descent operator from [JSONPath](http://goessner.net/articles/JsonPath/), which will match a child at any depth (see examples below).\n\nIf your keys have keys that include `.` or `*` etc, use an array instead.\n`['row', true, /^doc/]`.\n\nIf you use an array, `RegExp`s, booleans, and/or functions. The `..` operator is also available in array representation, using `{recurse: true}`.\nany object that matches the path will be emitted as 'data' (and `pipe`d down stream)\n\nIf `path` is empty or null, no 'data' events are emitted.\n\nIf you want to have keys emitted, you can prefix your `*` operator with `$`: `obj.$*` - in this case the data passed to the stream is an object with a `key` holding the key and a `value` property holding the data.\n\n### Examples\n\nquery a couchdb view:\n\n``` bash\ncurl -sS localhost:5984/tests/_all_docs&include_docs=true\n```\nyou will get something like this:\n\n``` js\n{\"total_rows\":129,\"offset\":0,\"rows\":[\n  { \"id\":\"change1_0.6995461115147918\"\n  , \"key\":\"change1_0.6995461115147918\"\n  , \"value\":{\"rev\":\"1-e240bae28c7bb3667f02760f6398d508\"}\n  , \"doc\":{\n      \"_id\":  \"change1_0.6995461115147918\"\n    , \"_rev\": \"1-e240bae28c7bb3667f02760f6398d508\",\"hello\":1}\n  },\n  { \"id\":\"change2_0.6995461115147918\"\n  , \"key\":\"change2_0.6995461115147918\"\n  , \"value\":{\"rev\":\"1-13677d36b98c0c075145bb8975105153\"}\n  , \"doc\":{\n      \"_id\":\"change2_0.6995461115147918\"\n    , \"_rev\":\"1-13677d36b98c0c075145bb8975105153\"\n    , \"hello\":2\n    }\n  },\n]}\n\n```\n\nwe are probably most interested in the `rows.*.doc`\n\ncreate a `Stream` that parses the documents from the feed like this:\n\n``` js\nvar stream = JSONStream.parse(['rows', true, 'doc']) //rows, ANYTHING, doc\n\nstream.on('data', function(data) {\n  console.log('received:', data);\n});\n```\nawesome!\n\nIn case you wanted the contents the doc emitted:\n\n``` js\nvar stream = JSONStream.parse(['rows', true, 'doc', {emitKey: true}]) //rows, ANYTHING, doc, items in docs with keys\n\nstream.on('data', function(data) {\n  console.log('key:', data.key);\n  console.log('value:', data.value);\n});\n```\n\n### recursive patterns (..)\n\n`JSONStream.parse('docs..value')` \n(or `JSONStream.parse(['docs', {recurse: true}, 'value'])` using an array)\nwill emit every `value` object that is a child, grand-child, etc. of the \n`docs` object. In this example, it will match exactly 5 times at various depth\nlevels, emitting 0, 1, 2, 3 and 4 as results.\n\n```js\n{\n  \"total\": 5,\n  \"docs\": [\n    {\n      \"key\": {\n        \"value\": 0,\n        \"some\": \"property\"\n      }\n    },\n    {\"value\": 1},\n    {\"value\": 2},\n    {\"blbl\": [{}, {\"a\":0, \"b\":1, \"value\":3}, 10]},\n    {\"value\": 4}\n  ]\n}\n```\n\n## JSONStream.parse(pattern, map)\n\nprovide a function that can be used to map or filter\nthe json output. `map` is passed the value at that node of the pattern,\nif `map` return non-nullish (anything but `null` or `undefined`)\nthat value will be emitted in the stream. If it returns a nullish value,\nnothing will be emitted.\n\n## JSONStream.stringify(open, sep, close)\n\nCreate a writable stream.\n\nyou may pass in custom `open`, `close`, and `seperator` strings.\nBut, by default, `JSONStream.stringify()` will create an array,\n(with default options `open='[\\n', sep='\\n,\\n', close='\\n]\\n'`)\n\nIf you call `JSONStream.stringify(false)`\nthe elements will only be seperated by a newline.\n\nIf you only write one item this will be valid JSON.\n\nIf you write many items,\nyou can use a `RegExp` to split it into valid chunks.\n\n## JSONStream.stringifyObject(open, sep, close)\n\nVery much like `JSONStream.stringify`,\nbut creates a writable stream for objects instead of arrays.\n\nAccordingly, `open='{\\n', sep='\\n,\\n', close='\\n}\\n'`.\n\nWhen you `.write()` to the stream you must supply an array with `[ key, data ]`\nas the first argument.\n\n## unix tool\n\nquery npm to see all the modules that browserify has ever depended on.\n\n``` bash\ncurl https://registry.npmjs.org/browserify | JSONStream 'versions.*.dependencies'\n```\n\n## numbers\n\nnumbers will be emitted as numbers.\nhuge numbers that cannot be represented in memory as javascript numbers will be emitted as strings.\ncf https://github.com/creationix/jsonparse/commit/044b268f01c4b8f97fb936fc85d3bcfba179e5bb for details.\n\n## Acknowlegements\n\nthis module depends on https://github.com/creationix/jsonparse\nby Tim Caswell\nand also thanks to Florent Jaby for teaching me about parsing with:\nhttps://github.com/Floby/node-json-streams\n\n## license\n\nDual-licensed under the MIT License or the Apache License, version 2.0\n","readmeFilename":"readme.markdown","homepage":"http://github.com/dominictarr/JSONStream","keywords":["json","stream","streaming","parser","async","parsing"],"bugs":{"url":"https://github.com/dominictarr/JSONStream/issues"},"license":"(MIT OR Apache-2.0)","_attachments":{},"_etag":"\"BAV3Y9PMIKP8TGLJSCA86YYVV\""}