{"_id":"is-buffer","_rev":"11-c894e9634c3cdcfbf95053799ed2c0b3","name":"is-buffer","description":"Determine if an object is a Buffer","dist-tags":{"latest":"1.1.4"},"versions":{"1.0.0":{"name":"is-buffer","description":"Determine if an object is Buffer","version":"1.0.0","author":{"name":"Feross Aboukhadijeh","email":"feross@feross.org","url":"http://feross.org/"},"bugs":{"url":"https://github.com/feross/is-buffer/issues"},"dependencies":{},"devDependencies":{"tape":"^3.0.1"},"homepage":"http://feross.org","keywords":["buffer","buffers","type","core buffer","browser buffer","browserify","typed array","uint32array","int16array","int32array","float32array","float64array","browser","arraybuffer","dataview"],"license":"MIT","main":"index.js","repository":{"type":"git","url":"git://github.com/feross/is-buffer.git"},"scripts":{"test":"tape test/*.js"},"testling":{"files":"test/*.js","browsers":["ie/6..latest","chrome/4..latest","firefox/3..latest","safari/5.1..latest","opera/11.0..latest","iphone/6","ipad/6"]},"gitHead":"fdb526a9a5abd518bfc007f9f919bbd478744311","_id":"is-buffer@1.0.0","_shasum":"680b48b0cb42ee3d38f0955bcb9855ee945e96fd","_from":".","_npmVersion":"2.0.0","_npmUser":{"name":"feross","email":"feross@feross.org"},"maintainers":[{"name":"feross","email":"feross@feross.org"}],"dist":{"shasum":"680b48b0cb42ee3d38f0955bcb9855ee945e96fd","tarball":"https://registry.npmjs.org/is-buffer/-/is-buffer-1.0.0.tgz"},"directories":{}},"1.0.1":{"name":"is-buffer","description":"Determine if an object is Buffer","version":"1.0.1","author":{"name":"Feross Aboukhadijeh","email":"feross@feross.org","url":"http://feross.org/"},"bugs":{"url":"https://github.com/feross/is-buffer/issues"},"dependencies":{},"devDependencies":{"tape":"^3.0.1","zuul":"^1.13.0"},"homepage":"http://feross.org","keywords":["buffer","buffers","type","core buffer","browser buffer","browserify","typed array","uint32array","int16array","int32array","float32array","float64array","browser","arraybuffer","dataview"],"license":"MIT","main":"index.js","repository":{"type":"git","url":"git://github.com/feross/is-buffer.git"},"scripts":{"test":"npm run test-node && npm run test-browser","test-browser":"zuul -- test/*.js","test-browser-local":"zuul --local -- test/*.js","test-node":"tape test/*.js"},"testling":{"files":"test/*.js"},"gitHead":"66496a59f1e0ed0d57bf4834113aa62ed874c9b7","_id":"is-buffer@1.0.1","_shasum":"d4050649838354e87ec59c964c1fa1f4bb7de00d","_from":".","_npmVersion":"2.0.0","_npmUser":{"name":"feross","email":"feross@feross.org"},"maintainers":[{"name":"feross","email":"feross@feross.org"}],"dist":{"shasum":"d4050649838354e87ec59c964c1fa1f4bb7de00d","tarball":"https://registry.npmjs.org/is-buffer/-/is-buffer-1.0.1.tgz"},"directories":{}},"1.0.2":{"name":"is-buffer","description":"Determine if an object is Buffer","version":"1.0.2","author":{"name":"Feross Aboukhadijeh","email":"feross@feross.org","url":"http://feross.org/"},"bugs":{"url":"https://github.com/feross/is-buffer/issues"},"dependencies":{},"devDependencies":{"tape":"^4.0.0","zuul":"^3.0.0"},"homepage":"http://feross.org","keywords":["buffer","buffers","type","core buffer","browser buffer","browserify","typed array","uint32array","int16array","int32array","float32array","float64array","browser","arraybuffer","dataview"],"license":"MIT","main":"index.js","repository":{"type":"git","url":"git://github.com/feross/is-buffer.git"},"scripts":{"test":"npm run test-node && npm run test-browser","test-browser":"zuul -- test/*.js","test-browser-local":"zuul --local -- test/*.js","test-node":"tape test/*.js"},"testling":{"files":"test/*.js"},"gitHead":"cad65fd0f6844c296c743c4ec521c130224de90e","_id":"is-buffer@1.0.2","_shasum":"f5c6c051d73f86f11b4ee14267cc1029fce261d0","_from":".","_npmVersion":"2.7.4","_nodeVersion":"0.12.2","_npmUser":{"name":"feross","email":"feross@feross.org"},"maintainers":[{"name":"feross","email":"feross@feross.org"}],"dist":{"shasum":"f5c6c051d73f86f11b4ee14267cc1029fce261d0","tarball":"https://registry.npmjs.org/is-buffer/-/is-buffer-1.0.2.tgz"},"directories":{}},"1.1.0":{"name":"is-buffer","description":"Determine if an object is Buffer","version":"1.1.0","author":{"name":"Feross Aboukhadijeh","email":"feross@feross.org","url":"http://feross.org/"},"bugs":{"url":"https://github.com/feross/is-buffer/issues"},"dependencies":{},"devDependencies":{"tape":"^4.0.0","zuul":"^3.0.0"},"homepage":"http://feross.org","keywords":["buffer","buffers","type","core buffer","browser buffer","browserify","typed array","uint32array","int16array","int32array","float32array","float64array","browser","arraybuffer","dataview"],"license":"MIT","main":"index.js","repository":{"type":"git","url":"git://github.com/feross/is-buffer.git"},"scripts":{"test":"npm run test-node && npm run test-browser","test-browser":"zuul -- test/*.js","test-browser-local":"zuul --local -- test/*.js","test-node":"tape test/*.js"},"testling":{"files":"test/*.js"},"gitHead":"6ca106240e155ea4cfe13e2e1c83aadab91d2ec1","_id":"is-buffer@1.1.0","_shasum":"36f7850c0d077a71b041f3565664155f07035bd0","_from":".","_npmVersion":"2.14.2","_nodeVersion":"4.0.0","_npmUser":{"name":"feross","email":"feross@feross.org"},"dist":{"shasum":"36f7850c0d077a71b041f3565664155f07035bd0","tarball":"https://registry.npmjs.org/is-buffer/-/is-buffer-1.1.0.tgz"},"maintainers":[{"name":"feross","email":"feross@feross.org"}],"directories":{}},"1.1.1":{"name":"is-buffer","description":"Determine if an object is Buffer","version":"1.1.1","author":{"name":"Feross Aboukhadijeh","email":"feross@feross.org","url":"http://feross.org/"},"bugs":{"url":"https://github.com/feross/is-buffer/issues"},"dependencies":{},"devDependencies":{"tape":"^4.0.0","zuul":"^3.0.0"},"homepage":"http://feross.org","keywords":["buffer","buffers","type","core buffer","browser buffer","browserify","typed array","uint32array","int16array","int32array","float32array","float64array","browser","arraybuffer","dataview"],"license":"MIT","main":"index.js","repository":{"type":"git","url":"git://github.com/feross/is-buffer.git"},"scripts":{"test":"npm run test-node && npm run test-browser","test-browser":"zuul -- test/*.js","test-browser-local":"zuul --local -- test/*.js","test-node":"tape test/*.js"},"testling":{"files":"test/*.js"},"gitHead":"9ccd67d6ca6476d1cb7b38fd9fc7d9d71d212f5c","_id":"is-buffer@1.1.1","_shasum":"3058de9ca454564e8bbe5b8dd2719a8d7089e7d7","_from":".","_npmVersion":"2.14.7","_nodeVersion":"4.2.3","_npmUser":{"name":"feross","email":"feross@feross.org"},"dist":{"shasum":"3058de9ca454564e8bbe5b8dd2719a8d7089e7d7","tarball":"https://registry.npmjs.org/is-buffer/-/is-buffer-1.1.1.tgz"},"maintainers":[{"name":"feross","email":"feross@feross.org"}],"directories":{}},"1.1.2":{"name":"is-buffer","description":"Determine if an object is Buffer","version":"1.1.2","author":{"name":"Feross Aboukhadijeh","email":"feross@feross.org","url":"http://feross.org/"},"bugs":{"url":"https://github.com/feross/is-buffer/issues"},"dependencies":{},"devDependencies":{"standard":"^5.4.1","tape":"^4.0.0","zuul":"^3.0.0"},"homepage":"http://feross.org","keywords":["buffer","buffers","type","core buffer","browser buffer","browserify","typed array","uint32array","int16array","int32array","float32array","float64array","browser","arraybuffer","dataview"],"license":"MIT","main":"index.js","repository":{"type":"git","url":"git://github.com/feross/is-buffer.git"},"scripts":{"test":"standard && npm run test-node && npm run test-browser","test-browser":"zuul -- test/*.js","test-browser-local":"zuul --local -- test/*.js","test-node":"tape test/*.js"},"testling":{"files":"test/*.js"},"gitHead":"ba9a9f359e4412c90c583e14492072c9f4f2d45c","_id":"is-buffer@1.1.2","_shasum":"fa1226588fa0048b005c47e4fb1bb1555d5edeaa","_from":".","_npmVersion":"2.14.12","_nodeVersion":"4.2.6","_npmUser":{"name":"feross","email":"feross@feross.org"},"dist":{"shasum":"fa1226588fa0048b005c47e4fb1bb1555d5edeaa","tarball":"https://registry.npmjs.org/is-buffer/-/is-buffer-1.1.2.tgz"},"maintainers":[{"name":"feross","email":"feross@feross.org"}],"directories":{}},"1.1.3":{"name":"is-buffer","description":"Determine if an object is Buffer","version":"1.1.3","author":{"name":"Feross Aboukhadijeh","email":"feross@feross.org","url":"http://feross.org/"},"bugs":{"url":"https://github.com/feross/is-buffer/issues"},"dependencies":{},"devDependencies":{"standard":"^6.0.5","tape":"^4.0.0","zuul":"^3.0.0"},"engines":{"node":">=0.12"},"keywords":["buffer","buffers","type","core buffer","browser buffer","browserify","typed array","uint32array","int16array","int32array","float32array","float64array","browser","arraybuffer","dataview"],"license":"MIT","main":"index.js","repository":{"type":"git","url":"git://github.com/feross/is-buffer.git"},"scripts":{"test":"standard && npm run test-node && npm run test-browser","test-browser":"zuul -- test/*.js","test-browser-local":"zuul --local -- test/*.js","test-node":"tape test/*.js"},"testling":{"files":"test/*.js"},"gitHead":"dfd658d887e6b63254b89d22af1a755a39313455","homepage":"https://github.com/feross/is-buffer","_id":"is-buffer@1.1.3","_shasum":"db897fc3f7aca2d50de94b6c8c2896a4771627af","_from":".","_npmVersion":"2.14.12","_nodeVersion":"4.3.2","_npmUser":{"name":"feross","email":"feross@feross.org"},"dist":{"shasum":"db897fc3f7aca2d50de94b6c8c2896a4771627af","tarball":"https://registry.npmjs.org/is-buffer/-/is-buffer-1.1.3.tgz"},"maintainers":[{"name":"feross","email":"feross@feross.org"}],"_npmOperationalInternal":{"host":"packages-12-west.internal.npmjs.com","tmp":"tmp/is-buffer-1.1.3.tgz_1457390977775_0.6384289276320487"},"directories":{}},"1.1.4":{"name":"is-buffer","description":"Determine if an object is a Buffer","version":"1.1.4","author":{"name":"Feross Aboukhadijeh","email":"feross@feross.org","url":"http://feross.org/"},"bugs":{"url":"https://github.com/feross/is-buffer/issues"},"dependencies":{},"devDependencies":{"standard":"^7.0.0","tape":"^4.0.0","zuul":"^3.0.0"},"keywords":["buffer","buffers","type","core buffer","browser buffer","browserify","typed array","uint32array","int16array","int32array","float32array","float64array","browser","arraybuffer","dataview"],"license":"MIT","main":"index.js","repository":{"type":"git","url":"git://github.com/feross/is-buffer.git"},"scripts":{"test":"standard && npm run test-node && npm run test-browser","test-browser":"zuul -- test/*.js","test-browser-local":"zuul --local -- test/*.js","test-node":"tape test/*.js"},"testling":{"files":"test/*.js"},"gitHead":"fd1a429f6ab8092f2e39cb5cc7175b5d9a986c31","homepage":"https://github.com/feross/is-buffer#readme","_id":"is-buffer@1.1.4","_shasum":"cfc86ccd5dc5a52fa80489111c6920c457e2d98b","_from":".","_npmVersion":"2.15.1","_nodeVersion":"0.10.46","_npmUser":{"name":"feross","email":"feross@feross.org"},"dist":{"shasum":"cfc86ccd5dc5a52fa80489111c6920c457e2d98b","tarball":"https://registry.npmjs.org/is-buffer/-/is-buffer-1.1.4.tgz"},"maintainers":[{"name":"feross","email":"feross@feross.org"}],"_npmOperationalInternal":{"host":"packages-16-east.internal.npmjs.com","tmp":"tmp/is-buffer-1.1.4.tgz_1470267365943_0.6724087686743587"},"directories":{}}},"readme":"# is-buffer [![travis][travis-image]][travis-url] [![npm][npm-image]][npm-url] [![downloads][downloads-image]][npm-url]\n\n#### Determine if an object is a [`Buffer`](http://nodejs.org/api/buffer.html) (including the [browserify Buffer](https://github.com/feross/buffer))\n\n[![saucelabs][saucelabs-image]][saucelabs-url]\n\n[travis-image]: https://img.shields.io/travis/feross/is-buffer/master.svg\n[travis-url]: https://travis-ci.org/feross/is-buffer\n[npm-image]: https://img.shields.io/npm/v/is-buffer.svg\n[npm-url]: https://npmjs.org/package/is-buffer\n[downloads-image]: https://img.shields.io/npm/dm/is-buffer.svg\n[saucelabs-image]: https://saucelabs.com/browser-matrix/is-buffer.svg\n[saucelabs-url]: https://saucelabs.com/u/is-buffer\n\n## Why not use `Buffer.isBuffer`?\n\nThis module lets you check if an object is a `Buffer` without using `Buffer.isBuffer` (which includes the whole [buffer](https://github.com/feross/buffer) module in [browserify](http://browserify.org/)).\n\nIt's future-proof and works in node too!\n\n## install\n\n```bash\nnpm install is-buffer\n```\n\n## usage\n\n```js\nvar isBuffer = require('is-buffer')\n\nisBuffer(new Buffer(4)) // true\n\nisBuffer(undefined) // false\nisBuffer(null) // false\nisBuffer('') // false\nisBuffer(true) // false\nisBuffer(false) // false\nisBuffer(0) // false\nisBuffer(1) // false\nisBuffer(1.0) // false\nisBuffer('string') // false\nisBuffer({}) // false\nisBuffer(function foo () {}) // false\n```\n\n## license\n\nMIT. Copyright (C) [Feross Aboukhadijeh](http://feross.org).\n","maintainers":[{"name":"feross","email":"feross@feross.org"}],"time":{"modified":"2016-08-03T23:36:07.367Z","created":"2014-10-31T01:58:42.247Z","1.0.0":"2014-10-31T01:58:42.247Z","1.0.1":"2014-10-31T03:37:00.562Z","1.0.2":"2015-05-05T01:52:11.559Z","1.1.0":"2015-09-17T05:02:36.041Z","1.1.1":"2016-01-03T21:09:34.798Z","1.1.2":"2016-01-29T12:52:12.824Z","1.1.3":"2016-03-07T22:49:39.950Z","1.1.4":"2016-08-03T23:36:07.367Z"},"homepage":"https://github.com/feross/is-buffer#readme","keywords":["buffer","buffers","type","core buffer","browser buffer","browserify","typed array","uint32array","int16array","int32array","float32array","float64array","browser","arraybuffer","dataview"],"repository":{"type":"git","url":"git://github.com/feross/is-buffer.git"},"author":{"name":"Feross Aboukhadijeh","email":"feross@feross.org","url":"http://feross.org/"},"bugs":{"url":"https://github.com/feross/is-buffer/issues"},"license":"MIT","readmeFilename":"README.md","users":{"feross":true},"_attachments":{},"_etag":"\"ECSVFAL4NYTVPDBFDO0CW5ZRT\""}