{"_id":"moment-timezone","_rev":"83-8a1fa11561a00053ac6bfd4c31fe3311","name":"moment-timezone","description":"Parse and display moments in any timezone.","dist-tags":{"latest":"0.5.5"},"versions":{"0.0.1":{"name":"moment-timezone","version":"0.0.1","description":"Timezone plugin for Moment.js.","homepage":"http://momentjs.com","author":{"name":"Tim Wood","email":"washwithcare@gmail.com","url":"http://timwoodcreates.com/"},"keywords":["moment","date","time","timezone","olson","tz"],"main":"./moment-timezone.js","engines":{"node":"*"},"repository":{"type":"git","url":"https://github.com/timrwood/moment-timezone.git"},"bugs":{"url":"https://github.com/timrwood/moment-timezone/issues"},"licenses":[{"type":"MIT"}],"dependencies":{"moment":"2.1.0"},"devDependencies":{"grunt":"0.4.1","grunt-contrib-nodeunit":"0.1.2","grunt-contrib-jshint":"0.4.3","grunt-contrib-uglify":"0.2.0"},"scripts":{"test":"grunt"},"_id":"moment-timezone@0.0.1","dist":{"shasum":"f70d2a354bcadb1f4a4188aeb8f76df1765fa51e","tarball":"https://registry.npmjs.org/moment-timezone/-/moment-timezone-0.0.1.tgz"},"_from":".","_npmVersion":"1.2.18","_npmUser":{"name":"timrwood","email":"washwithcare@gmail.com"},"maintainers":[{"name":"timrwood","email":"washwithcare@gmail.com"}],"directories":{}},"0.0.2":{"name":"moment-timezone","version":"0.0.2","description":"Timezone plugin for Moment.js.","homepage":"http://momentjs.com","author":{"name":"Tim Wood","email":"washwithcare@gmail.com","url":"http://timwoodcreates.com/"},"keywords":["moment","date","time","timezone","olson","tz"],"main":"./index.js","engines":{"node":"*"},"repository":{"type":"git","url":"https://github.com/timrwood/moment-timezone.git"},"bugs":{"url":"https://github.com/timrwood/moment-timezone/issues"},"licenses":[{"type":"MIT"}],"dependencies":{"moment":"2.1.0"},"devDependencies":{"grunt":"0.4.1","grunt-contrib-nodeunit":"0.1.2","grunt-contrib-jshint":"0.4.3","grunt-contrib-uglify":"0.2.0"},"scripts":{"test":"grunt"},"_id":"moment-timezone@0.0.2","dist":{"shasum":"fda6d8e42ea3ad9bd4b258fea9aeef090ed70baf","tarball":"https://registry.npmjs.org/moment-timezone/-/moment-timezone-0.0.2.tgz"},"_from":".","_npmVersion":"1.2.21","_npmUser":{"name":"timrwood","email":"washwithcare@gmail.com"},"maintainers":[{"name":"timrwood","email":"washwithcare@gmail.com"}],"directories":{}},"0.0.3":{"name":"moment-timezone","version":"0.0.3","description":"Timezone plugin for Moment.js.","homepage":"http://momentjs.com","author":{"name":"Tim Wood","email":"washwithcare@gmail.com","url":"http://timwoodcreates.com/"},"keywords":["moment","date","time","timezone","olson","tz"],"main":"./index.js","engines":{"node":"*"},"repository":{"type":"git","url":"https://github.com/timrwood/moment-timezone.git"},"bugs":{"url":"https://github.com/timrwood/moment-timezone/issues"},"licenses":[{"type":"MIT"}],"dependencies":{"moment":">= 2.1.0"},"devDependencies":{"grunt":"0.4.1","grunt-contrib-nodeunit":"0.2.0","grunt-contrib-jshint":"0.4.3","grunt-contrib-uglify":"0.2.0"},"scripts":{"test":"grunt"},"_id":"moment-timezone@0.0.3","dist":{"shasum":"ebbd95f9220eba1c1b5e562d078db6c7d971e7ac","tarball":"https://registry.npmjs.org/moment-timezone/-/moment-timezone-0.0.3.tgz"},"_npmVersion":"1.1.65","_npmUser":{"name":"ichernev","email":"iskren.chernev@gmail.com"},"maintainers":[{"name":"timrwood","email":"washwithcare@gmail.com"},{"name":"ichernev","email":"iskren.chernev@gmail.com"}],"directories":{}},"0.0.5":{"name":"moment-timezone","version":"0.0.5","description":"Timezone plugin for Moment.js.","homepage":"http://momentjs.com","author":{"name":"Tim Wood","email":"washwithcare@gmail.com","url":"http://timwoodcreates.com/"},"keywords":["moment","date","time","timezone","olson","tz"],"main":"./index.js","engines":{"node":"*"},"repository":{"type":"git","url":"https://github.com/timrwood/moment-timezone.git"},"bugs":{"url":"https://github.com/timrwood/moment-timezone/issues"},"licenses":[{"type":"MIT"}],"dependencies":{"moment":">= 2.6.0"},"devDependencies":{"grunt":"0.4.4","grunt-contrib-nodeunit":"0.3.3","grunt-contrib-jshint":"0.10.0","grunt-contrib-uglify":"0.4.0"},"scripts":{"test":"grunt"},"_id":"moment-timezone@0.0.5","dist":{"shasum":"df26526d4379a90b6048a527cd530cd1ce3e7a51","tarball":"https://registry.npmjs.org/moment-timezone/-/moment-timezone-0.0.5.tgz"},"_from":".","_npmVersion":"1.4.6","_npmUser":{"name":"ichernev","email":"iskren.chernev@gmail.com"},"maintainers":[{"name":"timrwood","email":"washwithcare@gmail.com"},{"name":"ichernev","email":"iskren.chernev@gmail.com"}],"directories":{}},"0.0.6":{"name":"moment-timezone","version":"0.0.6","description":"Timezone plugin for Moment.js.","homepage":"http://momentjs.com","author":{"name":"Tim Wood","email":"washwithcare@gmail.com","url":"http://timwoodcreates.com/"},"keywords":["moment","date","time","timezone","olson","tz"],"main":"./index.js","engines":{"node":"*"},"repository":{"type":"git","url":"https://github.com/timrwood/moment-timezone.git"},"bugs":{"url":"https://github.com/timrwood/moment-timezone/issues"},"licenses":[{"type":"MIT"}],"dependencies":{"moment":">= 2.6.0"},"devDependencies":{"grunt":"0.4.4","grunt-contrib-nodeunit":"0.3.3","grunt-contrib-jshint":"0.10.0","grunt-contrib-uglify":"0.4.0"},"scripts":{"test":"grunt"},"_id":"moment-timezone@0.0.6","dist":{"shasum":"9b677c19f59a03a0706aa74b118a4ac38b4d8e13","tarball":"https://registry.npmjs.org/moment-timezone/-/moment-timezone-0.0.6.tgz"},"_from":".","_npmVersion":"1.4.6","_npmUser":{"name":"ichernev","email":"iskren.chernev@gmail.com"},"maintainers":[{"name":"timrwood","email":"washwithcare@gmail.com"},{"name":"ichernev","email":"iskren.chernev@gmail.com"}],"directories":{}},"0.1.0":{"name":"moment-timezone","version":"0.1.0","description":"Parse and display moments in any timezone.","homepage":"http://momentjs.com/timezone/","author":{"name":"Tim Wood","email":"washwithcare@gmail.com","url":"http://timwoodcreates.com/"},"keywords":["moment","date","time","timezone","olson","iana","zone","tz"],"main":"./index.js","engines":{"node":"*"},"repository":{"type":"git","url":"https://github.com/moment/moment-timezone.git"},"bugs":{"url":"https://github.com/moment/moment-timezone/issues"},"license":"MIT","dependencies":{"moment":">= 2.6.0"},"devDependencies":{"grunt":"0.4.4","grunt-contrib-clean":"0.5.0","grunt-contrib-nodeunit":"0.3.3","grunt-contrib-jshint":"0.10.0","grunt-contrib-uglify":"0.4.0"},"scripts":{"test":"grunt"},"gitHead":"73a1ff3343205f40768d5d0aa4b4f540e9b584a3","_id":"moment-timezone@0.1.0","_shasum":"879a0e3b45a5a32f8800a1cb5529151450b88cb5","_from":".","_npmVersion":"1.4.13","_npmUser":{"name":"timrwood","email":"washwithcare@gmail.com"},"maintainers":[{"name":"timrwood","email":"washwithcare@gmail.com"},{"name":"ichernev","email":"iskren.chernev@gmail.com"}],"dist":{"shasum":"879a0e3b45a5a32f8800a1cb5529151450b88cb5","tarball":"https://registry.npmjs.org/moment-timezone/-/moment-timezone-0.1.0.tgz"},"directories":{}},"0.2.0":{"name":"moment-timezone","version":"0.2.0","description":"Parse and display moments in any timezone.","homepage":"http://momentjs.com/timezone/","author":{"name":"Tim Wood","email":"washwithcare@gmail.com","url":"http://timwoodcreates.com/"},"keywords":["moment","date","time","timezone","olson","iana","zone","tz"],"main":"./index.js","engines":{"node":"*"},"repository":{"type":"git","url":"https://github.com/moment/moment-timezone.git"},"bugs":{"url":"https://github.com/moment/moment-timezone/issues"},"license":"MIT","dependencies":{"moment":">= 2.6.0"},"devDependencies":{"grunt":"0.4.4","grunt-contrib-clean":"0.5.0","grunt-contrib-nodeunit":"0.3.3","grunt-contrib-jshint":"0.10.0","grunt-contrib-uglify":"0.4.0"},"scripts":{"test":"grunt"},"gitHead":"4923b19d2e3e0c9fc6c0c8aebeaad89a7e1a35e4","_id":"moment-timezone@0.2.0","_shasum":"998201977adeb0b77fca1fa2558557112331ce1e","_from":".","_npmVersion":"1.4.13","_npmUser":{"name":"timrwood","email":"washwithcare@gmail.com"},"maintainers":[{"name":"timrwood","email":"washwithcare@gmail.com"},{"name":"ichernev","email":"iskren.chernev@gmail.com"}],"dist":{"shasum":"998201977adeb0b77fca1fa2558557112331ce1e","tarball":"https://registry.npmjs.org/moment-timezone/-/moment-timezone-0.2.0.tgz"},"directories":{}},"0.2.1":{"name":"moment-timezone","version":"0.2.1","description":"Parse and display moments in any timezone.","homepage":"http://momentjs.com/timezone/","author":{"name":"Tim Wood","email":"washwithcare@gmail.com","url":"http://timwoodcreates.com/"},"keywords":["moment","date","time","timezone","olson","iana","zone","tz"],"main":"./index.js","engines":{"node":"*"},"repository":{"type":"git","url":"https://github.com/moment/moment-timezone.git"},"bugs":{"url":"https://github.com/moment/moment-timezone/issues"},"license":"MIT","dependencies":{"moment":">= 2.6.0"},"devDependencies":{"grunt":"0.4.4","grunt-contrib-clean":"0.5.0","grunt-contrib-nodeunit":"0.3.3","grunt-contrib-jshint":"0.10.0","grunt-contrib-uglify":"0.4.0"},"scripts":{"test":"grunt"},"_id":"moment-timezone@0.2.1","dist":{"shasum":"840238a791c9287a7fcbfdf130901e66f0334ee8","tarball":"https://registry.npmjs.org/moment-timezone/-/moment-timezone-0.2.1.tgz"},"_from":".","_npmVersion":"1.4.3","_npmUser":{"name":"timrwood","email":"washwithcare@gmail.com"},"maintainers":[{"name":"timrwood","email":"washwithcare@gmail.com"},{"name":"ichernev","email":"iskren.chernev@gmail.com"}],"directories":{}},"0.2.2":{"name":"moment-timezone","version":"0.2.2","description":"Parse and display moments in any timezone.","homepage":"http://momentjs.com/timezone/","author":{"name":"Tim Wood","email":"washwithcare@gmail.com","url":"http://timwoodcreates.com/"},"keywords":["moment","date","time","timezone","olson","iana","zone","tz"],"main":"./index.js","engines":{"node":"*"},"repository":{"type":"git","url":"https://github.com/moment/moment-timezone.git"},"bugs":{"url":"https://github.com/moment/moment-timezone/issues"},"license":"MIT","dependencies":{"moment":">= 2.6.0"},"devDependencies":{"grunt":"0.4.4","grunt-contrib-clean":"0.5.0","grunt-contrib-nodeunit":"0.3.3","grunt-contrib-jshint":"0.10.0","grunt-contrib-uglify":"0.4.0"},"scripts":{"test":"grunt"},"gitHead":"6ec2d51d7373ce0880f939228fafaeab4ebb5dd7","_id":"moment-timezone@0.2.2","_shasum":"9ed4ad24c0bae6eebd21ed65e01eb42425e75dcc","_from":".","_npmVersion":"1.4.13","_npmUser":{"name":"timrwood","email":"washwithcare@gmail.com"},"maintainers":[{"name":"timrwood","email":"washwithcare@gmail.com"},{"name":"ichernev","email":"iskren.chernev@gmail.com"}],"dist":{"shasum":"9ed4ad24c0bae6eebd21ed65e01eb42425e75dcc","tarball":"https://registry.npmjs.org/moment-timezone/-/moment-timezone-0.2.2.tgz"},"directories":{}},"0.2.3":{"name":"moment-timezone","version":"0.2.3","description":"Parse and display moments in any timezone.","homepage":"http://momentjs.com/timezone/","author":{"name":"Tim Wood","email":"washwithcare@gmail.com","url":"http://timwoodcreates.com/"},"keywords":["moment","date","time","timezone","olson","iana","zone","tz"],"main":"./index.js","engines":{"node":"*"},"repository":{"type":"git","url":"https://github.com/moment/moment-timezone.git"},"bugs":{"url":"https://github.com/moment/moment-timezone/issues"},"license":"MIT","dependencies":{"moment":">= 2.6.0"},"devDependencies":{"grunt":"0.4.4","grunt-contrib-clean":"0.5.0","grunt-contrib-nodeunit":"0.3.3","grunt-contrib-jshint":"0.10.0","grunt-contrib-uglify":"0.4.0"},"scripts":{"test":"grunt"},"gitHead":"bb69005caf40dfeecd5e8b2f1624a22a1066443a","_id":"moment-timezone@0.2.3","_shasum":"fcbcfde20f7baf68c275c84cafff77932e5fdec4","_from":".","_npmVersion":"2.0.0","_npmUser":{"name":"timrwood","email":"washwithcare@gmail.com"},"maintainers":[{"name":"timrwood","email":"washwithcare@gmail.com"},{"name":"ichernev","email":"iskren.chernev@gmail.com"}],"dist":{"shasum":"fcbcfde20f7baf68c275c84cafff77932e5fdec4","tarball":"https://registry.npmjs.org/moment-timezone/-/moment-timezone-0.2.3.tgz"},"directories":{}},"0.2.4":{"name":"moment-timezone","version":"0.2.4","description":"Parse and display moments in any timezone.","homepage":"http://momentjs.com/timezone/","author":{"name":"Tim Wood","email":"washwithcare@gmail.com","url":"http://timwoodcreates.com/"},"keywords":["moment","date","time","timezone","olson","iana","zone","tz"],"main":"./index.js","engines":{"node":"*"},"repository":{"type":"git","url":"https://github.com/moment/moment-timezone.git"},"bugs":{"url":"https://github.com/moment/moment-timezone/issues"},"license":"MIT","dependencies":{"moment":">= 2.6.0"},"devDependencies":{"grunt":"0.4.4","grunt-contrib-clean":"0.5.0","grunt-contrib-nodeunit":"0.3.3","grunt-contrib-jshint":"0.10.0","grunt-contrib-uglify":"0.4.0"},"scripts":{"test":"grunt"},"gitHead":"f909f55e5494dc1153eb1a466dd135f7c490175c","_id":"moment-timezone@0.2.4","_shasum":"331a9dbecf965a8fb185ee30a6ed3fe32ee93012","_from":".","_npmVersion":"2.0.0","_npmUser":{"name":"timrwood","email":"washwithcare@gmail.com"},"maintainers":[{"name":"timrwood","email":"washwithcare@gmail.com"},{"name":"ichernev","email":"iskren.chernev@gmail.com"}],"dist":{"shasum":"331a9dbecf965a8fb185ee30a6ed3fe32ee93012","tarball":"https://registry.npmjs.org/moment-timezone/-/moment-timezone-0.2.4.tgz"},"directories":{}},"0.2.5":{"name":"moment-timezone","version":"0.2.5","description":"Parse and display moments in any timezone.","homepage":"http://momentjs.com/timezone/","author":{"name":"Tim Wood","email":"washwithcare@gmail.com","url":"http://timwoodcreates.com/"},"keywords":["moment","date","time","timezone","olson","iana","zone","tz"],"main":"./index.js","engines":{"node":"*"},"repository":{"type":"git","url":"https://github.com/moment/moment-timezone.git"},"bugs":{"url":"https://github.com/moment/moment-timezone/issues"},"license":"MIT","dependencies":{"moment":">= 2.6.0"},"devDependencies":{"grunt":"0.4.4","grunt-contrib-clean":"0.5.0","grunt-contrib-nodeunit":"0.3.3","grunt-contrib-jshint":"0.10.0","grunt-contrib-uglify":"0.4.0"},"scripts":{"test":"grunt"},"gitHead":"e3eb54c6b0a6ed901d1e331a2f3a6d11295c8d92","_id":"moment-timezone@0.2.5","_shasum":"99d7a54e9be50bb1f9e4091693dec3ca729b2df2","_from":".","_npmVersion":"2.0.0","_npmUser":{"name":"timrwood","email":"washwithcare@gmail.com"},"maintainers":[{"name":"timrwood","email":"washwithcare@gmail.com"},{"name":"ichernev","email":"iskren.chernev@gmail.com"}],"dist":{"shasum":"99d7a54e9be50bb1f9e4091693dec3ca729b2df2","tarball":"https://registry.npmjs.org/moment-timezone/-/moment-timezone-0.2.5.tgz"},"directories":{}},"0.3.0":{"name":"moment-timezone","version":"0.3.0","description":"Parse and display moments in any timezone.","homepage":"http://momentjs.com/timezone/","author":{"name":"Tim Wood","email":"washwithcare@gmail.com","url":"http://timwoodcreates.com/"},"keywords":["moment","date","time","timezone","olson","iana","zone","tz"],"main":"./index.js","engines":{"node":"*"},"repository":{"type":"git","url":"https://github.com/moment/moment-timezone.git"},"bugs":{"url":"https://github.com/moment/moment-timezone/issues"},"license":"MIT","dependencies":{"moment":">= 2.6.0"},"devDependencies":{"grunt":"0.4.4","grunt-contrib-clean":"0.5.0","grunt-contrib-nodeunit":"0.3.3","grunt-contrib-jshint":"0.10.0","grunt-contrib-uglify":"0.4.0"},"scripts":{"test":"grunt"},"gitHead":"81fafffd2195311f41a848172ba92f48e4d31606","_id":"moment-timezone@0.3.0","_shasum":"ea67ab9fc84cafe9153f0017e7669b1c869ecbb7","_from":".","_npmVersion":"2.0.0","_npmUser":{"name":"timrwood","email":"washwithcare@gmail.com"},"maintainers":[{"name":"timrwood","email":"washwithcare@gmail.com"},{"name":"ichernev","email":"iskren.chernev@gmail.com"}],"dist":{"shasum":"ea67ab9fc84cafe9153f0017e7669b1c869ecbb7","tarball":"https://registry.npmjs.org/moment-timezone/-/moment-timezone-0.3.0.tgz"},"directories":{}},"0.3.1":{"name":"moment-timezone","version":"0.3.1","description":"Parse and display moments in any timezone.","homepage":"http://momentjs.com/timezone/","author":{"name":"Tim Wood","email":"washwithcare@gmail.com","url":"http://timwoodcreates.com/"},"keywords":["moment","date","time","timezone","olson","iana","zone","tz"],"main":"./index.js","engines":{"node":"*"},"repository":{"type":"git","url":"https://github.com/moment/moment-timezone.git"},"bugs":{"url":"https://github.com/moment/moment-timezone/issues"},"license":"MIT","dependencies":{"moment":">= 2.6.0"},"devDependencies":{"grunt":"0.4.4","grunt-contrib-clean":"0.5.0","grunt-contrib-nodeunit":"0.3.3","grunt-contrib-jshint":"0.10.0","grunt-contrib-uglify":"0.4.0"},"scripts":{"test":"grunt"},"gitHead":"09d96e8fb4a4c7c99aa6045ddf7d5c29e680916b","_id":"moment-timezone@0.3.1","_shasum":"3ef47856b02d53b718a10a5ec2023aa299e07bf5","_from":".","_npmVersion":"2.1.18","_nodeVersion":"0.10.35","_npmUser":{"name":"timrwood","email":"washwithcare@gmail.com"},"maintainers":[{"name":"timrwood","email":"washwithcare@gmail.com"},{"name":"ichernev","email":"iskren.chernev@gmail.com"}],"dist":{"shasum":"3ef47856b02d53b718a10a5ec2023aa299e07bf5","tarball":"https://registry.npmjs.org/moment-timezone/-/moment-timezone-0.3.1.tgz"},"directories":{}},"0.4.0":{"name":"moment-timezone","version":"0.4.0","description":"Parse and display moments in any timezone.","homepage":"http://momentjs.com/timezone/","author":{"name":"Tim Wood","email":"washwithcare@gmail.com","url":"http://timwoodcreates.com/"},"keywords":["moment","date","time","timezone","olson","iana","zone","tz"],"main":"./index.js","engines":{"node":"*"},"repository":{"type":"git","url":"https://github.com/moment/moment-timezone.git"},"bugs":{"url":"https://github.com/moment/moment-timezone/issues"},"license":"MIT","dependencies":{"moment":">= 2.6.0"},"devDependencies":{"grunt":"0.4.5","grunt-contrib-clean":"0.6.0","grunt-contrib-nodeunit":"0.4.1","grunt-contrib-jshint":"0.11.2","grunt-contrib-uglify":"0.9.1"},"jspm":{"main":"builds/moment-timezone-with-data"},"scripts":{"test":"grunt"},"gitHead":"f71d6ea7537ae280518f7ac345beaba1209ab48e","_id":"moment-timezone@0.4.0","_shasum":"571ec43f5d2fb70ddb601c7d23b284e2f63ddab4","_from":".","_npmVersion":"2.7.1","_nodeVersion":"0.12.0","_npmUser":{"name":"timrwood","email":"washwithcare@gmail.com"},"maintainers":[{"name":"timrwood","email":"washwithcare@gmail.com"},{"name":"ichernev","email":"iskren.chernev@gmail.com"}],"dist":{"shasum":"571ec43f5d2fb70ddb601c7d23b284e2f63ddab4","tarball":"https://registry.npmjs.org/moment-timezone/-/moment-timezone-0.4.0.tgz"},"directories":{}},"0.4.1":{"name":"moment-timezone","version":"0.4.1","description":"Parse and display moments in any timezone.","homepage":"http://momentjs.com/timezone/","author":{"name":"Tim Wood","email":"washwithcare@gmail.com","url":"http://timwoodcreates.com/"},"keywords":["moment","date","time","timezone","olson","iana","zone","tz"],"main":"./index.js","engines":{"node":"*"},"repository":{"type":"git","url":"https://github.com/moment/moment-timezone.git"},"bugs":{"url":"https://github.com/moment/moment-timezone/issues"},"license":"MIT","dependencies":{"moment":">= 2.6.0"},"devDependencies":{"grunt":"0.4.5","grunt-contrib-clean":"0.6.0","grunt-contrib-nodeunit":"0.4.1","grunt-contrib-jshint":"0.11.2","grunt-contrib-uglify":"0.9.1"},"jspm":{"main":"builds/moment-timezone-with-data","dependencies":{"moment":"~2.6.0"},"shim":{"moment-timezone":{"deps":["moment"]}}},"scripts":{"test":"grunt"},"gitHead":"d8ecdd0d5048a666b9e2940e2e52aceb23619a79","_id":"moment-timezone@0.4.1","_shasum":"81f598c3ad5e22cdad796b67ecd8d88d0f5baa06","_from":".","_npmVersion":"2.7.1","_nodeVersion":"0.12.0","_npmUser":{"name":"timrwood","email":"washwithcare@gmail.com"},"maintainers":[{"name":"timrwood","email":"washwithcare@gmail.com"},{"name":"ichernev","email":"iskren.chernev@gmail.com"}],"dist":{"shasum":"81f598c3ad5e22cdad796b67ecd8d88d0f5baa06","tarball":"https://registry.npmjs.org/moment-timezone/-/moment-timezone-0.4.1.tgz"},"directories":{}},"0.5.0":{"name":"moment-timezone","version":"0.5.0","description":"Parse and display moments in any timezone.","homepage":"http://momentjs.com/timezone/","author":{"name":"Tim Wood","email":"washwithcare@gmail.com","url":"http://timwoodcreates.com/"},"keywords":["moment","date","time","timezone","olson","iana","zone","tz"],"main":"./index.js","engines":{"node":"*"},"repository":{"type":"git","url":"git+https://github.com/moment/moment-timezone.git"},"bugs":{"url":"https://github.com/moment/moment-timezone/issues"},"license":"MIT","dependencies":{"moment":">= 2.6.0"},"devDependencies":{"grunt":"0.4.5","grunt-contrib-clean":"0.6.0","grunt-contrib-nodeunit":"0.4.1","grunt-contrib-jshint":"0.11.2","grunt-contrib-uglify":"0.9.1"},"jspm":{"main":"builds/moment-timezone-with-data","shim":{"moment-timezone":{"deps":["moment"]}}},"scripts":{"test":"grunt"},"gitHead":"44ce91b03aa528ceb3832d13dbcee041f09c577a","_id":"moment-timezone@0.5.0","_shasum":"f282c8e5e6e28614b2f6dd1048663754d30ea11f","_from":".","_npmVersion":"3.3.9","_nodeVersion":"5.0.0","_npmUser":{"name":"timrwood","email":"washwithcare@gmail.com"},"maintainers":[{"name":"timrwood","email":"washwithcare@gmail.com"},{"name":"ichernev","email":"iskren.chernev@gmail.com"}],"dist":{"shasum":"f282c8e5e6e28614b2f6dd1048663754d30ea11f","tarball":"https://registry.npmjs.org/moment-timezone/-/moment-timezone-0.5.0.tgz"},"directories":{}},"0.5.1":{"name":"moment-timezone","version":"0.5.1","description":"Parse and display moments in any timezone.","homepage":"http://momentjs.com/timezone/","author":{"name":"Tim Wood","email":"washwithcare@gmail.com","url":"http://timwoodcreates.com/"},"keywords":["moment","date","time","timezone","olson","iana","zone","tz"],"main":"./index.js","engines":{"node":"*"},"repository":{"type":"git","url":"git+https://github.com/moment/moment-timezone.git"},"bugs":{"url":"https://github.com/moment/moment-timezone/issues"},"license":"MIT","dependencies":{"moment":">= 2.6.0"},"devDependencies":{"grunt":"0.4.5","grunt-contrib-clean":"0.6.0","grunt-contrib-nodeunit":"0.4.1","grunt-contrib-jshint":"0.11.2","grunt-contrib-uglify":"0.9.1"},"jspm":{"main":"builds/moment-timezone-with-data","shim":{"moment-timezone":{"deps":["moment"]}}},"scripts":{"test":"grunt"},"gitHead":"58651e6dadb1f7bb8d7adc5a6ef3df6341560bd2","_id":"moment-timezone@0.5.1","_shasum":"ac7f12f214f3c6945c305de2097d88e924910a67","_from":".","_npmVersion":"3.7.2","_nodeVersion":"5.4.1","_npmUser":{"name":"timrwood","email":"washwithcare@gmail.com"},"maintainers":[{"name":"timrwood","email":"washwithcare@gmail.com"},{"name":"ichernev","email":"iskren.chernev@gmail.com"}],"dist":{"shasum":"ac7f12f214f3c6945c305de2097d88e924910a67","tarball":"https://registry.npmjs.org/moment-timezone/-/moment-timezone-0.5.1.tgz"},"_npmOperationalInternal":{"host":"packages-5-east.internal.npmjs.com","tmp":"tmp/moment-timezone-0.5.1.tgz_1456852450406_0.17587754339911044"},"directories":{}},"0.5.2":{"name":"moment-timezone","version":"0.5.2","description":"Parse and display moments in any timezone.","homepage":"http://momentjs.com/timezone/","author":{"name":"Tim Wood","email":"washwithcare@gmail.com","url":"http://timwoodcreates.com/"},"keywords":["moment","date","time","timezone","olson","iana","zone","tz"],"main":"./index.js","engines":{"node":"*"},"repository":{"type":"git","url":"git+https://github.com/moment/moment-timezone.git"},"bugs":{"url":"https://github.com/moment/moment-timezone/issues"},"license":"MIT","dependencies":{"moment":">= 2.6.0"},"devDependencies":{"grunt":"0.4.5","grunt-contrib-clean":"0.6.0","grunt-contrib-nodeunit":"0.4.1","grunt-contrib-jshint":"0.11.2","grunt-contrib-uglify":"0.9.1"},"jspm":{"main":"builds/moment-timezone-with-data","shim":{"moment-timezone":{"deps":["moment"]}}},"scripts":{"test":"grunt"},"gitHead":"031ac0fd2a3a10790b6eae14df664f008e143cc3","_id":"moment-timezone@0.5.2","_shasum":"862420b0d9f8d334cd705727f427926e9ec906db","_from":".","_npmVersion":"3.7.2","_nodeVersion":"5.4.1","_npmUser":{"name":"timrwood","email":"washwithcare@gmail.com"},"maintainers":[{"name":"timrwood","email":"washwithcare@gmail.com"},{"name":"ichernev","email":"iskren.chernev@gmail.com"}],"dist":{"shasum":"862420b0d9f8d334cd705727f427926e9ec906db","tarball":"https://registry.npmjs.org/moment-timezone/-/moment-timezone-0.5.2.tgz"},"_npmOperationalInternal":{"host":"packages-13-west.internal.npmjs.com","tmp":"tmp/moment-timezone-0.5.2.tgz_1458065655474_0.4751347026322037"},"directories":{}},"0.5.3":{"name":"moment-timezone","version":"0.5.3","description":"Parse and display moments in any timezone.","homepage":"http://momentjs.com/timezone/","author":{"name":"Tim Wood","email":"washwithcare@gmail.com","url":"http://timwoodcreates.com/"},"keywords":["moment","date","time","timezone","olson","iana","zone","tz"],"main":"./index.js","engines":{"node":"*"},"repository":{"type":"git","url":"git+https://github.com/moment/moment-timezone.git"},"bugs":{"url":"https://github.com/moment/moment-timezone/issues"},"license":"MIT","dependencies":{"moment":">= 2.6.0"},"devDependencies":{"grunt":"0.4.5","grunt-contrib-clean":"0.6.0","grunt-contrib-nodeunit":"0.4.1","grunt-contrib-jshint":"0.11.2","grunt-contrib-uglify":"0.9.1"},"jspm":{"main":"builds/moment-timezone-with-data","shim":{"moment-timezone":{"deps":["moment"]}}},"scripts":{"test":"grunt"},"gitHead":"a35db0367651d7bafcc750114a124343d349b8f5","_id":"moment-timezone@0.5.3","_shasum":"34ba53bd719677975bee9d0e8ba799ad9373f082","_from":".","_npmVersion":"3.7.2","_nodeVersion":"5.4.1","_npmUser":{"name":"timrwood","email":"washwithcare@gmail.com"},"maintainers":[{"name":"timrwood","email":"washwithcare@gmail.com"},{"name":"ichernev","email":"iskren.chernev@gmail.com"}],"dist":{"shasum":"34ba53bd719677975bee9d0e8ba799ad9373f082","tarball":"https://registry.npmjs.org/moment-timezone/-/moment-timezone-0.5.3.tgz"},"_npmOperationalInternal":{"host":"packages-12-west.internal.npmjs.com","tmp":"tmp/moment-timezone-0.5.3.tgz_1458843349538_0.8467821031808853"},"directories":{}},"0.5.4":{"name":"moment-timezone","version":"0.5.4","description":"Parse and display moments in any timezone.","homepage":"http://momentjs.com/timezone/","author":{"name":"Tim Wood","email":"washwithcare@gmail.com","url":"http://timwoodcreates.com/"},"keywords":["moment","date","time","timezone","olson","iana","zone","tz"],"main":"./index.js","engines":{"node":"*"},"repository":{"type":"git","url":"git+https://github.com/moment/moment-timezone.git"},"bugs":{"url":"https://github.com/moment/moment-timezone/issues"},"license":"MIT","dependencies":{"moment":">= 2.6.0"},"devDependencies":{"grunt":"0.4.5","grunt-contrib-clean":"0.6.0","grunt-contrib-nodeunit":"0.4.1","grunt-contrib-jshint":"0.11.2","grunt-contrib-uglify":"0.9.1"},"jspm":{"main":"builds/moment-timezone-with-data","shim":{"moment-timezone":{"deps":["moment"]}}},"scripts":{"test":"grunt"},"gitHead":"eda36cb2c5ed62b7082593c3aeaff9b94204aa1a","_id":"moment-timezone@0.5.4","_shasum":"b6188b8f08557ea9ffb0d42899f5b171e1858e93","_from":".","_npmVersion":"3.8.3","_nodeVersion":"5.10.0","_npmUser":{"name":"timrwood","email":"washwithcare@gmail.com"},"dist":{"shasum":"b6188b8f08557ea9ffb0d42899f5b171e1858e93","tarball":"https://registry.npmjs.org/moment-timezone/-/moment-timezone-0.5.4.tgz"},"maintainers":[{"name":"timrwood","email":"washwithcare@gmail.com"},{"name":"ichernev","email":"iskren.chernev@gmail.com"}],"_npmOperationalInternal":{"host":"packages-12-west.internal.npmjs.com","tmp":"tmp/moment-timezone-0.5.4.tgz_1462294297443_0.41130468575283885"},"directories":{}},"0.5.5":{"name":"moment-timezone","version":"0.5.5","description":"Parse and display moments in any timezone.","homepage":"http://momentjs.com/timezone/","author":{"name":"Tim Wood","email":"washwithcare@gmail.com","url":"http://timwoodcreates.com/"},"keywords":["moment","date","time","timezone","olson","iana","zone","tz"],"main":"./index.js","engines":{"node":"*"},"repository":{"type":"git","url":"git+https://github.com/moment/moment-timezone.git"},"bugs":{"url":"https://github.com/moment/moment-timezone/issues"},"license":"MIT","dependencies":{"moment":">= 2.6.0"},"devDependencies":{"grunt":"0.4.5","grunt-contrib-clean":"0.6.0","grunt-contrib-nodeunit":"0.4.1","grunt-contrib-jshint":"0.11.2","grunt-contrib-uglify":"0.9.1"},"jspm":{"main":"builds/moment-timezone-with-data","shim":{"moment-timezone":{"deps":["moment"]}}},"scripts":{"test":"grunt"},"gitHead":"32ef9eff5781a7fa57f75a84caebedc905d2ab8a","_id":"moment-timezone@0.5.5","_shasum":"a1d5410a72c18a5f293f2a2e62870a80ad432dae","_from":".","_npmVersion":"3.9.5","_nodeVersion":"6.2.2","_npmUser":{"name":"mj1856","email":"mj1856@hotmail.com"},"dist":{"shasum":"a1d5410a72c18a5f293f2a2e62870a80ad432dae","tarball":"https://registry.npmjs.org/moment-timezone/-/moment-timezone-0.5.5.tgz"},"maintainers":[{"name":"ichernev","email":"iskren.chernev@gmail.com"},{"name":"mj1856","email":"mj1856@hotmail.com"},{"name":"timrwood","email":"washwithcare@gmail.com"}],"_npmOperationalInternal":{"host":"packages-12-west.internal.npmjs.com","tmp":"tmp/moment-timezone-0.5.5.tgz_1469567157156_0.845535495551303"},"directories":{}}},"readme":"# [Moment Timezone](http://momentjs.com/timezone)\n\n[![Join the chat at https://gitter.im/moment/moment-timezone](https://badges.gitter.im/Join%20Chat.svg)](https://gitter.im/moment/moment-timezone?utm_source=badge&utm_medium=badge&utm_campaign=pr-badge&utm_content=badge)\n\n[![NPM version][npm-version-image]][npm-url] [![NPM downloads][npm-downloads-image]][npm-url] [![MIT License][license-image]][license-url] [![Build Status][travis-image]][travis-url]\n\nIANA Time Zone Database + [Moment.js](http://momentjs.com).\n\n```js\nvar june = moment(\"2014-06-01T12:00:00Z\");\njune.tz('America/Los_Angeles').format('ha z'); // 5am PDT\njune.tz('America/New_York').format('ha z');    // 8am EDT\njune.tz('Asia/Tokyo').format('ha z');          // 9pm JST\njune.tz('Australia/Sydney').format('ha z');    // 10pm EST\n\nvar dec = moment(\"2014-12-01T12:00:00Z\");\ndec.tz('America/Los_Angeles').format('ha z');  // 4am PST\ndec.tz('America/New_York').format('ha z');     // 7am EST\ndec.tz('Asia/Tokyo').format('ha z');           // 9pm JST\ndec.tz('Australia/Sydney').format('ha z');     // 11pm EST\n```\n\n#### [Contribute code or compile time zone data](contributing.md)\n\n#### [Read the changelog](changelog.md)\n\n\n[license-image]: http://img.shields.io/badge/license-MIT-blue.svg?style=flat\n[license-url]: LICENSE\n\n[npm-url]: https://npmjs.org/package/moment-timezone\n[npm-version-image]: http://img.shields.io/npm/v/moment-timezone.svg?style=flat\n[npm-downloads-image]: http://img.shields.io/npm/dm/moment-timezone.svg?style=flat\n\n[travis-url]: http://travis-ci.org/moment/moment-timezone\n[travis-image]: http://img.shields.io/travis/moment/moment-timezone/develop.svg?style=flat\n","maintainers":[{"name":"ichernev","email":"iskren.chernev@gmail.com"},{"name":"mj1856","email":"mj1856@hotmail.com"},{"name":"timrwood","email":"washwithcare@gmail.com"}],"time":{"modified":"2016-07-26T21:05:57.410Z","created":"2013-07-07T20:38:40.501Z","0.0.1":"2013-07-07T20:38:52.823Z","0.0.2":"2013-07-17T17:22:38.040Z","0.0.3":"2013-10-10T07:15:01.533Z","0.0.4":"2014-04-12T17:00:34.966Z","0.0.5":"2014-04-17T18:25:18.322Z","0.0.6":"2014-04-20T17:50:00.832Z","0.1.0":"2014-06-23T21:26:56.746Z","0.2.0":"2014-07-21T21:19:10.867Z","0.2.1":"2014-08-03T02:16:01.110Z","0.2.2":"2014-09-04T17:17:34.432Z","0.2.3":"2014-10-20T20:16:18.175Z","0.2.4":"2014-10-27T17:28:23.745Z","0.2.5":"2014-11-12T18:44:36.505Z","0.3.0":"2015-01-13T17:33:55.055Z","0.3.1":"2015-03-17T02:02:44.202Z","0.4.0":"2015-06-01T22:18:58.627Z","0.4.1":"2015-10-08T02:11:18.834Z","0.5.0":"2015-12-28T16:15:37.871Z","0.5.1":"2016-03-01T17:14:12.503Z","0.5.2":"2016-03-15T18:14:18.289Z","0.5.3":"2016-03-24T18:15:52.369Z","0.5.4":"2016-05-03T16:51:40.104Z","0.5.5":"2016-07-26T21:05:57.410Z"},"author":{"name":"Tim Wood","email":"washwithcare@gmail.com","url":"http://timwoodcreates.com/"},"repository":{"type":"git","url":"git+https://github.com/moment/moment-timezone.git"},"homepage":"http://momentjs.com/timezone/","keywords":["moment","date","time","timezone","olson","iana","zone","tz"],"bugs":{"url":"https://github.com/moment/moment-timezone/issues"},"readmeFilename":"README.md","license":"MIT","users":{"pragmadash":true,"superlukas":true,"dgarlitt":true,"pospi":true,"danharper":true,"icognivator":true,"dac2205":true,"freshlogic":true,"berbaquero":true,"dreamineering":true,"jalcine":true,"demoive":true,"karlbright":true,"esundahl":true,"gollojs":true,"mjurincic":true,"legacy":true,"lherediawoodward":true,"bpatel":true,"hema":true,"jerkovicl":true,"r3nya":true,"jmorris":true,"severide":true,"zolrath":true,"hugojosefson":true,"mccoyjordan":true,"dpjayasekara":true,"spanser":true,"dhampik":true,"cognivator":true,"princetoad":true,"kevinread":true,"pragmader":true,"faraoman":true},"_attachments":{},"_etag":"\"8V1O830ZBYRSETS0W09U7GMIV\""}