{"_id":"pretty-hrtime","_rev":"23-d5f08eec36aa1650af5f5c7807eb6afa","name":"pretty-hrtime","description":"process.hrtime() to words","dist-tags":{"latest":"1.0.2"},"versions":{"0.2.0":{"name":"pretty-hrtime","description":"process.hrtime() to words","version":"0.2.0","homepage":"https://github.com/robrich/pretty-hrtime","repository":{"type":"git","url":"git://github.com/robrich/pretty-hrtime.git"},"author":{"name":"Rob Richardson","url":"http://robrich.org/"},"main":"./index.js","keywords":["hrtime","benchmark"],"devDependencies":{"mocha":"~1.15.1","should":"~2.1.1"},"scripts":{"test":"mocha"},"engines":{"node":">= 0.8"},"licenses":[{"type":"MIT","url":"http://github.com/robrich/orchestrator/raw/master/LICENSE"}],"bugs":{"url":"https://github.com/robrich/pretty-hrtime/issues"},"_id":"pretty-hrtime@0.2.0","dist":{"shasum":"71a782bf15642a895d83e6f6a425e0ad99cb8539","tarball":"https://registry.npmjs.org/pretty-hrtime/-/pretty-hrtime-0.2.0.tgz"},"_from":".","_npmVersion":"1.3.15","_npmUser":{"name":"robrich","email":"robrich@robrich.org"},"maintainers":[{"name":"robrich","email":"robrich@robrich.org"}],"directories":{}},"0.2.1":{"name":"pretty-hrtime","description":"process.hrtime() to words","version":"0.2.1","homepage":"https://github.com/robrich/pretty-hrtime","repository":{"type":"git","url":"git://github.com/robrich/pretty-hrtime.git"},"author":{"name":"Rob Richardson","url":"http://robrich.org/"},"main":"./index.js","keywords":["hrtime","benchmark"],"devDependencies":{"mocha":"~1.17.1","should":"~3.1.3"},"scripts":{"test":"mocha"},"engines":{"node":">= 0.8"},"licenses":[{"type":"MIT","url":"http://github.com/robrich/orchestrator/raw/master/LICENSE"}],"bugs":{"url":"https://github.com/robrich/pretty-hrtime/issues"},"_id":"pretty-hrtime@0.2.1","dist":{"shasum":"f341d39215fa5f7bff50af7d8572f8d4ec9d12f6","tarball":"https://registry.npmjs.org/pretty-hrtime/-/pretty-hrtime-0.2.1.tgz"},"_from":".","_npmVersion":"1.4.4","_npmUser":{"name":"robrich","email":"robrich@robrich.org"},"maintainers":[{"name":"robrich","email":"robrich@robrich.org"}],"directories":{}},"0.2.2":{"name":"pretty-hrtime","description":"process.hrtime() to words","version":"0.2.2","homepage":"https://github.com/robrich/pretty-hrtime","repository":{"type":"git","url":"git://github.com/robrich/pretty-hrtime.git"},"author":{"name":"Rob Richardson","url":"http://robrich.org/"},"main":"./index.js","keywords":["hrtime","benchmark"],"devDependencies":{"mocha":"^1.21.4","should":"^4.0.4"},"scripts":{"test":"mocha"},"engines":{"node":">= 0.8"},"licenses":[{"type":"MIT","url":"http://github.com/robrich/orchestrator/raw/master/LICENSE"}],"gitHead":"211fa4b0a508f65b40b1203074fc0c1d6ecba17a","bugs":{"url":"https://github.com/robrich/pretty-hrtime/issues"},"_id":"pretty-hrtime@0.2.2","_shasum":"d4fd88351e3a4741f8173af7d6a4b846f9895c00","_from":".","_npmVersion":"1.5.0-alpha-4","_npmUser":{"name":"robrich","email":"robrich@robrich.org"},"maintainers":[{"name":"robrich","email":"robrich@robrich.org"}],"dist":{"shasum":"d4fd88351e3a4741f8173af7d6a4b846f9895c00","tarball":"https://registry.npmjs.org/pretty-hrtime/-/pretty-hrtime-0.2.2.tgz"},"directories":{}},"1.0.0":{"name":"pretty-hrtime","description":"process.hrtime() to words","version":"1.0.0","homepage":"https://github.com/robrich/pretty-hrtime","repository":{"type":"git","url":"git://github.com/robrich/pretty-hrtime.git"},"author":{"name":"Rob Richardson","url":"http://robrich.org/"},"main":"./index.js","keywords":["hrtime","benchmark"],"devDependencies":{"mocha":"^2.1.0","should":"^4.4.2"},"scripts":{"test":"mocha"},"engines":{"node":">= 0.8"},"licenses":[{"type":"MIT","url":"http://github.com/robrich/pretty-hrtime/raw/master/LICENSE"}],"gitHead":"6bbed5f5e7ff2a1ba63c51beb720c4db4d65e4b4","bugs":{"url":"https://github.com/robrich/pretty-hrtime/issues"},"_id":"pretty-hrtime@1.0.0","_shasum":"f6e6a522d3e60704522bf0dbe6856ed20e75e4dc","_from":".","_npmVersion":"2.1.3","_nodeVersion":"0.10.35","_npmUser":{"name":"robrich","email":"robrich@robrich.org"},"maintainers":[{"name":"robrich","email":"robrich@robrich.org"}],"dist":{"shasum":"f6e6a522d3e60704522bf0dbe6856ed20e75e4dc","tarball":"https://registry.npmjs.org/pretty-hrtime/-/pretty-hrtime-1.0.0.tgz"},"directories":{}},"1.0.1":{"name":"pretty-hrtime","description":"process.hrtime() to words","version":"1.0.1","homepage":"https://github.com/robrich/pretty-hrtime","repository":{"type":"git","url":"git://github.com/robrich/pretty-hrtime.git"},"author":{"name":"Rob Richardson","url":"http://robrich.org/"},"main":"./index.js","keywords":["hrtime","benchmark"],"devDependencies":{"jshint":"^2.8.0","mocha":"^2.3.3","should":"^7.1.0"},"scripts":{"test":"mocha && jshint ."},"engines":{"node":">= 0.8"},"license":"MIT","gitHead":"b753762076862bc745f929735a159e2770558926","bugs":{"url":"https://github.com/robrich/pretty-hrtime/issues"},"_id":"pretty-hrtime@1.0.1","_shasum":"1e4f952a6dd71e79199b3a73f25d7997b694ba83","_from":".","_npmVersion":"2.13.1","_nodeVersion":"4.1.1","_npmUser":{"name":"robrich","email":"robrich@robrich.org"},"maintainers":[{"name":"robrich","email":"robrich@robrich.org"}],"dist":{"shasum":"1e4f952a6dd71e79199b3a73f25d7997b694ba83","tarball":"https://registry.npmjs.org/pretty-hrtime/-/pretty-hrtime-1.0.1.tgz"},"directories":{}},"1.0.2":{"name":"pretty-hrtime","description":"process.hrtime() to words","version":"1.0.2","homepage":"https://github.com/robrich/pretty-hrtime","repository":{"type":"git","url":"git://github.com/robrich/pretty-hrtime.git"},"author":{"name":"Rob Richardson","url":"http://robrich.org/"},"main":"./index.js","keywords":["hrtime","benchmark"],"devDependencies":{"jshint":"^2.8.0","mocha":"^2.3.3","should":"^7.1.0"},"scripts":{"test":"mocha && jshint ."},"engines":{"node":">= 0.8"},"license":"MIT","gitHead":"3ac6e19e8d9cc65e29ce9e45e81fc4f331d4a71a","bugs":{"url":"https://github.com/robrich/pretty-hrtime/issues"},"_id":"pretty-hrtime@1.0.2","_shasum":"70ca96f4d0628a443b918758f79416a9a7bc9fa8","_from":".","_npmVersion":"2.14.18","_nodeVersion":"4.3.0","_npmUser":{"name":"robrich","email":"robrich@robrich.org"},"maintainers":[{"name":"robrich","email":"robrich@robrich.org"}],"dist":{"shasum":"70ca96f4d0628a443b918758f79416a9a7bc9fa8","tarball":"https://registry.npmjs.org/pretty-hrtime/-/pretty-hrtime-1.0.2.tgz"},"_npmOperationalInternal":{"host":"packages-6-west.internal.npmjs.com","tmp":"tmp/pretty-hrtime-1.0.2.tgz_1455771577547_0.672698044218123"},"directories":{}}},"readme":"[![Build Status](https://secure.travis-ci.org/robrich/pretty-hrtime.png?branch=master)](https://travis-ci.org/robrich/pretty-hrtime)\r\n[![Dependency Status](https://david-dm.org/robrich/pretty-hrtime.png)](https://david-dm.org/robrich/pretty-hrtime)\r\n\r\npretty-hrtime\r\n============\r\n\r\n[process.hrtime()](http://nodejs.org/api/process.html#process_process_hrtime) to words\r\n\r\nUsage\r\n-----\r\n\r\n```javascript\r\nvar prettyHrtime = require('pretty-hrtime');\r\n\r\nvar start = process.hrtime();\r\n// do stuff\r\nvar end = process.hrtime(start);\r\n\r\nvar words = prettyHrtime(end);\r\nconsole.log(words); // '1.2 ms'\r\n\r\nwords = prettyHrtime(end, {verbose:true});\r\nconsole.log(words); // '1 millisecond 209 microseconds'\r\n\r\nwords = prettyHrtime(end, {precise:true});\r\nconsole.log(words); // '1.20958 ms'\r\n```\r\n\r\nNote: process.hrtime() has been available since 0.7.6.\r\nSee [http://nodejs.org/changelog.html](http://nodejs.org/changelog.html)\r\nand [https://github.com/joyent/node/commit/f06abd](https://github.com/joyent/node/commit/f06abd).\r\n\r\nLICENSE\r\n-------\r\n\r\n(MIT License)\r\n\r\nCopyright (c) 2013 [Richardson & Sons, LLC](http://richardsonandsons.com/)\r\n\r\nPermission is hereby granted, free of charge, to any person obtaining\r\na copy of this software and associated documentation files (the\r\n\"Software\"), to deal in the Software without restriction, including\r\nwithout limitation the rights to use, copy, modify, merge, publish,\r\ndistribute, sublicense, and/or sell copies of the Software, and to\r\npermit persons to whom the Software is furnished to do so, subject to\r\nthe following conditions:\r\n\r\nThe above copyright notice and this permission notice shall be\r\nincluded in all copies or substantial portions of the Software.\r\n\r\nTHE SOFTWARE IS PROVIDED \"AS IS\", WITHOUT WARRANTY OF ANY KIND,\r\nEXPRESS OR IMPLIED, INCLUDING BUT NOT LIMITED TO THE WARRANTIES OF\r\nMERCHANTABILITY, FITNESS FOR A PARTICULAR PURPOSE AND\r\nNONINFRINGEMENT. IN NO EVENT SHALL THE AUTHORS OR COPYRIGHT HOLDERS BE\r\nLIABLE FOR ANY CLAIM, DAMAGES OR OTHER LIABILITY, WHETHER IN AN ACTION\r\nOF CONTRACT, TORT OR OTHERWISE, ARISING FROM, OUT OF OR IN CONNECTION\r\nWITH THE SOFTWARE OR THE USE OR OTHER DEALINGS IN THE SOFTWARE.\r\n","maintainers":[{"name":"robrich","email":"robrich@robrich.org"}],"time":{"modified":"2016-02-18T04:59:40.439Z","created":"2013-12-09T20:49:44.444Z","0.2.0":"2013-12-09T20:49:46.352Z","0.2.1":"2014-03-06T04:51:40.066Z","0.2.2":"2014-10-02T22:46:07.239Z","1.0.0":"2015-01-01T03:31:43.426Z","1.0.1":"2015-09-30T01:55:36.310Z","1.0.2":"2016-02-18T04:59:40.439Z"},"author":{"name":"Rob Richardson","url":"http://robrich.org/"},"repository":{"type":"git","url":"git://github.com/robrich/pretty-hrtime.git"},"homepage":"https://github.com/robrich/pretty-hrtime","keywords":["hrtime","benchmark"],"bugs":{"url":"https://github.com/robrich/pretty-hrtime/issues"},"readmeFilename":"README.md","users":{"sametsisartenep":true,"knstr":true,"simplyianm":true,"antouank":true,"burl.bn":true,"pragmadash":true,"edloidas":true,"iolo":true,"kirilv":true,"pragmader":true,"demian_dark":true,"antixrist":true},"license":"MIT","_attachments":{},"_etag":"\"AIX1FM0F6NKAEX09XRWBVNGCQ\""}