{"_id":"os-homedir","_rev":"8-4f6be434f67e8c0957804ac06fc71fa0","name":"os-homedir","description":"io.js 2.3.0 os.homedir() ponyfill","dist-tags":{"latest":"1.0.1"},"versions":{"0.1.0":{"name":"os-homedir","version":"0.1.0","description":"Node.js os.homedir() ponyfill","license":"MIT","repository":{"type":"git","url":"https://github.com/sindresorhus/os-homedir"},"author":{"name":"Sindre Sorhus","email":"sindresorhus@gmail.com","url":"sindresorhus.com"},"engines":{"node":">=0.10.0"},"scripts":{"test":"node test.js"},"files":["index.js"],"keywords":["built-in","core","ponyfill","polyfill","shim","os","homedir","home","dir","directory","folder","user","path"],"devDependencies":{"ava":"0.0.4","path-exists":"^1.0.0"},"gitHead":"dd2c434e1f540dd208cab20824620ba93eca94a0","bugs":{"url":"https://github.com/sindresorhus/os-homedir/issues"},"homepage":"https://github.com/sindresorhus/os-homedir","_id":"os-homedir@0.1.0","_shasum":"da4fa4c5fcf09bc4eceacb38b0117a88ae9f6224","_from":".","_npmVersion":"2.7.4","_nodeVersion":"0.12.2","_npmUser":{"name":"sindresorhus","email":"sindresorhus@gmail.com"},"dist":{"shasum":"da4fa4c5fcf09bc4eceacb38b0117a88ae9f6224","tarball":"https://registry.npmjs.org/os-homedir/-/os-homedir-0.1.0.tgz"},"maintainers":[{"name":"sindresorhus","email":"sindresorhus@gmail.com"}],"directories":{}},"1.0.0":{"name":"os-homedir","version":"1.0.0","description":"io.js 2.3.0 os.homedir() ponyfill","license":"MIT","repository":{"type":"git","url":"https://github.com/sindresorhus/os-homedir"},"author":{"name":"Sindre Sorhus","email":"sindresorhus@gmail.com","url":"sindresorhus.com"},"engines":{"node":">=0.10.0"},"scripts":{"test":"node test.js"},"files":["index.js"],"keywords":["built-in","core","ponyfill","polyfill","shim","os","homedir","home","dir","directory","folder","user","path"],"devDependencies":{"ava":"0.0.4","path-exists":"^1.0.0"},"gitHead":"7e39e2e049de404f06233fa617ecf46fed997a78","bugs":{"url":"https://github.com/sindresorhus/os-homedir/issues"},"homepage":"https://github.com/sindresorhus/os-homedir","_id":"os-homedir@1.0.0","_shasum":"e37078bc61b5869063053897257e39ec1261b702","_from":".","_npmVersion":"2.11.1","_nodeVersion":"2.3.0","_npmUser":{"name":"sindresorhus","email":"sindresorhus@gmail.com"},"dist":{"shasum":"e37078bc61b5869063053897257e39ec1261b702","tarball":"https://registry.npmjs.org/os-homedir/-/os-homedir-1.0.0.tgz"},"maintainers":[{"name":"sindresorhus","email":"sindresorhus@gmail.com"}],"directories":{}},"1.0.1":{"name":"os-homedir","version":"1.0.1","description":"io.js 2.3.0 os.homedir() ponyfill","license":"MIT","repository":{"type":"git","url":"https://github.com/sindresorhus/os-homedir"},"author":{"name":"Sindre Sorhus","email":"sindresorhus@gmail.com","url":"sindresorhus.com"},"engines":{"node":">=0.10.0"},"scripts":{"test":"node test.js"},"files":["index.js"],"keywords":["built-in","core","ponyfill","polyfill","shim","os","homedir","home","dir","directory","folder","user","path"],"devDependencies":{"ava":"0.0.4","path-exists":"^1.0.0"},"gitHead":"13ff83fbd13ebe286a6092286b2c634ab4534c5f","bugs":{"url":"https://github.com/sindresorhus/os-homedir/issues"},"homepage":"https://github.com/sindresorhus/os-homedir","_id":"os-homedir@1.0.1","_shasum":"0d62bdf44b916fd3bbdcf2cab191948fb094f007","_from":".","_npmVersion":"2.11.2","_nodeVersion":"0.12.5","_npmUser":{"name":"sindresorhus","email":"sindresorhus@gmail.com"},"dist":{"shasum":"0d62bdf44b916fd3bbdcf2cab191948fb094f007","tarball":"https://registry.npmjs.org/os-homedir/-/os-homedir-1.0.1.tgz"},"maintainers":[{"name":"sindresorhus","email":"sindresorhus@gmail.com"}],"directories":{}}},"readme":"# os-homedir [![Build Status](https://travis-ci.org/sindresorhus/os-homedir.svg?branch=master)](https://travis-ci.org/sindresorhus/os-homedir)\n\n> io.js 2.3.0 [`os.homedir()`](https://iojs.org/api/os.html#os_os_homedir) ponyfill\n\n> Ponyfill: A polyfill that doesn't overwrite the native method\n\n\n## Install\n\n```\n$ npm install --save os-homedir\n```\n\n\n## Usage\n\n```js\nvar osHomedir = require('os-homedir');\n\nconsole.log(osHomedir());\n//=> /Users/sindresorhus\n```\n\n\n## Related\n\n- [user-home](https://github.com/sindresorhus/user-home) - Same as this module but caches the result\n- [home-or-tmp](https://github.com/sindresorhus/home-or-tmp) - Get the user home directory with fallback to the system temp directory\n\n\n## License\n\nMIT © [Sindre Sorhus](http://sindresorhus.com)\n","maintainers":[{"name":"sindresorhus","email":"sindresorhus@gmail.com"}],"time":{"modified":"2015-07-20T23:26:36.048Z","created":"2015-05-11T12:15:42.136Z","0.1.0":"2015-05-11T12:15:42.136Z","1.0.0":"2015-06-13T12:25:40.507Z","1.0.1":"2015-07-20T23:26:36.048Z"},"homepage":"https://github.com/sindresorhus/os-homedir","keywords":["built-in","core","ponyfill","polyfill","shim","os","homedir","home","dir","directory","folder","user","path"],"repository":{"type":"git","url":"https://github.com/sindresorhus/os-homedir"},"author":{"name":"Sindre Sorhus","email":"sindresorhus@gmail.com","url":"sindresorhus.com"},"bugs":{"url":"https://github.com/sindresorhus/os-homedir/issues"},"license":"MIT","readmeFilename":"readme.md","users":{"demoive":true,"gochomugo":true,"akiva":true,"kvz":true,"rbecheras":true},"_attachments":{},"_etag":"\"360WQSIMDS47NFSG9VH7K4NTA\""}