{"_id":"levn","_rev":"16-52bc2187356bc8a0c618a178c419911c","name":"levn","description":"Light ECMAScript (JavaScript) Value Notation - human written, concise, typed, flexible","dist-tags":{"latest":"0.3.0"},"versions":{"0.1.0":{"name":"levn","version":"0.1.0","author":{"name":"George Zahariev","email":"z@georgezahariev.com"},"description":"Light ECMAScript (JavaScript) Value Notation - human written, concise, typed, flexible","homepage":"https//github.com/gkz/levn","keywords":["levn","light","ecmascript","value","notation","json","typed","human","concise","typed","flexible"],"files":["lib","README.md","LICENSE"],"main":"./lib/","bugs":"https://github.com/gkz/levn/issues","licenses":[{"type":"MIT","url":"https://raw.github.com/gkz/levn/master/LICENSE"}],"engines":{"node":">= 0.8.0"},"repository":{"type":"git","url":"git://github.com/gkz/levn.git"},"scripts":{"test":"make test"},"dependencies":{"prelude-ls":"~1.0.3","type-check":"~0.2.0"},"devDependencies":{"LiveScript":"~1.2.0","mocha":"~1.8.2","istanbul":"~0.1.43"},"_id":"levn@0.1.0","dist":{"shasum":"7aeb836aa99ab24fc440813f0d2095683bd927e7","tarball":"https://registry.npmjs.org/levn/-/levn-0.1.0.tgz"},"_npmVersion":"1.1.59","_npmUser":{"name":"gkz","email":"z@georgezahariev.com"},"maintainers":[{"name":"gkz","email":"z@georgezahariev.com"}],"directories":{}},"0.2.0":{"name":"levn","version":"0.2.0","author":{"name":"George Zahariev","email":"z@georgezahariev.com"},"description":"Light ECMAScript (JavaScript) Value Notation - human written, concise, typed, flexible","homepage":"https://github.com/gkz/levn","keywords":["levn","light","ecmascript","value","notation","json","typed","human","concise","typed","flexible"],"files":["lib","README.md","LICENSE"],"main":"./lib/","bugs":{"url":"https://github.com/gkz/levn/issues"},"licenses":[{"type":"MIT","url":"https://raw.github.com/gkz/levn/master/LICENSE"}],"engines":{"node":">= 0.8.0"},"repository":{"type":"git","url":"git://github.com/gkz/levn.git"},"scripts":{"test":"make test"},"dependencies":{"prelude-ls":"~1.0.3","type-check":"~0.3.0"},"devDependencies":{"LiveScript":"~1.2.0","mocha":"~1.8.2","istanbul":"~0.1.43"},"_id":"levn@0.2.0","dist":{"shasum":"4459afbb892370b28eedeeb20362302dea002e4b","tarball":"https://registry.npmjs.org/levn/-/levn-0.2.0.tgz"},"_from":".","_npmVersion":"1.3.11","_npmUser":{"name":"gkz","email":"z@georgezahariev.com"},"maintainers":[{"name":"gkz","email":"z@georgezahariev.com"}],"directories":{}},"0.2.1":{"name":"levn","version":"0.2.1","author":{"name":"George Zahariev","email":"z@georgezahariev.com"},"description":"Light ECMAScript (JavaScript) Value Notation - human written, concise, typed, flexible","homepage":"https://github.com/gkz/levn","keywords":["levn","light","ecmascript","value","notation","json","typed","human","concise","typed","flexible"],"files":["lib","README.md","LICENSE"],"main":"./lib/","bugs":{"url":"https://github.com/gkz/levn/issues"},"licenses":[{"type":"MIT","url":"https://raw.github.com/gkz/levn/master/LICENSE"}],"engines":{"node":">= 0.8.0"},"repository":{"type":"git","url":"git://github.com/gkz/levn.git"},"scripts":{"test":"make test"},"dependencies":{"prelude-ls":"~1.0.3","type-check":"~0.3.0"},"devDependencies":{"LiveScript":"~1.2.0","mocha":"~1.8.2","istanbul":"~0.1.43"},"_id":"levn@0.2.1","dist":{"shasum":"3d5a758b6d5157ddcbe644d127c4edc8b851971a","tarball":"https://registry.npmjs.org/levn/-/levn-0.2.1.tgz"},"_from":".","_npmVersion":"1.3.11","_npmUser":{"name":"gkz","email":"z@georgezahariev.com"},"maintainers":[{"name":"gkz","email":"z@georgezahariev.com"}],"directories":{}},"0.2.2":{"name":"levn","version":"0.2.2","author":{"name":"George Zahariev","email":"z@georgezahariev.com"},"description":"Light ECMAScript (JavaScript) Value Notation - human written, concise, typed, flexible","homepage":"https://github.com/gkz/levn","keywords":["levn","light","ecmascript","value","notation","json","typed","human","concise","typed","flexible"],"files":["lib","README.md","LICENSE"],"main":"./lib/","bugs":{"url":"https://github.com/gkz/levn/issues"},"licenses":[{"type":"MIT","url":"https://raw.github.com/gkz/levn/master/LICENSE"}],"engines":{"node":">= 0.8.0"},"repository":{"type":"git","url":"git://github.com/gkz/levn.git"},"scripts":{"test":"make test"},"dependencies":{"prelude-ls":"~1.0.3","type-check":"~0.3.0"},"devDependencies":{"LiveScript":"~1.2.0","mocha":"~1.8.2","istanbul":"~0.1.43"},"_id":"levn@0.2.2","dist":{"shasum":"664bdfa08778f8d6f731da6a2ffa6e1bd91875e8","tarball":"https://registry.npmjs.org/levn/-/levn-0.2.2.tgz"},"_from":".","_npmVersion":"1.3.21","_npmUser":{"name":"gkz","email":"z@georgezahariev.com"},"maintainers":[{"name":"gkz","email":"z@georgezahariev.com"}],"directories":{}},"0.2.3":{"name":"levn","version":"0.2.3","author":{"name":"George Zahariev","email":"z@georgezahariev.com"},"description":"Light ECMAScript (JavaScript) Value Notation - human written, concise, typed, flexible","homepage":"https://github.com/gkz/levn","keywords":["levn","light","ecmascript","value","notation","json","typed","human","concise","typed","flexible"],"files":["lib","README.md","LICENSE"],"main":"./lib/","bugs":{"url":"https://github.com/gkz/levn/issues"},"licenses":[{"type":"MIT","url":"https://raw.github.com/gkz/levn/master/LICENSE"}],"engines":{"node":">= 0.8.0"},"repository":{"type":"git","url":"git://github.com/gkz/levn.git"},"scripts":{"test":"make test"},"dependencies":{"prelude-ls":"~1.0.3","type-check":"~0.3.0"},"devDependencies":{"LiveScript":"~1.2.0","mocha":"~1.8.2","istanbul":"~0.1.43"},"_id":"levn@0.2.3","dist":{"shasum":"e17520e044bc5b72100cc51aeea4463e50af3bf4","tarball":"https://registry.npmjs.org/levn/-/levn-0.2.3.tgz"},"_from":".","_npmVersion":"1.3.21","_npmUser":{"name":"gkz","email":"z@georgezahariev.com"},"maintainers":[{"name":"gkz","email":"z@georgezahariev.com"}],"directories":{}},"0.2.4":{"name":"levn","version":"0.2.4","author":{"name":"George Zahariev","email":"z@georgezahariev.com"},"description":"Light ECMAScript (JavaScript) Value Notation - human written, concise, typed, flexible","homepage":"https://github.com/gkz/levn","keywords":["levn","light","ecmascript","value","notation","json","typed","human","concise","typed","flexible"],"files":["lib","README.md","LICENSE"],"main":"./lib/","bugs":{"url":"https://github.com/gkz/levn/issues"},"licenses":[{"type":"MIT","url":"https://raw.github.com/gkz/levn/master/LICENSE"}],"engines":{"node":">= 0.8.0"},"repository":{"type":"git","url":"git://github.com/gkz/levn.git"},"scripts":{"test":"make test"},"dependencies":{"prelude-ls":"~1.1.0","type-check":"~0.3.1"},"devDependencies":{"LiveScript":"~1.2.0","mocha":"~1.8.2","istanbul":"~0.1.43"},"_id":"levn@0.2.4","dist":{"shasum":"4dcfc656a1af95c2c0dfee18876cd0a66f549ff5","tarball":"https://registry.npmjs.org/levn/-/levn-0.2.4.tgz"},"_from":".","_npmVersion":"1.3.21","_npmUser":{"name":"gkz","email":"z@georgezahariev.com"},"maintainers":[{"name":"gkz","email":"z@georgezahariev.com"}],"directories":{}},"0.2.5":{"name":"levn","version":"0.2.5","author":{"name":"George Zahariev","email":"z@georgezahariev.com"},"description":"Light ECMAScript (JavaScript) Value Notation - human written, concise, typed, flexible","homepage":"https://github.com/gkz/levn","keywords":["levn","light","ecmascript","value","notation","json","typed","human","concise","typed","flexible"],"files":["lib","README.md","LICENSE"],"main":"./lib/","bugs":{"url":"https://github.com/gkz/levn/issues"},"licenses":[{"type":"MIT","url":"https://raw.github.com/gkz/levn/master/LICENSE"}],"engines":{"node":">= 0.8.0"},"repository":{"type":"git","url":"git://github.com/gkz/levn.git"},"scripts":{"test":"make test"},"dependencies":{"prelude-ls":"~1.1.0","type-check":"~0.3.1"},"devDependencies":{"LiveScript":"~1.2.0","mocha":"~1.8.2","istanbul":"~0.1.43"},"_id":"levn@0.2.5","dist":{"shasum":"ba8d339d0ca4a610e3a3f145b9caf48807155054","tarball":"https://registry.npmjs.org/levn/-/levn-0.2.5.tgz"},"_from":".","_npmVersion":"1.3.21","_npmUser":{"name":"gkz","email":"z@georgezahariev.com"},"maintainers":[{"name":"gkz","email":"z@georgezahariev.com"}],"directories":{}},"0.3.0":{"name":"levn","version":"0.3.0","author":{"name":"George Zahariev","email":"z@georgezahariev.com"},"description":"Light ECMAScript (JavaScript) Value Notation - human written, concise, typed, flexible","homepage":"https://github.com/gkz/levn","keywords":["levn","light","ecmascript","value","notation","json","typed","human","concise","typed","flexible"],"files":["lib","README.md","LICENSE"],"main":"./lib/","bugs":{"url":"https://github.com/gkz/levn/issues"},"license":"MIT","engines":{"node":">= 0.8.0"},"repository":{"type":"git","url":"git://github.com/gkz/levn.git"},"scripts":{"test":"make test"},"dependencies":{"prelude-ls":"~1.1.2","type-check":"~0.3.2"},"devDependencies":{"livescript":"~1.4.0","mocha":"~2.3.4","istanbul":"~0.4.1"},"gitHead":"a92b9acf928282ba81134b4ae8e6a5f29e1f5e1e","_id":"levn@0.3.0","_shasum":"3b09924edf9f083c0490fdd4c0bc4421e04764ee","_from":".","_npmVersion":"2.14.12","_nodeVersion":"4.2.4","_npmUser":{"name":"gkz","email":"z@georgezahariev.com"},"maintainers":[{"name":"gkz","email":"z@georgezahariev.com"}],"dist":{"shasum":"3b09924edf9f083c0490fdd4c0bc4421e04764ee","tarball":"https://registry.npmjs.org/levn/-/levn-0.3.0.tgz"},"directories":{}}},"readme":"# levn [![Build Status](https://travis-ci.org/gkz/levn.png)](https://travis-ci.org/gkz/levn) <a name=\"levn\" />\n__Light ECMAScript (JavaScript) Value Notation__\nLevn is a library which allows you to parse a string into a JavaScript value based on an expected type. It is meant for short amounts of human entered data (eg. config files, command line arguments).\n\nLevn aims to concisely describe JavaScript values in text, and allow for the extraction and validation of those values. Levn uses [type-check](https://github.com/gkz/type-check) for its type format, and to validate the results. MIT license. Version 0.3.0.\n\n__How is this different than JSON?__ levn is meant to be written by humans only, is (due to the previous point) much more concise, can be validated against supplied types, has regex and date literals, and can easily be extended with custom types. On the other hand, it is probably slower and thus less efficient at transporting large amounts of data, which is fine since this is not its purpose.\n\n    npm install levn\n\nFor updates on levn, [follow me on twitter](https://twitter.com/gkzahariev).\n\n\n## Quick Examples\n\n```js\nvar parse = require('levn').parse;\nparse('Number', '2');      // 2\nparse('String', '2');      // '2'\nparse('String', 'levn');   // 'levn'\nparse('String', 'a b');    // 'a b'\nparse('Boolean', 'true');  // true\n\nparse('Date', '#2011-11-11#'); // (Date object)\nparse('Date', '2011-11-11');   // (Date object)\nparse('RegExp', '/[a-z]/gi');  // /[a-z]/gi\nparse('RegExp', 're');         // /re/\nparse('Int', '2');             // 2\n\nparse('Number | String', 'str'); // 'str'\nparse('Number | String', '2');   // 2\n\nparse('[Number]', '[1,2,3]');                      // [1,2,3]\nparse('(String, Boolean)', '(hi, false)');         // ['hi', false]\nparse('{a: String, b: Number}', '{a: str, b: 2}'); // {a: 'str', b: 2}\n\n// at the top level, you can ommit surrounding delimiters\nparse('[Number]', '1,2,3');                      // [1,2,3]\nparse('(String, Boolean)', 'hi, false');         // ['hi', false]\nparse('{a: String, b: Number}', 'a: str, b: 2'); // {a: 'str', b: 2}\n\n// wildcard - auto choose type\nparse('*', '[hi,(null,[42]),{k: true}]'); // ['hi', [null, [42]], {k: true}]\n```\n## Usage\n\n`require('levn');` returns an object that exposes three properties. `VERSION` is the current version of the library as a string. `parse` and `parsedTypeParse` are functions.\n\n```js\n// parse(type, input, options);\nparse('[Number]', '1,2,3'); // [1, 2, 3]\n\n// parsedTypeParse(parsedType, input, options);\nvar parsedType = require('type-check').parseType('[Number]');\nparsedTypeParse(parsedType, '1,2,3'); // [1, 2, 3]\n```\n\n### parse(type, input, options)\n\n`parse` casts the string `input` into a JavaScript value according to the specified `type` in the [type format](https://github.com/gkz/type-check#type-format) (and taking account the optional `options`) and returns the resulting JavaScript value.\n\n##### arguments\n* type - `String` - the type written in the [type format](https://github.com/gkz/type-check#type-format) which to check against\n* input - `String` - the value written in the [levn format](#levn-format)\n* options - `Maybe Object` - an optional parameter specifying additional [options](#options)\n\n##### returns\n`*` - the resulting JavaScript value\n\n##### example\n```js\nparse('[Number]', '1,2,3'); // [1, 2, 3]\n```\n\n### parsedTypeParse(parsedType, input, options)\n\n`parsedTypeParse` casts the string `input` into a JavaScript value according to the specified `type` which has already been parsed (and taking account the optional `options`) and returns the resulting JavaScript value. You can parse a type using the [type-check](https://github.com/gkz/type-check) library's `parseType` function.\n\n##### arguments\n* type - `Object` - the type in the parsed type format which to check against\n* input - `String` - the value written in the [levn format](#levn-format)\n* options - `Maybe Object` - an optional parameter specifying additional [options](#options)\n\n##### returns\n`*` - the resulting JavaScript value\n\n##### example\n```js\nvar parsedType = require('type-check').parseType('[Number]');\nparsedTypeParse(parsedType, '1,2,3'); // [1, 2, 3]\n```\n\n## Levn Format\n\nLevn can use the type information you provide to choose the appropriate value to produce from the input. For the same input, it will choose a different output value depending on the type provided. For example, `parse('Number', '2')` will produce the number `2`, but `parse('String', '2')` will produce the string `\"2\"`.\n\nIf you do not provide type information, and simply use `*`, levn will parse the input according the unambiguous \"explicit\" mode, which we will now detail - you can also set the `explicit` option to true manually in the [options](#options).\n\n* `\"string\"`, `'string'` are parsed as a String, eg. `\"a msg\"` is `\"a msg\"`\n* `#date#` is parsed as a Date, eg. `#2011-11-11#` is `new Date('2011-11-11')`\n* `/regexp/flags` is parsed as a RegExp, eg. `/re/gi` is `/re/gi`\n* `undefined`, `null`, `NaN`, `true`, and `false` are all their JavaScript equivalents\n* `[element1, element2, etc]` is an Array, and the casting procedure is recursively applied to each element. Eg. `[1,2,3]` is `[1,2,3]`.\n* `(element1, element2, etc)` is an tuple, and the casting procedure is recursively applied to each element. Eg. `(1, a)` is `(1, a)` (is `[1, 'a']`).\n* `{key1: val1, key2: val2, ...}` is an Object, and the casting procedure is recursively applied to each property. Eg. `{a: 1, b: 2}` is `{a: 1, b: 2}`.\n* Any test which does not fall under the above, and which does not contain special characters (`[``]``(``)``{``}``:``,`) is a string, eg. `$12- blah` is `\"$12- blah\"`.\n\nIf you do provide type information, you can make your input more concise as the program already has some information about what it expects. Please see the [type format](https://github.com/gkz/type-check#type-format) section of [type-check](https://github.com/gkz/type-check) for more information about how to specify types. There are some rules about what levn can do with the information:\n\n* If a String is expected, and only a String, all characters of the input (including any special ones) will become part of the output. Eg. `[({})]` is `\"[({})]\"`, and `\"hi\"` is `'\"hi\"'`.\n* If a Date is expected, the surrounding `#` can be omitted from date literals. Eg. `2011-11-11` is `new Date('2011-11-11')`.\n* If a RegExp is expected, no flags need to be specified, and the regex is not using any of the special characters,the opening and closing `/` can be omitted - this will have the affect of setting the source of the regex to the input. Eg. `regex` is `/regex/`.\n* If an Array is expected, and it is the root node (at the top level), the opening `[` and closing `]` can be omitted. Eg. `1,2,3` is `[1,2,3]`.\n* If a tuple is expected, and it is the root node (at the top level), the opening `(` and closing `)` can be omitted. Eg. `1, a` is `(1, a)` (is `[1, 'a']`).\n* If an Object is expected, and it is the root node (at the top level), the opening `{` and closing `}` can be omitted. Eg `a: 1, b: 2` is `{a: 1, b: 2}`.\n\nIf you list multiple types (eg. `Number | String`), it will first attempt to cast to the first type and then validate - if the validation fails it will move on to the next type and so forth, left to right. You must be careful as some types will succeed with any input, such as String. Thus put String at the end of your list. In non-explicit mode, Date and RegExp will succeed with a large variety of input - also be careful with these and list them near the end if not last in your list.\n\nWhitespace between special characters and elements is inconsequential.\n\n## Options\n\nOptions is an object. It is an optional parameter to the `parse` and `parsedTypeParse` functions.\n\n### Explicit\n\nA `Boolean`. By default it is `false`.\n\n__Example:__\n\n```js\nparse('RegExp', 're', {explicit: false});          // /re/\nparse('RegExp', 're', {explicit: true});           // Error: ... does not type check...\nparse('RegExp | String', 're', {explicit: true});  // 're'\n```\n\n`explicit` sets whether to be in explicit mode or not. Using `*` automatically activates explicit mode. For more information, read the [levn format](#levn-format) section.\n\n### customTypes\n\nAn `Object`. Empty `{}` by default.\n\n__Example:__\n\n```js\nvar options = {\n  customTypes: {\n    Even: {\n      typeOf: 'Number',\n      validate: function (x) {\n        return x % 2 === 0;\n      },\n      cast: function (x) {\n        return {type: 'Just', value: parseInt(x)};\n      }\n    }\n  }\n}\nparse('Even', '2', options); // 2\nparse('Even', '3', options); // Error: Value: \"3\" does not type check...\n```\n\n__Another Example:__\n```js\nfunction Person(name, age){\n  this.name = name;\n  this.age = age;\n}\nvar options = {\n  customTypes: {\n    Person: {\n      typeOf: 'Object',\n      validate: function (x) {\n        x instanceof Person;\n      },\n      cast: function (value, options, typesCast) {\n        var name, age;\n        if ({}.toString.call(value).slice(8, -1) !== 'Object') {\n          return {type: 'Nothing'};\n        }\n        name = typesCast(value.name, [{type: 'String'}], options);\n        age = typesCast(value.age, [{type: 'Numger'}], options);\n        return {type: 'Just', value: new Person(name, age)};\n    }\n  }\n}\nparse('Person', '{name: Laura, age: 25}', options); // Person {name: 'Laura', age: 25}\n```\n\n`customTypes` is an object whose keys are the name of the types, and whose values are an object with three properties, `typeOf`, `validate`, and `cast`. For more information about `typeOf` and `validate`, please see the [custom types](https://github.com/gkz/type-check#custom-types) section of type-check.\n\n`cast` is a function which receives three arguments, the value under question, options, and the typesCast function. In `cast`, attempt to cast the value into the specified type. If you are successful, return an object in the format `{type: 'Just', value: CAST-VALUE}`, if you know it won't work, return `{type: 'Nothing'}`.  You can use the `typesCast` function to cast any child values. Remember to pass `options` to it. In your function you can also check for `options.explicit` and act accordingly.\n\n## Technical About\n\n`levn` is written in [LiveScript](http://livescript.net/) - a language that compiles to JavaScript. It uses [type-check](https://github.com/gkz/type-check) to both parse types and validate values. It also uses the [prelude.ls](http://preludels.com/) library.\n","maintainers":[{"name":"gkz","email":"z@georgezahariev.com"}],"time":{"modified":"2015-12-29T05:57:03.996Z","created":"2013-10-04T20:10:33.861Z","0.1.0":"2013-10-04T20:10:35.117Z","0.2.0":"2013-10-29T23:20:26.681Z","0.2.1":"2013-12-17T23:20:46.320Z","0.2.2":"2014-03-20T00:28:20.920Z","0.2.3":"2014-03-20T23:59:27.077Z","0.2.4":"2014-04-08T06:17:16.950Z","0.2.5":"2014-04-29T05:16:08.135Z","0.3.0":"2015-12-29T05:57:03.996Z"},"author":{"name":"George Zahariev","email":"z@georgezahariev.com"},"repository":{"type":"git","url":"git://github.com/gkz/levn.git"},"homepage":"https://github.com/gkz/levn","keywords":["levn","light","ecmascript","value","notation","json","typed","human","concise","typed","flexible"],"bugs":{"url":"https://github.com/gkz/levn/issues"},"readmeFilename":"README.md","license":"MIT","_attachments":{},"_etag":"\"65NWDDU5993V8A69ZKVNLSKV\""}