{"_id":"hexo-log","_rev":"3-642df8e55d2510ca76e9b00e85822107","name":"hexo-log","description":"Logger for Hexo","dist-tags":{"latest":"0.1.2"},"versions":{"0.1.0":{"name":"hexo-log","version":"0.1.0","description":"Logger for Hexo","main":"lib/log","scripts":{"eslint":"eslint .","jscs":"jscs .","test":"mocha test/index.js","test-cov":"istanbul cover --print both _mocha -- test/index.js"},"directories":{"lib":"./lib"},"repository":{"type":"git","url":"git+https://github.com/hexojs/hexo-log.git"},"homepage":"http://hexo.io/","keywords":["website","blog","cms","framework","hexo"],"author":{"name":"Tommy Chen","email":"tommy351@gmail.com","url":"http://zespia.tw"},"license":"MIT","dependencies":{"bunyan":"^1.5.1","chalk":"^1.1.1","moment":"^2.11.2"},"devDependencies":{"chai":"^3.5.0","chai-as-promised":"^5.2.0","eslint":"^1.10.3","eslint-config-hexo":"^1.0.2","istanbul":"^0.4.2","jscs":"^2.9.0","jscs-preset-hexo":"^1.0.1","mocha":"^2.4.5"},"gitHead":"ff6281196968720b82f93ef1d77a319c2152e826","bugs":{"url":"https://github.com/hexojs/hexo-log/issues"},"_id":"hexo-log@0.1.0","_shasum":"ebb59f765d45bafafcfd9eee9482985d983aad02","_from":".","_npmVersion":"3.7.1","_nodeVersion":"4.3.0","_npmUser":{"name":"tommy351","email":"tommy351@gmail.com"},"dist":{"shasum":"ebb59f765d45bafafcfd9eee9482985d983aad02","tarball":"https://registry.npmjs.org/hexo-log/-/hexo-log-0.1.0.tgz"},"maintainers":[{"name":"tommy351","email":"tommy351@gmail.com"}],"_npmOperationalInternal":{"host":"packages-6-west.internal.npmjs.com","tmp":"tmp/hexo-log-0.1.0.tgz_1455090913981_0.0978262780699879"}},"0.1.1":{"name":"hexo-log","version":"0.1.1","description":"Logger for Hexo","main":"lib/log","scripts":{"eslint":"eslint .","jscs":"jscs .","test":"mocha test/index.js","test-cov":"istanbul cover --print both _mocha -- test/index.js"},"directories":{"lib":"./lib"},"repository":{"type":"git","url":"git+https://github.com/hexojs/hexo-log.git"},"homepage":"http://hexo.io/","keywords":["website","blog","cms","framework","hexo"],"author":{"name":"Tommy Chen","email":"tommy351@gmail.com","url":"http://zespia.tw"},"license":"MIT","dependencies":{"bunyan":"^1.5.1","chalk":"^1.1.1","moment":"^2.11.2"},"devDependencies":{"chai":"^3.5.0","chai-as-promised":"^5.2.0","eslint":"^1.10.3","eslint-config-hexo":"^1.0.2","istanbul":"^0.4.2","jscs":"^2.9.0","jscs-preset-hexo":"^1.0.1","mocha":"^2.4.5"},"gitHead":"03cc85ffb8c512e5729121e47751fa4a108fbb00","bugs":{"url":"https://github.com/hexojs/hexo-log/issues"},"_id":"hexo-log@0.1.1","_shasum":"bed0ef3a13fc1925f3513d77edc7249577c56ac5","_from":".","_npmVersion":"3.7.1","_nodeVersion":"4.3.0","_npmUser":{"name":"tommy351","email":"tommy351@gmail.com"},"dist":{"shasum":"bed0ef3a13fc1925f3513d77edc7249577c56ac5","tarball":"https://registry.npmjs.org/hexo-log/-/hexo-log-0.1.1.tgz"},"maintainers":[{"name":"tommy351","email":"tommy351@gmail.com"}],"_npmOperationalInternal":{"host":"packages-5-east.internal.npmjs.com","tmp":"tmp/hexo-log-0.1.1.tgz_1455091938723_0.13686650525778532"}},"0.1.2":{"name":"hexo-log","version":"0.1.2","description":"Logger for Hexo","main":"lib/log","scripts":{"eslint":"eslint .","jscs":"jscs .","test":"mocha test/index.js","test-cov":"istanbul cover --print both _mocha -- test/index.js"},"directories":{"lib":"./lib"},"repository":{"type":"git","url":"git+https://github.com/hexojs/hexo-log.git"},"homepage":"http://hexo.io/","keywords":["website","blog","cms","framework","hexo"],"author":{"name":"Tommy Chen","email":"tommy351@gmail.com","url":"http://zespia.tw"},"license":"MIT","dependencies":{"bunyan":"^1.5.1","chalk":"^1.1.1"},"devDependencies":{"chai":"^3.5.0","chai-as-promised":"^5.2.0","eslint":"^1.10.3","eslint-config-hexo":"^1.0.2","istanbul":"^0.4.2","jscs":"^2.9.0","jscs-preset-hexo":"^1.0.1","mocha":"^2.4.5","rewire":"^2.5.1","sinon":"^1.17.3"},"gitHead":"a2c47aa3c15be8cb5ad52ab94483999ee910d969","bugs":{"url":"https://github.com/hexojs/hexo-log/issues"},"_id":"hexo-log@0.1.2","_shasum":"b3d36522226ece80b5da28a7db989ccdb394e5e0","_from":".","_npmVersion":"3.7.1","_nodeVersion":"4.3.0","_npmUser":{"name":"tommy351","email":"tommy351@gmail.com"},"dist":{"shasum":"b3d36522226ece80b5da28a7db989ccdb394e5e0","tarball":"https://registry.npmjs.org/hexo-log/-/hexo-log-0.1.2.tgz"},"maintainers":[{"name":"tommy351","email":"tommy351@gmail.com"}],"_npmOperationalInternal":{"host":"packages-5-east.internal.npmjs.com","tmp":"tmp/hexo-log-0.1.2.tgz_1455340595925_0.006521043600514531"}}},"readme":"# hexo-log\n\n[![Build Status](https://travis-ci.org/hexojs/hexo-log.svg?branch=master)](https://travis-ci.org/hexojs/hexo-log)  [![NPM version](https://badge.fury.io/js/hexo-log.svg)](http://badge.fury.io/js/hexo-log) [![Coverage Status](https://coveralls.io/repos/hexojs/hexo-log/badge.svg?branch=master)](https://coveralls.io/r/hexojs/hexo-log?branch=master)\n\nLogger for Hexo, based on [bunyan] with better console output.\n\n## Installation\n\n``` bash\n$ npm install hexo-log --save\n```\n\n## Usage\n\n``` js\nvar log = require('hexo-log')({\n  debug: false,\n  silent: false\n});\n\nlog.info('Hello world');\n```\n\nOption | Description | Default\n--- | --- | ---\n`debug` | Display debug message and save log to `debug.log` file. | `false`\n`silent` | Don't display message in console. | `false`\n`name` | Name | `hexo`\n\n## License\n\nMIT\n\n[bunyan]: https://github.com/trentm/node-bunyan\n","maintainers":[{"name":"tommy351","email":"tommy351@gmail.com"}],"time":{"modified":"2016-02-13T05:16:39.186Z","created":"2016-02-10T07:55:15.318Z","0.1.0":"2016-02-10T07:55:15.318Z","0.1.1":"2016-02-10T08:12:21.474Z","0.1.2":"2016-02-13T05:16:39.186Z"},"homepage":"http://hexo.io/","keywords":["website","blog","cms","framework","hexo"],"repository":{"type":"git","url":"git+https://github.com/hexojs/hexo-log.git"},"author":{"name":"Tommy Chen","email":"tommy351@gmail.com","url":"http://zespia.tw"},"bugs":{"url":"https://github.com/hexojs/hexo-log/issues"},"license":"MIT","readmeFilename":"README.md","_attachments":{},"_etag":"\"5ZOY9VRS0G1V49S8W89BRGSJH\""}