{"_id":"dtrace-provider","_rev":"72-7a2260136095422f2e8c9c688eb0db3e","name":"dtrace-provider","description":"Native DTrace providers for node.js applications","dist-tags":{"latest":"0.6.0"},"versions":{"0.0.1":{"name":"dtrace-provider","version":"0.0.1","description":"Native DTrace providers for node.js applications","keywords":["dtrace"],"homepage":"https://github.com/chrisa/node-dtrace-provider#readme","author":{"name":"Chris Andrews","email":"chris@nodnol.org"},"main":"./dtrace-provider","repository":{"type":"git","url":"http://github.com/chrisa/node-dtrace-provider.git"},"scripts":{"install":"node-waf configure build"},"_id":"dtrace-provider@0.0.1","engines":{"node":"*"},"_nodeSupported":true,"_npmVersion":"0.2.10","_nodeVersion":"v0.2.4","dist":{"shasum":"09bbb1920009be278e279d2c4ab2bc2bf5dcde5f","tarball":"https://registry.npmjs.org/dtrace-provider/-/dtrace-provider-0.0.1.tgz"},"directories":{}},"0.0.2":{"name":"dtrace-provider","version":"0.0.2","description":"Native DTrace providers for node.js applications","keywords":["dtrace"],"homepage":"https://github.com/chrisa/node-dtrace-provider#readme","author":{"name":"Chris Andrews","email":"chris@nodnol.org"},"main":"./dtrace-provider","repository":{"type":"git","url":"http://github.com/chrisa/node-dtrace-provider.git"},"scripts":{"install":"node-waf configure build"},"_id":"dtrace-provider@0.0.2","engines":{"node":"*"},"_engineSupported":true,"_npmVersion":"0.2.16","_nodeVersion":"v0.3.6","directories":{},"files":[""],"_defaultsLoaded":true,"dist":{"shasum":"f51b873081717c25b465d7dea5d79b4bd6544461","tarball":"https://registry.npmjs.org/dtrace-provider/-/dtrace-provider-0.0.2.tgz","bin":{"0.4-sunos-5.11":{"shasum":"fbb1a7a6d2e7bc30d3724383f92ab1b597f2a7cb","tarball":"http://registry.npmjs.org/dtrace-provider/-/dtrace-provider-0.0.2-0.4-sunos-5.11.tgz"}}}},"0.0.3":{"name":"dtrace-provider","version":"0.0.3","description":"Native DTrace providers for node.js applications","keywords":["dtrace"],"homepage":"https://github.com/chrisa/node-dtrace-provider#readme","author":{"name":"Chris Andrews","email":"chris@nodnol.org"},"main":"./dtrace-provider.js","repository":{"type":"git","url":"git://github.com/chrisa/node-dtrace-provider.git"},"scripts":{"install":"node-waf configure build"},"_npmJsonOpts":{"file":"/Users/chris/.npm/dtrace-provider/0.0.3/package/package.json","contributors":false,"serverjs":false,"wscript":true},"_id":"dtrace-provider@0.0.3","dependencies":{},"devDependencies":{},"engines":{"node":"*"},"_engineSupported":true,"_npmVersion":"1.0.15","_nodeVersion":"v0.4.9","_defaultsLoaded":true,"dist":{"shasum":"cb9897e5ce0bf6db51d0b402b382bff26a55af6a","tarball":"https://registry.npmjs.org/dtrace-provider/-/dtrace-provider-0.0.3.tgz"},"maintainers":[{"name":"chrisa","email":"chris@nodnol.org"}],"directories":{}},"0.0.4":{"name":"dtrace-provider","version":"0.0.4","description":"Native DTrace providers for node.js applications","keywords":["dtrace"],"homepage":"https://github.com/chrisa/node-dtrace-provider#readme","author":{"name":"Chris Andrews","email":"chris@nodnol.org"},"main":"./dtrace-provider.js","repository":{"type":"git","url":"git://github.com/chrisa/node-dtrace-provider.git"},"scripts":{"install":"node-waf configure build"},"_npmUser":{"name":"chrisa","email":"chris@nodnol.org"},"_id":"dtrace-provider@0.0.4","dependencies":{},"devDependencies":{},"engines":{"node":"*"},"_engineSupported":true,"_npmVersion":"1.1.0-alpha-2","_nodeVersion":"v0.6.3","_defaultsLoaded":true,"dist":{"shasum":"29688350bc2e057753abe19ec0dc024d2cabcab8","tarball":"https://registry.npmjs.org/dtrace-provider/-/dtrace-provider-0.0.4.tgz"},"maintainers":[{"name":"chrisa","email":"chris@nodnol.org"}],"directories":{}},"0.0.5":{"name":"dtrace-provider","version":"0.0.5","description":"Native DTrace providers for node.js applications","keywords":["dtrace"],"homepage":"https://github.com/chrisa/node-dtrace-provider#readme","author":{"name":"Chris Andrews","email":"chris@nodnol.org"},"main":"./dtrace-provider.js","repository":{"type":"git","url":"git://github.com/chrisa/node-dtrace-provider.git"},"scripts":{"install":"node-waf configure build"},"_npmUser":{"name":"chrisa","email":"chris@nodnol.org"},"_id":"dtrace-provider@0.0.5","dependencies":{},"devDependencies":{},"engines":{"node":"*"},"_engineSupported":true,"_npmVersion":"1.1.0-alpha-2","_nodeVersion":"v0.6.3","_defaultsLoaded":true,"dist":{"shasum":"62ab508d7dabdff697b41aa9684d973bd5a59d4e","tarball":"https://registry.npmjs.org/dtrace-provider/-/dtrace-provider-0.0.5.tgz"},"maintainers":[{"name":"chrisa","email":"chris@nodnol.org"}],"directories":{}},"0.0.6":{"name":"dtrace-provider","version":"0.0.6","description":"Native DTrace providers for node.js applications","keywords":["dtrace"],"homepage":"https://github.com/chrisa/node-dtrace-provider#readme","author":{"name":"Chris Andrews","email":"chris@nodnol.org"},"main":"./dtrace-provider.js","repository":{"type":"git","url":"git://github.com/chrisa/node-dtrace-provider.git"},"scripts":{"install":"node-waf configure build"},"_npmUser":{"name":"chrisa","email":"chris@nodnol.org"},"_id":"dtrace-provider@0.0.6","dependencies":{},"devDependencies":{},"engines":{"node":"*"},"_engineSupported":true,"_npmVersion":"1.1.0-alpha-2","_nodeVersion":"v0.6.3","_defaultsLoaded":true,"dist":{"shasum":"ae51c1a4467c646fc162a71919b410c567261198","tarball":"https://registry.npmjs.org/dtrace-provider/-/dtrace-provider-0.0.6.tgz"},"maintainers":[{"name":"chrisa","email":"chris@nodnol.org"}],"directories":{}},"0.0.7":{"name":"dtrace-provider","version":"0.0.7","description":"Native DTrace providers for node.js applications","keywords":["dtrace"],"homepage":"https://github.com/chrisa/node-dtrace-provider#readme","author":{"name":"Chris Andrews","email":"chris@nodnol.org"},"main":"./dtrace-provider.js","repository":{"type":"git","url":"git://github.com/chrisa/node-dtrace-provider.git"},"scripts":{"install":"node-waf configure build"},"_npmUser":{"name":"chrisa","email":"chris@nodnol.org"},"_id":"dtrace-provider@0.0.7","dependencies":{},"devDependencies":{},"optionalDependencies":{},"engines":{"node":"*"},"_engineSupported":true,"_npmVersion":"1.1.4","_nodeVersion":"v0.6.12","_defaultsLoaded":true,"dist":{"shasum":"54bd74b28abdd6d5c13ecfce8847e006c172cf74","tarball":"https://registry.npmjs.org/dtrace-provider/-/dtrace-provider-0.0.7.tgz"},"maintainers":[{"name":"chrisa","email":"chris@nodnol.org"}],"directories":{}},"0.0.8":{"name":"dtrace-provider","version":"0.0.8","description":"Native DTrace providers for node.js applications","keywords":["dtrace"],"homepage":"https://github.com/chrisa/node-dtrace-provider#readme","author":{"name":"Chris Andrews","email":"chris@nodnol.org"},"main":"./dtrace-provider.js","repository":{"type":"git","url":"git://github.com/chrisa/node-dtrace-provider.git"},"_npmUser":{"name":"chrisa","email":"chris@nodnol.org"},"_id":"dtrace-provider@0.0.8","scripts":{"preinstall":"node-waf clean || (exit 0); node-waf configure build"},"dependencies":{},"devDependencies":{},"optionalDependencies":{},"engines":{"node":"*"},"_engineSupported":true,"_npmVersion":"1.1.16","_nodeVersion":"v0.6.15","_defaultsLoaded":true,"dist":{"shasum":"c775c70270933c15ace54b8e9cf959074720d616","tarball":"https://registry.npmjs.org/dtrace-provider/-/dtrace-provider-0.0.8.tgz"},"maintainers":[{"name":"chrisa","email":"chris@nodnol.org"}],"directories":{}},"0.0.9":{"name":"dtrace-provider","version":"0.0.9","description":"Native DTrace providers for node.js applications","keywords":["dtrace"],"homepage":"https://github.com/chrisa/node-dtrace-provider#readme","author":{"name":"Chris Andrews","email":"chris@nodnol.org"},"main":"./dtrace-provider.js","repository":{"type":"git","url":"http://github.com/chrisa/node-dtrace-provider.git"},"scripts":{"install":"node-waf clean ; node-waf configure build"},"_id":"dtrace-provider@0.0.9","dist":{"shasum":"8459fb26d734a7244a449ba1cfc925c1c9c2187e","tarball":"https://registry.npmjs.org/dtrace-provider/-/dtrace-provider-0.0.9.tgz"},"maintainers":[{"name":"chrisa","email":"chris@nodnol.org"}],"directories":{}},"0.2.0":{"name":"dtrace-provider","version":"0.2.0","description":"Native DTrace providers for node.js applications","keywords":["dtrace"],"homepage":"https://github.com/chrisa/node-dtrace-provider#readme","author":{"name":"Chris Andrews","email":"chris@nodnol.org"},"main":"./dtrace-provider.js","repository":{"type":"git","url":"http://github.com/chrisa/node-dtrace-provider.git"},"scripts":{"install":"node-gyp rebuild"},"gypfile":true,"_id":"dtrace-provider@0.2.0","dist":{"shasum":"bb0dba3298278d3c512a2a919ed80d0f9242d533","tarball":"https://registry.npmjs.org/dtrace-provider/-/dtrace-provider-0.2.0.tgz"},"maintainers":[{"name":"chrisa","email":"chris@nodnol.org"}],"directories":{}},"0.2.1":{"name":"dtrace-provider","version":"0.2.1","description":"Native DTrace providers for node.js applications","keywords":["dtrace"],"homepage":"https://github.com/chrisa/node-dtrace-provider#readme","author":{"name":"Chris Andrews","email":"chris@nodnol.org"},"main":"./dtrace-provider.js","repository":{"type":"git","url":"http://github.com/chrisa/node-dtrace-provider.git"},"scripts":{"install":"node-gyp rebuild"},"gypfile":true,"_id":"dtrace-provider@0.2.1","dist":{"shasum":"b9e2ae25969e62eac20c3377dce3ae8e5352c179","tarball":"https://registry.npmjs.org/dtrace-provider/-/dtrace-provider-0.2.1.tgz"},"maintainers":[{"name":"chrisa","email":"chris@nodnol.org"}],"directories":{}},"0.2.2":{"name":"dtrace-provider","version":"0.2.2","description":"Native DTrace providers for node.js applications","keywords":["dtrace"],"homepage":"https://github.com/chrisa/node-dtrace-provider#readme","author":{"name":"Chris Andrews","email":"chris@nodnol.org"},"main":"./dtrace-provider.js","repository":{"type":"git","url":"http://github.com/chrisa/node-dtrace-provider.git"},"scripts":{"install":"node-gyp rebuild"},"gypfile":true,"_id":"dtrace-provider@0.2.2","dist":{"shasum":"82013d40267ed042ff849af194517551ac0d1c83","tarball":"https://registry.npmjs.org/dtrace-provider/-/dtrace-provider-0.2.2.tgz"},"maintainers":[{"name":"chrisa","email":"chris@nodnol.org"}],"directories":{}},"0.2.3":{"name":"dtrace-provider","version":"0.2.3","description":"Native DTrace providers for node.js applications","keywords":["dtrace"],"homepage":"https://github.com/chrisa/node-dtrace-provider#readme","author":{"name":"Chris Andrews","email":"chris@nodnol.org"},"main":"./dtrace-provider.js","repository":{"type":"git","url":"http://github.com/chrisa/node-dtrace-provider.git"},"scripts":{"install":"node-gyp rebuild"},"gypfile":true,"_id":"dtrace-provider@0.2.3","dist":{"shasum":"2d6df0c0be874655c6dd0ead4c5377ad39bae7be","tarball":"https://registry.npmjs.org/dtrace-provider/-/dtrace-provider-0.2.3.tgz"},"maintainers":[{"name":"chrisa","email":"chris@nodnol.org"}],"directories":{}},"0.2.4":{"name":"dtrace-provider","version":"0.2.4","description":"Native DTrace providers for node.js applications","keywords":["dtrace"],"homepage":"https://github.com/chrisa/node-dtrace-provider#readme","author":{"name":"Chris Andrews","email":"chris@nodnol.org"},"main":"./dtrace-provider.js","repository":{"type":"git","url":"http://github.com/chrisa/node-dtrace-provider.git"},"engines":{"node":">=0.6"},"scripts":{"install":"node-gyp rebuild"},"gypfile":true,"_id":"dtrace-provider@0.2.4","dist":{"shasum":"0719d4449c8994cc89e317cf0d732213f94653d7","tarball":"https://registry.npmjs.org/dtrace-provider/-/dtrace-provider-0.2.4.tgz"},"maintainers":[{"name":"chrisa","email":"chris@nodnol.org"}],"directories":{}},"0.2.5":{"name":"dtrace-provider","version":"0.2.5","description":"Native DTrace providers for node.js applications","keywords":["dtrace"],"homepage":"https://github.com/chrisa/node-dtrace-provider#readme","author":{"name":"Chris Andrews","email":"chris@nodnol.org"},"repository":{"type":"git","url":"http://github.com/chrisa/node-dtrace-provider.git"},"engines":{"node":">=0.6"},"devDependencies":{"tap":">=0.2.0","execSync":">=0.0.1"},"main":"./dtrace-provider.js","scripts":{"install":"node-gyp rebuild"},"gypfile":true,"_id":"dtrace-provider@0.2.5","dist":{"shasum":"794146fa48307925487080fd33092f7513637dd1","tarball":"https://registry.npmjs.org/dtrace-provider/-/dtrace-provider-0.2.5.tgz"},"maintainers":[{"name":"chrisa","email":"chris@nodnol.org"}],"directories":{}},"0.2.6":{"name":"dtrace-provider","version":"0.2.6","description":"Native DTrace providers for node.js applications","keywords":["dtrace"],"homepage":"https://github.com/chrisa/node-dtrace-provider#readme","author":{"name":"Chris Andrews","email":"chris@nodnol.org"},"repository":{"type":"git","url":"http://github.com/chrisa/node-dtrace-provider.git"},"engines":{"node":">=0.6"},"devDependencies":{"tap":">=0.2.0","execSync":">=0.0.1"},"main":"./dtrace-provider.js","scripts":{"install":"node-gyp rebuild"},"gypfile":true,"_id":"dtrace-provider@0.2.6","dist":{"shasum":"a4a32f161c2d231a27120318e1adce1c280d8676","tarball":"https://registry.npmjs.org/dtrace-provider/-/dtrace-provider-0.2.6.tgz"},"maintainers":[{"name":"chrisa","email":"chris@nodnol.org"}],"directories":{}},"0.2.7":{"name":"dtrace-provider","version":"0.2.7","description":"Native DTrace providers for node.js applications","keywords":["dtrace"],"homepage":"https://github.com/chrisa/node-dtrace-provider#readme","author":{"name":"Chris Andrews","email":"chris@nodnol.org"},"repository":{"type":"git","url":"http://github.com/chrisa/node-dtrace-provider.git"},"engines":{"node":">=0.6"},"devDependencies":{"tap":">=0.2.0","execSync":">=0.0.1"},"main":"./dtrace-provider.js","scripts":{"install":"node-gyp rebuild"},"gypfile":true,"_id":"dtrace-provider@0.2.7","dist":{"shasum":"d9d9677ff31303c216479a8dc9465ea28a2d0c29","tarball":"https://registry.npmjs.org/dtrace-provider/-/dtrace-provider-0.2.7.tgz"},"maintainers":[{"name":"chrisa","email":"chris@nodnol.org"}],"directories":{}},"0.2.8":{"name":"dtrace-provider","version":"0.2.8","description":"Native DTrace providers for node.js applications","keywords":["dtrace"],"homepage":"https://github.com/chrisa/node-dtrace-provider#readme","author":{"name":"Chris Andrews","email":"chris@nodnol.org"},"repository":{"type":"git","url":"http://github.com/chrisa/node-dtrace-provider.git"},"engines":{"node":">=0.6"},"devDependencies":{"tap":">=0.2.0"},"main":"./dtrace-provider.js","scripts":{"install":"node-gyp rebuild"},"gypfile":true,"_id":"dtrace-provider@0.2.8","dist":{"shasum":"e243f19219aa95fbf0d8f2ffb07f5bd64e94fe20","tarball":"https://registry.npmjs.org/dtrace-provider/-/dtrace-provider-0.2.8.tgz"},"_from":".","_npmVersion":"1.2.3","_npmUser":{"name":"chrisa","email":"chris@nodnol.org"},"maintainers":[{"name":"chrisa","email":"chris@nodnol.org"}],"directories":{}},"0.3.0":{"name":"dtrace-provider","version":"0.3.0","description":"Native DTrace providers for node.js applications","keywords":["dtrace"],"homepage":"https://github.com/chrisa/node-dtrace-provider#readme","author":{"name":"Chris Andrews","email":"chris@nodnol.org"},"repository":{"type":"git","url":"http://github.com/chrisa/node-dtrace-provider.git"},"engines":{"node":">=0.6"},"dependencies":{"nan":"~1.3.0"},"devDependencies":{"tap":">=0.2.0"},"scripts":{"install":"scripts/install.js","test":"tap test/*test.js"},"main":"./dtrace-provider.js","gitHead":"542557d3073b63efb64f0423d86a77ef41a3fcce","bugs":{"url":"https://github.com/chrisa/node-dtrace-provider/issues"},"_id":"dtrace-provider@0.3.0","_shasum":"633ee973f0b38d153ca01c3144312469de0037e9","_from":".","_npmVersion":"2.0.0","_npmUser":{"name":"tjfontaine","email":"tjfontaine@gmail.com"},"maintainers":[{"name":"chrisa","email":"chris@nodnol.org"},{"name":"tjfontaine","email":"tjfontaine@gmail.com"},{"name":"dap","email":"dap@cs.brown.edu"}],"dist":{"shasum":"633ee973f0b38d153ca01c3144312469de0037e9","tarball":"https://registry.npmjs.org/dtrace-provider/-/dtrace-provider-0.3.0.tgz"},"directories":{}},"0.3.1":{"name":"dtrace-provider","version":"0.3.1","description":"Native DTrace providers for node.js applications","keywords":["dtrace"],"homepage":"https://github.com/chrisa/node-dtrace-provider#readme","author":{"name":"Chris Andrews","email":"chris@nodnol.org"},"repository":{"type":"git","url":"http://github.com/chrisa/node-dtrace-provider.git"},"engines":{"node":">=0.6"},"dependencies":{"nan":"~1.3.0"},"devDependencies":{"tap":">=0.2.0"},"scripts":{"install":"scripts/install.js","test":"tap test/*test.js"},"main":"./dtrace-provider.js","gitHead":"403594a847290f2020feb4b97b9510ca9224ffd7","bugs":{"url":"https://github.com/chrisa/node-dtrace-provider/issues"},"_id":"dtrace-provider@0.3.1","_shasum":"04b4d1fc99062eb3421fea923d841878b87bb234","_from":".","_npmVersion":"1.4.28","_npmUser":{"name":"tjfontaine","email":"tjfontaine@gmail.com"},"maintainers":[{"name":"chrisa","email":"chris@nodnol.org"},{"name":"tjfontaine","email":"tjfontaine@gmail.com"},{"name":"dap","email":"dap@cs.brown.edu"}],"dist":{"shasum":"04b4d1fc99062eb3421fea923d841878b87bb234","tarball":"https://registry.npmjs.org/dtrace-provider/-/dtrace-provider-0.3.1.tgz"},"directories":{}},"0.3.2":{"name":"dtrace-provider","version":"0.3.2","description":"Native DTrace providers for node.js applications","keywords":["dtrace"],"homepage":"https://github.com/chrisa/node-dtrace-provider#readme","author":{"name":"Chris Andrews","email":"chris@nodnol.org"},"repository":{"type":"git","url":"http://github.com/chrisa/node-dtrace-provider.git"},"engines":{"node":">=0.6"},"dependencies":{"nan":"~1.3.0"},"devDependencies":{"tap":">=0.2.0"},"scripts":{"install":"node scripts/install.js","test":"tap test/*test.js"},"main":"./dtrace-provider.js","gitHead":"454ab4bb81d2594644f9a5ce178eebef1b20bcc9","bugs":{"url":"https://github.com/chrisa/node-dtrace-provider/issues"},"_id":"dtrace-provider@0.3.2","_shasum":"794e4df1993d93ec333baed9c1a4d2da72f875b9","_from":".","_npmVersion":"1.4.28","_npmUser":{"name":"tjfontaine","email":"tjfontaine@gmail.com"},"maintainers":[{"name":"chrisa","email":"chris@nodnol.org"},{"name":"tjfontaine","email":"tjfontaine@gmail.com"},{"name":"dap","email":"dap@cs.brown.edu"}],"dist":{"shasum":"794e4df1993d93ec333baed9c1a4d2da72f875b9","tarball":"https://registry.npmjs.org/dtrace-provider/-/dtrace-provider-0.3.2.tgz"},"directories":{}},"0.4.0":{"name":"dtrace-provider","version":"0.4.0","description":"Native DTrace providers for node.js applications","keywords":["dtrace"],"homepage":"https://github.com/chrisa/node-dtrace-provider#readme","author":{"name":"Chris Andrews","email":"chris@nodnol.org"},"repository":{"type":"git","url":"http://github.com/chrisa/node-dtrace-provider.git"},"engines":{"node":">=0.6"},"dependencies":{"nan":"~1.5.1"},"devDependencies":{"tap":">=0.2.0"},"scripts":{"install":"node scripts/install.js","test":"tap test/*test.js"},"main":"./dtrace-provider.js","gitHead":"bba9fe9f9faf6005059c41f8af5ef3d39f3e6db2","bugs":{"url":"https://github.com/chrisa/node-dtrace-provider/issues"},"_id":"dtrace-provider@0.4.0","_shasum":"0b67bc1cc77e79bf88b87ad20664f4a753ce3f26","_from":".","_npmVersion":"1.4.28","_npmUser":{"name":"tjfontaine","email":"tjfontaine@gmail.com"},"maintainers":[{"name":"chrisa","email":"chris@nodnol.org"},{"name":"tjfontaine","email":"tjfontaine@gmail.com"},{"name":"dap","email":"dap@cs.brown.edu"}],"dist":{"shasum":"0b67bc1cc77e79bf88b87ad20664f4a753ce3f26","tarball":"https://registry.npmjs.org/dtrace-provider/-/dtrace-provider-0.4.0.tgz"},"directories":{}},"0.5.0":{"name":"dtrace-provider","version":"0.5.0","description":"Native DTrace providers for node.js applications","keywords":["dtrace"],"homepage":"https://github.com/chrisa/node-dtrace-provider#readme","author":{"name":"Chris Andrews","email":"chris@nodnol.org"},"repository":{"type":"git","url":"http://github.com/chrisa/node-dtrace-provider.git"},"engines":{"node":">=0.6"},"dependencies":{"nan":"~1.8.4"},"devDependencies":{"tap":">=0.2.0"},"scripts":{"install":"node scripts/install.js","test":"tap test/*test.js"},"main":"./dtrace-provider.js","gitHead":"8622b7ad803bed19bfe3ffaf81f7e0132efa5dbc","bugs":{"url":"https://github.com/chrisa/node-dtrace-provider/issues"},"_id":"dtrace-provider@0.5.0","_shasum":"3fddbadd181aed83fc889a535c5703f54e559fea","_from":".","_npmVersion":"1.4.21","_npmUser":{"name":"dap","email":"dap@cs.brown.edu"},"maintainers":[{"name":"chrisa","email":"chris@nodnol.org"},{"name":"tjfontaine","email":"tjfontaine@gmail.com"},{"name":"dap","email":"dap@cs.brown.edu"}],"dist":{"shasum":"3fddbadd181aed83fc889a535c5703f54e559fea","tarball":"https://registry.npmjs.org/dtrace-provider/-/dtrace-provider-0.5.0.tgz"},"directories":{}},"0.6.0":{"name":"dtrace-provider","version":"0.6.0","description":"Native DTrace providers for node.js applications","keywords":["dtrace"],"homepage":"https://github.com/chrisa/node-dtrace-provider#readme","author":{"name":"Chris Andrews","email":"chris@nodnol.org"},"repository":{"type":"git","url":"http://github.com/chrisa/node-dtrace-provider.git"},"engines":{"node":">=0.10"},"dependencies":{"nan":"^2.0.8"},"devDependencies":{"tap":"^0.2.0"},"scripts":{"install":"node scripts/install.js","test":"tap test/*test.js"},"main":"./dtrace-provider.js","gitHead":"36ca0f2a05b0f946b834f037f85e3fb8d276f09c","bugs":{"url":"https://github.com/chrisa/node-dtrace-provider/issues"},"_id":"dtrace-provider@0.6.0","_shasum":"0b078d5517937d873101452d9146737557b75e51","_from":".","_npmVersion":"1.4.28","_npmUser":{"name":"dap","email":"dap@cs.brown.edu"},"maintainers":[{"name":"chrisa","email":"chris@nodnol.org"},{"name":"tjfontaine","email":"tjfontaine@gmail.com"},{"name":"dap","email":"dap@cs.brown.edu"}],"dist":{"shasum":"0b078d5517937d873101452d9146737557b75e51","tarball":"https://registry.npmjs.org/dtrace-provider/-/dtrace-provider-0.6.0.tgz"},"directories":{}}},"maintainers":[{"name":"chrisa","email":"chris@nodnol.org"},{"name":"tjfontaine","email":"tjfontaine@gmail.com"},{"name":"dap","email":"dap@cs.brown.edu"}],"time":{"modified":"2015-09-04T19:09:59.448Z","created":"2011-01-27T18:36:37.447Z","0.0.1":"2011-01-27T18:36:37.927Z","0.0.2":"2011-02-05T13:25:07.437Z","0.0.3":"2011-08-31T08:57:50.164Z","0.0.4":"2011-12-12T14:55:10.220Z","0.0.5":"2011-12-13T21:28:44.654Z","0.0.6":"2012-02-06T20:54:16.132Z","0.0.7":"2012-04-17T16:23:20.822Z","0.0.8":"2012-05-29T09:41:17.576Z","0.0.9":"2012-07-04T14:33:11.555Z","0.2.0":"2012-08-21T20:42:39.327Z","0.2.1":"2012-09-23T21:50:46.879Z","0.2.2":"2012-10-15T19:59:16.246Z","0.2.3":"2012-11-01T00:00:59.792Z","0.2.4":"2012-11-02T19:40:10.083Z","0.2.5":"2012-12-09T12:59:36.350Z","0.2.6":"2012-12-30T11:39:42.755Z","0.2.7":"2013-01-05T17:43:02.222Z","0.2.8":"2013-02-04T20:35:00.179Z","0.3.0":"2014-10-15T15:39:57.615Z","0.3.1":"2014-10-25T17:46:13.479Z","0.3.2":"2015-01-24T00:09:51.372Z","0.4.0":"2015-01-24T00:13:46.431Z","0.5.0":"2015-05-28T21:08:51.051Z","0.6.0":"2015-09-04T19:09:59.448Z"},"author":{"name":"Chris Andrews","email":"chris@nodnol.org"},"repository":{"type":"git","url":"http://github.com/chrisa/node-dtrace-provider.git"},"users":{"isao":true,"edin-m":true},"homepage":"https://github.com/chrisa/node-dtrace-provider#readme","keywords":["dtrace"],"readme":"# dtrace-provider - Native DTrace providers for Node.js apps.\n\nThis extension allows you to create native DTrace providers for your\nNode.js applications. That is, to create providers and probes which\nexpose information specific to your application, rather than\ninformation about the node runtime.\n\nYou could use this to expose high-level information about the inner\nworkings of your application, or to create a specific context in which\nto look at information from other runtime or system-level providers. \n\nThe provider is not created in the usual way, by declaring it and then\nchanging the build process to include it, but instead dynamically at\nruntime. This is done entirely in-process, and there is no background\ncompiler or dtrace(1) invocation. The process creating the provider\nneed not run as root.\n\n## INSTALL\n\n    $ npm install dtrace-provider\n\n## EXAMPLE\n\nHere's a simple example of creating a provider:\n\n    var d = require('dtrace-provider');\n\n    var dtp = d.createDTraceProvider(\"nodeapp\");\n    var p1 = dtp.addProbe(\"probe1\", \"int\", \"int\");\n    var p2 = dtp.addProbe(\"probe2\", \"char *\");\n    dtp.enable();\t   \n\nProbes may be fired via the provider object:\n\n    dtp.fire(\"probe1\", function(p) {\n        return [1, 2];\n    });\n    dtp.fire(\"probe2\", function(p) { \n        return [\"hello, dtrace via provider\", \"foo\"];\n    });\n\nor via the probe objects themselves:\n\n    p1.fire(function(p) {\n      return [1, 2, 3, 4, 5, 6];\n    });\n    p2.fire(function(p) {\n      return [\"hello, dtrace via probe\", \"foo\"];\n    });\n\nThis example creates a provider called \"nodeapp\", and adds two\nprobes. It then enables the provider, at which point the provider\nbecomes visible to DTrace.\n\nThe probes are then fired, which produces this output:\n\n    $ sudo dtrace -Z -n 'nodeapp*:::probe1{ trace(arg0); trace(arg1) }'  \\\n                     -n 'nodeapp*:::probe2{ trace(copyinstr(arg0));  }'\n    dtrace: description 'nodeapp*:::probe1' matched 0 probes\n    dtrace: description 'nodeapp*:::probe2' matched 0 probes\n    CPU     ID                    FUNCTION:NAME\n      1 123562                      func:probe1                 1                2\n      1 123563                      func:probe2   hello, dtrace                    \n\nArguments are captured by a callback only executed when the probe is\nenabled. This means you can do more expensive work to gather arguments.\n\nThe maximum number of arguments supported is 32. \n\nAvailable argument types are \"int\", for integer numeric values,\n\"char *\" for strings, and \"json\" for objects rendered into JSON strings.\n\nArguments typed as \"json\" will be created as \"char *\" probes in\nDTrace, but objects passed to these probe arguments will be\nautomatically serialized to JSON before being passed to DTrace. This\nfeature is best used in conjunction with the json() D subroutine, but\nis available whether or not the platform supports it.\n\n    # create a json probe:\n\n    var dtp = d.createDTraceProvider(\"nodeapp\");\n    var p1 = dtp.addProbe(\"j1\", \"json\");\n    dtp.enable();\n    p1.fire(function() { return { \"foo\": \"bar\" }; });\n\n    # on a platform supporting json():\n\n    $ sudo dtrace -Z -n 'nodeapp*:::j1{ this->j = copyinstr(arg0); \\\n                                        trace(json(this->j, \"foo\")) }'\n    dtrace: description 'nodeapp$target:::j1' matched 0 probes\n    CPU     ID                    FUNCTION:NAME\n      0  68712                            j1:j1   bar\n\n## PLATFORM SUPPORT\n\nThis libusdt-based Node.JS module supports 64 and 32 bit processes on\nMac OS X and Solaris-like systems such as Illumos or SmartOS. As more\nplatform support is added to libusdt, those platforms will be\nsupported by this module. See libusdt's status at:\n\n  https://github.com/chrisa/libusdt#readme\n\nFreeBSD is supported in principle but is restricted to only 4 working\narguments per probe.\n\nPlatforms not supporting DTrace (notably, Linux and Windows) may\ninstall this module without building libusdt, with a stub no-op\nimplementation provided for compatibility. This allows cross-platform\nnpm modules to embed probes and include a dependency on this module.\n\nGNU Make is required to build libusdt; the build scripts will look for\ngmake in PATH first, and then for make.\n\n## CAVEATS\n\nThere is some overhead to probes, even when disabled. Probes are\nalready using the \"is-enabled\" feature of DTrace to control execution\nof the arguments-gathering callback, but some work still needs to be\ndone before that's checked. This overhead should not be a problem\nunless probes are placed in particularly hot code paths.\n\n## CONTRIBUTING\n\nThe source is available at:\n\n  https://github.com/chrisa/node-dtrace-provider.\n\nFor issues, please use the Github issue tracker linked to the\nrepository. Github pull requests are very welcome. \n\n## RUNNING THE TESTS\n\n   $ npm install\n   $ sudo ./node_modules/.bin/tap --tap test/*.test.js\n\n## OTHER IMPLEMENTATIONS\n\nThis node extension is derived from the ruby-dtrace gem, via the Perl\nmodule Devel::DTrace::Provider, both of which provide the same\nfunctionality to those languages.\n","readmeFilename":"README.md","bugs":{"url":"https://github.com/chrisa/node-dtrace-provider/issues"},"_attachments":{},"_etag":"\"387A01LDRYXHFB4SXLF07JMIM\""}