{"_id":"expand-brackets","_rev":"11-84c90076fffd510f13f5b5b4a6978434","name":"expand-brackets","description":"Expand POSIX bracket expressions (character classes) in glob patterns.","dist-tags":{"latest":"0.1.5"},"versions":{"0.1.0":{"name":"expand-brackets","description":"Expand character classes (POSIX bracket expressions) in glob patterns.","version":"0.1.0","homepage":"https://github.com/jonschlinkert/expand-brackets","author":{"name":"Jon Schlinkert","url":"https://github.com/jonschlinkert"},"repository":{"type":"git","url":"git://github.com/jonschlinkert/expand-brackets.git"},"bugs":{"url":"https://github.com/jonschlinkert/expand-brackets/issues"},"license":{"type":"MIT","url":"https://github.com/jonschlinkert/expand-brackets/blob/master/LICENSE"},"files":["index.js"],"main":"index.js","engines":{"node":">=0.10.0"},"scripts":{"test":"mocha"},"dependencies":{},"devDependencies":{"mocha":"*","should":"^5.0.0"},"keywords":["bracket","character class","expression","posix"],"gitHead":"bfc2adefea0c407fe8eec496b260aa9388af3408","_id":"expand-brackets@0.1.0","_shasum":"01cc980daf4f17f47b0e61cc94e34aed5e629070","_from":".","_npmVersion":"1.4.28","_npmUser":{"name":"jonschlinkert","email":"github@sellside.com"},"maintainers":[{"name":"jonschlinkert","email":"github@sellside.com"}],"dist":{"shasum":"01cc980daf4f17f47b0e61cc94e34aed5e629070","tarball":"https://registry.npmjs.org/expand-brackets/-/expand-brackets-0.1.0.tgz"},"directories":{}},"0.1.1":{"name":"expand-brackets","description":"Expand POSIX bracket expressions (character classes) in glob patterns.","version":"0.1.1","homepage":"https://github.com/jonschlinkert/expand-brackets","author":{"name":"Jon Schlinkert","url":"https://github.com/jonschlinkert"},"repository":{"type":"git","url":"git://github.com/jonschlinkert/expand-brackets.git"},"bugs":{"url":"https://github.com/jonschlinkert/expand-brackets/issues"},"license":{"type":"MIT","url":"https://github.com/jonschlinkert/expand-brackets/blob/master/LICENSE"},"files":["index.js"],"main":"index.js","engines":{"node":">=0.10.0"},"scripts":{"test":"mocha"},"dependencies":{},"devDependencies":{"mocha":"*","should":"^5.0.0"},"keywords":["bracket","character class","expression","posix"],"gitHead":"cd9291c08aac6461652df29cba54a69440fcc05a","_id":"expand-brackets@0.1.1","_shasum":"e9a1a1a1bbbac19fbf065646fe63fe51f498821f","_from":".","_npmVersion":"1.4.28","_npmUser":{"name":"jonschlinkert","email":"github@sellside.com"},"maintainers":[{"name":"jonschlinkert","email":"github@sellside.com"}],"dist":{"shasum":"e9a1a1a1bbbac19fbf065646fe63fe51f498821f","tarball":"https://registry.npmjs.org/expand-brackets/-/expand-brackets-0.1.1.tgz"},"directories":{}},"0.1.2":{"name":"expand-brackets","description":"Expand POSIX bracket expressions (character classes) in glob patterns.","version":"0.1.2","homepage":"https://github.com/jonschlinkert/expand-brackets","author":{"name":"Jon Schlinkert","url":"https://github.com/jonschlinkert"},"repository":{"type":"git","url":"git://github.com/jonschlinkert/expand-brackets.git"},"bugs":{"url":"https://github.com/jonschlinkert/expand-brackets/issues"},"license":"MIT","files":["index.js"],"main":"index.js","engines":{"node":">=0.10.0"},"scripts":{"test":"mocha"},"devDependencies":{"mocha":"^2.2.5","should":"^7.0.2"},"keywords":["bracket","character class","expression","posix"],"gitHead":"8c70004d1170711b5951a26fe83af0e193d8d1cb","_id":"expand-brackets@0.1.2","_shasum":"fb1543996461ddbe4d9f6e00e855d3552938d6a7","_from":".","_npmVersion":"2.10.1","_nodeVersion":"0.12.4","_npmUser":{"name":"jonschlinkert","email":"github@sellside.com"},"maintainers":[{"name":"jonschlinkert","email":"github@sellside.com"}],"dist":{"shasum":"fb1543996461ddbe4d9f6e00e855d3552938d6a7","tarball":"https://registry.npmjs.org/expand-brackets/-/expand-brackets-0.1.2.tgz"},"directories":{}},"0.1.3":{"name":"expand-brackets","description":"Expand POSIX bracket expressions (character classes) in glob patterns.","homepage":"https://github.com/jonschlinkert/expand-brackets","version":"0.1.3","author":{"name":"Jon Schlinkert","url":"https://github.com/jonschlinkert"},"repository":{"type":"git","url":"git+https://github.com/jonschlinkert/expand-brackets.git"},"bugs":{"url":"https://github.com/jonschlinkert/expand-brackets/issues"},"license":"MIT","files":["index.js"],"main":"index.js","engines":{"node":">=0.10.0"},"scripts":{"test":"mocha"},"dependencies":{"is-posix-bracket":"^0.1.0"},"devDependencies":{"mocha":"^2.2.5","should":"^7.0.2"},"keywords":["bracket","character class","expression","posix"],"verb":{"related":{"list":["extglob","micromatch","is-glob","is-extglob","is-posix-bracket"]}},"gitHead":"202723bcf78db69d7d62e49eba82f1cd362ca306","_id":"expand-brackets@0.1.3","_shasum":"22207536eaac5ddb4885de20e2747f0a0eedf316","_from":".","_npmVersion":"2.13.0","_nodeVersion":"2.4.0","_npmUser":{"name":"es128","email":"elan.shanker+npm@gmail.com"},"dist":{"shasum":"22207536eaac5ddb4885de20e2747f0a0eedf316","tarball":"https://registry.npmjs.org/expand-brackets/-/expand-brackets-0.1.3.tgz"},"maintainers":[{"name":"jonschlinkert","email":"github@sellside.com"},{"name":"es128","email":"elan.shanker+npm@gmail.com"}],"directories":{}},"0.1.4":{"name":"expand-brackets","description":"Expand POSIX bracket expressions (character classes) in glob patterns.","version":"0.1.4","homepage":"https://github.com/jonschlinkert/expand-brackets","author":{"name":"Jon Schlinkert","url":"https://github.com/jonschlinkert"},"repository":{"type":"git","url":"git+https://github.com/jonschlinkert/expand-brackets.git"},"bugs":{"url":"https://github.com/jonschlinkert/expand-brackets/issues"},"license":"MIT","files":["index.js"],"main":"index.js","engines":{"node":">=0.10.0"},"scripts":{"test":"mocha"},"devDependencies":{"mocha":"^2.2.5","should":"^7.0.2"},"keywords":["bracket","character class","expression","posix"],"verb":{"related":{"list":["extglob","micromatch","is-glob","is-extglob","is-posix-bracket"]}},"gitHead":"38475d3e4973b8496812e39983d2945a78d0ade3","_id":"expand-brackets@0.1.4","_shasum":"797b9e484101205f418cecaec6312c132f51e2ae","_from":".","_npmVersion":"2.10.1","_nodeVersion":"0.12.4","_npmUser":{"name":"jonschlinkert","email":"github@sellside.com"},"maintainers":[{"name":"jonschlinkert","email":"github@sellside.com"},{"name":"es128","email":"elan.shanker+npm@gmail.com"},{"name":"doowb","email":"brian.woodward@gmail.com"}],"dist":{"shasum":"797b9e484101205f418cecaec6312c132f51e2ae","tarball":"https://registry.npmjs.org/expand-brackets/-/expand-brackets-0.1.4.tgz"},"directories":{}},"0.1.5":{"name":"expand-brackets","description":"Expand POSIX bracket expressions (character classes) in glob patterns.","version":"0.1.5","homepage":"https://github.com/jonschlinkert/expand-brackets","author":{"name":"Jon Schlinkert","url":"https://github.com/jonschlinkert"},"repository":{"type":"git","url":"git+https://github.com/jonschlinkert/expand-brackets.git"},"bugs":{"url":"https://github.com/jonschlinkert/expand-brackets/issues"},"license":"MIT","files":["index.js"],"main":"index.js","engines":{"node":">=0.10.0"},"scripts":{"test":"mocha"},"dependencies":{"is-posix-bracket":"^0.1.0"},"devDependencies":{"gulp-format-md":"^0.1.7","mocha":"^2.2.5","should":"^7.0.2"},"keywords":["bracket","character class","expression","posix"],"verb":{"run":true,"toc":false,"layout":"default","tasks":["readme"],"plugins":["gulp-format-md"],"related":{"list":["extglob","is-extglob","is-glob","is-posix-bracket","micromatch"]},"reflinks":["verb"],"lint":{"reflinks":true}},"gitHead":"1b07fda8ee8b6426d95e6539785b74c57e9ee542","_id":"expand-brackets@0.1.5","_shasum":"df07284e342a807cd733ac5af72411e581d1177b","_from":".","_npmVersion":"3.6.0","_nodeVersion":"5.5.0","_npmUser":{"name":"jonschlinkert","email":"github@sellside.com"},"maintainers":[{"name":"jonschlinkert","email":"github@sellside.com"},{"name":"es128","email":"elan.shanker+npm@gmail.com"},{"name":"doowb","email":"brian.woodward@gmail.com"}],"dist":{"shasum":"df07284e342a807cd733ac5af72411e581d1177b","tarball":"https://registry.npmjs.org/expand-brackets/-/expand-brackets-0.1.5.tgz"},"_npmOperationalInternal":{"host":"packages-12-west.internal.npmjs.com","tmp":"tmp/expand-brackets-0.1.5.tgz_1459554506001_0.9547659594099969"},"directories":{}}},"readme":"# expand-brackets [![NPM version](https://img.shields.io/npm/v/expand-brackets.svg?style=flat)](https://www.npmjs.com/package/expand-brackets) [![NPM downloads](https://img.shields.io/npm/dm/expand-brackets.svg?style=flat)](https://npmjs.org/package/expand-brackets) [![Build Status](https://img.shields.io/travis/jonschlinkert/expand-brackets.svg?style=flat)](https://travis-ci.org/jonschlinkert/expand-brackets)\n\n> Expand POSIX bracket expressions (character classes) in glob patterns.\n\n## Install\n\nInstall with [npm](https://www.npmjs.com/):\n\n```sh\n$ npm install expand-brackets --save\n```\n\n## Usage\n\n```js\nvar brackets = require('expand-brackets');\n\nbrackets('[![:lower:]]');\n//=> '[^a-z]'\n```\n\n## .isMatch\n\nReturn true if the given string matches the bracket expression:\n\n```js\nbrackets.isMatch('A', '[![:lower:]]');\n//=> true\n\nbrackets.isMatch('a', '[![:lower:]]');\n//=> false\n```\n\n## .makeRe\n\nMake a regular expression from a bracket expression:\n\n```js\nbrackets.makeRe('[![:lower:]]');\n//=> /[^a-z]/\n```\n\nThe following named POSIX bracket expressions are supported:\n\n* `[:alnum:]`: Alphanumeric characters (`a-zA-Z0-9]`)\n* `[:alpha:]`: Alphabetic characters (`a-zA-Z]`)\n* `[:blank:]`: Space and tab (`[ t]`)\n* `[:digit:]`: Digits (`[0-9]`)\n* `[:lower:]`: Lowercase letters (`[a-z]`)\n* `[:punct:]`: Punctuation and symbols. (`[!\"#$%&'()*+, -./:;<=>?@ [\\]^_``{|}~]`)\n* `[:upper:]`: Uppercase letters (`[A-Z]`)\n* `[:word:]`: Word characters (letters, numbers and underscores) (`[A-Za-z0-9_]`)\n* `[:xdigit:]`: Hexadecimal digits (`[A-Fa-f0-9]`)\n\nCollating sequences are not supported.\n\n## Related projects\n\nYou might also be interested in these projects:\n\n* [extglob](https://www.npmjs.com/package/extglob): Convert extended globs to regex-compatible strings. Add (almost) the expressive power of regular expressions to… [more](https://www.npmjs.com/package/extglob) | [homepage](https://github.com/jonschlinkert/extglob)\n* [is-extglob](https://www.npmjs.com/package/is-extglob): Returns true if a string has an extglob. | [homepage](https://github.com/jonschlinkert/is-extglob)\n* [is-glob](https://www.npmjs.com/package/is-glob): Returns `true` if the given string looks like a glob pattern or an extglob pattern.… [more](https://www.npmjs.com/package/is-glob) | [homepage](https://github.com/jonschlinkert/is-glob)\n* [is-posix-bracket](https://www.npmjs.com/package/is-posix-bracket): Returns true if the given string is a POSIX bracket expression (POSIX character class). | [homepage](https://github.com/jonschlinkert/is-posix-bracket)\n* [micromatch](https://www.npmjs.com/package/micromatch): Glob matching for javascript/node.js. A drop-in replacement and faster alternative to minimatch and multimatch. Just… [more](https://www.npmjs.com/package/micromatch) | [homepage](https://github.com/jonschlinkert/micromatch)\n\n## Contributing\n\nPull requests and stars are always welcome. For bugs and feature requests, [please create an issue](https://github.com/jonschlinkert/expand-brackets/issues/new).\n\n## Building docs\n\nGenerate readme and API documentation with [verb](https://github.com/verbose/verb):\n\n```sh\n$ npm install verb && npm run docs\n```\n\nOr, if [verb](https://github.com/verbose/verb) is installed globally:\n\n```sh\n$ verb\n```\n\n## Running tests\n\nInstall dev dependencies:\n\n```sh\n$ npm install -d && npm test\n```\n\n## Author\n\n**Jon Schlinkert**\n\n* [github/jonschlinkert](https://github.com/jonschlinkert)\n* [twitter/jonschlinkert](http://twitter.com/jonschlinkert)\n\n## License\n\nverb © 2016, [Jon Schlinkert](https://github.com/jonschlinkert).\nReleased under the [MIT license](https://github.com/jonschlinkert/expand-brackets/blob/master/LICENSE).\n\n***\n\n_This file was generated by [verb](https://github.com/verbose/verb), v, on April 01, 2016._","maintainers":[{"name":"jonschlinkert","email":"github@sellside.com"},{"name":"es128","email":"elan.shanker+npm@gmail.com"},{"name":"doowb","email":"brian.woodward@gmail.com"}],"time":{"modified":"2016-04-01T23:48:28.244Z","created":"2015-02-11T10:24:03.917Z","0.1.0":"2015-02-11T10:24:03.917Z","0.1.1":"2015-02-11T10:44:26.271Z","0.1.2":"2015-07-22T01:27:33.186Z","0.1.3":"2015-08-03T20:28:34.845Z","0.1.4":"2015-08-21T09:17:51.822Z","0.1.5":"2016-04-01T23:48:28.244Z"},"homepage":"https://github.com/jonschlinkert/expand-brackets","keywords":["bracket","character class","expression","posix"],"repository":{"type":"git","url":"git+https://github.com/jonschlinkert/expand-brackets.git"},"author":{"name":"Jon Schlinkert","url":"https://github.com/jonschlinkert"},"bugs":{"url":"https://github.com/jonschlinkert/expand-brackets/issues"},"license":"MIT","readmeFilename":"README.md","users":{"jonschlinkert":true},"_attachments":{},"_etag":"\"Z2M7275JBTDQODH31U5I6FJM\""}