{"_id":"cliui","_rev":"17-425802b859ee91dba4e4914c010a4853","name":"cliui","description":"easily create complex multi-column command-line-interfaces","dist-tags":{"latest":"3.2.0"},"versions":{"1.0.0":{"name":"cliui","version":"1.0.0","description":"easily create complex multi-column command-line-interfaces","main":"index.js","scripts":{"test":"standard && mocha --check-leaks --ui exports --require patched-blanket -R mocoverage"},"config":{"blanket":{"pattern":["index.js"],"data-cover-never":["node_modules","test"],"output-reporter":"spec"}},"standard":{"ignore":["**/example/**"],"globals":["it"]},"keywords":["cli","command-line","layout","design"],"author":{"name":"Ben Coe","email":"ben@npmjs.com"},"license":"ISC","dependencies":{"center-align":"^0.1.1","right-align":"^0.1.1","wordwrap":"0.0.2"},"devDependencies":{"blanket":"^1.1.6","chai":"^2.2.0","mocha":"^2.2.4","mocoverage":"^1.0.0","patched-blanket":"^1.0.1","standard":"^3.6.1"},"gitHead":"f1b8e08186e8f58286b0784ec0b4706709f4597f","_id":"cliui@1.0.0","_shasum":"7627be516b8c95408f2074b17de7b518c8d55316","_from":".","_npmVersion":"2.7.6","_nodeVersion":"1.6.2","_npmUser":{"name":"bcoe","email":"ben@npmjs.com"},"dist":{"shasum":"7627be516b8c95408f2074b17de7b518c8d55316","tarball":"https://registry.npmjs.org/cliui/-/cliui-1.0.0.tgz"},"maintainers":[{"name":"bcoe","email":"ben@npmjs.com"}],"directories":{}},"1.1.0":{"name":"cliui","version":"1.1.0","description":"easily create complex multi-column command-line-interfaces","main":"index.js","scripts":{"test":"standard && mocha --check-leaks --ui exports --require patched-blanket -R mocoverage"},"config":{"blanket":{"pattern":["index.js"],"data-cover-never":["node_modules","test"],"output-reporter":"spec"}},"standard":{"ignore":["**/example/**"],"globals":["it"]},"keywords":["cli","command-line","layout","design"],"author":{"name":"Ben Coe","email":"ben@npmjs.com"},"license":"ISC","dependencies":{"center-align":"^0.1.1","right-align":"^0.1.1","wordwrap":"0.0.2"},"devDependencies":{"blanket":"^1.1.6","chai":"^2.2.0","mocha":"^2.2.4","mocoverage":"^1.0.0","patched-blanket":"^1.0.1","standard":"^3.6.1"},"gitHead":"77ca2a00cfbe71440d2bc6357f5e0ae12f32fb86","_id":"cliui@1.1.0","_shasum":"69da6cd1d14e5142f5d8066a22de433ae268caf3","_from":".","_npmVersion":"2.7.6","_nodeVersion":"1.6.2","_npmUser":{"name":"bcoe","email":"ben@npmjs.com"},"dist":{"shasum":"69da6cd1d14e5142f5d8066a22de433ae268caf3","tarball":"https://registry.npmjs.org/cliui/-/cliui-1.1.0.tgz"},"maintainers":[{"name":"bcoe","email":"ben@npmjs.com"}],"directories":{}},"1.3.0":{"name":"cliui","version":"1.3.0","description":"easily create complex multi-column command-line-interfaces","main":"index.js","scripts":{"test":"standard && mocha --check-leaks --ui exports --require patched-blanket -R mocoverage"},"repository":{"type":"git","url":"http://github.com/bcoe/cliui.git"},"config":{"blanket":{"pattern":["index.js"],"data-cover-never":["node_modules","test"],"output-reporter":"spec"}},"standard":{"ignore":["**/example/**"],"globals":["it"]},"keywords":["cli","command-line","layout","design"],"author":{"name":"Ben Coe","email":"ben@npmjs.com"},"license":"ISC","dependencies":{"center-align":"^0.1.1","right-align":"^0.1.1","wordwrap":"0.0.2"},"devDependencies":{"blanket":"^1.1.6","chai":"^2.2.0","mocha":"^2.2.4","mocoverage":"^1.0.0","patched-blanket":"^1.0.1","standard":"^3.6.1"},"gitHead":"e5b866b98c6816a16ef62ffc09078da95becfd5a","bugs":{"url":"https://github.com/bcoe/cliui/issues"},"homepage":"https://github.com/bcoe/cliui","_id":"cliui@1.3.0","_shasum":"4d5d2838ef9d491ff01739c6612b6e2b8f435abd","_from":".","_npmVersion":"2.7.6","_nodeVersion":"1.6.2","_npmUser":{"name":"bcoe","email":"ben@npmjs.com"},"dist":{"shasum":"4d5d2838ef9d491ff01739c6612b6e2b8f435abd","tarball":"https://registry.npmjs.org/cliui/-/cliui-1.3.0.tgz"},"maintainers":[{"name":"bcoe","email":"ben@npmjs.com"}],"directories":{}},"1.4.0":{"name":"cliui","version":"1.4.0","description":"easily create complex multi-column command-line-interfaces","main":"index.js","scripts":{"test":"standard && mocha --check-leaks --ui exports --require patched-blanket -R mocoverage"},"repository":{"type":"git","url":"http://github.com/bcoe/cliui.git"},"config":{"blanket":{"pattern":["index.js"],"data-cover-never":["node_modules","test"],"output-reporter":"spec"}},"standard":{"ignore":["**/example/**"],"globals":["it"]},"keywords":["cli","command-line","layout","design","console","wrap","table"],"author":{"name":"Ben Coe","email":"ben@npmjs.com"},"license":"ISC","dependencies":{"center-align":"^0.1.1","right-align":"^0.1.1","wordwrap":"0.0.2"},"devDependencies":{"blanket":"^1.1.6","chai":"^2.2.0","coveralls":"^2.11.2","mocha":"^2.2.4","mocha-lcov-reporter":"0.0.2","mocoverage":"^1.0.0","patched-blanket":"^1.0.1","standard":"^3.6.1"},"gitHead":"0085cbfa61e04b4833f15ea2ba1d64021be2b2b2","bugs":{"url":"https://github.com/bcoe/cliui/issues"},"homepage":"https://github.com/bcoe/cliui","_id":"cliui@1.4.0","_shasum":"073126b5b0eecea92ea71eea4e6ecf376db60c3e","_from":".","_npmVersion":"2.7.6","_nodeVersion":"1.6.2","_npmUser":{"name":"bcoe","email":"ben@npmjs.com"},"dist":{"shasum":"073126b5b0eecea92ea71eea4e6ecf376db60c3e","tarball":"https://registry.npmjs.org/cliui/-/cliui-1.4.0.tgz"},"maintainers":[{"name":"bcoe","email":"ben@npmjs.com"}],"directories":{}},"2.0.0":{"name":"cliui","version":"2.0.0","description":"easily create complex multi-column command-line-interfaces","main":"index.js","scripts":{"test":"standard && mocha --check-leaks --ui exports --require patched-blanket -R mocoverage"},"repository":{"type":"git","url":"http://github.com/bcoe/cliui.git"},"config":{"blanket":{"pattern":["index.js"],"data-cover-never":["node_modules","test"],"output-reporter":"spec"}},"standard":{"ignore":["**/example/**"],"globals":["it"]},"keywords":["cli","command-line","layout","design","console","wrap","table"],"author":{"name":"Ben Coe","email":"ben@npmjs.com"},"license":"ISC","dependencies":{"center-align":"^0.1.1","right-align":"^0.1.1","wordwrap":"0.0.2"},"devDependencies":{"blanket":"^1.1.6","chai":"^2.2.0","coveralls":"^2.11.2","mocha":"^2.2.4","mocha-lcov-reporter":"0.0.2","mocoverage":"^1.0.0","patched-blanket":"^1.0.1","standard":"^3.6.1"},"gitHead":"a306c24b12a345320b37339e9ccc7a36bc4bdde5","bugs":{"url":"https://github.com/bcoe/cliui/issues"},"homepage":"https://github.com/bcoe/cliui","_id":"cliui@2.0.0","_shasum":"58f2f6b8bee87285a62fb9c8a9d6885670f730d6","_from":".","_npmVersion":"2.7.6","_nodeVersion":"1.6.2","_npmUser":{"name":"bcoe","email":"ben@npmjs.com"},"dist":{"shasum":"58f2f6b8bee87285a62fb9c8a9d6885670f730d6","tarball":"https://registry.npmjs.org/cliui/-/cliui-2.0.0.tgz"},"maintainers":[{"name":"bcoe","email":"ben@npmjs.com"}],"directories":{}},"2.1.0":{"name":"cliui","version":"2.1.0","description":"easily create complex multi-column command-line-interfaces","main":"index.js","scripts":{"test":"standard && mocha --check-leaks --ui exports --require patched-blanket -R mocoverage"},"repository":{"type":"git","url":"http://github.com/bcoe/cliui.git"},"config":{"blanket":{"pattern":["index.js"],"data-cover-never":["node_modules","test"],"output-reporter":"spec"}},"standard":{"ignore":["**/example/**"],"globals":["it"]},"keywords":["cli","command-line","layout","design","console","wrap","table"],"author":{"name":"Ben Coe","email":"ben@npmjs.com"},"license":"ISC","dependencies":{"center-align":"^0.1.1","right-align":"^0.1.1","wordwrap":"0.0.2"},"devDependencies":{"blanket":"^1.1.6","chai":"^2.2.0","coveralls":"^2.11.2","mocha":"^2.2.4","mocha-lcov-reporter":"0.0.2","mocoverage":"^1.0.0","patched-blanket":"^1.0.1","standard":"^3.6.1"},"gitHead":"5d6ce466b144db62abefc4b2252c8aa70a741695","bugs":{"url":"https://github.com/bcoe/cliui/issues"},"homepage":"https://github.com/bcoe/cliui","_id":"cliui@2.1.0","_shasum":"4b475760ff80264c762c3a1719032e91c7fea0d1","_from":".","_npmVersion":"2.7.5","_nodeVersion":"0.10.36","_npmUser":{"name":"bcoe","email":"ben@npmjs.com"},"dist":{"shasum":"4b475760ff80264c762c3a1719032e91c7fea0d1","tarball":"https://registry.npmjs.org/cliui/-/cliui-2.1.0.tgz"},"maintainers":[{"name":"bcoe","email":"ben@npmjs.com"}],"directories":{}},"3.0.0":{"name":"cliui","version":"3.0.0","description":"easily create complex multi-column command-line-interfaces","main":"index.js","scripts":{"test":"standard && nyc mocha","coverage":"nyc --reporter=text-lcov mocha | coveralls"},"repository":{"type":"git","url":"git+ssh://git@github.com/bcoe/cliui.git"},"config":{"blanket":{"pattern":["index.js"],"data-cover-never":["node_modules","test"],"output-reporter":"spec"}},"standard":{"ignore":["**/example/**"],"globals":["it"]},"keywords":["cli","command-line","layout","design","console","wrap","table"],"author":{"name":"Ben Coe","email":"ben@npmjs.com"},"license":"ISC","dependencies":{"center-align":"^0.1.1","right-align":"^0.1.1","wrap-ansi":"^1.0.0"},"devDependencies":{"chai":"^3.3.0","coveralls":"^2.11.4","mocha":"^2.3.3","nyc":"^3.2.2","standard":"^5.3.1"},"gitHead":"5eac0ae5d4bceaa1906a1a226bb1599f925d587f","bugs":{"url":"https://github.com/bcoe/cliui/issues"},"homepage":"https://github.com/bcoe/cliui#readme","_id":"cliui@3.0.0","_shasum":"7603633d8ae7f54a524d49cb0aabe26ab8c3100f","_from":".","_npmVersion":"3.3.6","_nodeVersion":"1.1.0","_npmUser":{"name":"bcoe","email":"bencoe@gmail.com"},"maintainers":[{"name":"bcoe","email":"ben@npmjs.com"}],"dist":{"shasum":"7603633d8ae7f54a524d49cb0aabe26ab8c3100f","tarball":"https://registry.npmjs.org/cliui/-/cliui-3.0.0.tgz"},"directories":{}},"3.0.1":{"name":"cliui","version":"3.0.1","description":"easily create complex multi-column command-line-interfaces","main":"index.js","scripts":{"test":"standard && nyc mocha","coverage":"nyc --reporter=text-lcov mocha | coveralls"},"repository":{"type":"git","url":"git+ssh://git@github.com/bcoe/cliui.git"},"config":{"blanket":{"pattern":["index.js"],"data-cover-never":["node_modules","test"],"output-reporter":"spec"}},"standard":{"ignore":["**/example/**"],"globals":["it"]},"keywords":["cli","command-line","layout","design","console","wrap","table"],"author":{"name":"Ben Coe","email":"ben@npmjs.com"},"license":"ISC","dependencies":{"center-align":"^0.1.1","right-align":"^0.1.1","string-width":"^1.0.1","wrap-ansi":"^1.0.0"},"devDependencies":{"chai":"^3.3.0","chalk":"^1.1.1","coveralls":"^2.11.4","mocha":"^2.3.3","nyc":"^3.2.2","standard":"^5.3.1","strip-ansi":"^3.0.0"},"gitHead":"81412395a61a88d02022dcc1c649b7b07483f036","bugs":{"url":"https://github.com/bcoe/cliui/issues"},"homepage":"https://github.com/bcoe/cliui#readme","_id":"cliui@3.0.1","_shasum":"b986163d7612ce20eb0b44af41807008af74f5e5","_from":".","_npmVersion":"3.3.6","_nodeVersion":"1.1.0","_npmUser":{"name":"bcoe","email":"ben@npmjs.com"},"dist":{"shasum":"b986163d7612ce20eb0b44af41807008af74f5e5","tarball":"https://registry.npmjs.org/cliui/-/cliui-3.0.1.tgz"},"maintainers":[{"name":"bcoe","email":"ben@npmjs.com"}],"directories":{}},"3.0.2":{"name":"cliui","version":"3.0.2","description":"easily create complex multi-column command-line-interfaces","main":"index.js","scripts":{"test":"standard && nyc mocha","coverage":"nyc --reporter=text-lcov mocha | coveralls"},"repository":{"type":"git","url":"git+ssh://git@github.com/bcoe/cliui.git"},"config":{"blanket":{"pattern":["index.js"],"data-cover-never":["node_modules","test"],"output-reporter":"spec"}},"standard":{"ignore":["**/example/**"],"globals":["it"]},"keywords":["cli","command-line","layout","design","console","wrap","table"],"author":{"name":"Ben Coe","email":"ben@npmjs.com"},"license":"ISC","dependencies":{"string-width":"^1.0.1","wrap-ansi":"^1.0.0"},"devDependencies":{"chai":"^3.3.0","chalk":"^1.1.1","coveralls":"^2.11.4","mocha":"^2.3.3","nyc":"^3.2.2","standard":"^5.3.1","strip-ansi":"^3.0.0"},"gitHead":"17df90845f94623c05aa10ce7e20cf42efcb8d16","bugs":{"url":"https://github.com/bcoe/cliui/issues"},"homepage":"https://github.com/bcoe/cliui#readme","_id":"cliui@3.0.2","_shasum":"221d5871727c4db19440ddcfabc7a0a3ed1c16a6","_from":".","_npmVersion":"3.3.6","_nodeVersion":"1.1.0","_npmUser":{"name":"bcoe","email":"ben@npmjs.com"},"dist":{"shasum":"221d5871727c4db19440ddcfabc7a0a3ed1c16a6","tarball":"https://registry.npmjs.org/cliui/-/cliui-3.0.2.tgz"},"maintainers":[{"name":"bcoe","email":"ben@npmjs.com"}],"directories":{}},"3.0.3":{"name":"cliui","version":"3.0.3","description":"easily create complex multi-column command-line-interfaces","main":"index.js","scripts":{"test":"standard && nyc mocha","coverage":"nyc --reporter=text-lcov mocha | coveralls"},"repository":{"type":"git","url":"git+ssh://git@github.com/bcoe/cliui.git"},"config":{"blanket":{"pattern":["index.js"],"data-cover-never":["node_modules","test"],"output-reporter":"spec"}},"standard":{"ignore":["**/example/**"],"globals":["it"]},"keywords":["cli","command-line","layout","design","console","wrap","table"],"author":{"name":"Ben Coe","email":"ben@npmjs.com"},"license":"ISC","dependencies":{"string-width":"^1.0.1","strip-ansi":"^3.0.0","wrap-ansi":"^1.0.0"},"devDependencies":{"chai":"^3.3.0","chalk":"^1.1.1","coveralls":"^2.11.4","mocha":"^2.3.3","nyc":"^3.2.2","standard":"^5.3.1"},"gitHead":"c7baa8a9096b11263aaadde7fda2cbc1f1d5683e","bugs":{"url":"https://github.com/bcoe/cliui/issues"},"homepage":"https://github.com/bcoe/cliui#readme","_id":"cliui@3.0.3","_shasum":"476de5e3442c921b165bcf8556aee9c30e7e144e","_from":".","_npmVersion":"3.3.6","_nodeVersion":"1.1.0","_npmUser":{"name":"bcoe","email":"ben@npmjs.com"},"dist":{"shasum":"476de5e3442c921b165bcf8556aee9c30e7e144e","tarball":"https://registry.npmjs.org/cliui/-/cliui-3.0.3.tgz"},"maintainers":[{"name":"bcoe","email":"ben@npmjs.com"}],"directories":{}},"3.1.0":{"name":"cliui","version":"3.1.0","description":"easily create complex multi-column command-line-interfaces","main":"index.js","scripts":{"test":"standard && nyc mocha","coverage":"nyc --reporter=text-lcov mocha | coveralls"},"repository":{"type":"git","url":"http://github.com/bcoe/cliui.git"},"config":{"blanket":{"pattern":["index.js"],"data-cover-never":["node_modules","test"],"output-reporter":"spec"}},"standard":{"ignore":["**/example/**"],"globals":["it"]},"keywords":["cli","command-line","layout","design","console","wrap","table"],"author":{"name":"Ben Coe","email":"ben@npmjs.com"},"license":"ISC","dependencies":{"string-width":"^1.0.1","strip-ansi":"^3.0.0","wrap-ansi":"^1.0.0"},"devDependencies":{"chai":"^3.3.0","chalk":"^1.1.1","coveralls":"^2.11.4","mocha":"^2.3.3","nyc":"^3.2.2","standard":"^5.3.1"},"gitHead":"c8eb1b4aa6d2efdb5bc4903fb1fa6e9f7f066a72","bugs":{"url":"https://github.com/bcoe/cliui/issues"},"homepage":"https://github.com/bcoe/cliui","_id":"cliui@3.1.0","_shasum":"a3b880308e0a8191721e0081a8c2a8b506d0abf9","_from":".","_npmVersion":"2.7.5","_nodeVersion":"0.10.36","_npmUser":{"name":"bcoe","email":"ben@npmjs.com"},"dist":{"shasum":"a3b880308e0a8191721e0081a8c2a8b506d0abf9","tarball":"https://registry.npmjs.org/cliui/-/cliui-3.1.0.tgz"},"maintainers":[{"name":"bcoe","email":"ben@npmjs.com"}],"directories":{}},"3.1.1":{"name":"cliui","version":"3.1.1","description":"easily create complex multi-column command-line-interfaces","main":"index.js","scripts":{"pretest":"standard","test":"nyc mocha","coverage":"nyc --reporter=text-lcov mocha | coveralls"},"repository":{"type":"git","url":"git+ssh://git@github.com/yargs/cliui.git"},"config":{"blanket":{"pattern":["index.js"],"data-cover-never":["node_modules","test"],"output-reporter":"spec"}},"standard":{"ignore":["**/example/**"],"globals":["it"]},"keywords":["cli","command-line","layout","design","console","wrap","table"],"author":{"name":"Ben Coe","email":"ben@npmjs.com"},"license":"ISC","dependencies":{"string-width":"^1.0.1","strip-ansi":"^3.0.1","wrap-ansi":"^2.0.0"},"devDependencies":{"chai":"^3.5.0","chalk":"^1.1.1","coveralls":"^2.11.8","mocha":"^2.4.5","nyc":"^6.1.1","standard":"^6.0.8"},"gitHead":"e8c78f7244a563c500118580458f11cce3d2e00d","bugs":{"url":"https://github.com/yargs/cliui/issues"},"homepage":"https://github.com/yargs/cliui#readme","_id":"cliui@3.1.1","_shasum":"d74eb4b5c2d55e7ccc90e5cdca0e8d2813502b98","_from":".","_npmVersion":"3.3.0","_nodeVersion":"3.2.0","_npmUser":{"name":"bcoe","email":"ben@npmjs.com"},"dist":{"shasum":"d74eb4b5c2d55e7ccc90e5cdca0e8d2813502b98","tarball":"https://registry.npmjs.org/cliui/-/cliui-3.1.1.tgz"},"maintainers":[{"name":"bcoe","email":"ben@npmjs.com"}],"_npmOperationalInternal":{"host":"packages-13-west.internal.npmjs.com","tmp":"tmp/cliui-3.1.1.tgz_1458192164183_0.9397966971155256"},"directories":{}},"3.1.2":{"name":"cliui","version":"3.1.2","description":"easily create complex multi-column command-line-interfaces","main":"index.js","scripts":{"pretest":"standard","test":"nyc mocha","coverage":"nyc --reporter=text-lcov mocha | coveralls"},"repository":{"type":"git","url":"git+ssh://git@github.com/yargs/cliui.git"},"config":{"blanket":{"pattern":["index.js"],"data-cover-never":["node_modules","test"],"output-reporter":"spec"}},"standard":{"ignore":["**/example/**"],"globals":["it"]},"keywords":["cli","command-line","layout","design","console","wrap","table"],"author":{"name":"Ben Coe","email":"ben@npmjs.com"},"license":"ISC","dependencies":{"string-width":"^1.0.1","strip-ansi":"^3.0.1","wrap-ansi":"^2.0.0"},"devDependencies":{"chai":"^3.5.0","chalk":"^1.1.2","coveralls":"^2.11.8","mocha":"^2.4.5","nyc":"^6.1.1","standard":"^6.0.8"},"gitHead":"d7efa2c021ce3ecd61348018386d7fa4ddc50e6c","bugs":{"url":"https://github.com/yargs/cliui/issues"},"homepage":"https://github.com/yargs/cliui#readme","_id":"cliui@3.1.2","_shasum":"5ebdc752ce6740ca0df470a3b215e82a5da0277c","_from":".","_npmVersion":"3.3.12","_nodeVersion":"5.1.0","_npmUser":{"name":"bcoe","email":"ben@npmjs.com"},"dist":{"shasum":"5ebdc752ce6740ca0df470a3b215e82a5da0277c","tarball":"https://registry.npmjs.org/cliui/-/cliui-3.1.2.tgz"},"maintainers":[{"name":"bcoe","email":"ben@npmjs.com"}],"_npmOperationalInternal":{"host":"packages-12-west.internal.npmjs.com","tmp":"tmp/cliui-3.1.2.tgz_1459318695264_0.8533641444519162"},"directories":{}},"3.2.0":{"name":"cliui","version":"3.2.0","description":"easily create complex multi-column command-line-interfaces","main":"index.js","scripts":{"pretest":"standard","test":"nyc mocha","coverage":"nyc --reporter=text-lcov mocha | coveralls","version":"standard-version"},"repository":{"type":"git","url":"git+ssh://git@github.com/yargs/cliui.git"},"config":{"blanket":{"pattern":["index.js"],"data-cover-never":["node_modules","test"],"output-reporter":"spec"}},"standard":{"ignore":["**/example/**"],"globals":["it"]},"keywords":["cli","command-line","layout","design","console","wrap","table"],"author":{"name":"Ben Coe","email":"ben@npmjs.com"},"license":"ISC","dependencies":{"string-width":"^1.0.1","strip-ansi":"^3.0.1","wrap-ansi":"^2.0.0"},"devDependencies":{"chai":"^3.5.0","chalk":"^1.1.2","coveralls":"^2.11.8","mocha":"^2.4.5","nyc":"^6.4.0","standard":"^6.0.8","standard-version":"^2.1.2"},"files":["index.js"],"gitHead":"75d62e9dfa77a0e0a9c3ac3b96b02baa294142ce","bugs":{"url":"https://github.com/yargs/cliui/issues"},"homepage":"https://github.com/yargs/cliui#readme","_id":"cliui@3.2.0","_shasum":"120601537a916d29940f934da3b48d585a39213d","_from":".","_npmVersion":"3.3.12","_nodeVersion":"5.1.0","_npmUser":{"name":"bcoe","email":"ben@npmjs.com"},"dist":{"shasum":"120601537a916d29940f934da3b48d585a39213d","tarball":"https://registry.npmjs.org/cliui/-/cliui-3.2.0.tgz"},"maintainers":[{"name":"bcoe","email":"ben@npmjs.com"}],"_npmOperationalInternal":{"host":"packages-12-west.internal.npmjs.com","tmp":"tmp/cliui-3.2.0.tgz_1460342854008_0.8861493801232427"},"directories":{}}},"readme":"# cliui\n\n[![Build Status](https://travis-ci.org/yargs/cliui.svg)](https://travis-ci.org/yargs/cliui)\n[![Coverage Status](https://coveralls.io/repos/yargs/cliui/badge.svg?branch=)](https://coveralls.io/r/yargs/cliui?branch=)\n[![NPM version](https://img.shields.io/npm/v/cliui.svg)](https://www.npmjs.com/package/cliui)\n[![Standard Version](https://img.shields.io/badge/release-standard%20version-brightgreen.svg)](https://github.com/conventional-changelog/standard-version)\n\neasily create complex multi-column command-line-interfaces.\n\n## Example\n\n```js\nvar ui = require('cliui')({\n  width: 80\n})\n\nui.div('Usage: $0 [command] [options]')\n\nui.div({\n  text: 'Options:',\n  padding: [2, 0, 2, 0]\n})\n\nui.div(\n  {\n    text: \"-f, --file\",\n    width: 20,\n    padding: [0, 4, 0, 4]\n  },\n  {\n    text: \"the file to load.\" +\n      chalk.green(\"(if this description is long it wraps).\")\n    ,\n    width: 20\n  },\n  {\n    text: chalk.red(\"[required]\"),\n    align: 'right'\n  }\n)\n\nconsole.log(ui.toString())\n```\n\n<img width=\"500\" src=\"screenshot.png\">\n\n## Layout DSL\n\ncliui exposes a simple layout DSL:\n\nIf you create a single `ui.row`, passing a string rather than an\nobject:\n\n* `\\n`: characters will be interpreted as new rows.\n* `\\t`: characters will be interpreted as new columns.\n* `\\s`: characters will be interpreted as padding.\n\n**as an example...**\n\n```js\nvar ui = require('./')({\n  width: 60\n})\n\nui.div(\n  'Usage: node ./bin/foo.js\\n' +\n  '  <regex>\\t  provide a regex\\n' +\n  '  <glob>\\t  provide a glob\\t [required]'\n)\n\nconsole.log(ui.toString())\n```\n\n**will output:**\n\n```shell\nUsage: node ./bin/foo.js\n  <regex>  provide a regex\n  <glob>   provide a glob          [required]\n```\n\n## Methods\n\n```js\ncliui = require('cliui')\n```\n\n### cliui({width: integer})\n\nSpecify the maximum width of the UI being generated.\n\n### cliui({wrap: boolean})\n\nEnable or disable the wrapping of text in a column.\n\n### cliui.div(column, column, column)\n\nCreate a row with any number of columns, a column\ncan either be a string, or an object with the following\noptions:\n\n* **width:** the width of a column.\n* **align:** alignment, `right` or `center`.\n* **padding:** `[top, right, bottom, left]`.\n* **border:** should a border be placed around the div?\n\n### cliui.span(column, column, column)\n\nSimilar to `div`, except the next row will be appended without\na new line being created.\n","maintainers":[{"name":"bcoe","email":"ben@npmjs.com"}],"time":{"modified":"2016-04-11T02:47:36.139Z","created":"2015-04-20T21:30:56.852Z","1.0.0":"2015-04-20T21:30:56.852Z","1.1.0":"2015-04-21T00:10:18.586Z","1.3.0":"2015-04-21T01:16:02.549Z","1.4.0":"2015-04-21T17:34:17.418Z","2.0.0":"2015-04-22T22:00:16.933Z","2.1.0":"2015-04-24T22:35:03.777Z","3.0.0":"2015-10-13T05:48:49.134Z","3.0.1":"2015-10-16T05:39:54.745Z","3.0.2":"2015-10-16T16:32:26.146Z","3.0.3":"2015-10-21T04:05:21.086Z","3.1.0":"2015-11-29T07:08:55.070Z","3.1.1":"2016-03-17T05:22:44.735Z","3.1.2":"2016-03-30T06:18:15.713Z","3.2.0":"2016-04-11T02:47:36.139Z"},"keywords":["cli","command-line","layout","design","console","wrap","table"],"author":{"name":"Ben Coe","email":"ben@npmjs.com"},"license":"ISC","readmeFilename":"README.md","homepage":"https://github.com/yargs/cliui#readme","repository":{"type":"git","url":"git+ssh://git@github.com/yargs/cliui.git"},"bugs":{"url":"https://github.com/yargs/cliui/issues"},"users":{"bcoe":true,"mxjxn":true},"_attachments":{},"_etag":"\"3DECEACP755TKOYK3CFEYCYNO\""}