{"_id":"braces","_rev":"41-06266eca48d99e2accfc605481827505","name":"braces","description":"Fastest brace expansion for node.js, with the most complete support for the Bash 4.3 braces specification.","dist-tags":{"latest":"1.8.5"},"versions":{"0.1.0":{"name":"braces","description":"Faster brace expansion for file paths.","version":"0.1.0","homepage":"https://github.com/jonschlinkert/braces","author":{"name":"Jon Schlinkert","url":"https://github.com/jonschlinkert"},"repository":{"type":"git","url":"git://github.com/jonschlinkert/braces.git"},"bugs":{"url":"https://github.com/jonschlinkert/braces/issues"},"licenses":[{"type":"MIT","url":"https://github.com/jonschlinkert/braces/blob/master/LICENSE-MIT"}],"main":"index.js","engines":{"node":">=0.10.0"},"scripts":{"test":"mocha -R spec"},"devDependencies":{"benchmarked":"^0.1.1","brace-expansion":"0.0.0","lodash":"^2.4.1","minimatch":"^1.0.0","mocha":"*","should":"^4.1.0","verb":">= 0.2.6","verb-tag-jscomments":">= 0.2.0"},"keywords":["alpha","alphabetical","bash","brace","expand","expansion","glob","match","matches","matching","number","numerical","range","ranges","sh"],"dependencies":{"expand-range":"^0.1.0"},"_id":"braces@0.1.0","_shasum":"2ea567d1f9622ba2395135bbf81fe140da7fefeb","_from":".","_npmVersion":"1.4.9","_npmUser":{"name":"jonschlinkert","email":"github@sellside.com"},"maintainers":[{"name":"jonschlinkert","email":"github@sellside.com"}],"dist":{"shasum":"2ea567d1f9622ba2395135bbf81fe140da7fefeb","tarball":"https://registry.npmjs.org/braces/-/braces-0.1.0.tgz"},"directories":{}},"0.1.1":{"name":"braces","description":"Faster brace expansion for file paths.","version":"0.1.1","homepage":"https://github.com/jonschlinkert/braces","author":{"name":"Jon Schlinkert","url":"https://github.com/jonschlinkert"},"repository":{"type":"git","url":"git://github.com/jonschlinkert/braces.git"},"bugs":{"url":"https://github.com/jonschlinkert/braces/issues"},"licenses":[{"type":"MIT","url":"https://github.com/jonschlinkert/braces/blob/master/LICENSE-MIT"}],"main":"index.js","engines":{"node":">=0.10.0"},"scripts":{"test":"mocha -R spec"},"devDependencies":{"benchmarked":"^0.1.1","brace-expansion":"0.0.0","lodash":"^2.4.1","minimatch":"^1.0.0","mocha":"*","should":"^4.1.0","verb":">= 0.2.6","verb-tag-jscomments":">= 0.2.0"},"keywords":["alpha","alphabetical","bash","brace","expand","expansion","file","filepath","fp","fs","glob","globbing","match","matches","matching","number","numerical","path","range","ranges","sh"],"dependencies":{"expand-range":"^0.1.0"},"_id":"braces@0.1.1","_shasum":"9b3c273b426d1a7b3c9265094a9434ab84643ba3","_from":".","_npmVersion":"1.4.9","_npmUser":{"name":"jonschlinkert","email":"github@sellside.com"},"maintainers":[{"name":"jonschlinkert","email":"github@sellside.com"}],"dist":{"shasum":"9b3c273b426d1a7b3c9265094a9434ab84643ba3","tarball":"https://registry.npmjs.org/braces/-/braces-0.1.1.tgz"},"directories":{}},"0.1.2":{"name":"braces","description":"Faster brace expansion for file paths.","version":"0.1.2","homepage":"https://github.com/jonschlinkert/braces","author":{"name":"Jon Schlinkert","url":"https://github.com/jonschlinkert"},"repository":{"type":"git","url":"git://github.com/jonschlinkert/braces.git"},"bugs":{"url":"https://github.com/jonschlinkert/braces/issues"},"licenses":[{"type":"MIT","url":"https://github.com/jonschlinkert/braces/blob/master/LICENSE-MIT"}],"main":"index.js","engines":{"node":">=0.10.0"},"scripts":{"test":"mocha -R spec"},"devDependencies":{"benchmarked":"^0.1.1","brace-expansion":"0.0.0","lodash":"^2.4.1","minimatch":"^1.0.0","mocha":"*","should":"^4.1.0","verb":">= 0.2.6","verb-tag-jscomments":">= 0.2.0"},"keywords":["alpha","alphabetical","bash","brace","expand","expansion","file","filepath","fp","fs","glob","globbing","match","matches","matching","number","numerical","path","range","ranges","sh"],"dependencies":{"expand-range":"^0.1.0"},"_id":"braces@0.1.2","_shasum":"f794ff9aabe60eaf557e9607cc850c8f531a12be","_from":".","_npmVersion":"1.4.9","_npmUser":{"name":"jonschlinkert","email":"github@sellside.com"},"maintainers":[{"name":"jonschlinkert","email":"github@sellside.com"}],"dist":{"shasum":"f794ff9aabe60eaf557e9607cc850c8f531a12be","tarball":"https://registry.npmjs.org/braces/-/braces-0.1.2.tgz"},"directories":{}},"0.1.4":{"name":"braces","description":"Fastest brace expansion lib. Typically used with file paths, but can be used with any string. Expands comma-separated values (e.g. `foo/{a,b,c}/bar`) and alphabetical or numerical ranges (e.g. `{1..9}`)","version":"0.1.4","homepage":"https://github.com/jonschlinkert/braces","author":{"name":"Jon Schlinkert","url":"https://github.com/jonschlinkert"},"repository":{"type":"git","url":"git://github.com/jonschlinkert/braces.git"},"bugs":{"url":"https://github.com/jonschlinkert/braces/issues"},"licenses":[{"type":"MIT","url":"https://github.com/jonschlinkert/braces/blob/master/LICENSE-MIT"}],"main":"index.js","engines":{"node":">=0.10.0"},"scripts":{"test":"mocha -R spec"},"devDependencies":{"benchmarked":"^0.1.1","brace-expansion":"0.0.0","lodash":"^2.4.1","minimatch":"^1.0.0","mocha":"*","should":"^4.1.0"},"keywords":["alpha","alphabetical","bash","brace","expand","expansion","file","filepath","fp","fs","glob","globbing","match","matches","matching","number","numerical","path","range","ranges","sh"],"dependencies":{"expand-range":"^0.1.0"},"_id":"braces@0.1.4","_shasum":"45ed440222debb0fec60b06bb75059e421c590fd","_from":".","_npmVersion":"1.4.9","_npmUser":{"name":"jonschlinkert","email":"github@sellside.com"},"maintainers":[{"name":"jonschlinkert","email":"github@sellside.com"}],"dist":{"shasum":"45ed440222debb0fec60b06bb75059e421c590fd","tarball":"https://registry.npmjs.org/braces/-/braces-0.1.4.tgz"},"directories":{}},"0.1.5":{"name":"braces","description":"Fastest brace expansion lib. Typically used with file paths, but can be used with any string. Expands comma-separated values (e.g. `foo/{a,b,c}/bar`) and alphabetical or numerical ranges (e.g. `{1..9}`)","version":"0.1.5","homepage":"https://github.com/jonschlinkert/braces","author":{"name":"Jon Schlinkert","url":"https://github.com/jonschlinkert"},"repository":{"type":"git","url":"git://github.com/jonschlinkert/braces.git"},"bugs":{"url":"https://github.com/jonschlinkert/braces/issues"},"licenses":[{"type":"MIT","url":"https://github.com/jonschlinkert/braces/blob/master/LICENSE-MIT"}],"main":"index.js","engines":{"node":">=0.10.0"},"scripts":{"test":"mocha -R spec"},"dependencies":{"expand-range":"^0.1.0"},"devDependencies":{"benchmarked":"^0.1.1","brace-expansion":"0.0.0","lodash":"^2.4.1","minimatch":"^1.0.0","mocha":"*","should":"^4.1.0"},"keywords":["alpha","alphabetical","bash","brace","expand","expansion","file","filepath","fp","fs","glob","globbing","match","matches","matching","number","numerical","path","range","ranges","sh"],"_id":"braces@0.1.5","_shasum":"c085711085291d8b75fdd74eab0f8597280711e6","_from":".","_npmVersion":"1.4.9","_npmUser":{"name":"jonschlinkert","email":"github@sellside.com"},"maintainers":[{"name":"jonschlinkert","email":"github@sellside.com"}],"dist":{"shasum":"c085711085291d8b75fdd74eab0f8597280711e6","tarball":"https://registry.npmjs.org/braces/-/braces-0.1.5.tgz"},"directories":{}},"1.0.0":{"name":"braces","description":"Fastest brace expansion lib, with the most complete implementation of the Bash 4.3 spec.","version":"1.0.0","homepage":"https://github.com/jonschlinkert/braces","author":{"name":"Jon Schlinkert","url":"https://github.com/jonschlinkert"},"repository":{"type":"git","url":"git://github.com/jonschlinkert/braces.git"},"bugs":{"url":"https://github.com/jonschlinkert/braces/issues"},"license":{"type":"MIT","url":"https://github.com/jonschlinkert/braces/blob/master/LICENSE-MIT"},"main":"index.js","engines":{"node":">=0.10.0"},"scripts":{"test":"mocha -R spec"},"dependencies":{"expand-range":"^0.3.1"},"devDependencies":{"benchmarked":"^0.1.3","brace-expansion":"^1.1.0","minimatch":"^2.0.1","mocha":"^2.1.0","should":"^4.4.1","write":"^0.1.1"},"keywords":["alpha","alphabetical","bash","brace","expand","expansion","file","filepath","fp","fs","glob","globbing","match","matches","matching","number","numerical","path","range","ranges","sh"],"gitHead":"1acbc5c311a615b0cb94f5309f40329a6d8b6bcb","_id":"braces@1.0.0","_shasum":"991c57970805294a6f1a8aade96c9037fcea1246","_from":".","_npmVersion":"1.4.23","_npmUser":{"name":"jonschlinkert","email":"github@sellside.com"},"maintainers":[{"name":"jonschlinkert","email":"github@sellside.com"}],"dist":{"shasum":"991c57970805294a6f1a8aade96c9037fcea1246","tarball":"https://registry.npmjs.org/braces/-/braces-1.0.0.tgz"},"directories":{}},"1.1.0":{"name":"braces","description":"Fastest brace expansion for node.js, with more complete support of Bash 4.3 than minimatch.","version":"1.1.0","homepage":"https://github.com/jonschlinkert/braces","author":{"name":"Jon Schlinkert","url":"https://github.com/jonschlinkert"},"repository":{"type":"git","url":"git://github.com/jonschlinkert/braces.git"},"bugs":{"url":"https://github.com/jonschlinkert/braces/issues"},"license":{"type":"MIT","url":"https://github.com/jonschlinkert/braces/blob/master/LICENSE"},"main":"index.js","engines":{"node":">=0.10.0"},"scripts":{"test":"mocha -R spec"},"dependencies":{"arr-filter":"^1.0.0","expand-range":"^1.1.0","preserve":"^0.2.0"},"devDependencies":{"benchmarked":"^0.1.3","brace-expansion":"^1.1.0","chalk":"^0.5.1","minimatch":"^2.0.1","minimist":"^1.1.0","mocha":"*","should":"*","write":"^0.1.1"},"keywords":["alpha","alphabetical","bash","brace","expand","expansion","filepath","fill","fs","glob","globbing","letter","match","matches","matching","number","numerical","path","range","ranges","sh"],"gitHead":"762112a749c669e7fae57eace98e481e145b3bfa","_id":"braces@1.1.0","_shasum":"1fd01ee8420a7196d234f2a29dc1bfe6e259854b","_from":".","_npmVersion":"1.4.23","_npmUser":{"name":"jonschlinkert","email":"github@sellside.com"},"maintainers":[{"name":"jonschlinkert","email":"github@sellside.com"}],"dist":{"shasum":"1fd01ee8420a7196d234f2a29dc1bfe6e259854b","tarball":"https://registry.npmjs.org/braces/-/braces-1.1.0.tgz"},"directories":{}},"1.2.0":{"name":"braces","description":"Fastest brace expansion for node.js, with more complete support of Bash 4.3 than minimatch.","version":"1.2.0","homepage":"https://github.com/jonschlinkert/braces","author":{"name":"Jon Schlinkert","url":"https://github.com/jonschlinkert"},"repository":{"type":"git","url":"git://github.com/jonschlinkert/braces.git"},"bugs":{"url":"https://github.com/jonschlinkert/braces/issues"},"license":{"type":"MIT","url":"https://github.com/jonschlinkert/braces/blob/master/LICENSE"},"main":"index.js","engines":{"node":">=0.10.0"},"scripts":{"test":"mocha -R spec"},"dependencies":{"arr-filter":"^1.0.2","expand-range":"^1.2.0","preserve":"^0.2.0"},"devDependencies":{"benchmarked":"^0.1.3","brace-expansion":"^1.1.0","chalk":"^0.5.1","minimatch":"^2.0.1","minimist":"^1.1.0","mocha":"*","should":"*","write":"^0.1.1"},"keywords":["alpha","alphabetical","bash","brace","expand","expansion","filepath","fill","fs","glob","globbing","letter","match","matches","matching","number","numerical","path","range","ranges","sh"],"gitHead":"0255915a73f3feaf271261e589cc8975c1e15596","_id":"braces@1.2.0","_shasum":"b86f8f3898d11dc1008d29176a45b4863190e7b9","_from":".","_npmVersion":"1.4.23","_npmUser":{"name":"jonschlinkert","email":"github@sellside.com"},"maintainers":[{"name":"jonschlinkert","email":"github@sellside.com"}],"dist":{"shasum":"b86f8f3898d11dc1008d29176a45b4863190e7b9","tarball":"https://registry.npmjs.org/braces/-/braces-1.2.0.tgz"},"directories":{}},"1.3.0":{"name":"braces","description":"Fastest brace expansion for node.js, with more complete support of Bash 4.3 than minimatch.","version":"1.3.0","homepage":"https://github.com/jonschlinkert/braces","author":{"name":"Jon Schlinkert","url":"https://github.com/jonschlinkert"},"repository":{"type":"git","url":"git://github.com/jonschlinkert/braces.git"},"bugs":{"url":"https://github.com/jonschlinkert/braces/issues"},"license":{"type":"MIT","url":"https://github.com/jonschlinkert/braces/blob/master/LICENSE"},"main":"index.js","engines":{"node":">=0.10.0"},"scripts":{"test":"mocha -R spec"},"files":["index.js"],"dependencies":{"arr-filter":"^1.0.2","expand-range":"^1.4.0","preserve":"^0.2.0"},"devDependencies":{"benchmarked":"^0.1.3","brace-expansion":"^1.1.0","chalk":"^0.5.1","minimatch":"^2.0.1","minimist":"^1.1.0","mocha":"*","should":"*","write":"^0.1.1"},"keywords":["alpha","alphabetical","bash","brace","expand","expansion","filepath","fill","fs","glob","globbing","letter","match","matches","matching","number","numerical","path","range","ranges","sh"],"gitHead":"0255915a73f3feaf271261e589cc8975c1e15596","_id":"braces@1.3.0","_shasum":"e0495cf4796c137fb0d80a922ffef431fbde6bef","_from":".","_npmVersion":"1.4.28","_npmUser":{"name":"jonschlinkert","email":"github@sellside.com"},"maintainers":[{"name":"jonschlinkert","email":"github@sellside.com"}],"dist":{"shasum":"e0495cf4796c137fb0d80a922ffef431fbde6bef","tarball":"https://registry.npmjs.org/braces/-/braces-1.3.0.tgz"},"directories":{}},"1.4.0":{"name":"braces","description":"Fastest brace expansion for node.js, with more complete support of Bash 4.3 than minimatch.","version":"1.4.0","homepage":"https://github.com/jonschlinkert/braces","author":{"name":"Jon Schlinkert","url":"https://github.com/jonschlinkert"},"repository":{"type":"git","url":"git://github.com/jonschlinkert/braces.git"},"bugs":{"url":"https://github.com/jonschlinkert/braces/issues"},"license":{"type":"MIT","url":"https://github.com/jonschlinkert/braces/blob/master/LICENSE"},"main":"index.js","engines":{"node":">=0.10.0"},"scripts":{"test":"mocha -R spec"},"files":["index.js"],"dependencies":{"arr-filter":"^1.0.2","expand-range":"^1.5.0","preserve":"^0.2.0"},"devDependencies":{"benchmarked":"^0.1.3","brace-expansion":"^1.1.0","chalk":"^0.5.1","minimatch":"^2.0.1","minimist":"^1.1.0","mocha":"*","should":"*","write":"^0.1.1"},"keywords":["alpha","alphabetical","bash","brace","expand","expansion","filepath","fill","fs","glob","globbing","letter","match","matches","matching","number","numerical","path","range","ranges","sh"],"gitHead":"4026752b8795c282a4ba2546eb88c9d1ee9b6653","_id":"braces@1.4.0","_shasum":"c95b1b8fd045b765703c2c0cd95e0369e5696492","_from":".","_npmVersion":"1.4.28","_npmUser":{"name":"jonschlinkert","email":"github@sellside.com"},"maintainers":[{"name":"jonschlinkert","email":"github@sellside.com"}],"dist":{"shasum":"c95b1b8fd045b765703c2c0cd95e0369e5696492","tarball":"https://registry.npmjs.org/braces/-/braces-1.4.0.tgz"},"directories":{}},"1.5.0":{"name":"braces","description":"Fastest brace expansion for node.js, with more complete support of Bash 4.3 than minimatch.","version":"1.5.0","homepage":"https://github.com/jonschlinkert/braces","author":{"name":"Jon Schlinkert","url":"https://github.com/jonschlinkert"},"repository":{"type":"git","url":"git://github.com/jonschlinkert/braces.git"},"bugs":{"url":"https://github.com/jonschlinkert/braces/issues"},"license":{"type":"MIT","url":"https://github.com/jonschlinkert/braces/blob/master/LICENSE"},"main":"index.js","engines":{"node":">=0.10.0"},"scripts":{"test":"mocha -R spec"},"files":["index.js"],"dependencies":{"arr-filter":"^1.0.2","expand-range":"^1.5.0","preserve":"^0.2.0","repeat-element":"^1.1.0"},"devDependencies":{"benchmarked":"^0.1.3","brace-expansion":"^1.1.0","chalk":"^0.5.1","minimatch":"^2.0.1","minimist":"^1.1.0","mocha":"*","should":"*","write":"^0.1.1"},"keywords":["alpha","alphabetical","bash","brace","expand","expansion","filepath","fill","fs","glob","globbing","letter","match","matches","matching","number","numerical","path","range","ranges","sh"],"gitHead":"46547e1d1553c497a061d13b8ed3c85b2d16b6d7","_id":"braces@1.5.0","_shasum":"3600d82f04390dfc7c6016f091657b2d86189a15","_from":".","_npmVersion":"1.4.28","_npmUser":{"name":"jonschlinkert","email":"github@sellside.com"},"maintainers":[{"name":"jonschlinkert","email":"github@sellside.com"}],"dist":{"shasum":"3600d82f04390dfc7c6016f091657b2d86189a15","tarball":"https://registry.npmjs.org/braces/-/braces-1.5.0.tgz"},"directories":{}},"1.5.1":{"name":"braces","description":"Fastest brace expansion for node.js, with more complete support of Bash 4.3 than minimatch.","version":"1.5.1","homepage":"https://github.com/jonschlinkert/braces","author":{"name":"Jon Schlinkert","url":"https://github.com/jonschlinkert"},"repository":{"type":"git","url":"git://github.com/jonschlinkert/braces.git"},"bugs":{"url":"https://github.com/jonschlinkert/braces/issues"},"license":{"type":"MIT","url":"https://github.com/jonschlinkert/braces/blob/master/LICENSE"},"main":"index.js","engines":{"node":">=0.10.0"},"scripts":{"test":"mocha -R spec"},"files":["index.js","lib/"],"dependencies":{"arr-filter":"^1.0.2","expand-range":"^1.5.0","preserve":"^0.2.0","repeat-element":"^1.1.0"},"devDependencies":{"benchmarked":"^0.1.3","brace-expansion":"^1.1.0","chalk":"^0.5.1","minimatch":"^2.0.1","minimist":"^1.1.0","mocha":"*","should":"*","write":"^0.1.1"},"keywords":["alpha","alphabetical","bash","brace","expand","expansion","filepath","fill","fs","glob","globbing","letter","match","matches","matching","number","numerical","path","range","ranges","sh"],"gitHead":"a4a43ccb73b67bb8c86ded66f57417e5b13bba15","_id":"braces@1.5.1","_shasum":"faefcd7e5251c84c21127e8f079b14775b6c06ce","_from":".","_npmVersion":"1.4.28","_npmUser":{"name":"jonschlinkert","email":"github@sellside.com"},"maintainers":[{"name":"jonschlinkert","email":"github@sellside.com"}],"dist":{"shasum":"faefcd7e5251c84c21127e8f079b14775b6c06ce","tarball":"https://registry.npmjs.org/braces/-/braces-1.5.1.tgz"},"directories":{}},"1.6.0":{"name":"braces","description":"Fastest brace expansion for node.js, with more complete support of Bash 4.3 than minimatch.","version":"1.6.0","homepage":"https://github.com/jonschlinkert/braces","author":{"name":"Jon Schlinkert","url":"https://github.com/jonschlinkert"},"repository":{"type":"git","url":"git://github.com/jonschlinkert/braces.git"},"bugs":{"url":"https://github.com/jonschlinkert/braces/issues"},"license":{"type":"MIT","url":"https://github.com/jonschlinkert/braces/blob/master/LICENSE"},"main":"index.js","engines":{"node":">=0.10.0"},"scripts":{"test":"mocha -R spec"},"files":["index.js","lib/"],"dependencies":{"arr-filter":"^1.0.2","expand-range":"^1.8.0","preserve":"^0.2.0","repeat-element":"^1.1.0"},"devDependencies":{"benchmarked":"^0.1.3","brace-expansion":"^1.1.0","chalk":"^0.5.1","minimatch":"^2.0.1","minimist":"^1.1.0","mocha":"*","should":"*","write":"^0.1.1"},"keywords":["alpha","alphabetical","bash","brace","expand","expansion","filepath","fill","fs","glob","globbing","letter","match","matches","matching","number","numerical","path","range","ranges","sh"],"gitHead":"25551ac2f8dade4ee68b4eeece4a338a9d8263f2","_id":"braces@1.6.0","_shasum":"438c23185022e8fa968af9feeaa056723a3efe55","_from":".","_npmVersion":"1.4.28","_npmUser":{"name":"jonschlinkert","email":"github@sellside.com"},"maintainers":[{"name":"jonschlinkert","email":"github@sellside.com"}],"dist":{"shasum":"438c23185022e8fa968af9feeaa056723a3efe55","tarball":"https://registry.npmjs.org/braces/-/braces-1.6.0.tgz"},"directories":{}},"1.7.0":{"name":"braces","description":"Fastest brace expansion for node.js, with the most complete support for the Bash 4.3 braces specification.","version":"1.7.0","homepage":"https://github.com/jonschlinkert/braces","author":{"name":"Jon Schlinkert","url":"https://github.com/jonschlinkert"},"repository":{"type":"git","url":"git://github.com/jonschlinkert/braces.git"},"bugs":{"url":"https://github.com/jonschlinkert/braces/issues"},"license":{"type":"MIT","url":"https://github.com/jonschlinkert/braces/blob/master/LICENSE"},"main":"index.js","engines":{"node":">=0.10.0"},"scripts":{"test":"mocha -R spec"},"files":["index.js","lib/"],"dependencies":{"arr-filter":"^1.0.2","arr-map":"^1.0.0","expand-range":"^1.8.0","preserve":"^0.2.0","repeat-element":"^1.1.0"},"devDependencies":{"benchmarked":"^0.1.3","brace-expansion":"^1.1.0","chalk":"^0.5.1","minimatch":"^2.0.1","minimist":"^1.1.0","mocha":"*","should":"*"},"keywords":["alpha","alphabetical","bash","brace","expand","expansion","filepath","fill","fs","glob","globbing","letter","match","matches","matching","number","numerical","path","range","ranges","sh"],"gitHead":"3960c6f34a4383b657e9bac59fe1345e5d3177c1","_id":"braces@1.7.0","_shasum":"ed954c25e8a170971202316c1899fa98fdae6d6d","_from":".","_npmVersion":"1.4.28","_npmUser":{"name":"jonschlinkert","email":"github@sellside.com"},"maintainers":[{"name":"jonschlinkert","email":"github@sellside.com"}],"dist":{"shasum":"ed954c25e8a170971202316c1899fa98fdae6d6d","tarball":"https://registry.npmjs.org/braces/-/braces-1.7.0.tgz"},"directories":{}},"1.8.0":{"name":"braces","description":"Fastest brace expansion for node.js, with the most complete support for the Bash 4.3 braces specification.","version":"1.8.0","homepage":"https://github.com/jonschlinkert/braces","author":{"name":"Jon Schlinkert","url":"https://github.com/jonschlinkert"},"repository":{"type":"git","url":"git://github.com/jonschlinkert/braces.git"},"bugs":{"url":"https://github.com/jonschlinkert/braces/issues"},"license":{"type":"MIT","url":"https://github.com/jonschlinkert/braces/blob/master/LICENSE"},"main":"index.js","engines":{"node":">=0.10.0"},"scripts":{"test":"mocha -R spec"},"files":["index.js","lib/"],"dependencies":{"expand-range":"^1.8.1","preserve":"^0.2.0","repeat-element":"^1.1.0"},"devDependencies":{"benchmarked":"^0.1.3","brace-expansion":"^1.1.0","chalk":"^0.5.1","minimatch":"^2.0.1","minimist":"^1.1.0","mocha":"*","should":"*"},"keywords":["alpha","alphabetical","bash","brace","expand","expansion","filepath","fill","fs","glob","globbing","letter","match","matches","matching","number","numerical","path","range","ranges","sh"],"gitHead":"3960c6f34a4383b657e9bac59fe1345e5d3177c1","_id":"braces@1.8.0","_shasum":"3a4a005aae0391817c17b074dca8f08e6fc9e4c4","_from":".","_npmVersion":"2.5.1","_nodeVersion":"0.12.0","_npmUser":{"name":"jonschlinkert","email":"github@sellside.com"},"maintainers":[{"name":"jonschlinkert","email":"github@sellside.com"}],"dist":{"shasum":"3a4a005aae0391817c17b074dca8f08e6fc9e4c4","tarball":"https://registry.npmjs.org/braces/-/braces-1.8.0.tgz"},"directories":{}},"1.8.1":{"name":"braces","description":"Fastest brace expansion for node.js, with the most complete support for the Bash 4.3 braces specification.","version":"1.8.1","homepage":"https://github.com/jonschlinkert/braces","author":{"name":"Jon Schlinkert","url":"https://github.com/jonschlinkert"},"repository":{"type":"git","url":"git+https://github.com/jonschlinkert/braces.git"},"bugs":{"url":"https://github.com/jonschlinkert/braces/issues"},"license":"MIT","main":"index.js","engines":{"node":">=0.10.0"},"scripts":{"test":"mocha"},"files":["index.js"],"dependencies":{"expand-range":"^1.8.1","lazy-cache":"^0.2.3","preserve":"^0.2.0","repeat-element":"^1.1.2"},"devDependencies":{"benchmarked":"^0.1.3","brace-expansion":"^1.1.0","chalk":"^0.5.1","minimatch":"^2.0.1","minimist":"^1.1.0","mocha":"*","should":"*"},"keywords":["alpha","alphabetical","bash","brace","expand","expansion","filepath","fill","fs","glob","globbing","letter","match","matches","matching","number","numerical","path","range","ranges","sh"],"gitHead":"04aa03dccdadaf469bb7cad86ac8a31d21e974d7","_id":"braces@1.8.1","_shasum":"2d195b85a0a997ec21be78a7f1bc970480b12a1a","_from":".","_npmVersion":"2.10.1","_nodeVersion":"0.12.4","_npmUser":{"name":"jonschlinkert","email":"github@sellside.com"},"maintainers":[{"name":"jonschlinkert","email":"github@sellside.com"},{"name":"es128","email":"elan.shanker+npm@gmail.com"},{"name":"doowb","email":"brian.woodward@gmail.com"}],"dist":{"shasum":"2d195b85a0a997ec21be78a7f1bc970480b12a1a","tarball":"https://registry.npmjs.org/braces/-/braces-1.8.1.tgz"},"directories":{}},"1.8.2":{"name":"braces","description":"Fastest brace expansion for node.js, with the most complete support for the Bash 4.3 braces specification.","version":"1.8.2","homepage":"https://github.com/jonschlinkert/braces","author":{"name":"Jon Schlinkert","url":"https://github.com/jonschlinkert"},"repository":{"type":"git","url":"git+https://github.com/jonschlinkert/braces.git"},"bugs":{"url":"https://github.com/jonschlinkert/braces/issues"},"license":"MIT","main":"index.js","engines":{"node":">=0.10.0"},"scripts":{"test":"mocha"},"files":["index.js","utils.js"],"dependencies":{"expand-range":"^1.8.1","lazy-cache":"^0.2.3","preserve":"^0.2.0","repeat-element":"^1.1.2"},"devDependencies":{"benchmarked":"^0.1.3","brace-expansion":"^1.1.0","chalk":"^0.5.1","minimatch":"^2.0.1","minimist":"^1.1.0","mocha":"*","should":"*"},"keywords":["alpha","alphabetical","bash","brace","expand","expansion","filepath","fill","fs","glob","globbing","letter","match","matches","matching","number","numerical","path","range","ranges","sh"],"gitHead":"9ab31c0dbf663ad08a7d9519286858f24e2ea9ac","_id":"braces@1.8.2","_shasum":"036e024051d4bbc7096428b4d6f20ea1f137a794","_from":".","_npmVersion":"2.13.3","_nodeVersion":"0.12.0","_npmUser":{"name":"doowb","email":"brian.woodward@gmail.com"},"dist":{"shasum":"036e024051d4bbc7096428b4d6f20ea1f137a794","tarball":"https://registry.npmjs.org/braces/-/braces-1.8.2.tgz"},"maintainers":[{"name":"jonschlinkert","email":"github@sellside.com"},{"name":"es128","email":"elan.shanker+npm@gmail.com"},{"name":"doowb","email":"brian.woodward@gmail.com"}],"directories":{}},"1.8.3":{"name":"braces","description":"Fastest brace expansion for node.js, with the most complete support for the Bash 4.3 braces specification.","version":"1.8.3","homepage":"https://github.com/jonschlinkert/braces","author":{"name":"Jon Schlinkert","url":"https://github.com/jonschlinkert"},"repository":{"type":"git","url":"git+https://github.com/jonschlinkert/braces.git"},"bugs":{"url":"https://github.com/jonschlinkert/braces/issues"},"license":"MIT","main":"index.js","engines":{"node":">=0.10.0"},"scripts":{"test":"mocha"},"files":["index.js","utils.js"],"dependencies":{"expand-range":"^1.8.1","preserve":"^0.2.0","repeat-element":"^1.1.2"},"devDependencies":{"benchmarked":"^0.1.3","brace-expansion":"^1.1.0","chalk":"^0.5.1","minimatch":"^2.0.1","minimist":"^1.1.0","mocha":"*","should":"*"},"keywords":["alpha","alphabetical","bash","brace","expand","expansion","filepath","fill","fs","glob","globbing","letter","match","matches","matching","number","numerical","path","range","ranges","sh"],"gitHead":"9ab31c0dbf663ad08a7d9519286858f24e2ea9ac","_id":"braces@1.8.3","_shasum":"35d4e7dda632b33e215d38a8a9cf4329c9c75d2c","_from":".","_npmVersion":"3.3.6","_nodeVersion":"5.0.0","_npmUser":{"name":"jonschlinkert","email":"github@sellside.com"},"maintainers":[{"name":"jonschlinkert","email":"github@sellside.com"},{"name":"es128","email":"elan.shanker+npm@gmail.com"},{"name":"doowb","email":"brian.woodward@gmail.com"}],"dist":{"shasum":"35d4e7dda632b33e215d38a8a9cf4329c9c75d2c","tarball":"https://registry.npmjs.org/braces/-/braces-1.8.3.tgz"},"directories":{}},"1.8.4":{"name":"braces","description":"Fastest brace expansion for node.js, with the most complete support for the Bash 4.3 braces specification.","version":"1.8.4","homepage":"https://github.com/jonschlinkert/braces","author":{"name":"Jon Schlinkert","url":"https://github.com/jonschlinkert"},"repository":{"type":"git","url":"git+https://github.com/jonschlinkert/braces.git"},"bugs":{"url":"https://github.com/jonschlinkert/braces/issues"},"license":"MIT","files":["index.js"],"main":"index.js","engines":{"node":">=0.10.0"},"scripts":{"test":"mocha"},"dependencies":{"expand-range":"^1.8.1","preserve":"^0.2.0","repeat-element":"^1.1.2"},"devDependencies":{"benchmarked":"^0.1.5","brace-expansion":"^1.1.3","chalk":"^1.1.3","gulp-format-md":"^0.1.8","minimatch":"^3.0.0","minimist":"^1.2.0","mocha":"^2.4.5","should":"^8.3.1"},"keywords":["alpha","alphabetical","bash","brace","expand","expansion","filepath","fill","fs","glob","globbing","letter","match","matches","matching","number","numerical","path","range","ranges","sh"],"verb":{"plugins":["gulp-format-md"],"reflinks":["verb"],"toc":false,"layout":"default","lint":{"reflinks":true},"tasks":["readme"],"related":{"list":["micromatch","expand-range","fill-range"]}},"gitHead":"de218311bfb9d3c72531beafec67c6572b5e9c18","_id":"braces@1.8.4","_shasum":"75e2d6456d48b06dbb5205ed63442a3bfc5eefce","_from":".","_npmVersion":"3.6.0","_nodeVersion":"5.5.0","_npmUser":{"name":"jonschlinkert","email":"github@sellside.com"},"maintainers":[{"name":"jonschlinkert","email":"github@sellside.com"},{"name":"es128","email":"elan.shanker+npm@gmail.com"},{"name":"doowb","email":"brian.woodward@gmail.com"}],"dist":{"shasum":"75e2d6456d48b06dbb5205ed63442a3bfc5eefce","tarball":"https://registry.npmjs.org/braces/-/braces-1.8.4.tgz"},"_npmOperationalInternal":{"host":"packages-12-west.internal.npmjs.com","tmp":"tmp/braces-1.8.4.tgz_1461140683394_0.9431159163359553"},"directories":{}},"1.8.5":{"name":"braces","description":"Fastest brace expansion for node.js, with the most complete support for the Bash 4.3 braces specification.","version":"1.8.5","homepage":"https://github.com/jonschlinkert/braces","author":{"name":"Jon Schlinkert","url":"https://github.com/jonschlinkert"},"repository":{"type":"git","url":"git+https://github.com/jonschlinkert/braces.git"},"bugs":{"url":"https://github.com/jonschlinkert/braces/issues"},"license":"MIT","files":["index.js"],"main":"index.js","engines":{"node":">=0.10.0"},"scripts":{"test":"mocha"},"dependencies":{"expand-range":"^1.8.1","preserve":"^0.2.0","repeat-element":"^1.1.2"},"devDependencies":{"benchmarked":"^0.1.5","brace-expansion":"^1.1.3","chalk":"^1.1.3","gulp-format-md":"^0.1.8","minimatch":"^3.0.0","minimist":"^1.2.0","mocha":"^2.4.5","should":"^8.3.1"},"keywords":["alpha","alphabetical","bash","brace","expand","expansion","filepath","fill","fs","glob","globbing","letter","match","matches","matching","number","numerical","path","range","ranges","sh"],"verb":{"plugins":["gulp-format-md"],"reflinks":["verb"],"toc":false,"layout":"default","lint":{"reflinks":true},"tasks":["readme"],"related":{"list":["micromatch","expand-range","fill-range"]}},"gitHead":"24874614ebeda1c5405180f1f6c9f374bcf384ce","_id":"braces@1.8.5","_shasum":"ba77962e12dff969d6b76711e914b737857bf6a7","_from":".","_npmVersion":"3.6.0","_nodeVersion":"5.5.0","_npmUser":{"name":"jonschlinkert","email":"github@sellside.com"},"maintainers":[{"name":"jonschlinkert","email":"github@sellside.com"},{"name":"es128","email":"elan.shanker+npm@gmail.com"},{"name":"doowb","email":"brian.woodward@gmail.com"}],"dist":{"shasum":"ba77962e12dff969d6b76711e914b737857bf6a7","tarball":"https://registry.npmjs.org/braces/-/braces-1.8.5.tgz"},"_npmOperationalInternal":{"host":"packages-16-east.internal.npmjs.com","tmp":"tmp/braces-1.8.5.tgz_1463843581552_0.5618140168953687"},"directories":{}}},"readme":"# braces [![NPM version](https://img.shields.io/npm/v/braces.svg?style=flat)](https://www.npmjs.com/package/braces) [![NPM downloads](https://img.shields.io/npm/dm/braces.svg?style=flat)](https://npmjs.org/package/braces) [![Build Status](https://img.shields.io/travis/jonschlinkert/braces.svg?style=flat)](https://travis-ci.org/jonschlinkert/braces)\n\nFastest brace expansion for node.js, with the most complete support for the Bash 4.3 braces specification.\n\n## Install\n\nInstall with [npm](https://www.npmjs.com/):\n\n```sh\n$ npm install braces --save\n```\n\n## Features\n\n* Complete support for the braces part of the [Bash 4.3 Brace Expansion](www.gnu.org/software/bash/). Braces passes [all of the relevant unit tests](#bash-4-3-support) from the spec.\n* Expands comma-separated values: `a/{b,c}/d` => `['a/b/d', 'a/c/d']`\n* Expands alphabetical or numerical ranges: `{1..3}` => `['1', '2', '3']`\n* [Very fast](#benchmarks)\n* [Special characters](./patterns.md) can be used to generate interesting patterns.\n\n## Example usage\n\n```js\nvar braces = require('braces');\n\nbraces('a/{x,y}/c{d}e')\n//=> ['a/x/cde', 'a/y/cde']\n\nbraces('a/b/c/{x,y}')\n//=> ['a/b/c/x', 'a/b/c/y']\n\nbraces('a/{x,{1..5},y}/c{d}e')\n//=> ['a/x/cde', 'a/1/cde', 'a/y/cde', 'a/2/cde', 'a/3/cde', 'a/4/cde', 'a/5/cde']\n```\n\n### Use case: fixtures\n\n> Use braces to generate test fixtures!\n\n**Example**\n\n```js\nvar braces = require('./');\nvar path = require('path');\nvar fs = require('fs');\n\nbraces('blah/{a..z}.js').forEach(function(fp) {\n  if (!fs.existsSync(path.dirname(fp))) {\n    fs.mkdirSync(path.dirname(fp));\n  }\n  fs.writeFileSync(fp, '');\n});\n```\n\nSee the [tests](./test/test.js) for more examples and use cases (also see the [bash spec tests](./test/bash-mm-adjusted.js));\n\n### Range expansion\n\nUses [expand-range](https://github.com/jonschlinkert/expand-range) for range expansion.\n\n```js\nbraces('a{1..3}b')\n//=> ['a1b', 'a2b', 'a3b']\n\nbraces('a{5..8}b')\n//=> ['a5b', 'a6b', 'a7b', 'a8b']\n\nbraces('a{00..05}b')\n//=> ['a00b', 'a01b', 'a02b', 'a03b', 'a04b', 'a05b']\n\nbraces('a{01..03}b')\n//=> ['a01b', 'a02b', 'a03b']\n\nbraces('a{000..005}b')\n//=> ['a000b', 'a001b', 'a002b', 'a003b', 'a004b', 'a005b']\n\nbraces('a{a..e}b')\n//=> ['aab', 'abb', 'acb', 'adb', 'aeb']\n\nbraces('a{A..E}b')\n//=> ['aAb', 'aBb', 'aCb', 'aDb', 'aEb']\n```\n\nPass a function as the last argument to customize range expansions:\n\n```js\nvar range = braces('x{a..e}y', function (str, i) {\n  return String.fromCharCode(str) + i;\n});\n\nconsole.log(range);\n//=> ['xa0y', 'xb1y', 'xc2y', 'xd3y', 'xe4y']\n```\n\nSee [expand-range](https://github.com/jonschlinkert/expand-range) for benchmarks, tests and the full list of range expansion features.\n\n## Options\n\n### options.makeRe\n\nType: `Boolean`\n\nDeafault: `false`\n\nReturn a regex-optimal string. If you're using braces to generate regex, this will result in dramatically faster performance.\n\n**Examples**\n\nWith the default settings (`{makeRe: false}`):\n\n```js\nbraces('{1..5}');\n//=> ['1', '2', '3', '4', '5']\n```\n\nWith `{makeRe: true}`:\n\n```js\nbraces('{1..5}', {makeRe: true});\n//=> ['[1-5]']\n\nbraces('{3..9..3}', {makeRe: true});\n//=> ['(3|6|9)']\n```\n\n### options.bash\n\nType: `Boolean`\n\nDefault: `false`\n\nEnables complete support for the Bash specification. The downside is a 20-25% speed decrease.\n\n**Example**\n\nUsing the default setting (`{bash: false}`):\n\n```js\nbraces('a{b}c');\n//=> ['abc']\n```\n\nIn bash (and minimatch), braces with one item are not expanded. To get the same result with braces, set `{bash: true}`:\n\n```js\nbraces('a{b}c', {bash: true});\n//=> ['a{b}c']\n```\n\n### options.nodupes\n\nType: `Boolean`\n\nDeafault: `true`\n\nDuplicates are removed by default. To keep duplicates, pass `{nodupes: false}` on the options\n\n## Bash 4.3 Support\n\n> Better support for Bash 4.3 than minimatch\n\nThis project has comprehensive unit tests, including tests coverted from [Bash 4.3](www.gnu.org/software/bash/). Currently only 8 of 102 unit tests fail, and\n\n## Run benchmarks\n\nInstall dev dependencies:\n\n```bash\nnpm i -d && npm benchmark\n```\n\n### Latest results\n\n```bash\n#1: escape.js\n  brace-expansion.js x 114,934 ops/sec ±1.24% (93 runs sampled)\n  braces.js x 342,254 ops/sec ±0.84% (90 runs sampled)\n\n#2: exponent.js\n  brace-expansion.js x 12,359 ops/sec ±0.86% (96 runs sampled)\n  braces.js x 20,389 ops/sec ±0.71% (97 runs sampled)\n\n#3: multiple.js\n  brace-expansion.js x 114,469 ops/sec ±1.44% (94 runs sampled)\n  braces.js x 401,621 ops/sec ±0.87% (91 runs sampled)\n\n#4: nested.js\n  brace-expansion.js x 102,769 ops/sec ±1.55% (92 runs sampled)\n  braces.js x 314,088 ops/sec ±0.71% (98 runs sampled)\n\n#5: normal.js\n  brace-expansion.js x 157,577 ops/sec ±1.65% (91 runs sampled)\n  braces.js x 1,115,950 ops/sec ±0.74% (94 runs sampled)\n\n#6: range.js\n  brace-expansion.js x 138,822 ops/sec ±1.71% (91 runs sampled)\n  braces.js x 1,108,353 ops/sec ±0.85% (94 runs sampled)\n```\n\n## Related projects\n\nYou might also be interested in these projects:\n\n* [expand-range](https://www.npmjs.com/package/expand-range): Fast, bash-like range expansion. Expand a range of numbers or letters, uppercase or lowercase. See… [more](https://www.npmjs.com/package/expand-range) | [homepage](https://github.com/jonschlinkert/expand-range)\n* [fill-range](https://www.npmjs.com/package/fill-range): Fill in a range of numbers or letters, optionally passing an increment or multiplier to… [more](https://www.npmjs.com/package/fill-range) | [homepage](https://github.com/jonschlinkert/fill-range)\n* [micromatch](https://www.npmjs.com/package/micromatch): Glob matching for javascript/node.js. A drop-in replacement and faster alternative to minimatch and multimatch. | [homepage](https://github.com/jonschlinkert/micromatch)\n\n## Contributing\n\nPull requests and stars are always welcome. For bugs and feature requests, [please create an issue](https://github.com/jonschlinkert/braces/issues/new).\n\n## Building docs\n\nGenerate readme and API documentation with [verb](https://github.com/verbose/verb):\n\n```sh\n$ npm install verb && npm run docs\n```\n\nOr, if [verb](https://github.com/verbose/verb) is installed globally:\n\n```sh\n$ verb\n```\n\n## Running tests\n\nInstall dev dependencies:\n\n```sh\n$ npm install -d && npm test\n```\n\n## Author\n\n**Jon Schlinkert**\n\n* [github/jonschlinkert](https://github.com/jonschlinkert)\n* [twitter/jonschlinkert](http://twitter.com/jonschlinkert)\n\n## License\n\nCopyright © 2016, [Jon Schlinkert](https://github.com/jonschlinkert).\nReleased under the [MIT license](https://github.com/jonschlinkert/braces/blob/master/LICENSE).\n\n***\n\n_This file was generated by [verb](https://github.com/verbose/verb), v0.9.0, on May 21, 2016._","maintainers":[{"name":"jonschlinkert","email":"github@sellside.com"},{"name":"es128","email":"elan.shanker+npm@gmail.com"},{"name":"doowb","email":"brian.woodward@gmail.com"}],"time":{"modified":"2016-05-21T15:13:02.602Z","created":"2014-10-20T16:26:32.656Z","0.1.0":"2014-10-20T16:26:32.656Z","0.1.1":"2014-10-22T18:19:54.228Z","0.1.2":"2014-10-22T18:51:58.044Z","0.1.3":"2014-11-15T03:23:28.705Z","0.1.4":"2014-11-15T03:24:22.095Z","0.1.5":"2014-11-24T02:08:00.293Z","1.0.0":"2014-12-23T11:35:57.637Z","1.1.0":"2015-01-12T00:45:29.358Z","1.2.0":"2015-01-16T11:55:08.268Z","1.3.0":"2015-01-24T11:32:14.592Z","1.4.0":"2015-01-25T00:33:05.711Z","1.5.0":"2015-01-28T18:08:49.158Z","1.5.1":"2015-01-30T13:27:20.249Z","1.6.0":"2015-01-30T13:35:38.758Z","1.7.0":"2015-01-31T00:24:25.055Z","1.8.0":"2015-03-18T11:37:22.409Z","1.8.1":"2015-08-21T10:17:04.643Z","1.8.2":"2015-10-19T17:46:05.744Z","1.8.3":"2015-12-19T23:03:30.884Z","1.8.4":"2016-04-20T08:24:45.636Z","1.8.5":"2016-05-21T15:13:02.602Z"},"homepage":"https://github.com/jonschlinkert/braces","keywords":["alpha","alphabetical","bash","brace","expand","expansion","filepath","fill","fs","glob","globbing","letter","match","matches","matching","number","numerical","path","range","ranges","sh"],"repository":{"type":"git","url":"git+https://github.com/jonschlinkert/braces.git"},"author":{"name":"Jon Schlinkert","url":"https://github.com/jonschlinkert"},"bugs":{"url":"https://github.com/jonschlinkert/braces/issues"},"readmeFilename":"README.md","license":"MIT","_attachments":{},"_etag":"\"8VWM8A84K3JWIZORRIFEVKYV4\""}