{"_id":"abbrev","_rev":"41-5519aa00730b0bf075740f83cc87e6b2","name":"abbrev","dist-tags":{"latest":"1.0.9"},"versions":{"1.0.3":{"name":"abbrev","version":"1.0.3","description":"Like ruby's abbrev module, but in js","author":{"name":"Isaac Z. Schlueter","email":"i@izs.me"},"main":"./lib/abbrev.js","scripts":{"test":"node lib/abbrev.js"},"repository":{"type":"git","url":"git://github.com/isaacs/abbrev-js.git"},"_id":"abbrev@1.0.3","engines":{"node":"*"},"_engineSupported":true,"_npmVersion":"1.0.0rc7","_nodeVersion":"v0.5.0-pre","_defaultsLoaded":true,"dist":{"shasum":"aa049c967f999222aa42e14434f0c562ef468241","tarball":"https://registry.npmjs.org/abbrev/-/abbrev-1.0.3.tgz"},"directories":{}},"1.0.4":{"name":"abbrev","version":"1.0.4","description":"Like ruby's abbrev module, but in js","author":{"name":"Isaac Z. Schlueter","email":"i@izs.me"},"main":"./lib/abbrev.js","scripts":{"test":"node lib/abbrev.js"},"repository":{"type":"git","url":"http://github.com/isaacs/abbrev-js"},"license":{"type":"MIT","url":"https://github.com/isaacs/abbrev-js/raw/master/LICENSE"},"_id":"abbrev@1.0.4","dist":{"shasum":"bd55ae5e413ba1722ee4caba1f6ea10414a59ecd","tarball":"https://registry.npmjs.org/abbrev/-/abbrev-1.0.4.tgz"},"_npmVersion":"1.1.70","_npmUser":{"name":"isaacs","email":"i@izs.me"},"maintainers":[{"name":"isaacs","email":"i@izs.me"}],"directories":{}},"1.0.5":{"name":"abbrev","version":"1.0.5","description":"Like ruby's abbrev module, but in js","author":{"name":"Isaac Z. Schlueter","email":"i@izs.me"},"main":"abbrev.js","scripts":{"test":"node test.js"},"repository":{"type":"git","url":"http://github.com/isaacs/abbrev-js"},"license":{"type":"MIT","url":"https://github.com/isaacs/abbrev-js/raw/master/LICENSE"},"bugs":{"url":"https://github.com/isaacs/abbrev-js/issues"},"homepage":"https://github.com/isaacs/abbrev-js","_id":"abbrev@1.0.5","_shasum":"5d8257bd9ebe435e698b2fa431afde4fe7b10b03","_from":".","_npmVersion":"1.4.7","_npmUser":{"name":"isaacs","email":"i@izs.me"},"maintainers":[{"name":"isaacs","email":"i@izs.me"}],"dist":{"shasum":"5d8257bd9ebe435e698b2fa431afde4fe7b10b03","tarball":"https://registry.npmjs.org/abbrev/-/abbrev-1.0.5.tgz"},"directories":{}},"1.0.6":{"name":"abbrev","version":"1.0.6","description":"Like ruby's abbrev module, but in js","author":{"name":"Isaac Z. Schlueter","email":"i@izs.me"},"main":"abbrev.js","scripts":{"test":"node test.js"},"repository":{"type":"git","url":"git+ssh://git@github.com/isaacs/abbrev-js.git"},"license":"ISC","gitHead":"648a6735d9c5a7a04885e3ada49eed4db36181c2","bugs":{"url":"https://github.com/isaacs/abbrev-js/issues"},"homepage":"https://github.com/isaacs/abbrev-js#readme","_id":"abbrev@1.0.6","_shasum":"b6d632b859b3fa2d6f7e4b195472461b9e32dc30","_from":".","_npmVersion":"2.10.0","_nodeVersion":"2.0.1","_npmUser":{"name":"isaacs","email":"isaacs@npmjs.com"},"dist":{"shasum":"b6d632b859b3fa2d6f7e4b195472461b9e32dc30","tarball":"https://registry.npmjs.org/abbrev/-/abbrev-1.0.6.tgz"},"maintainers":[{"name":"isaacs","email":"i@izs.me"}],"directories":{}},"1.0.7":{"name":"abbrev","version":"1.0.7","description":"Like ruby's abbrev module, but in js","author":{"name":"Isaac Z. Schlueter","email":"i@izs.me"},"main":"abbrev.js","scripts":{"test":"tap test.js --cov"},"repository":{"type":"git","url":"git+ssh://git@github.com/isaacs/abbrev-js.git"},"license":"ISC","devDependencies":{"tap":"^1.2.0"},"gitHead":"821d09ce7da33627f91bbd8ed631497ed6f760c2","bugs":{"url":"https://github.com/isaacs/abbrev-js/issues"},"homepage":"https://github.com/isaacs/abbrev-js#readme","_id":"abbrev@1.0.7","_shasum":"5b6035b2ee9d4fb5cf859f08a9be81b208491843","_from":".","_npmVersion":"2.10.1","_nodeVersion":"2.0.1","_npmUser":{"name":"isaacs","email":"isaacs@npmjs.com"},"dist":{"shasum":"5b6035b2ee9d4fb5cf859f08a9be81b208491843","tarball":"https://registry.npmjs.org/abbrev/-/abbrev-1.0.7.tgz"},"maintainers":[{"name":"isaacs","email":"i@izs.me"}],"directories":{}},"1.0.9":{"name":"abbrev","version":"1.0.9","description":"Like ruby's abbrev module, but in js","author":{"name":"Isaac Z. Schlueter","email":"i@izs.me"},"main":"abbrev.js","scripts":{"test":"tap test.js --cov"},"repository":{"type":"git","url":"git+ssh://git@github.com/isaacs/abbrev-js.git"},"license":"ISC","devDependencies":{"tap":"^5.7.2"},"files":["abbrev.js"],"gitHead":"c386cd9dbb1d8d7581718c54d4ba944cc9298d6f","bugs":{"url":"https://github.com/isaacs/abbrev-js/issues"},"homepage":"https://github.com/isaacs/abbrev-js#readme","_id":"abbrev@1.0.9","_shasum":"91b4792588a7738c25f35dd6f63752a2f8776135","_from":".","_npmVersion":"3.9.1","_nodeVersion":"4.4.4","_npmUser":{"name":"isaacs","email":"i@izs.me"},"dist":{"shasum":"91b4792588a7738c25f35dd6f63752a2f8776135","tarball":"https://registry.npmjs.org/abbrev/-/abbrev-1.0.9.tgz"},"maintainers":[{"name":"isaacs","email":"i@izs.me"}],"_npmOperationalInternal":{"host":"packages-16-east.internal.npmjs.com","tmp":"tmp/abbrev-1.0.9.tgz_1466016055839_0.7825860097073019"},"directories":{}}},"maintainers":[{"name":"isaacs","email":"i@izs.me"}],"author":{"name":"Isaac Z. Schlueter","email":"i@izs.me"},"description":"Like ruby's abbrev module, but in js","time":{"modified":"2016-10-12T10:36:33.501Z","created":"2011-03-21T22:21:11.183Z","1.0.1":"2011-03-21T22:21:11.183Z","1.0.2":"2011-03-21T22:21:11.183Z","1.0.3":"2011-03-21T22:21:11.183Z","1.0.3-1":"2011-03-24T23:01:19.581Z","1.0.4":"2013-01-09T00:01:24.135Z","1.0.5":"2014-04-17T20:09:12.523Z","1.0.6":"2015-05-21T00:58:16.778Z","1.0.7":"2015-05-30T22:57:54.685Z","1.0.9":"2016-06-15T18:41:01.215Z"},"repository":{"type":"git","url":"git+ssh://git@github.com/isaacs/abbrev-js.git"},"users":{"leesei":true,"ceejbot":true,"isaacs":true,"npm-www":true,"tunnckocore":true,"ruanyu1":true,"leodutra":true,"jessaustin":true,"jian263994241":true,"floriannagel":true},"readme":"# abbrev-js\n\nJust like [ruby's Abbrev](http://apidock.com/ruby/Abbrev).\n\nUsage:\n\n    var abbrev = require(\"abbrev\");\n    abbrev(\"foo\", \"fool\", \"folding\", \"flop\");\n    \n    // returns:\n    { fl: 'flop'\n    , flo: 'flop'\n    , flop: 'flop'\n    , fol: 'folding'\n    , fold: 'folding'\n    , foldi: 'folding'\n    , foldin: 'folding'\n    , folding: 'folding'\n    , foo: 'foo'\n    , fool: 'fool'\n    }\n\nThis is handy for command-line scripts, or other cases where you want to be able to accept shorthands.\n","readmeFilename":"README.md","homepage":"https://github.com/isaacs/abbrev-js#readme","bugs":{"url":"https://github.com/isaacs/abbrev-js/issues"},"license":"ISC","_attachments":{},"_etag":"\"DLUYOKCTS1KVKUK8BNXK7BIHO\""}