{"_id":"prelude-ls","_rev":"28-328e2b389c99a9aa4972bb6cacd06edc","name":"prelude-ls","description":"prelude.ls is a functionally oriented utility library. It is powerful and flexible. Almost all of its functions are curried. It is written in, and is the recommended base library for, LiveScript.","dist-tags":{"latest":"1.1.2"},"versions":{"0.2.0":{"name":"prelude-ls","version":"0.2.0","description":"prelude.ls is the recommended base library for LiveScript, however it will work in any JavaScript environment. It provides a set of functions somewhat based off of Haskell's Prelude.","keywords":["library","prelude","livescript","ls","coffeescript","javascript"],"author":{"name":"George Zahariev","email":"z@georgezahariev.com"},"homepage":"https://github.com/gkz/prelude-ls","bugs":{"name":"https://github.com/gkz/prelude-ls/issues"},"licenses":[{"type":"MIT","url":"https://raw.github.com/gkz/prelude-ls/master/LICENSE"}],"engines":{"node":">= 0.6.14 < 0.9.0"},"files":["prelude.js","README.md","LICENSE"],"main":"./prelude.js","repository":{"type":"git","url":"git://github.com/gkz/prelude-ls.git"},"_npmUser":{"name":"gkz","email":"z@georgezahariev.com"},"_id":"prelude-ls@0.2.0","dependencies":{},"devDependencies":{},"optionalDependencies":{},"_engineSupported":true,"_npmVersion":"1.1.22","_nodeVersion":"v0.6.17","_defaultsLoaded":true,"dist":{"shasum":"6c2894fb561589816c2f0b3ec4afe64762fcd565","tarball":"https://registry.npmjs.org/prelude-ls/-/prelude-ls-0.2.0.tgz"},"maintainers":[{"name":"gkz","email":"z@georgezahariev.com"}],"directories":{}},"0.3.0":{"name":"prelude-ls","version":"0.3.0","description":"prelude.ls is the recommended base library for LiveScript, however it will work in any JavaScript environment. It provides a set of functions somewhat based off of Haskell's Prelude.","keywords":["library","prelude","livescript","ls","coffeescript","javascript"],"author":{"name":"George Zahariev","email":"z@georgezahariev.com"},"homepage":"https://github.com/gkz/prelude-ls","bugs":{"name":"https://github.com/gkz/prelude-ls/issues"},"licenses":[{"type":"MIT","url":"https://raw.github.com/gkz/prelude-ls/master/LICENSE"}],"engines":{"node":">= 0.6.14 < 0.9.0"},"files":["prelude.js","README.md","LICENSE"],"main":"./prelude.js","repository":{"type":"git","url":"git://github.com/gkz/prelude-ls.git"},"_npmUser":{"name":"gkz","email":"z@georgezahariev.com"},"_id":"prelude-ls@0.3.0","dependencies":{},"devDependencies":{},"optionalDependencies":{},"_engineSupported":true,"_npmVersion":"1.1.22","_nodeVersion":"v0.6.17","_defaultsLoaded":true,"dist":{"shasum":"2594b3ba72d7ae6c43c27c5f18e0100d54333e5e","tarball":"https://registry.npmjs.org/prelude-ls/-/prelude-ls-0.3.0.tgz"},"maintainers":[{"name":"gkz","email":"z@georgezahariev.com"}],"directories":{}},"0.4.0":{"name":"prelude-ls","version":"0.4.0","description":"prelude.ls is a JavaScript functional programming library. It is the recommended base library for, and is written in, LiveScript. It is based off of Haskell's Prelude module.","keywords":["library","prelude","livescript","ls","coffeescript","javascript"],"author":{"name":"George Zahariev","email":"z@georgezahariev.com"},"homepage":"http://gkz.github.com/prelude-ls/","bugs":{"name":"https://github.com/gkz/prelude-ls/issues"},"licenses":[{"type":"MIT","url":"https://raw.github.com/gkz/prelude-ls/master/LICENSE"}],"engines":{"node":">= 0.6.14 < 0.9.0"},"files":["prelude.js","README.md","LICENSE"],"main":"./prelude.js","repository":{"type":"git","url":"git://github.com/gkz/prelude-ls.git"},"_npmUser":{"name":"gkz","email":"z@georgezahariev.com"},"_id":"prelude-ls@0.4.0","dependencies":{},"devDependencies":{},"optionalDependencies":{},"_engineSupported":true,"_npmVersion":"1.1.22","_nodeVersion":"v0.6.17","_defaultsLoaded":true,"dist":{"shasum":"3adaaba26674ddfca1c91b61829a05443965043e","tarball":"https://registry.npmjs.org/prelude-ls/-/prelude-ls-0.4.0.tgz"},"maintainers":[{"name":"gkz","email":"z@georgezahariev.com"}],"directories":{}},"0.5.0":{"name":"prelude-ls","version":"0.5.0","description":"prelude.ls is a JavaScript functional programming library. It is the recommended base library for, and is written in, LiveScript. It is based off of Haskell's Prelude module.","keywords":["library","prelude","livescript","ls","coffeescript","javascript"],"author":{"name":"George Zahariev","email":"z@georgezahariev.com"},"homepage":"http://gkz.github.com/prelude-ls/","bugs":{"name":"https://github.com/gkz/prelude-ls/issues"},"licenses":[{"type":"MIT","url":"https://raw.github.com/gkz/prelude-ls/master/LICENSE"}],"engines":{"node":">= 0.6.14 < 0.9.0"},"files":["prelude.js","README.md","LICENSE"],"main":"./prelude.js","repository":{"type":"git","url":"git://github.com/gkz/prelude-ls.git"},"_npmUser":{"name":"gkz","email":"z@georgezahariev.com"},"_id":"prelude-ls@0.5.0","dependencies":{},"devDependencies":{},"optionalDependencies":{},"_engineSupported":true,"_npmVersion":"1.1.22","_nodeVersion":"v0.6.17","_defaultsLoaded":true,"dist":{"shasum":"bdfe8c5c40cf8476d31420348ded01629f9d16eb","tarball":"https://registry.npmjs.org/prelude-ls/-/prelude-ls-0.5.0.tgz"},"maintainers":[{"name":"gkz","email":"z@georgezahariev.com"}],"directories":{}},"0.6.0":{"name":"prelude-ls","version":"0.6.0","description":"prelude.ls is a JavaScript functional programming library. It is the recommended base library for, and is written in, LiveScript. It is based off of Haskell's Prelude module.","keywords":["library","prelude","livescript","ls","coffeescript","javascript"],"author":{"name":"George Zahariev","email":"z@georgezahariev.com"},"homepage":"http://gkz.github.com/prelude-ls/","bugs":"https://github.com/gkz/prelude-ls/issues","licenses":[{"type":"MIT","url":"https://raw.github.com/gkz/prelude-ls/master/LICENSE"}],"engines":{"node":">= 0.8.0"},"files":["prelude.js","prelude-browser.js","prelude-browser-min.js","README.md","LICENSE"],"main":"./prelude.js","repository":{"type":"git","url":"git://github.com/gkz/prelude-ls.git"},"_id":"prelude-ls@0.6.0","dist":{"shasum":"cf824b4b47cc73cbd96f9e9885073b43aaeaab3b","tarball":"https://registry.npmjs.org/prelude-ls/-/prelude-ls-0.6.0.tgz"},"maintainers":[{"name":"gkz","email":"z@georgezahariev.com"}],"directories":{}},"1.0.0":{"name":"prelude-ls","version":"1.0.0","author":{"name":"George Zahariev","email":"z@georgezahariev.com"},"description":"prelude.ls is a functionally oriented utility library. It is powerful and flexible. Almost all of its functions are curried. It is written in, and is the recommended base library for, LiveScript.","keywords":["prelude","livescript","utility","ls","coffeescript","javascript","library","functional","array","list","object","string"],"main":"lib/","files":["lib/","README.md","LICENSE"],"homepage":"http://gkz.github.io/prelude-ls/","bugs":"https://github.com/gkz/prelude-ls/issues","licenses":[{"type":"MIT","url":"https://raw.github.com/gkz/prelude-ls/master/LICENSE"}],"engines":{"node":">= 0.8.0"},"repository":{"type":"git","url":"git://github.com/gkz/prelude-ls.git"},"scripts":{"test":"make test"},"devDependencies":{"LiveScript":"~1.1.1","uglify-js":"~2.2.5","mocha":"~1.8.2","browserify":"~2.13.2"},"_id":"prelude-ls@1.0.0","dist":{"shasum":"7254486e93c17e4a2ee25990f0636105c56284d0","tarball":"https://registry.npmjs.org/prelude-ls/-/prelude-ls-1.0.0.tgz"},"_npmVersion":"1.1.59","_npmUser":{"name":"gkz","email":"z@georgezahariev.com"},"maintainers":[{"name":"gkz","email":"z@georgezahariev.com"}],"directories":{}},"1.0.1":{"name":"prelude-ls","version":"1.0.1","author":{"name":"George Zahariev","email":"z@georgezahariev.com"},"description":"prelude.ls is a functionally oriented utility library. It is powerful and flexible. Almost all of its functions are curried. It is written in, and is the recommended base library for, LiveScript.","keywords":["prelude","livescript","utility","ls","coffeescript","javascript","library","functional","array","list","object","string"],"main":"lib/","files":["lib/","README.md","LICENSE"],"homepage":"http://preludels.com","bugs":"https://github.com/gkz/prelude-ls/issues","licenses":[{"type":"MIT","url":"https://raw.github.com/gkz/prelude-ls/master/LICENSE"}],"engines":{"node":">= 0.8.0"},"repository":{"type":"git","url":"git://github.com/gkz/prelude-ls.git"},"scripts":{"test":"make test"},"devDependencies":{"LiveScript":"~1.1.1","uglify-js":"~2.2.5","mocha":"~1.8.2","browserify":"~2.13.2"},"_id":"prelude-ls@1.0.1","dist":{"shasum":"5a3726d0ee4701bb14bd53fa79a581f2ba54a3c3","tarball":"https://registry.npmjs.org/prelude-ls/-/prelude-ls-1.0.1.tgz"},"_npmVersion":"1.1.59","_npmUser":{"name":"gkz","email":"z@georgezahariev.com"},"maintainers":[{"name":"gkz","email":"z@georgezahariev.com"}],"directories":{}},"1.0.2":{"name":"prelude-ls","version":"1.0.2","author":{"name":"George Zahariev","email":"z@georgezahariev.com"},"description":"prelude.ls is a functionally oriented utility library. It is powerful and flexible. Almost all of its functions are curried. It is written in, and is the recommended base library for, LiveScript.","keywords":["prelude","livescript","utility","ls","coffeescript","javascript","library","functional","array","list","object","string"],"main":"lib/","files":["lib/","README.md","LICENSE"],"homepage":"http://preludels.com","bugs":"https://github.com/gkz/prelude-ls/issues","licenses":[{"type":"MIT","url":"https://raw.github.com/gkz/prelude-ls/master/LICENSE"}],"engines":{"node":">= 0.8.0"},"repository":{"type":"git","url":"git://github.com/gkz/prelude-ls.git"},"scripts":{"test":"make test"},"devDependencies":{"LiveScript":"~1.1.1","uglify-js":"~2.2.5","mocha":"~1.8.2","browserify":"~2.13.2"},"_id":"prelude-ls@1.0.2","dist":{"shasum":"94ae970021cae523f6556f27bf0398689388d616","tarball":"https://registry.npmjs.org/prelude-ls/-/prelude-ls-1.0.2.tgz"},"_npmVersion":"1.1.59","_npmUser":{"name":"gkz","email":"z@georgezahariev.com"},"maintainers":[{"name":"gkz","email":"z@georgezahariev.com"}],"directories":{}},"1.0.3":{"name":"prelude-ls","version":"1.0.3","author":{"name":"George Zahariev","email":"z@georgezahariev.com"},"description":"prelude.ls is a functionally oriented utility library. It is powerful and flexible. Almost all of its functions are curried. It is written in, and is the recommended base library for, LiveScript.","keywords":["prelude","livescript","utility","ls","coffeescript","javascript","library","functional","array","list","object","string"],"main":"lib/","files":["lib/","README.md","LICENSE"],"homepage":"http://preludels.com","bugs":"https://github.com/gkz/prelude-ls/issues","licenses":[{"type":"MIT","url":"https://raw.github.com/gkz/prelude-ls/master/LICENSE"}],"engines":{"node":">= 0.8.0"},"repository":{"type":"git","url":"git://github.com/gkz/prelude-ls.git"},"scripts":{"test":"make test"},"devDependencies":{"LiveScript":"~1.1.1","uglify-js":"~2.2.5","mocha":"~1.8.2","browserify":"~2.13.2"},"_id":"prelude-ls@1.0.3","dist":{"shasum":"443920ce8940a8294b993fbfcee63b9a8920dce0","tarball":"https://registry.npmjs.org/prelude-ls/-/prelude-ls-1.0.3.tgz"},"_npmVersion":"1.1.59","_npmUser":{"name":"gkz","email":"z@georgezahariev.com"},"maintainers":[{"name":"gkz","email":"z@georgezahariev.com"}],"directories":{}},"1.1.0":{"name":"prelude-ls","version":"1.1.0","author":{"name":"George Zahariev","email":"z@georgezahariev.com"},"description":"prelude.ls is a functionally oriented utility library. It is powerful and flexible. Almost all of its functions are curried. It is written in, and is the recommended base library for, LiveScript.","keywords":["prelude","livescript","utility","ls","coffeescript","javascript","library","functional","array","list","object","string"],"main":"lib/","files":["lib/","README.md","LICENSE"],"homepage":"http://preludels.com","bugs":{"url":"https://github.com/gkz/prelude-ls/issues"},"licenses":[{"type":"MIT","url":"https://raw.github.com/gkz/prelude-ls/master/LICENSE"}],"engines":{"node":">= 0.8.0"},"repository":{"type":"git","url":"git://github.com/gkz/prelude-ls.git"},"scripts":{"test":"make test"},"devDependencies":{"LiveScript":"~1.2.0","uglify-js":"~2.4.12","mocha":"~1.17.1","istanbul":"~0.2.4","browserify":"~3.24.13"},"_id":"prelude-ls@1.1.0","dist":{"shasum":"10e41f713af366c67fa6f2e926d015c02462eca5","tarball":"https://registry.npmjs.org/prelude-ls/-/prelude-ls-1.1.0.tgz"},"_from":".","_npmVersion":"1.3.21","_npmUser":{"name":"gkz","email":"z@georgezahariev.com"},"maintainers":[{"name":"gkz","email":"z@georgezahariev.com"}],"directories":{}},"1.1.1":{"name":"prelude-ls","version":"1.1.1","author":{"name":"George Zahariev","email":"z@georgezahariev.com"},"description":"prelude.ls is a functionally oriented utility library. It is powerful and flexible. Almost all of its functions are curried. It is written in, and is the recommended base library for, LiveScript.","keywords":["prelude","livescript","utility","ls","coffeescript","javascript","library","functional","array","list","object","string"],"main":"lib/","files":["lib/","README.md","LICENSE"],"homepage":"http://preludels.com","bugs":{"url":"https://github.com/gkz/prelude-ls/issues"},"licenses":[{"type":"MIT","url":"https://raw.github.com/gkz/prelude-ls/master/LICENSE"}],"engines":{"node":">= 0.8.0"},"repository":{"type":"git","url":"git://github.com/gkz/prelude-ls.git"},"scripts":{"test":"make test"},"devDependencies":{"LiveScript":"~1.2.0","uglify-js":"~2.4.12","mocha":"~1.17.1","istanbul":"~0.2.4","browserify":"~3.24.13"},"_id":"prelude-ls@1.1.1","dist":{"shasum":"c0b86c1ffd151ad3cc75e7e3fe38d7a1bf33728a","tarball":"https://registry.npmjs.org/prelude-ls/-/prelude-ls-1.1.1.tgz"},"_from":".","_npmVersion":"1.3.21","_npmUser":{"name":"gkz","email":"z@georgezahariev.com"},"maintainers":[{"name":"gkz","email":"z@georgezahariev.com"}],"directories":{}},"1.1.2":{"name":"prelude-ls","version":"1.1.2","author":{"name":"George Zahariev","email":"z@georgezahariev.com"},"description":"prelude.ls is a functionally oriented utility library. It is powerful and flexible. Almost all of its functions are curried. It is written in, and is the recommended base library for, LiveScript.","keywords":["prelude","livescript","utility","ls","coffeescript","javascript","library","functional","array","list","object","string"],"main":"lib/","files":["lib/","README.md","LICENSE"],"homepage":"http://preludels.com","bugs":{"url":"https://github.com/gkz/prelude-ls/issues"},"licenses":[{"type":"MIT","url":"https://raw.github.com/gkz/prelude-ls/master/LICENSE"}],"engines":{"node":">= 0.8.0"},"repository":{"type":"git","url":"git://github.com/gkz/prelude-ls.git"},"scripts":{"test":"make test"},"devDependencies":{"livescript":"~1.4.0","uglify-js":"~2.4.12","mocha":"~2.2.4","istanbul":"~0.2.4","browserify":"~3.24.13","sinon":"~1.10.2"},"gitHead":"d69be8fd8a682321ba24eced17caf3a1b8ca73b8","_id":"prelude-ls@1.1.2","_shasum":"21932a549f5e52ffd9a827f570e04be62a97da54","_from":".","_npmVersion":"2.7.6","_nodeVersion":"0.11.15","_npmUser":{"name":"gkz","email":"z@georgezahariev.com"},"maintainers":[{"name":"gkz","email":"z@georgezahariev.com"}],"dist":{"shasum":"21932a549f5e52ffd9a827f570e04be62a97da54","tarball":"https://registry.npmjs.org/prelude-ls/-/prelude-ls-1.1.2.tgz"},"directories":{}}},"readme":"# prelude.ls [![Build Status](https://travis-ci.org/gkz/prelude-ls.png?branch=master)](https://travis-ci.org/gkz/prelude-ls)\n\nis a functionally oriented utility library. It is powerful and flexible. Almost all of its functions are curried. It is written in, and is the recommended base library for, <a href=\"http://livescript.net\">LiveScript</a>.\n\nSee **[the prelude.ls site](http://preludels.com)** for examples, a reference, and more.\n\nYou can install via npm `npm install prelude-ls`\n\n### Development\n\n`make test` to test\n\n`make build` to build `lib` from `src`\n\n`make build-browser` to build browser versions\n","maintainers":[{"name":"gkz","email":"z@georgezahariev.com"}],"time":{"modified":"2015-05-15T02:42:34.500Z","created":"2012-05-29T01:19:15.161Z","0.2.0":"2012-05-29T01:19:17.563Z","0.3.0":"2012-06-13T20:45:59.428Z","0.4.0":"2012-06-18T20:06:42.638Z","0.5.0":"2012-06-25T22:11:58.400Z","0.6.0":"2012-07-30T07:27:19.757Z","1.0.0":"2013-05-12T01:12:10.823Z","1.0.1":"2013-07-12T16:01:59.706Z","1.0.2":"2013-07-26T22:39:57.801Z","1.0.3":"2013-07-26T22:54:18.498Z","1.1.0":"2014-03-28T22:41:09.888Z","1.1.1":"2014-04-09T22:31:43.679Z","1.1.2":"2015-05-15T02:42:34.500Z"},"author":{"name":"George Zahariev","email":"z@georgezahariev.com"},"repository":{"type":"git","url":"git://github.com/gkz/prelude-ls.git"},"users":{"fgribreau":true,"delapouite":true,"hoitmort":true,"net-burst":true},"homepage":"http://preludels.com","keywords":["prelude","livescript","utility","ls","coffeescript","javascript","library","functional","array","list","object","string"],"bugs":{"url":"https://github.com/gkz/prelude-ls/issues"},"readmeFilename":"README.md","_attachments":{},"_etag":"\"AHOV07OLICHES8J3ORFIW5J89\""}