{"_id":"braces","_rev":"43-ba82d3d8aa772ee11db129e09dd08edc","name":"braces","description":"Fast, comprehensive, bash-like brace expansion implemented in JavaScript. Complete support for the Bash 4.3 braces specification, without sacrificing speed.","dist-tags":{"latest":"2.0.0"},"versions":{"0.1.0":{"name":"braces","description":"Faster brace expansion for file paths.","version":"0.1.0","homepage":"https://github.com/jonschlinkert/braces","author":{"name":"Jon Schlinkert","url":"https://github.com/jonschlinkert"},"repository":{"type":"git","url":"git://github.com/jonschlinkert/braces.git"},"bugs":{"url":"https://github.com/jonschlinkert/braces/issues"},"licenses":[{"type":"MIT","url":"https://github.com/jonschlinkert/braces/blob/master/LICENSE-MIT"}],"main":"index.js","engines":{"node":">=0.10.0"},"scripts":{"test":"mocha -R spec"},"devDependencies":{"benchmarked":"^0.1.1","brace-expansion":"0.0.0","lodash":"^2.4.1","minimatch":"^1.0.0","mocha":"*","should":"^4.1.0","verb":">= 0.2.6","verb-tag-jscomments":">= 0.2.0"},"keywords":["alpha","alphabetical","bash","brace","expand","expansion","glob","match","matches","matching","number","numerical","range","ranges","sh"],"dependencies":{"expand-range":"^0.1.0"},"_id":"braces@0.1.0","_shasum":"2ea567d1f9622ba2395135bbf81fe140da7fefeb","_from":".","_npmVersion":"1.4.9","_npmUser":{"name":"jonschlinkert","email":"github@sellside.com"},"maintainers":[{"name":"jonschlinkert","email":"github@sellside.com"}],"dist":{"shasum":"2ea567d1f9622ba2395135bbf81fe140da7fefeb","tarball":"https://registry.npmjs.org/braces/-/braces-0.1.0.tgz"},"directories":{}},"0.1.1":{"name":"braces","description":"Faster brace expansion for file paths.","version":"0.1.1","homepage":"https://github.com/jonschlinkert/braces","author":{"name":"Jon Schlinkert","url":"https://github.com/jonschlinkert"},"repository":{"type":"git","url":"git://github.com/jonschlinkert/braces.git"},"bugs":{"url":"https://github.com/jonschlinkert/braces/issues"},"licenses":[{"type":"MIT","url":"https://github.com/jonschlinkert/braces/blob/master/LICENSE-MIT"}],"main":"index.js","engines":{"node":">=0.10.0"},"scripts":{"test":"mocha -R spec"},"devDependencies":{"benchmarked":"^0.1.1","brace-expansion":"0.0.0","lodash":"^2.4.1","minimatch":"^1.0.0","mocha":"*","should":"^4.1.0","verb":">= 0.2.6","verb-tag-jscomments":">= 0.2.0"},"keywords":["alpha","alphabetical","bash","brace","expand","expansion","file","filepath","fp","fs","glob","globbing","match","matches","matching","number","numerical","path","range","ranges","sh"],"dependencies":{"expand-range":"^0.1.0"},"_id":"braces@0.1.1","_shasum":"9b3c273b426d1a7b3c9265094a9434ab84643ba3","_from":".","_npmVersion":"1.4.9","_npmUser":{"name":"jonschlinkert","email":"github@sellside.com"},"maintainers":[{"name":"jonschlinkert","email":"github@sellside.com"}],"dist":{"shasum":"9b3c273b426d1a7b3c9265094a9434ab84643ba3","tarball":"https://registry.npmjs.org/braces/-/braces-0.1.1.tgz"},"directories":{}},"0.1.2":{"name":"braces","description":"Faster brace expansion for file paths.","version":"0.1.2","homepage":"https://github.com/jonschlinkert/braces","author":{"name":"Jon Schlinkert","url":"https://github.com/jonschlinkert"},"repository":{"type":"git","url":"git://github.com/jonschlinkert/braces.git"},"bugs":{"url":"https://github.com/jonschlinkert/braces/issues"},"licenses":[{"type":"MIT","url":"https://github.com/jonschlinkert/braces/blob/master/LICENSE-MIT"}],"main":"index.js","engines":{"node":">=0.10.0"},"scripts":{"test":"mocha -R spec"},"devDependencies":{"benchmarked":"^0.1.1","brace-expansion":"0.0.0","lodash":"^2.4.1","minimatch":"^1.0.0","mocha":"*","should":"^4.1.0","verb":">= 0.2.6","verb-tag-jscomments":">= 0.2.0"},"keywords":["alpha","alphabetical","bash","brace","expand","expansion","file","filepath","fp","fs","glob","globbing","match","matches","matching","number","numerical","path","range","ranges","sh"],"dependencies":{"expand-range":"^0.1.0"},"_id":"braces@0.1.2","_shasum":"f794ff9aabe60eaf557e9607cc850c8f531a12be","_from":".","_npmVersion":"1.4.9","_npmUser":{"name":"jonschlinkert","email":"github@sellside.com"},"maintainers":[{"name":"jonschlinkert","email":"github@sellside.com"}],"dist":{"shasum":"f794ff9aabe60eaf557e9607cc850c8f531a12be","tarball":"https://registry.npmjs.org/braces/-/braces-0.1.2.tgz"},"directories":{}},"0.1.4":{"name":"braces","description":"Fastest brace expansion lib. Typically used with file paths, but can be used with any string. Expands comma-separated values (e.g. `foo/{a,b,c}/bar`) and alphabetical or numerical ranges (e.g. `{1..9}`)","version":"0.1.4","homepage":"https://github.com/jonschlinkert/braces","author":{"name":"Jon Schlinkert","url":"https://github.com/jonschlinkert"},"repository":{"type":"git","url":"git://github.com/jonschlinkert/braces.git"},"bugs":{"url":"https://github.com/jonschlinkert/braces/issues"},"licenses":[{"type":"MIT","url":"https://github.com/jonschlinkert/braces/blob/master/LICENSE-MIT"}],"main":"index.js","engines":{"node":">=0.10.0"},"scripts":{"test":"mocha -R spec"},"devDependencies":{"benchmarked":"^0.1.1","brace-expansion":"0.0.0","lodash":"^2.4.1","minimatch":"^1.0.0","mocha":"*","should":"^4.1.0"},"keywords":["alpha","alphabetical","bash","brace","expand","expansion","file","filepath","fp","fs","glob","globbing","match","matches","matching","number","numerical","path","range","ranges","sh"],"dependencies":{"expand-range":"^0.1.0"},"_id":"braces@0.1.4","_shasum":"45ed440222debb0fec60b06bb75059e421c590fd","_from":".","_npmVersion":"1.4.9","_npmUser":{"name":"jonschlinkert","email":"github@sellside.com"},"maintainers":[{"name":"jonschlinkert","email":"github@sellside.com"}],"dist":{"shasum":"45ed440222debb0fec60b06bb75059e421c590fd","tarball":"https://registry.npmjs.org/braces/-/braces-0.1.4.tgz"},"directories":{}},"0.1.5":{"name":"braces","description":"Fastest brace expansion lib. Typically used with file paths, but can be used with any string. Expands comma-separated values (e.g. `foo/{a,b,c}/bar`) and alphabetical or numerical ranges (e.g. `{1..9}`)","version":"0.1.5","homepage":"https://github.com/jonschlinkert/braces","author":{"name":"Jon Schlinkert","url":"https://github.com/jonschlinkert"},"repository":{"type":"git","url":"git://github.com/jonschlinkert/braces.git"},"bugs":{"url":"https://github.com/jonschlinkert/braces/issues"},"licenses":[{"type":"MIT","url":"https://github.com/jonschlinkert/braces/blob/master/LICENSE-MIT"}],"main":"index.js","engines":{"node":">=0.10.0"},"scripts":{"test":"mocha -R spec"},"dependencies":{"expand-range":"^0.1.0"},"devDependencies":{"benchmarked":"^0.1.1","brace-expansion":"0.0.0","lodash":"^2.4.1","minimatch":"^1.0.0","mocha":"*","should":"^4.1.0"},"keywords":["alpha","alphabetical","bash","brace","expand","expansion","file","filepath","fp","fs","glob","globbing","match","matches","matching","number","numerical","path","range","ranges","sh"],"_id":"braces@0.1.5","_shasum":"c085711085291d8b75fdd74eab0f8597280711e6","_from":".","_npmVersion":"1.4.9","_npmUser":{"name":"jonschlinkert","email":"github@sellside.com"},"maintainers":[{"name":"jonschlinkert","email":"github@sellside.com"}],"dist":{"shasum":"c085711085291d8b75fdd74eab0f8597280711e6","tarball":"https://registry.npmjs.org/braces/-/braces-0.1.5.tgz"},"directories":{}},"1.0.0":{"name":"braces","description":"Fastest brace expansion lib, with the most complete implementation of the Bash 4.3 spec.","version":"1.0.0","homepage":"https://github.com/jonschlinkert/braces","author":{"name":"Jon Schlinkert","url":"https://github.com/jonschlinkert"},"repository":{"type":"git","url":"git://github.com/jonschlinkert/braces.git"},"bugs":{"url":"https://github.com/jonschlinkert/braces/issues"},"license":{"type":"MIT","url":"https://github.com/jonschlinkert/braces/blob/master/LICENSE-MIT"},"main":"index.js","engines":{"node":">=0.10.0"},"scripts":{"test":"mocha -R spec"},"dependencies":{"expand-range":"^0.3.1"},"devDependencies":{"benchmarked":"^0.1.3","brace-expansion":"^1.1.0","minimatch":"^2.0.1","mocha":"^2.1.0","should":"^4.4.1","write":"^0.1.1"},"keywords":["alpha","alphabetical","bash","brace","expand","expansion","file","filepath","fp","fs","glob","globbing","match","matches","matching","number","numerical","path","range","ranges","sh"],"gitHead":"1acbc5c311a615b0cb94f5309f40329a6d8b6bcb","_id":"braces@1.0.0","_shasum":"991c57970805294a6f1a8aade96c9037fcea1246","_from":".","_npmVersion":"1.4.23","_npmUser":{"name":"jonschlinkert","email":"github@sellside.com"},"maintainers":[{"name":"jonschlinkert","email":"github@sellside.com"}],"dist":{"shasum":"991c57970805294a6f1a8aade96c9037fcea1246","tarball":"https://registry.npmjs.org/braces/-/braces-1.0.0.tgz"},"directories":{}},"1.1.0":{"name":"braces","description":"Fastest brace expansion for node.js, with more complete support of Bash 4.3 than minimatch.","version":"1.1.0","homepage":"https://github.com/jonschlinkert/braces","author":{"name":"Jon Schlinkert","url":"https://github.com/jonschlinkert"},"repository":{"type":"git","url":"git://github.com/jonschlinkert/braces.git"},"bugs":{"url":"https://github.com/jonschlinkert/braces/issues"},"license":{"type":"MIT","url":"https://github.com/jonschlinkert/braces/blob/master/LICENSE"},"main":"index.js","engines":{"node":">=0.10.0"},"scripts":{"test":"mocha -R spec"},"dependencies":{"arr-filter":"^1.0.0","expand-range":"^1.1.0","preserve":"^0.2.0"},"devDependencies":{"benchmarked":"^0.1.3","brace-expansion":"^1.1.0","chalk":"^0.5.1","minimatch":"^2.0.1","minimist":"^1.1.0","mocha":"*","should":"*","write":"^0.1.1"},"keywords":["alpha","alphabetical","bash","brace","expand","expansion","filepath","fill","fs","glob","globbing","letter","match","matches","matching","number","numerical","path","range","ranges","sh"],"gitHead":"762112a749c669e7fae57eace98e481e145b3bfa","_id":"braces@1.1.0","_shasum":"1fd01ee8420a7196d234f2a29dc1bfe6e259854b","_from":".","_npmVersion":"1.4.23","_npmUser":{"name":"jonschlinkert","email":"github@sellside.com"},"maintainers":[{"name":"jonschlinkert","email":"github@sellside.com"}],"dist":{"shasum":"1fd01ee8420a7196d234f2a29dc1bfe6e259854b","tarball":"https://registry.npmjs.org/braces/-/braces-1.1.0.tgz"},"directories":{}},"1.2.0":{"name":"braces","description":"Fastest brace expansion for node.js, with more complete support of Bash 4.3 than minimatch.","version":"1.2.0","homepage":"https://github.com/jonschlinkert/braces","author":{"name":"Jon Schlinkert","url":"https://github.com/jonschlinkert"},"repository":{"type":"git","url":"git://github.com/jonschlinkert/braces.git"},"bugs":{"url":"https://github.com/jonschlinkert/braces/issues"},"license":{"type":"MIT","url":"https://github.com/jonschlinkert/braces/blob/master/LICENSE"},"main":"index.js","engines":{"node":">=0.10.0"},"scripts":{"test":"mocha -R spec"},"dependencies":{"arr-filter":"^1.0.2","expand-range":"^1.2.0","preserve":"^0.2.0"},"devDependencies":{"benchmarked":"^0.1.3","brace-expansion":"^1.1.0","chalk":"^0.5.1","minimatch":"^2.0.1","minimist":"^1.1.0","mocha":"*","should":"*","write":"^0.1.1"},"keywords":["alpha","alphabetical","bash","brace","expand","expansion","filepath","fill","fs","glob","globbing","letter","match","matches","matching","number","numerical","path","range","ranges","sh"],"gitHead":"0255915a73f3feaf271261e589cc8975c1e15596","_id":"braces@1.2.0","_shasum":"b86f8f3898d11dc1008d29176a45b4863190e7b9","_from":".","_npmVersion":"1.4.23","_npmUser":{"name":"jonschlinkert","email":"github@sellside.com"},"maintainers":[{"name":"jonschlinkert","email":"github@sellside.com"}],"dist":{"shasum":"b86f8f3898d11dc1008d29176a45b4863190e7b9","tarball":"https://registry.npmjs.org/braces/-/braces-1.2.0.tgz"},"directories":{}},"1.3.0":{"name":"braces","description":"Fastest brace expansion for node.js, with more complete support of Bash 4.3 than minimatch.","version":"1.3.0","homepage":"https://github.com/jonschlinkert/braces","author":{"name":"Jon Schlinkert","url":"https://github.com/jonschlinkert"},"repository":{"type":"git","url":"git://github.com/jonschlinkert/braces.git"},"bugs":{"url":"https://github.com/jonschlinkert/braces/issues"},"license":{"type":"MIT","url":"https://github.com/jonschlinkert/braces/blob/master/LICENSE"},"main":"index.js","engines":{"node":">=0.10.0"},"scripts":{"test":"mocha -R spec"},"files":["index.js"],"dependencies":{"arr-filter":"^1.0.2","expand-range":"^1.4.0","preserve":"^0.2.0"},"devDependencies":{"benchmarked":"^0.1.3","brace-expansion":"^1.1.0","chalk":"^0.5.1","minimatch":"^2.0.1","minimist":"^1.1.0","mocha":"*","should":"*","write":"^0.1.1"},"keywords":["alpha","alphabetical","bash","brace","expand","expansion","filepath","fill","fs","glob","globbing","letter","match","matches","matching","number","numerical","path","range","ranges","sh"],"gitHead":"0255915a73f3feaf271261e589cc8975c1e15596","_id":"braces@1.3.0","_shasum":"e0495cf4796c137fb0d80a922ffef431fbde6bef","_from":".","_npmVersion":"1.4.28","_npmUser":{"name":"jonschlinkert","email":"github@sellside.com"},"maintainers":[{"name":"jonschlinkert","email":"github@sellside.com"}],"dist":{"shasum":"e0495cf4796c137fb0d80a922ffef431fbde6bef","tarball":"https://registry.npmjs.org/braces/-/braces-1.3.0.tgz"},"directories":{}},"1.4.0":{"name":"braces","description":"Fastest brace expansion for node.js, with more complete support of Bash 4.3 than minimatch.","version":"1.4.0","homepage":"https://github.com/jonschlinkert/braces","author":{"name":"Jon Schlinkert","url":"https://github.com/jonschlinkert"},"repository":{"type":"git","url":"git://github.com/jonschlinkert/braces.git"},"bugs":{"url":"https://github.com/jonschlinkert/braces/issues"},"license":{"type":"MIT","url":"https://github.com/jonschlinkert/braces/blob/master/LICENSE"},"main":"index.js","engines":{"node":">=0.10.0"},"scripts":{"test":"mocha -R spec"},"files":["index.js"],"dependencies":{"arr-filter":"^1.0.2","expand-range":"^1.5.0","preserve":"^0.2.0"},"devDependencies":{"benchmarked":"^0.1.3","brace-expansion":"^1.1.0","chalk":"^0.5.1","minimatch":"^2.0.1","minimist":"^1.1.0","mocha":"*","should":"*","write":"^0.1.1"},"keywords":["alpha","alphabetical","bash","brace","expand","expansion","filepath","fill","fs","glob","globbing","letter","match","matches","matching","number","numerical","path","range","ranges","sh"],"gitHead":"4026752b8795c282a4ba2546eb88c9d1ee9b6653","_id":"braces@1.4.0","_shasum":"c95b1b8fd045b765703c2c0cd95e0369e5696492","_from":".","_npmVersion":"1.4.28","_npmUser":{"name":"jonschlinkert","email":"github@sellside.com"},"maintainers":[{"name":"jonschlinkert","email":"github@sellside.com"}],"dist":{"shasum":"c95b1b8fd045b765703c2c0cd95e0369e5696492","tarball":"https://registry.npmjs.org/braces/-/braces-1.4.0.tgz"},"directories":{}},"1.5.0":{"name":"braces","description":"Fastest brace expansion for node.js, with more complete support of Bash 4.3 than minimatch.","version":"1.5.0","homepage":"https://github.com/jonschlinkert/braces","author":{"name":"Jon Schlinkert","url":"https://github.com/jonschlinkert"},"repository":{"type":"git","url":"git://github.com/jonschlinkert/braces.git"},"bugs":{"url":"https://github.com/jonschlinkert/braces/issues"},"license":{"type":"MIT","url":"https://github.com/jonschlinkert/braces/blob/master/LICENSE"},"main":"index.js","engines":{"node":">=0.10.0"},"scripts":{"test":"mocha -R spec"},"files":["index.js"],"dependencies":{"arr-filter":"^1.0.2","expand-range":"^1.5.0","preserve":"^0.2.0","repeat-element":"^1.1.0"},"devDependencies":{"benchmarked":"^0.1.3","brace-expansion":"^1.1.0","chalk":"^0.5.1","minimatch":"^2.0.1","minimist":"^1.1.0","mocha":"*","should":"*","write":"^0.1.1"},"keywords":["alpha","alphabetical","bash","brace","expand","expansion","filepath","fill","fs","glob","globbing","letter","match","matches","matching","number","numerical","path","range","ranges","sh"],"gitHead":"46547e1d1553c497a061d13b8ed3c85b2d16b6d7","_id":"braces@1.5.0","_shasum":"3600d82f04390dfc7c6016f091657b2d86189a15","_from":".","_npmVersion":"1.4.28","_npmUser":{"name":"jonschlinkert","email":"github@sellside.com"},"maintainers":[{"name":"jonschlinkert","email":"github@sellside.com"}],"dist":{"shasum":"3600d82f04390dfc7c6016f091657b2d86189a15","tarball":"https://registry.npmjs.org/braces/-/braces-1.5.0.tgz"},"directories":{}},"1.5.1":{"name":"braces","description":"Fastest brace expansion for node.js, with more complete support of Bash 4.3 than minimatch.","version":"1.5.1","homepage":"https://github.com/jonschlinkert/braces","author":{"name":"Jon Schlinkert","url":"https://github.com/jonschlinkert"},"repository":{"type":"git","url":"git://github.com/jonschlinkert/braces.git"},"bugs":{"url":"https://github.com/jonschlinkert/braces/issues"},"license":{"type":"MIT","url":"https://github.com/jonschlinkert/braces/blob/master/LICENSE"},"main":"index.js","engines":{"node":">=0.10.0"},"scripts":{"test":"mocha -R spec"},"files":["index.js","lib/"],"dependencies":{"arr-filter":"^1.0.2","expand-range":"^1.5.0","preserve":"^0.2.0","repeat-element":"^1.1.0"},"devDependencies":{"benchmarked":"^0.1.3","brace-expansion":"^1.1.0","chalk":"^0.5.1","minimatch":"^2.0.1","minimist":"^1.1.0","mocha":"*","should":"*","write":"^0.1.1"},"keywords":["alpha","alphabetical","bash","brace","expand","expansion","filepath","fill","fs","glob","globbing","letter","match","matches","matching","number","numerical","path","range","ranges","sh"],"gitHead":"a4a43ccb73b67bb8c86ded66f57417e5b13bba15","_id":"braces@1.5.1","_shasum":"faefcd7e5251c84c21127e8f079b14775b6c06ce","_from":".","_npmVersion":"1.4.28","_npmUser":{"name":"jonschlinkert","email":"github@sellside.com"},"maintainers":[{"name":"jonschlinkert","email":"github@sellside.com"}],"dist":{"shasum":"faefcd7e5251c84c21127e8f079b14775b6c06ce","tarball":"https://registry.npmjs.org/braces/-/braces-1.5.1.tgz"},"directories":{}},"1.6.0":{"name":"braces","description":"Fastest brace expansion for node.js, with more complete support of Bash 4.3 than minimatch.","version":"1.6.0","homepage":"https://github.com/jonschlinkert/braces","author":{"name":"Jon Schlinkert","url":"https://github.com/jonschlinkert"},"repository":{"type":"git","url":"git://github.com/jonschlinkert/braces.git"},"bugs":{"url":"https://github.com/jonschlinkert/braces/issues"},"license":{"type":"MIT","url":"https://github.com/jonschlinkert/braces/blob/master/LICENSE"},"main":"index.js","engines":{"node":">=0.10.0"},"scripts":{"test":"mocha -R spec"},"files":["index.js","lib/"],"dependencies":{"arr-filter":"^1.0.2","expand-range":"^1.8.0","preserve":"^0.2.0","repeat-element":"^1.1.0"},"devDependencies":{"benchmarked":"^0.1.3","brace-expansion":"^1.1.0","chalk":"^0.5.1","minimatch":"^2.0.1","minimist":"^1.1.0","mocha":"*","should":"*","write":"^0.1.1"},"keywords":["alpha","alphabetical","bash","brace","expand","expansion","filepath","fill","fs","glob","globbing","letter","match","matches","matching","number","numerical","path","range","ranges","sh"],"gitHead":"25551ac2f8dade4ee68b4eeece4a338a9d8263f2","_id":"braces@1.6.0","_shasum":"438c23185022e8fa968af9feeaa056723a3efe55","_from":".","_npmVersion":"1.4.28","_npmUser":{"name":"jonschlinkert","email":"github@sellside.com"},"maintainers":[{"name":"jonschlinkert","email":"github@sellside.com"}],"dist":{"shasum":"438c23185022e8fa968af9feeaa056723a3efe55","tarball":"https://registry.npmjs.org/braces/-/braces-1.6.0.tgz"},"directories":{}},"1.7.0":{"name":"braces","description":"Fastest brace expansion for node.js, with the most complete support for the Bash 4.3 braces specification.","version":"1.7.0","homepage":"https://github.com/jonschlinkert/braces","author":{"name":"Jon Schlinkert","url":"https://github.com/jonschlinkert"},"repository":{"type":"git","url":"git://github.com/jonschlinkert/braces.git"},"bugs":{"url":"https://github.com/jonschlinkert/braces/issues"},"license":{"type":"MIT","url":"https://github.com/jonschlinkert/braces/blob/master/LICENSE"},"main":"index.js","engines":{"node":">=0.10.0"},"scripts":{"test":"mocha -R spec"},"files":["index.js","lib/"],"dependencies":{"arr-filter":"^1.0.2","arr-map":"^1.0.0","expand-range":"^1.8.0","preserve":"^0.2.0","repeat-element":"^1.1.0"},"devDependencies":{"benchmarked":"^0.1.3","brace-expansion":"^1.1.0","chalk":"^0.5.1","minimatch":"^2.0.1","minimist":"^1.1.0","mocha":"*","should":"*"},"keywords":["alpha","alphabetical","bash","brace","expand","expansion","filepath","fill","fs","glob","globbing","letter","match","matches","matching","number","numerical","path","range","ranges","sh"],"gitHead":"3960c6f34a4383b657e9bac59fe1345e5d3177c1","_id":"braces@1.7.0","_shasum":"ed954c25e8a170971202316c1899fa98fdae6d6d","_from":".","_npmVersion":"1.4.28","_npmUser":{"name":"jonschlinkert","email":"github@sellside.com"},"maintainers":[{"name":"jonschlinkert","email":"github@sellside.com"}],"dist":{"shasum":"ed954c25e8a170971202316c1899fa98fdae6d6d","tarball":"https://registry.npmjs.org/braces/-/braces-1.7.0.tgz"},"directories":{}},"1.8.0":{"name":"braces","description":"Fastest brace expansion for node.js, with the most complete support for the Bash 4.3 braces specification.","version":"1.8.0","homepage":"https://github.com/jonschlinkert/braces","author":{"name":"Jon Schlinkert","url":"https://github.com/jonschlinkert"},"repository":{"type":"git","url":"git://github.com/jonschlinkert/braces.git"},"bugs":{"url":"https://github.com/jonschlinkert/braces/issues"},"license":{"type":"MIT","url":"https://github.com/jonschlinkert/braces/blob/master/LICENSE"},"main":"index.js","engines":{"node":">=0.10.0"},"scripts":{"test":"mocha -R spec"},"files":["index.js","lib/"],"dependencies":{"expand-range":"^1.8.1","preserve":"^0.2.0","repeat-element":"^1.1.0"},"devDependencies":{"benchmarked":"^0.1.3","brace-expansion":"^1.1.0","chalk":"^0.5.1","minimatch":"^2.0.1","minimist":"^1.1.0","mocha":"*","should":"*"},"keywords":["alpha","alphabetical","bash","brace","expand","expansion","filepath","fill","fs","glob","globbing","letter","match","matches","matching","number","numerical","path","range","ranges","sh"],"gitHead":"3960c6f34a4383b657e9bac59fe1345e5d3177c1","_id":"braces@1.8.0","_shasum":"3a4a005aae0391817c17b074dca8f08e6fc9e4c4","_from":".","_npmVersion":"2.5.1","_nodeVersion":"0.12.0","_npmUser":{"name":"jonschlinkert","email":"github@sellside.com"},"maintainers":[{"name":"jonschlinkert","email":"github@sellside.com"}],"dist":{"shasum":"3a4a005aae0391817c17b074dca8f08e6fc9e4c4","tarball":"https://registry.npmjs.org/braces/-/braces-1.8.0.tgz"},"directories":{}},"1.8.1":{"name":"braces","description":"Fastest brace expansion for node.js, with the most complete support for the Bash 4.3 braces specification.","version":"1.8.1","homepage":"https://github.com/jonschlinkert/braces","author":{"name":"Jon Schlinkert","url":"https://github.com/jonschlinkert"},"repository":{"type":"git","url":"git+https://github.com/jonschlinkert/braces.git"},"bugs":{"url":"https://github.com/jonschlinkert/braces/issues"},"license":"MIT","main":"index.js","engines":{"node":">=0.10.0"},"scripts":{"test":"mocha"},"files":["index.js"],"dependencies":{"expand-range":"^1.8.1","lazy-cache":"^0.2.3","preserve":"^0.2.0","repeat-element":"^1.1.2"},"devDependencies":{"benchmarked":"^0.1.3","brace-expansion":"^1.1.0","chalk":"^0.5.1","minimatch":"^2.0.1","minimist":"^1.1.0","mocha":"*","should":"*"},"keywords":["alpha","alphabetical","bash","brace","expand","expansion","filepath","fill","fs","glob","globbing","letter","match","matches","matching","number","numerical","path","range","ranges","sh"],"gitHead":"04aa03dccdadaf469bb7cad86ac8a31d21e974d7","_id":"braces@1.8.1","_shasum":"2d195b85a0a997ec21be78a7f1bc970480b12a1a","_from":".","_npmVersion":"2.10.1","_nodeVersion":"0.12.4","_npmUser":{"name":"jonschlinkert","email":"github@sellside.com"},"maintainers":[{"name":"jonschlinkert","email":"github@sellside.com"},{"name":"es128","email":"elan.shanker+npm@gmail.com"},{"name":"doowb","email":"brian.woodward@gmail.com"}],"dist":{"shasum":"2d195b85a0a997ec21be78a7f1bc970480b12a1a","tarball":"https://registry.npmjs.org/braces/-/braces-1.8.1.tgz"},"directories":{}},"1.8.2":{"name":"braces","description":"Fastest brace expansion for node.js, with the most complete support for the Bash 4.3 braces specification.","version":"1.8.2","homepage":"https://github.com/jonschlinkert/braces","author":{"name":"Jon Schlinkert","url":"https://github.com/jonschlinkert"},"repository":{"type":"git","url":"git+https://github.com/jonschlinkert/braces.git"},"bugs":{"url":"https://github.com/jonschlinkert/braces/issues"},"license":"MIT","main":"index.js","engines":{"node":">=0.10.0"},"scripts":{"test":"mocha"},"files":["index.js","utils.js"],"dependencies":{"expand-range":"^1.8.1","lazy-cache":"^0.2.3","preserve":"^0.2.0","repeat-element":"^1.1.2"},"devDependencies":{"benchmarked":"^0.1.3","brace-expansion":"^1.1.0","chalk":"^0.5.1","minimatch":"^2.0.1","minimist":"^1.1.0","mocha":"*","should":"*"},"keywords":["alpha","alphabetical","bash","brace","expand","expansion","filepath","fill","fs","glob","globbing","letter","match","matches","matching","number","numerical","path","range","ranges","sh"],"gitHead":"9ab31c0dbf663ad08a7d9519286858f24e2ea9ac","_id":"braces@1.8.2","_shasum":"036e024051d4bbc7096428b4d6f20ea1f137a794","_from":".","_npmVersion":"2.13.3","_nodeVersion":"0.12.0","_npmUser":{"name":"doowb","email":"brian.woodward@gmail.com"},"dist":{"shasum":"036e024051d4bbc7096428b4d6f20ea1f137a794","tarball":"https://registry.npmjs.org/braces/-/braces-1.8.2.tgz"},"maintainers":[{"name":"jonschlinkert","email":"github@sellside.com"},{"name":"es128","email":"elan.shanker+npm@gmail.com"},{"name":"doowb","email":"brian.woodward@gmail.com"}],"directories":{}},"1.8.3":{"name":"braces","description":"Fastest brace expansion for node.js, with the most complete support for the Bash 4.3 braces specification.","version":"1.8.3","homepage":"https://github.com/jonschlinkert/braces","author":{"name":"Jon Schlinkert","url":"https://github.com/jonschlinkert"},"repository":{"type":"git","url":"git+https://github.com/jonschlinkert/braces.git"},"bugs":{"url":"https://github.com/jonschlinkert/braces/issues"},"license":"MIT","main":"index.js","engines":{"node":">=0.10.0"},"scripts":{"test":"mocha"},"files":["index.js","utils.js"],"dependencies":{"expand-range":"^1.8.1","preserve":"^0.2.0","repeat-element":"^1.1.2"},"devDependencies":{"benchmarked":"^0.1.3","brace-expansion":"^1.1.0","chalk":"^0.5.1","minimatch":"^2.0.1","minimist":"^1.1.0","mocha":"*","should":"*"},"keywords":["alpha","alphabetical","bash","brace","expand","expansion","filepath","fill","fs","glob","globbing","letter","match","matches","matching","number","numerical","path","range","ranges","sh"],"gitHead":"9ab31c0dbf663ad08a7d9519286858f24e2ea9ac","_id":"braces@1.8.3","_shasum":"35d4e7dda632b33e215d38a8a9cf4329c9c75d2c","_from":".","_npmVersion":"3.3.6","_nodeVersion":"5.0.0","_npmUser":{"name":"jonschlinkert","email":"github@sellside.com"},"maintainers":[{"name":"jonschlinkert","email":"github@sellside.com"},{"name":"es128","email":"elan.shanker+npm@gmail.com"},{"name":"doowb","email":"brian.woodward@gmail.com"}],"dist":{"shasum":"35d4e7dda632b33e215d38a8a9cf4329c9c75d2c","tarball":"https://registry.npmjs.org/braces/-/braces-1.8.3.tgz"},"directories":{}},"1.8.4":{"name":"braces","description":"Fastest brace expansion for node.js, with the most complete support for the Bash 4.3 braces specification.","version":"1.8.4","homepage":"https://github.com/jonschlinkert/braces","author":{"name":"Jon Schlinkert","url":"https://github.com/jonschlinkert"},"repository":{"type":"git","url":"git+https://github.com/jonschlinkert/braces.git"},"bugs":{"url":"https://github.com/jonschlinkert/braces/issues"},"license":"MIT","files":["index.js"],"main":"index.js","engines":{"node":">=0.10.0"},"scripts":{"test":"mocha"},"dependencies":{"expand-range":"^1.8.1","preserve":"^0.2.0","repeat-element":"^1.1.2"},"devDependencies":{"benchmarked":"^0.1.5","brace-expansion":"^1.1.3","chalk":"^1.1.3","gulp-format-md":"^0.1.8","minimatch":"^3.0.0","minimist":"^1.2.0","mocha":"^2.4.5","should":"^8.3.1"},"keywords":["alpha","alphabetical","bash","brace","expand","expansion","filepath","fill","fs","glob","globbing","letter","match","matches","matching","number","numerical","path","range","ranges","sh"],"verb":{"plugins":["gulp-format-md"],"reflinks":["verb"],"toc":false,"layout":"default","lint":{"reflinks":true},"tasks":["readme"],"related":{"list":["micromatch","expand-range","fill-range"]}},"gitHead":"de218311bfb9d3c72531beafec67c6572b5e9c18","_id":"braces@1.8.4","_shasum":"75e2d6456d48b06dbb5205ed63442a3bfc5eefce","_from":".","_npmVersion":"3.6.0","_nodeVersion":"5.5.0","_npmUser":{"name":"jonschlinkert","email":"github@sellside.com"},"maintainers":[{"name":"jonschlinkert","email":"github@sellside.com"},{"name":"es128","email":"elan.shanker+npm@gmail.com"},{"name":"doowb","email":"brian.woodward@gmail.com"}],"dist":{"shasum":"75e2d6456d48b06dbb5205ed63442a3bfc5eefce","tarball":"https://registry.npmjs.org/braces/-/braces-1.8.4.tgz"},"_npmOperationalInternal":{"host":"packages-12-west.internal.npmjs.com","tmp":"tmp/braces-1.8.4.tgz_1461140683394_0.9431159163359553"},"directories":{}},"1.8.5":{"name":"braces","description":"Fastest brace expansion for node.js, with the most complete support for the Bash 4.3 braces specification.","version":"1.8.5","homepage":"https://github.com/jonschlinkert/braces","author":{"name":"Jon Schlinkert","url":"https://github.com/jonschlinkert"},"repository":{"type":"git","url":"git+https://github.com/jonschlinkert/braces.git"},"bugs":{"url":"https://github.com/jonschlinkert/braces/issues"},"license":"MIT","files":["index.js"],"main":"index.js","engines":{"node":">=0.10.0"},"scripts":{"test":"mocha"},"dependencies":{"expand-range":"^1.8.1","preserve":"^0.2.0","repeat-element":"^1.1.2"},"devDependencies":{"benchmarked":"^0.1.5","brace-expansion":"^1.1.3","chalk":"^1.1.3","gulp-format-md":"^0.1.8","minimatch":"^3.0.0","minimist":"^1.2.0","mocha":"^2.4.5","should":"^8.3.1"},"keywords":["alpha","alphabetical","bash","brace","expand","expansion","filepath","fill","fs","glob","globbing","letter","match","matches","matching","number","numerical","path","range","ranges","sh"],"verb":{"plugins":["gulp-format-md"],"reflinks":["verb"],"toc":false,"layout":"default","lint":{"reflinks":true},"tasks":["readme"],"related":{"list":["micromatch","expand-range","fill-range"]}},"gitHead":"24874614ebeda1c5405180f1f6c9f374bcf384ce","_id":"braces@1.8.5","_shasum":"ba77962e12dff969d6b76711e914b737857bf6a7","_from":".","_npmVersion":"3.6.0","_nodeVersion":"5.5.0","_npmUser":{"name":"jonschlinkert","email":"github@sellside.com"},"maintainers":[{"name":"jonschlinkert","email":"github@sellside.com"},{"name":"es128","email":"elan.shanker+npm@gmail.com"},{"name":"doowb","email":"brian.woodward@gmail.com"}],"dist":{"shasum":"ba77962e12dff969d6b76711e914b737857bf6a7","tarball":"https://registry.npmjs.org/braces/-/braces-1.8.5.tgz"},"_npmOperationalInternal":{"host":"packages-16-east.internal.npmjs.com","tmp":"tmp/braces-1.8.5.tgz_1463843581552_0.5618140168953687"},"directories":{}},"2.0.0":{"name":"braces","description":"Fast, comprehensive, bash-like brace expansion implemented in JavaScript. Complete support for the Bash 4.3 braces specification, without sacrificing speed.","version":"2.0.0","homepage":"https://github.com/jonschlinkert/braces","author":{"name":"Jon Schlinkert","url":"https://github.com/jonschlinkert"},"contributors":[{"name":"Brian Woodward","email":"brian.woodward@gmail.com","url":"https://github.com/doowb"},{"name":"Eugene Sharygin","url":"https://github.com/eush77"},{"name":"Jon Schlinkert","email":"jon.schlinkert@sellside.com","url":"http://twitter.com/jonschlinkert"}],"repository":{"type":"git","url":"git+https://github.com/jonschlinkert/braces.git"},"bugs":{"url":"https://github.com/jonschlinkert/braces/issues"},"license":"MIT","files":["index.js","lib"],"main":"index.js","engines":{"node":">=0.10.0"},"scripts":{"test":"mocha"},"dependencies":{"arr-flatten":"^1.0.1","array-unique":"^0.3.2","debug":"^2.2.0","define-property":"^0.2.5","extend-shallow":"^2.0.1","fill-range":"^3.0.3","isobject":"^2.1.0","regex-not":"^1.0.0","repeat-element":"^1.1.2","snapdragon":"^0.8.1","to-regex":"^3.0.1"},"devDependencies":{"ansi-cyan":"^0.1.1","benchmarked":"^0.2.5","brace-expansion":"^1.1.6","cross-spawn":"^4.0.2","fs-exists-sync":"^0.1.0","gulp":"^3.9.1","gulp-eslint":"^3.0.1","gulp-format-md":"^0.1.11","gulp-istanbul":"^1.1.1","gulp-mocha":"^3.0.1","gulp-unused":"^0.2.0","is-windows":"^0.2.0","minimatch":"^3.0.3","mocha":"^3.1.2","noncharacters":"^1.1.0","pretty-bytes":"^4.0.2","text-table":"^0.2.0","time-diff":"^0.3.1","yargs-parser":"^4.0.2"},"keywords":["alpha","alphabetical","bash","brace","braces","expand","expansion","filepath","fill","fs","glob","globbing","letter","match","matches","matching","number","numerical","path","range","ranges","sh"],"verb":{"toc":false,"layout":"default","tasks":["readme"],"lint":{"reflinks":true},"plugins":["gulp-format-md"],"related":{"list":["expand-brackets","extglob","fill-range","micromatch","nanomatch"]},"reflinks":["brace-expansion","to-regex-range","verb","verb-generate-readme"]},"gitHead":"e6761d8bf6e430ef73713a3a7d7b0115f6183c90","_id":"braces@2.0.0","_shasum":"3d809da0a3e2024761d48651955fd9452e25ec85","_from":".","_npmVersion":"3.10.3","_nodeVersion":"6.7.0","_npmUser":{"name":"jonschlinkert","email":"github@sellside.com"},"maintainers":[{"name":"jonschlinkert","email":"github@sellside.com"},{"name":"es128","email":"elan.shanker+npm@gmail.com"},{"name":"doowb","email":"brian.woodward@gmail.com"}],"dist":{"shasum":"3d809da0a3e2024761d48651955fd9452e25ec85","tarball":"https://registry.npmjs.org/braces/-/braces-2.0.0.tgz"},"_npmOperationalInternal":{"host":"packages-18-east.internal.npmjs.com","tmp":"tmp/braces-2.0.0.tgz_1476927129221_0.6485608567018062"},"directories":{}}},"readme":"# braces [![NPM version](https://img.shields.io/npm/v/braces.svg?style=flat)](https://www.npmjs.com/package/braces) [![NPM monthly downloads](https://img.shields.io/npm/dm/braces.svg?style=flat)](https://npmjs.org/package/braces)  [![NPM total downloads](https://img.shields.io/npm/dt/braces.svg?style=flat)](https://npmjs.org/package/braces) [![Linux Build Status](https://img.shields.io/travis/jonschlinkert/braces.svg?style=flat&label=Travis)](https://travis-ci.org/jonschlinkert/braces) [![Windows Build Status](https://img.shields.io/appveyor/ci/jonschlinkert/braces.svg?style=flat&label=AppVeyor)](https://ci.appveyor.com/project/jonschlinkert/braces)\n\n> Fast, comprehensive, bash-like brace expansion implemented in JavaScript. Complete support for the Bash 4.3 braces specification, without sacrificing speed.\n\n## Install\n\nInstall with [npm](https://www.npmjs.com/):\n\n```sh\n$ npm install --save braces\n```\n\n## Usage\n\nThe main export is a function that takes a brace `pattern` to expand and an `options` object if necessary.\n\n```js\nvar braces = require('braces');\nbraces(pattern[, options]);\n```\n\n## Highlights\n\n* **Accurate**: complete support for the [Bash 4.3 Brace Expansion](www.gnu.org/software/bash/) specification (passes all of the Bash braces tests)\n* **[fast and performant](#benchmarks)**: not only runs fast, but scales well as patterns increase in complexity (other libs don't - see the notes on [performance](#performance)).\n* **Organized code base**: with parser and compiler that are easy to maintain and update when edge cases crop up.\n* **Well-tested**: 900+ unit tests with thousands of actual patterns tested. Passes 100% of the [minimatch](https://github.com/isaacs/minimatch) and [brace-expansion](https://github.com/juliangruber/brace-expansion) unit tests as well.\n* **Optimized braces**: By default returns an optimized string that can be used for creating regular expressions for matching.\n* **Expanded braces**: Optionally returns an array (like bash). See a [comparison](#optimized-vs-expanded) between optimized and expanded.\n\n**Optimized**\n\nPatterns are optimized for regex and matching by default:\n\n```js\nconsole.log(braces('a/{x,y,z}/b'));\n//=> ['a/(x|y|z)/b']\n```\n\n**Expanded**\n\nTo expand patterns the same way as Bash or [minimatch](https://github.com/isaacs/minimatch), use the [.expand](#expand) method:\n\n```js\nconsole.log(braces.expand('a/{x,y,z}/b'));\n//=> ['a/x/b', 'a/y/b', 'a/z/b']\n```\n\n## Features\n\n* [lists](#lists): Supports \"lists\": `a/{b,c}/d` => `['a/b/d', 'a/c/d']`\n* [sequences](#sequences): Supports alphabetical or numerical \"sequences\" (ranges): `{1..3}` => `['1', '2', '3']`\n* [steps](#steps): Supports \"steps\" or increments: `{2..10..2}` => `['2', '4', '6', '8', '10']`\n* [escaping](#escaping)\n* [options](#options)\n\n### Lists\n\nUses [fill-range](https://github.com/jonschlinkert/fill-range) for expanding alphabetical or numeric lists:\n\n```js\nconsole.log(braces('a/{foo,bar,baz}/*.js'));\n//=> ['a/(foo|bar|baz)/*.js']\n\nconsole.log(braces.expand('a/{foo,bar,baz}/*.js'));\n//=> ['a/foo/*.js', 'a/bar/*.js', 'a/baz/*.js']\n```\n\n### Sequences\n\nUses [fill-range](https://github.com/jonschlinkert/fill-range) for expanding alphabetical or numeric ranges (bash \"sequences\"):\n\n```js\n// padding is not retained when string is optimized\nconsole.log(braces('a{01..03}b')); // ['a([1-3])b']\nconsole.log(braces('a{1..3}b'));   // ['a([1-3])b']\n\nconsole.log(braces.expand('{1..3}'));     // ['1', '2', '3']\nconsole.log(braces.expand('a{01..03}b')); // ['a01b', 'a02b', 'a03b']\nconsole.log(braces.expand('a{1..3}b'));   // ['a1b', 'a2b', 'a3b']\nconsole.log(braces.expand('{a..c}'));     // ['a', 'b', 'c']\nconsole.log(braces.expand('foo/{a..c}')); // ['foo/a', 'foo/b', 'foo/c']\n```\n\n### Steps\n\nSteps, or increments, may be used with ranges:\n\n```js\nconsole.log(braces.expand('{2..10..2}'));\n//=> ['2', '4', '6', '8', '10']\n\nconsole.log(braces('{2..10..2}'));\n//=> ['(2|4|6|8|10)']\n```\n\nWhen the [.optimize](#optimize) method is used, or [options.optimize](#optionsoptimize) is set to true, sequences are passed to [to-regex-range](https://github.com/jonschlinkert/to-regex-range) for expansion.\n\n### Nesting\n\nBrace patterns may be nested. The results of each expanded string are not sorted, and left to right order is preserved.\n\n**\"Expanded\" examples**\n\n```js\nconsole.log(braces.expand('a{b,c,/{x,y}}/e'));\n//=> ['ab/e', 'ac/e', 'a/x/e', 'a/y/e']\n\nconsole.log(braces.expand('a/{x,{1..5},y}/c'));\n//=> ['a/x/c', 'a/1/c', 'a/2/c', 'a/3/c', 'a/4/c', 'a/5/c', 'a/y/c']\n```\n\n**\"Optimized\" examples**\n\n```js\nconsole.log(braces('a{b,c,/{x,y}}/e'));\n//=> ['a(b|c|/(x|y))/e']\n\nconsole.log(braces('a/{x,{1..5},y}/c'));\n//=> ['a/(x|([1-5])|y)/c']\n```\n\n### Escaping\n\n**Escaping braces**\n\nPrevent braces from being expanded or evaluted by escaping either the opening or closing brace:\n\n```js\nconsole.log(braces.expand('a\\\\{d,c,b}e'));\n//=> ['a{d,c,b}e']\n\nconsole.log(braces.expand('a{d,c,b\\\\}e'));\n//=> ['a{d,c,b}e']\n```\n\n**Escaping commas**\n\nCommas inside braces may also be escaped:\n\n```js\nconsole.log(braces.expand('a{d\\\\,c,b}e'));\n//=> ['ad,ce', 'abe']\n```\n\n**Single items**\n\nA brace pattern is also considered to be escaped when it contains a single item:\n\n```js\nconsole.log(braces.expand('a{b}c'));\n//=> ['a{b}c']\n\nconsole.log(braces.expand('a{b\\\\,c}d'));\n//=> ['a{b,c}d']\n```\n\n## Options\n\n### options.expand\n\nType: `Boolean`\n\nDefault: `undefined`\n\nGenerate an \"expanded\" brace pattern (this option is unncessary with the `.expand` method, which does the same thing).\n\n```js\nconsole.log(braces('a/{b,c}/d', {expand: true}));\n//=> [ 'a/b/d', 'a/c/d' ]\n```\n\n### options.optimize\n\nType: `Boolean`\n\nDefault: `true`\n\nEnabled by default.\n\n```js\nconsole.log(braces('a/{b,c}/d'));\n//=> [ 'a/(b|c)/d' ]\n```\n\n### options.nodupes\n\nType: `Boolean`\n\nDefault: `true`\n\nDuplicates are removed by default. To keep duplicates, pass `{nodupes: false}` on the options\n\n### options.rangeLimit\n\nType: `Number`\n\nDefault: `250`\n\nWhen `braces.expand()` is used, or `options.expand` is true, brace patterns will automatically be [optimized](#optionsoptimize) when the difference between the range minimum and range maximum exceeds the `rangeLimit`. This is to prevent huge ranges from freezing your application.\n\nYou can set this to any number, or change `options.rangeLimit` to `Inifinity` to disable this altogether.\n\n**Examples**\n\n```js\n// pattern exceeds the \"rangeLimit\", so it's optimized automatically\nconsole.log(braces.expand('{1..1000}'));\n//=> ['([1-9]|[1-9][0-9]{1,2}|1000)']\n\n// pattern does not exceed \"rangeLimit\", so it's NOT optimized\nconsole.log(braces.expand('{1..100}'));\n//=> ['1', '2', '3', '4', '5', '6', '7', '8', '9', '10', '11', '12', '13', '14', '15', '16', '17', '18', '19', '20', '21', '22', '23', '24', '25', '26', '27', '28', '29', '30', '31', '32', '33', '34', '35', '36', '37', '38', '39', '40', '41', '42', '43', '44', '45', '46', '47', '48', '49', '50', '51', '52', '53', '54', '55', '56', '57', '58', '59', '60', '61', '62', '63', '64', '65', '66', '67', '68', '69', '70', '71', '72', '73', '74', '75', '76', '77', '78', '79', '80', '81', '82', '83', '84', '85', '86', '87', '88', '89', '90', '91', '92', '93', '94', '95', '96', '97', '98', '99', '100']\n```\n\n### options.transform\n\nType: `Function`\n\nDefault: `undefined`\n\nCustomize range expansion.\n\n```js\nvar range = braces.expand('x{a..e}y', {\n  transform: function(str) {\n    return 'foo' + str;\n  }\n});\n\nconsole.log(range);\n//=> [ 'xfooay', 'xfooby', 'xfoocy', 'xfoody', 'xfooey' ]\n```\n\n### options.quantifiers\n\nType: `Boolean`\n\nDefault: `undefined`\n\nIn regular expressions, quanitifiers can be used to specify how many times a token can be repeated. For example, `a{1,3}` will match the letter `a` one to three times.\n\nUnfortunately, regex quantifiers happen to share the same syntax as [Bash lists](#lists)\n\nThe `quantifiers` option tells braces to detect when [regex quantifiers](https://developer.mozilla.org/en-US/docs/Web/JavaScript/Reference/Global_Objects/RegExp#quantifiers) are defined in the given pattern, and not to try to expand them as lists.\n\n**Examples**\n\n```js\nvar braces = require('braces');\nconsole.log(braces('a/b{1,3}/{x,y,z}'));\n//=> [ 'a/b(1|3)/(x|y|z)' ]\nconsole.log(braces('a/b{1,3}/{x,y,z}', {quantifiers: true}));\n//=> [ 'a/b{1,3}/(x|y|z)' ]\nconsole.log(braces('a/b{1,3}/{x,y,z}', {quantifiers: true, expand: true}));\n//=> [ 'a/b{1,3}/x', 'a/b{1,3}/y', 'a/b{1,3}/z' ]\n```\n\n## Benchmarks\n\n### Running benchmarks\n\nInstall dev dependencies:\n\n```bash\nnpm i -d && npm benchmark\n```\n\n### Latest results\n\n```bash\nBenchmarking: (8 of 8)\n · combination-nested\n · combination\n · escaped\n · list-basic\n · list-multiple\n · no-braces\n · sequence-basic\n · sequence-multiple\n\n# benchmark/fixtures/combination-nested.js (52 bytes)\n  brace-expansion x 4,756 ops/sec ±1.09% (86 runs sampled)\n  braces x 11,202,303 ops/sec ±1.06% (88 runs sampled)\n  minimatch x 4,816 ops/sec ±0.99% (87 runs sampled)\n\n  fastest is braces\n\n# benchmark/fixtures/combination.js (51 bytes)\n  brace-expansion x 625 ops/sec ±0.87% (87 runs sampled)\n  braces x 11,031,884 ops/sec ±0.72% (90 runs sampled)\n  minimatch x 637 ops/sec ±0.84% (88 runs sampled)\n\n  fastest is braces\n\n# benchmark/fixtures/escaped.js (44 bytes)\n  brace-expansion x 163,325 ops/sec ±1.05% (87 runs sampled)\n  braces x 10,655,071 ops/sec ±1.22% (88 runs sampled)\n  minimatch x 147,495 ops/sec ±0.96% (88 runs sampled)\n\n  fastest is braces\n\n# benchmark/fixtures/list-basic.js (40 bytes)\n  brace-expansion x 99,726 ops/sec ±1.07% (83 runs sampled)\n  braces x 10,596,584 ops/sec ±0.98% (88 runs sampled)\n  minimatch x 100,069 ops/sec ±1.17% (86 runs sampled)\n\n  fastest is braces\n\n# benchmark/fixtures/list-multiple.js (52 bytes)\n  brace-expansion x 34,348 ops/sec ±1.08% (88 runs sampled)\n  braces x 9,264,131 ops/sec ±1.12% (88 runs sampled)\n  minimatch x 34,893 ops/sec ±0.87% (87 runs sampled)\n\n  fastest is braces\n\n# benchmark/fixtures/no-braces.js (48 bytes)\n  brace-expansion x 275,368 ops/sec ±1.18% (89 runs sampled)\n  braces x 9,134,677 ops/sec ±0.95% (88 runs sampled)\n  minimatch x 3,755,954 ops/sec ±1.13% (89 runs sampled)\n\n  fastest is braces\n\n# benchmark/fixtures/sequence-basic.js (41 bytes)\n  brace-expansion x 5,492 ops/sec ±1.35% (87 runs sampled)\n  braces x 8,485,034 ops/sec ±1.28% (89 runs sampled)\n  minimatch x 5,341 ops/sec ±1.17% (87 runs sampled)\n\n  fastest is braces\n\n# benchmark/fixtures/sequence-multiple.js (51 bytes)\n  brace-expansion x 116 ops/sec ±0.77% (77 runs sampled)\n  braces x 9,445,118 ops/sec ±1.32% (84 runs sampled)\n  minimatch x 109 ops/sec ±1.16% (76 runs sampled)\n\n  fastest is braces\n```\n\n## Performance\n\n### What's the big deal?\n\nIf you use globbing a lot, whether in your build tool chain or in your application, the speed of the glob matcher not only impacts your experience, but a slow glob matcher can slow everything else down, limitimg what you thought was possible in your application.\n\n### Braces is fast\n\n> minimatch gets exponentially slower as patterns increase in complexity, braces does not\n\nBrace patterns are meant to be expanded - at least, if you're using Bash, that is. It's not at all unusual for users to want to use brace patterns for dates or similar ranges. It's also very easy to define a brace pattern that appears to be very simple but in fact is fairly complex.\n\nFor example, here is how generated regex size and processing time compare as patterns increase in complexity:\n\n_(the following results were generated using `braces()` and `minimatch.braceExpand()`)_\n\n| **Pattern** | **minimatch** | **braces** | \n| --- | --- | --- |\n| `{1..9007199254740991}`<sup class=\"footnote-ref\"><a href=\"#fn1\" id=\"fnref1\">[1]</a></sup> | N/A (freezes) | `300 B` (12ms 878μs) |\n| `{1..10000000}` | `98.9 MB` (20s 193ms 13μs) | `34 B` (11ms 204μs) |\n| `{1..1000000}` | `8.89 MB` (1s 838ms 718μs) | `33 B` (1ms 761μs) |\n| `{1..100000}` | `789 kB` (181ms 518μs) | `32 B` (1ms 76μs) |\n| `{1..10000}` | `68.9 kB` (17ms 436μs) | `31 B` (1ms 382μs) |\n| `{1..1000}` | `5.89 kB` (1ms 773μs) | `30 B` (1ms 509μs) |\n| `{1..100}` | `491 B` (321μs) | `24 B` (309μs) |\n| `{1..10}` | `40 B` (56μs) | `12 B` (333μs) |\n| `{1..3}` | `11 B` (80μs) | `9 B` (370μs) |\n\nThese numbers are actually pretty small as far as numeric ranges are concerned. Regardless, we shouldn't have to consider such things when creating a glob pattern. The tool should get out of your way and let you be as creative as you want.\n\n### Braces is performant\n\nEven when brace patterns are fully **expanded**, `braces` is still much faster.\n\n_(the following results were generated using `braces.expand()` and `minimatch.braceExpand()`)_\n\n| **Pattern** | **minimatch** | **braces** | \n| --- | --- | --- | --- | --- | --- |\n| `a/{1..10000000}` | `98.9 MB` (19s 754ms 376μs) | `98.9 MB` (5s 734ms 419μs) |\n| `a/{1..1000000}` | `8.89 MB` (1s 866ms 968μs) | `8.89 MB` (561ms 594μs) |\n| `a/{1..100000}` | `789 kB` (178ms 311μs) | `789 kB` (29ms 823μs) |\n| `a/{1..10000}` | `68.9 kB` (17ms 692μs) | `68.9 kB` (2ms 351μs) |\n| `a/{1..1000}` | `5.89 kB` (1ms 823μs) | `5.89 kB` (706μs) |\n| `a/{1..100}` | `491 B` (609μs) | `491 B` (267μs) |\n| `a/{1..10}` | `40 B` (61μs) | `40 B` (636μs) |\n| `a/{1..3}` | `11 B` (206μs) | `11 B` (207μs) |\n\n### Why is braces so fast?\n\nBraces was built from the ground up to be as performant as possible when matching, using a combination of the following:\n\n* **minimizes loops and iterating**: we try to pass over the pattern once to parse it before passing it to the compiler.\n* **generates an optimized string**: sequences/ranges are optimized by [to-regex-range](https://github.com/jonschlinkert/to-regex-range), which is not only highly accurate, but produces patterns that are a fraction of the size of patterns generated by other brace expansion libraries, such as Bash and [minimatch](https://github.com/isaacs/minimatch) (via [brace-expansion](https://github.com/juliangruber/brace-expansion))\n* **generates results faster**: can handle even the most complex patterns that cause other implementations like [minimatch](https://github.com/isaacs/minimatch) and Bash to freeze (feeling brave? try expanding `a/{1..10000000}` with minimatch :)\n\n### Braces is safe\n\nLast, but perhaps most important of all, unlike [brace-expansion](https://github.com/juliangruber/brace-expansion) and [minimatch](https://github.com/isaacs/minimatch), braces will not freeze your application when a user passes a complex brace pattern.\n\nFor example, the\n\n## About\n\n### Related projects\n\n* [expand-brackets](https://www.npmjs.com/package/expand-brackets): Expand POSIX bracket expressions (character classes) in glob patterns. | [homepage](https://github.com/jonschlinkert/expand-brackets \"Expand POSIX bracket expressions (character classes) in glob patterns.\")\n* [extglob](https://www.npmjs.com/package/extglob): Convert extended globs to regex-compatible strings. Add (almost) the expressive power of regular expressions to… [more](https://github.com/jonschlinkert/extglob) | [homepage](https://github.com/jonschlinkert/extglob \"Convert extended globs to regex-compatible strings. Add (almost) the expressive power of regular expressions to glob patterns.\")\n* [fill-range](https://www.npmjs.com/package/fill-range): Fill in a range of numbers or letters, optionally passing an increment or `step` to… [more](https://github.com/jonschlinkert/fill-range) | [homepage](https://github.com/jonschlinkert/fill-range \"Fill in a range of numbers or letters, optionally passing an increment or `step` to use, or create a regex-compatible range with `options.toRegex`\")\n* [micromatch](https://www.npmjs.com/package/micromatch): Glob matching for javascript/node.js. A drop-in replacement and faster alternative to minimatch and multimatch. | [homepage](https://github.com/jonschlinkert/micromatch \"Glob matching for javascript/node.js. A drop-in replacement and faster alternative to minimatch and multimatch.\")\n* [nanomatch](https://www.npmjs.com/package/nanomatch): Fast, minimal glob matcher for node.js. Similar to micromatch, minimatch and multimatch, but complete Bash… [more](https://github.com/jonschlinkert/nanomatch) | [homepage](https://github.com/jonschlinkert/nanomatch \"Fast, minimal glob matcher for node.js. Similar to micromatch, minimatch and multimatch, but complete Bash 4.3 wildcard support only (no support for exglobs, posix brackets or braces)\")\n\n### Contributing\n\nPull requests and stars are always welcome. For bugs and feature requests, [please create an issue](../../issues/new).\n\n### Contributors\n\n| **Commits** | **Contributor**<br/> | \n| --- | --- | --- | --- | --- | --- | --- | --- |\n| 130 | [jonschlinkert](https://github.com/jonschlinkert) |\n| 4 | [doowb](https://github.com/doowb) |\n| 1 | [eush77](https://github.com/eush77) |\n\n### Building docs\n\n_(This document was generated by [verb-generate-readme](https://github.com/verbose/verb-generate-readme) (a [verb](https://github.com/verbose/verb) generator), please don't edit the readme directly. Any changes to the readme must be made in [.verb.md](.verb.md).)_\n\nTo generate the readme and API documentation with [verb](https://github.com/verbose/verb):\n\n```sh\n$ npm install -g verb verb-generate-readme && verb\n```\n\n### Running tests\n\nInstall dev dependencies:\n\n```sh\n$ npm install -d && npm test\n```\n\n### Author\n\n**Jon Schlinkert**\n\n* [github/jonschlinkert](https://github.com/jonschlinkert)\n* [twitter/jonschlinkert](http://twitter.com/jonschlinkert)\n\n### License\n\nCopyright © 2016, [Jon Schlinkert](https://github.com/jonschlinkert).\nReleased under the [MIT license](https://github.com/jonschlinkert/braces/blob/master/LICENSE).\n\n***\n\n_This file was generated by [verb-generate-readme](https://github.com/verbose/verb-generate-readme), v0.2.0, on October 19, 2016._\n\n<hr class=\"footnotes-sep\">\n<section class=\"footnotes\">\n<ol class=\"footnotes-list\">\n<li id=\"fn1\"  class=\"footnote-item\">this is the largest safe integer allowed in JavaScript. <a href=\"#fnref1\" class=\"footnote-backref\">↩</a>\n\n</li>\n</ol>\n</section>","maintainers":[{"name":"jonschlinkert","email":"github@sellside.com"},{"name":"es128","email":"elan.shanker+npm@gmail.com"},{"name":"doowb","email":"brian.woodward@gmail.com"}],"time":{"modified":"2016-10-20T01:32:09.939Z","created":"2014-10-20T16:26:32.656Z","0.1.0":"2014-10-20T16:26:32.656Z","0.1.1":"2014-10-22T18:19:54.228Z","0.1.2":"2014-10-22T18:51:58.044Z","0.1.3":"2014-11-15T03:23:28.705Z","0.1.4":"2014-11-15T03:24:22.095Z","0.1.5":"2014-11-24T02:08:00.293Z","1.0.0":"2014-12-23T11:35:57.637Z","1.1.0":"2015-01-12T00:45:29.358Z","1.2.0":"2015-01-16T11:55:08.268Z","1.3.0":"2015-01-24T11:32:14.592Z","1.4.0":"2015-01-25T00:33:05.711Z","1.5.0":"2015-01-28T18:08:49.158Z","1.5.1":"2015-01-30T13:27:20.249Z","1.6.0":"2015-01-30T13:35:38.758Z","1.7.0":"2015-01-31T00:24:25.055Z","1.8.0":"2015-03-18T11:37:22.409Z","1.8.1":"2015-08-21T10:17:04.643Z","1.8.2":"2015-10-19T17:46:05.744Z","1.8.3":"2015-12-19T23:03:30.884Z","1.8.4":"2016-04-20T08:24:45.636Z","1.8.5":"2016-05-21T15:13:02.602Z","2.0.0":"2016-10-20T01:32:09.939Z"},"homepage":"https://github.com/jonschlinkert/braces","keywords":["alpha","alphabetical","bash","brace","braces","expand","expansion","filepath","fill","fs","glob","globbing","letter","match","matches","matching","number","numerical","path","range","ranges","sh"],"repository":{"type":"git","url":"git+https://github.com/jonschlinkert/braces.git"},"author":{"name":"Jon Schlinkert","url":"https://github.com/jonschlinkert"},"bugs":{"url":"https://github.com/jonschlinkert/braces/issues"},"readmeFilename":"README.md","license":"MIT","users":{"danielbayley":true},"contributors":[{"name":"Brian Woodward","email":"brian.woodward@gmail.com","url":"https://github.com/doowb"},{"name":"Eugene Sharygin","url":"https://github.com/eush77"},{"name":"Jon Schlinkert","email":"jon.schlinkert@sellside.com","url":"http://twitter.com/jonschlinkert"}],"_attachments":{},"_etag":"\"8LMP1P1UW6EW4FKKFURRQ7OAQ\""}