{"_id":"is-plain-object","_rev":"10-1663c062cd5bbd764e512b3aec42c010","name":"is-plain-object","description":"Returns true if an object was created by the `Object` constructor.","dist-tags":{"latest":"2.0.1"},"versions":{"0.1.0":{"name":"is-plain-object","description":"Return `true` if the given `value` is an object created by the `Object` constructor.","version":"0.1.0","homepage":"https://github.com/jonschlinkert/is-plain-object","author":{"name":"Jon Schlinkert","url":"https://github.com/jonschlinkert"},"repository":{"type":"git","url":"git://github.com/jonschlinkert/is-plain-object.git"},"bugs":{"url":"https://github.com/jonschlinkert/is-plain-object/issues"},"licenses":[{"type":"MIT","url":"https://github.com/jonschlinkert/is-plain-object/blob/master/LICENSE-MIT"}],"keywords":["object","is","is-object","isobject","plain","value","typeof","javascript","check","type"],"main":"index.js","engines":{"node":">=0.10.0"},"scripts":{"test":"mocha -R spec"},"devDependencies":{"verb":"~0.2.6","chai":"~1.9.1","mocha":"*"},"_id":"is-plain-object@0.1.0","_shasum":"3ca7db022de72fd12007f1957beb59ea596b979c","_from":".","_npmVersion":"1.4.9","_npmUser":{"name":"jonschlinkert","email":"github@sellside.com"},"maintainers":[{"name":"jonschlinkert","email":"github@sellside.com"}],"dist":{"shasum":"3ca7db022de72fd12007f1957beb59ea596b979c","tarball":"https://registry.npmjs.org/is-plain-object/-/is-plain-object-0.1.0.tgz"},"directories":{}},"1.0.0":{"name":"is-plain-object","description":"Returns true if an object was created by the `Object` constructor.","version":"1.0.0","homepage":"https://github.com/jonschlinkert/is-plain-object","author":{"name":"Jon Schlinkert","url":"https://github.com/jonschlinkert"},"repository":{"type":"git","url":"git://github.com/jonschlinkert/is-plain-object.git"},"bugs":{"url":"https://github.com/jonschlinkert/is-plain-object/issues"},"license":{"type":"MIT","url":"https://github.com/jonschlinkert/is-plain-object/blob/master/LICENSE"},"files":["index.js"],"main":"index.js","engines":{"node":">=0.10.0"},"scripts":{"test":"mocha"},"dependencies":{"isobject":"^0.2.0"},"devDependencies":{"mocha":"*"},"keywords":["object","is","is-object","isobject","plain","value","typeof","javascript","check","type"],"gitHead":"48f326d18bcf8776c60cdf7c7859d2dc514e6257","_id":"is-plain-object@1.0.0","_shasum":"ff5f752db71c3328afd5e685eb6adddd3eaffab7","_from":".","_npmVersion":"2.5.1","_nodeVersion":"0.12.0","_npmUser":{"name":"jonschlinkert","email":"github@sellside.com"},"maintainers":[{"name":"jonschlinkert","email":"github@sellside.com"}],"dist":{"shasum":"ff5f752db71c3328afd5e685eb6adddd3eaffab7","tarball":"https://registry.npmjs.org/is-plain-object/-/is-plain-object-1.0.0.tgz"},"directories":{}},"2.0.0":{"name":"is-plain-object","description":"Returns true if an object was created by the `Object` constructor.","version":"2.0.0","homepage":"https://github.com/jonschlinkert/is-plain-object","author":{"name":"Jon Schlinkert","url":"https://github.com/jonschlinkert"},"repository":{"type":"git","url":"git://github.com/jonschlinkert/is-plain-object.git"},"bugs":{"url":"https://github.com/jonschlinkert/is-plain-object/issues"},"license":{"type":"MIT","url":"https://github.com/jonschlinkert/is-plain-object/blob/master/LICENSE"},"files":["index.js"],"main":"index.js","engines":{"node":">=0.10.0"},"scripts":{"browserify":"browserify index.js --standalone isPlainObject | uglifyjs --compress --mangle -o browser/is-plain-object.js","test_browser":"mocha-phantomjs test/browser.html","test_node":"mocha test","test":"npm run test_node && npm run browserify && npm run test_browser"},"dependencies":{"isobject":"^0.2.0"},"devDependencies":{"browserify":"*","chai":"*","mocha":"*","mocha-phantomjs":"*","phantomjs":"*","uglify-js":"*"},"keywords":["object","is","is-object","isobject","plain","value","typeof","javascript","check","type"],"gitHead":"b96e86b84e78e21108b1ea824a3e91af1e00164b","_id":"is-plain-object@2.0.0","_shasum":"8612587fa90279dc1b6e1cec2056f6c1df7abb2a","_from":"git://github.com/jonschlinkert/is-plain-object.git","_resolved":"git://github.com/jonschlinkert/is-plain-object.git#b96e86b84e78e21108b1ea824a3e91af1e00164b","_fromGithub":true,"_npmVersion":"2.7.4","_nodeVersion":"0.12.2","_npmUser":{"name":"stevenvachon","email":"contact@svachon.com"},"maintainers":[{"name":"jonschlinkert","email":"github@sellside.com"},{"name":"stevenvachon","email":"contact@svachon.com"}],"dist":{"shasum":"8612587fa90279dc1b6e1cec2056f6c1df7abb2a","tarball":"https://registry.npmjs.org/is-plain-object/-/is-plain-object-2.0.0.tgz"},"directories":{}},"2.0.1":{"name":"is-plain-object","description":"Returns true if an object was created by the `Object` constructor.","version":"2.0.1","homepage":"https://github.com/jonschlinkert/is-plain-object","author":{"name":"Jon Schlinkert","url":"https://github.com/jonschlinkert"},"repository":{"type":"git","url":"https://github.com/jonschlinkert/is-plain-object"},"bugs":{"url":"https://github.com/jonschlinkert/is-plain-object/issues"},"license":"MIT","files":["index.js"],"main":"index.js","engines":{"node":">=0.10.0"},"scripts":{"browserify":"browserify index.js --standalone isPlainObject | uglifyjs --compress --mangle -o browser/is-plain-object.js","test_browser":"mocha-phantomjs test/browser.html","test_node":"mocha","test":"npm run test_node && npm run browserify && npm run test_browser"},"dependencies":{"isobject":"^1.0.0"},"devDependencies":{"browserify":"*","chai":"*","mocha":"*","mocha-phantomjs":"*","phantomjs":"*","uglify-js":"*"},"keywords":["object","is","is-object","isobject","plain","value","type","kind","kind-of","typeof","javascript","check","type"],"gitHead":"b96e86b84e78e21108b1ea824a3e91af1e00164b","_id":"is-plain-object@2.0.1","_shasum":"4d7ca539bc9db9b737b8acb612f2318ef92f294f","_from":".","_npmVersion":"2.5.1","_nodeVersion":"0.12.0","_npmUser":{"name":"jonschlinkert","email":"github@sellside.com"},"maintainers":[{"name":"jonschlinkert","email":"github@sellside.com"},{"name":"stevenvachon","email":"contact@svachon.com"}],"dist":{"shasum":"4d7ca539bc9db9b737b8acb612f2318ef92f294f","tarball":"https://registry.npmjs.org/is-plain-object/-/is-plain-object-2.0.1.tgz"},"directories":{}}},"readme":"# is-plain-object [![NPM version](https://badge.fury.io/js/is-plain-object.svg)](http://badge.fury.io/js/is-plain-object)\n\n> Returns true if an object was created by the `Object` constructor.\n\nUse [isobject](https://github.com/jonschlinkert/isobject) if you only want to check if the value is an object and not an array or null.\n\n## Install\n\nInstall with [npm](https://www.npmjs.com/)\n\n```sh\n$ npm i is-plain-object --save\n```\n\n## Usage\n\n```js\nvar isPlainObject = require('is-plain-object');\n```\n\n**true** when created by the `Object` constructor.\n\n```js\nisPlainObject(Object.create({}));\n//=> true\nisPlainObject(Object.create(Object.prototype));\n//=> true\nisPlainObject({foo: 'bar'});\n//=> true\nisPlainObject({});\n//=> true\n```\n\n**false** when not created by the `Object` constructor.\n\n```js\nisPlainObject(1);\n//=> false\nisPlainObject(['foo', 'bar']);\n//=> false\nisPlainObject([]);\n//=> false\nisPlainObject(new Foo);\n//=> false\nisPlainObject(null);\n//=> false\nisPlainObject(Object.create(null));\n//=> false\n```\n\n## Related projects\n\n* [assign-deep](https://github.com/jonschlinkert/assign-deep): Deeply assign the enumerable properties of source objects to a destination object.\n* [extend-shallow](https://github.com/jonschlinkert/extend-shallow): Extend an object with the properties of additional objects. node.js/javascript util.\n* [for-own](https://github.com/jonschlinkert/for-own): Iterate over the own enumerable properties of an object, and return an object with properties… [more](https://github.com/jonschlinkert/for-own)\n* [for-in](https://github.com/jonschlinkert/for-in): Iterate over the own and inherited enumerable properties of an objecte, and return an object… [more](https://github.com/jonschlinkert/for-in)\n* [is-plain-object](https://github.com/jonschlinkert/is-plain-object): Returns true if an object was created by the `Object` constructor.\n* [isobject](https://github.com/jonschlinkert/isobject): Returns true if the value is an object and not an array or null.\n* [kind-of](https://github.com/jonschlinkert/kind-of): Get the native type of a value.\n* [merge-deep](https://github.com/jonschlinkert/merge-deep): Recursively merge values in a javascript object.\n\n## Running tests\n\nInstall dev dependencies:\n\n```sh\n$ npm i -d && npm test\n```\n\n## Author\n\n**Jon Schlinkert**\n\n+ [github/jonschlinkert](https://github.com/jonschlinkert)\n+ [twitter/jonschlinkert](http://twitter.com/jonschlinkert)\n\n## License\n\nCopyright © 2015 Jon Schlinkert\nReleased under the MIT license.\n\n***\n\n_This file was generated by [verb-cli](https://github.com/assemble/verb-cli) on May 28, 2015._\n","maintainers":[{"name":"jonschlinkert","email":"github@sellside.com"},{"name":"stevenvachon","email":"contact@svachon.com"}],"time":{"modified":"2015-05-28T08:02:18.730Z","created":"2014-09-21T22:41:50.073Z","0.1.0":"2014-09-21T22:41:50.073Z","1.0.0":"2015-02-25T07:49:39.188Z","2.0.0":"2015-04-29T12:57:28.225Z","2.0.1":"2015-05-28T08:02:18.730Z"},"homepage":"https://github.com/jonschlinkert/is-plain-object","keywords":["object","is","is-object","isobject","plain","value","type","kind","kind-of","typeof","javascript","check","type"],"repository":{"type":"git","url":"https://github.com/jonschlinkert/is-plain-object"},"author":{"name":"Jon Schlinkert","url":"https://github.com/jonschlinkert"},"bugs":{"url":"https://github.com/jonschlinkert/is-plain-object/issues"},"readmeFilename":"README.md","users":{"dfcreative":true,"arttse":true,"rochejul":true},"license":"MIT","_attachments":{},"_etag":"\"B6PA184FOX740DNG5BEAB1I3F\""}