{"_id":"is-binary-path","_rev":"6-297ddc9f99bb0448c85f0e79d9cfe667","name":"is-binary-path","description":"Check if a filepath is a binary file","dist-tags":{"latest":"1.0.1"},"versions":{"1.0.0":{"name":"is-binary-path","version":"1.0.0","description":"Check if a filepath is a binary file","license":"MIT","repository":{"type":"git","url":"https://github.com/sindresorhus/is-binary-path"},"author":{"name":"Sindre Sorhus","email":"sindresorhus@gmail.com","url":"sindresorhus.com"},"engines":{"node":">=0.10.0"},"scripts":{"test":"node test.js"},"files":["index.js"],"keywords":["bin","binary","ext","extensions","extension","file","path","check","detect","is"],"dependencies":{"binary-extensions":"^1.0.0"},"devDependencies":{"ava":"0.0.4"},"gitHead":"455639b70e867213e23480fe0b71348a79263e91","bugs":{"url":"https://github.com/sindresorhus/is-binary-path/issues"},"homepage":"https://github.com/sindresorhus/is-binary-path","_id":"is-binary-path@1.0.0","_shasum":"51a9ab34cc239e8e97d1cb1c874faf25d79d54e5","_from":".","_npmVersion":"1.4.28","_npmUser":{"name":"sindresorhus","email":"sindresorhus@gmail.com"},"maintainers":[{"name":"sindresorhus","email":"sindresorhus@gmail.com"}],"dist":{"shasum":"51a9ab34cc239e8e97d1cb1c874faf25d79d54e5","tarball":"https://registry.npmjs.org/is-binary-path/-/is-binary-path-1.0.0.tgz"},"directories":{}},"1.0.1":{"name":"is-binary-path","version":"1.0.1","description":"Check if a filepath is a binary file","license":"MIT","repository":{"type":"git","url":"https://github.com/sindresorhus/is-binary-path"},"author":{"name":"Sindre Sorhus","email":"sindresorhus@gmail.com","url":"sindresorhus.com"},"engines":{"node":">=0.10.0"},"scripts":{"test":"node test.js"},"files":["index.js"],"keywords":["bin","binary","ext","extensions","extension","file","path","check","detect","is"],"dependencies":{"binary-extensions":"^1.0.0"},"devDependencies":{"ava":"0.0.4"},"gitHead":"ed26bd7be5e29dad159c2771cb99dd48913f9de0","bugs":{"url":"https://github.com/sindresorhus/is-binary-path/issues"},"homepage":"https://github.com/sindresorhus/is-binary-path","_id":"is-binary-path@1.0.1","_shasum":"75f16642b480f187a711c814161fd3a4a7655898","_from":".","_npmVersion":"2.10.1","_nodeVersion":"0.12.4","_npmUser":{"name":"sindresorhus","email":"sindresorhus@gmail.com"},"dist":{"shasum":"75f16642b480f187a711c814161fd3a4a7655898","tarball":"https://registry.npmjs.org/is-binary-path/-/is-binary-path-1.0.1.tgz"},"maintainers":[{"name":"sindresorhus","email":"sindresorhus@gmail.com"},{"name":"paulmillr","email":"paul@paulmillr.com"},{"name":"es128","email":"elan.shanker+npm@gmail.com"}],"directories":{}}},"readme":"# is-binary-path [![Build Status](https://travis-ci.org/sindresorhus/is-binary-path.svg?branch=master)](https://travis-ci.org/sindresorhus/is-binary-path)\n\n> Check if a filepath is a binary file\n\n\n## Install\n\n```\n$ npm install --save is-binary-path\n```\n\n\n## Usage\n\n```js\nvar isBinaryPath = require('is-binary-path');\n\nisBinaryPath('src/unicorn.png');\n//=> true\n\nisBinaryPath('src/unicorn.txt');\n//=> false\n```\n\n\n## Related\n\n- [`binary-extensions`](https://github.com/sindresorhus/binary-extensions) - List of binary file extensions\n- [`is-text-path`](https://github.com/sindresorhus/is-text-path) - Check if a filepath is a text file\n\n\n## License\n\nMIT © [Sindre Sorhus](http://sindresorhus.com)\n","maintainers":[{"name":"sindresorhus","email":"sindresorhus@gmail.com"},{"name":"paulmillr","email":"paul@paulmillr.com"},{"name":"es128","email":"elan.shanker+npm@gmail.com"}],"time":{"modified":"2015-05-25T11:32:32.616Z","created":"2015-01-24T09:13:13.344Z","1.0.0":"2015-01-24T09:13:13.344Z","1.0.1":"2015-05-25T11:32:32.616Z"},"homepage":"https://github.com/sindresorhus/is-binary-path","keywords":["bin","binary","ext","extensions","extension","file","path","check","detect","is"],"repository":{"type":"git","url":"https://github.com/sindresorhus/is-binary-path"},"author":{"name":"Sindre Sorhus","email":"sindresorhus@gmail.com","url":"sindresorhus.com"},"bugs":{"url":"https://github.com/sindresorhus/is-binary-path/issues"},"license":"MIT","readmeFilename":"readme.md","users":{"youstrive":true},"_attachments":{},"_etag":"\"9UPEVFUU3D0EQPLGFC7TPVCY4\""}