{"_id":"is-primitive","_rev":"11-a11719013da19dcd44d1593e8a889512","name":"is-primitive","description":"Returns `true` if the value is a primitive. ","dist-tags":{"latest":"2.0.0"},"versions":{"0.1.0":{"name":"is-primitive","description":"Returns `true` if the value is a primitive. ","version":"0.1.0","homepage":"https://github.com/jonschlinkert/is-primitive","author":{"name":"Jon Schlinkert","url":"https://github.com/jonschlinkert"},"repository":{"type":"git","url":"git://github.com/jonschlinkert/is-primitive.git"},"bugs":{"url":"https://github.com/jonschlinkert/is-primitive/issues"},"licenses":[{"type":"MIT","url":"https://github.com/jonschlinkert/is-primitive/blob/master/LICENSE-MIT"}],"main":"index.js","engines":{"node":">=0.10.0"},"scripts":{"test":"mocha -R spec"},"devDependencies":{"mocha":"*","should":"^4.0.4","verb":">= 0.2.6","verb-tag-jscomments":">= 0.2.0"},"keywords":["docs","documentation","generate","generator","markdown","templates","verb"],"_id":"is-primitive@0.1.0","_shasum":"6059181ec090d188a426e72b26f094c2ed20beaa","_from":".","_npmVersion":"1.4.9","_npmUser":{"name":"jonschlinkert","email":"github@sellside.com"},"maintainers":[{"name":"jonschlinkert","email":"github@sellside.com"}],"dist":{"shasum":"6059181ec090d188a426e72b26f094c2ed20beaa","tarball":"https://registry.npmjs.org/is-primitive/-/is-primitive-0.1.0.tgz"},"directories":{}},"1.0.0":{"name":"is-primitive","description":"Returns `true` if the value is a primitive. ","version":"1.0.0","homepage":"https://github.com/jonschlinkert/is-primitive","author":{"name":"Jon Schlinkert","url":"https://github.com/jonschlinkert"},"repository":{"type":"git","url":"git://github.com/jonschlinkert/is-primitive.git"},"bugs":{"url":"https://github.com/jonschlinkert/is-primitive/issues"},"licenses":[{"type":"MIT","url":"https://github.com/jonschlinkert/is-primitive/blob/master/LICENSE"}],"files":["index.js"],"main":"index.js","engines":{"node":">=0.10.0"},"scripts":{"test":"mocha"},"devDependencies":{"mocha":"*","should":"^4.0.4"},"keywords":["boolean","check","number","primitive","string","symbol","type","typeof","util"],"gitHead":"d15fedd28047fed01efbe6cbba743dd3516a284c","_id":"is-primitive@1.0.0","_shasum":"c3677046fe11225017222204dd602503f7e5eb74","_from":".","_npmVersion":"1.4.28","_npmUser":{"name":"jonschlinkert","email":"github@sellside.com"},"maintainers":[{"name":"jonschlinkert","email":"github@sellside.com"}],"dist":{"shasum":"c3677046fe11225017222204dd602503f7e5eb74","tarball":"https://registry.npmjs.org/is-primitive/-/is-primitive-1.0.0.tgz"},"directories":{}},"2.0.0":{"name":"is-primitive","description":"Returns `true` if the value is a primitive. ","version":"2.0.0","homepage":"https://github.com/jonschlinkert/is-primitive","author":{"name":"Jon Schlinkert","url":"https://github.com/jonschlinkert"},"repository":{"type":"git","url":"git://github.com/jonschlinkert/is-primitive.git"},"bugs":{"url":"https://github.com/jonschlinkert/is-primitive/issues"},"license":{"type":"MIT","url":"https://github.com/jonschlinkert/is-primitive/blob/master/LICENSE"},"files":["index.js"],"main":"index.js","engines":{"node":">=0.10.0"},"scripts":{"test":"mocha"},"devDependencies":{"mocha":"*","should":"^4.0.4"},"keywords":["boolean","check","number","primitive","string","symbol","type","typeof","util"],"gitHead":"c512b7c95fb049aa9b1f039ddc0670611b66cce2","_id":"is-primitive@2.0.0","_shasum":"207bab91638499c07b2adf240a41a87210034575","_from":".","_npmVersion":"2.5.1","_nodeVersion":"0.12.0","_npmUser":{"name":"jonschlinkert","email":"github@sellside.com"},"maintainers":[{"name":"jonschlinkert","email":"github@sellside.com"}],"dist":{"shasum":"207bab91638499c07b2adf240a41a87210034575","tarball":"https://registry.npmjs.org/is-primitive/-/is-primitive-2.0.0.tgz"},"directories":{}}},"readme":"# is-primitive [![NPM version](https://badge.fury.io/js/is-primitive.svg)](http://badge.fury.io/js/is-primitive)  [![Build Status](https://travis-ci.org/jonschlinkert/is-primitive.svg)](https://travis-ci.org/jonschlinkert/is-primitive) \n\n> Returns `true` if the value is a primitive. \n\n## Install with [npm](npmjs.org)\n\n```bash\nnpm i is-primitive --save\n```\n\n## Running tests\nInstall dev dependencies.\n\n```bash\nnpm i -d && npm test\n```\n\n## Usage\n\n```js\nvar isPrimitive = require('is-primitive');\nisPrimitive('abc');\n//=> true\n\nisPrimitive(42);\n//=> true\n\nisPrimitive(false);\n//=> true\n\nisPrimitive(true);\n//=> true\n\nisPrimitive({});\n//=> false\n\nisPrimitive([]);\n//=> false\n\nisPrimitive(function(){});\n//=> false\n```\n\n## Author\n\n**Jon Schlinkert**\n \n+ [github/jonschlinkert](https://github.com/jonschlinkert)\n+ [twitter/jonschlinkert](http://twitter.com/jonschlinkert) \n\n## License\nCopyright (c) 2014-2015 Jon Schlinkert  \nReleased under the MIT license\n\n***\n\n_This file was generated by [verb-cli](https://github.com/assemble/verb-cli) on March 16, 2015._","maintainers":[{"name":"jonschlinkert","email":"github@sellside.com"},{"name":"doowb","email":"brian.woodward@gmail.com"}],"time":{"modified":"2015-06-08T23:10:21.978Z","created":"2014-09-26T07:38:07.567Z","0.1.0":"2014-09-26T07:38:07.567Z","1.0.0":"2015-02-13T03:18:15.943Z","2.0.0":"2015-03-17T04:00:41.319Z"},"homepage":"https://github.com/jonschlinkert/is-primitive","keywords":["boolean","check","number","primitive","string","symbol","type","typeof","util"],"repository":{"type":"git","url":"git://github.com/jonschlinkert/is-primitive.git"},"author":{"name":"Jon Schlinkert","url":"https://github.com/jonschlinkert"},"bugs":{"url":"https://github.com/jonschlinkert/is-primitive/issues"},"readmeFilename":"README.md","license":{"type":"MIT","url":"https://github.com/jonschlinkert/is-primitive/blob/master/LICENSE"},"users":{"jonschlinkert":true,"xotic750":true,"hugov":true,"recursion_excursion":true},"_attachments":{},"_etag":"\"60JBARR7PURSNTEGJ2NFR169X\""}