{"_id":"aws-sign2","_rev":"6-75a16b61876c886cadf251c68bd53302","name":"aws-sign2","description":"AWS signing. Originally pulled from LearnBoost/knox, maintained as vendor in request, now a standalone module.","dist-tags":{"latest":"0.6.0"},"versions":{"0.4.0":{"author":{"name":"Mikeal Rogers","email":"mikeal.rogers@gmail.com","url":"http://www.futurealoof.com"},"name":"aws-sign2","description":"AWS signing. Originally pulled from LearnBoost/knox, maintained as vendor in request, now a standalone module.","version":"0.4.0","repository":{"url":"https://github.com/mikeal/aws-sign"},"main":"index.js","dependencies":{},"devDependencies":{},"optionalDependencies":{},"engines":{"node":"*"},"bugs":{"url":"https://github.com/mikeal/aws-sign/issues"},"_id":"aws-sign2@0.4.0","dist":{"shasum":"09629bb86d1734d45ab31f39699c3c580759ba44","tarball":"https://registry.npmjs.org/aws-sign2/-/aws-sign2-0.4.0.tgz"},"_from":".","_npmVersion":"1.3.2","_npmUser":{"name":"mikeal","email":"mikeal.rogers@gmail.com"},"maintainers":[{"name":"mikeal","email":"mikeal.rogers@gmail.com"}],"directories":{}},"0.5.0":{"author":{"name":"Mikeal Rogers","email":"mikeal.rogers@gmail.com","url":"http://www.futurealoof.com"},"name":"aws-sign2","description":"AWS signing. Originally pulled from LearnBoost/knox, maintained as vendor in request, now a standalone module.","version":"0.5.0","repository":{"url":"https://github.com/mikeal/aws-sign"},"main":"index.js","dependencies":{},"devDependencies":{},"optionalDependencies":{},"engines":{"node":"*"},"bugs":{"url":"https://github.com/mikeal/aws-sign/issues"},"_id":"aws-sign2@0.5.0","dist":{"shasum":"c57103f7a17fc037f02d7c2e64b602ea223f7d63","tarball":"https://registry.npmjs.org/aws-sign2/-/aws-sign2-0.5.0.tgz"},"_from":".","_npmVersion":"1.3.2","_npmUser":{"name":"mikeal","email":"mikeal.rogers@gmail.com"},"maintainers":[{"name":"mikeal","email":"mikeal.rogers@gmail.com"}],"directories":{}},"0.6.0":{"author":{"name":"Mikeal Rogers","email":"mikeal.rogers@gmail.com","url":"http://www.futurealoof.com"},"name":"aws-sign2","description":"AWS signing. Originally pulled from LearnBoost/knox, maintained as vendor in request, now a standalone module.","version":"0.6.0","repository":{"url":"git+https://github.com/mikeal/aws-sign.git"},"license":"Apache-2.0","main":"index.js","dependencies":{},"devDependencies":{},"optionalDependencies":{},"engines":{"node":"*"},"gitHead":"8554bdb41268fa295eb1ee300f4adaa9f7f07fec","bugs":{"url":"https://github.com/mikeal/aws-sign/issues"},"homepage":"https://github.com/mikeal/aws-sign#readme","_id":"aws-sign2@0.6.0","scripts":{},"_shasum":"14342dd38dbcc94d0e5b87d763cd63612c0e794f","_from":".","_npmVersion":"2.14.4","_nodeVersion":"4.1.2","_npmUser":{"name":"mikeal","email":"mikeal.rogers@gmail.com"},"maintainers":[{"name":"mikeal","email":"mikeal.rogers@gmail.com"}],"dist":{"shasum":"14342dd38dbcc94d0e5b87d763cd63612c0e794f","tarball":"https://registry.npmjs.org/aws-sign2/-/aws-sign2-0.6.0.tgz"},"directories":{}}},"readme":"aws-sign\n========\n\nAWS signing. Originally pulled from LearnBoost/knox, maintained as vendor in request, now a standalone module.\n","maintainers":[{"name":"mikeal","email":"mikeal.rogers@gmail.com"}],"time":{"modified":"2015-10-11T17:24:04.379Z","created":"2013-12-04T19:33:27.496Z","0.4.0":"2013-12-04T19:33:31.089Z","0.5.0":"2013-12-04T19:33:56.519Z","0.6.0":"2015-10-11T17:24:04.379Z"},"author":{"name":"Mikeal Rogers","email":"mikeal.rogers@gmail.com","url":"http://www.futurealoof.com"},"repository":{"url":"git+https://github.com/mikeal/aws-sign.git"},"homepage":"https://github.com/mikeal/aws-sign#readme","bugs":{"url":"https://github.com/mikeal/aws-sign/issues"},"license":"Apache-2.0","readmeFilename":"README.md","_attachments":{},"_etag":"\"27R48E29FV1E9H5GP3QGA5YV3\""}