{"_id":"marked","_rev":"288-b5b115a87b8c9959d263aee256453107","name":"marked","description":"A markdown parser built for speed","dist-tags":{"latest":"0.3.6"},"versions":{"0.0.1":{"name":"marked","description":"a fast markdown parser","author":{"name":"Christopher Jeffrey"},"version":"0.0.1","main":"./lib/marked.js","repository":{"type":"git","url":"git://github.com/chjj/marked.git"},"keywords":["markdown","markup"],"dependencies":{},"devDependencies":{},"_id":"marked@0.0.1","engines":{"node":"*"},"_engineSupported":true,"_npmVersion":"1.0.3","_nodeVersion":"v0.4.10","_defaultsLoaded":true,"dist":{"shasum":"3c4a985ac69917db567d792c90f89eeda2109016","tarball":"https://registry.npmjs.org/marked/-/marked-0.0.1.tgz"},"scripts":{},"directories":{}},"0.0.2":{"name":"marked","description":"a fast markdown parser","author":{"name":"Christopher Jeffrey"},"version":"0.0.2","main":"./lib/marked.js","bin":{"marked":"./bin/marked"},"repository":{"type":"git","url":"git://github.com/chjj/marked.git"},"keywords":["markdown","markup"],"_npmJsonOpts":{"file":"/home/cjj/.npm/marked/0.0.2/package/package.json","wscript":false,"contributors":false,"serverjs":false},"_id":"marked@0.0.2","dependencies":{},"devDependencies":{},"engines":{"node":"*"},"_engineSupported":true,"_npmVersion":"1.0.22","_nodeVersion":"v0.4.10","_defaultsLoaded":true,"dist":{"shasum":"40b9216d532b5ed5835bcfea962b732fbd1ed530","tarball":"https://registry.npmjs.org/marked/-/marked-0.0.2.tgz"},"scripts":{},"maintainers":[{"name":"chjj","email":"chjjeffrey@gmail.com"}],"directories":{}},"0.0.3":{"name":"marked","description":"a fast markdown parser","author":{"name":"Christopher Jeffrey"},"version":"0.0.3","main":"./lib/marked.js","bin":{"marked":"./bin/marked"},"repository":{"type":"git","url":"git://github.com/chjj/marked.git"},"keywords":["markdown","markup"],"_npmJsonOpts":{"file":"/home/cjj/.npm/marked/0.0.3/package/package.json","wscript":false,"contributors":false,"serverjs":false},"_id":"marked@0.0.3","dependencies":{},"devDependencies":{},"engines":{"node":"*"},"_engineSupported":true,"_npmVersion":"1.0.22","_nodeVersion":"v0.4.10","_defaultsLoaded":true,"dist":{"shasum":"03ce1ffe876edd1803dfe782433f8e5c3a0c4629","tarball":"https://registry.npmjs.org/marked/-/marked-0.0.3.tgz"},"scripts":{},"maintainers":[{"name":"chjj","email":"chjjeffrey@gmail.com"}],"directories":{}},"0.0.4":{"name":"marked","description":"a fast markdown parser","author":{"name":"Christopher Jeffrey"},"version":"0.0.4","main":"./lib/marked.js","bin":{"marked":"./bin/marked"},"repository":{"type":"git","url":"git://github.com/chjj/marked.git"},"keywords":["markdown","markup"],"_npmJsonOpts":{"file":"/home/cjj/.npm/marked/0.0.4/package/package.json","wscript":false,"contributors":false,"serverjs":false},"_id":"marked@0.0.4","dependencies":{},"devDependencies":{},"engines":{"node":"*"},"_engineSupported":true,"_npmVersion":"1.0.22","_nodeVersion":"v0.4.10","_defaultsLoaded":true,"dist":{"shasum":"5bd4c4bbdce22d9b3270262ce8ad1d2f91f22590","tarball":"https://registry.npmjs.org/marked/-/marked-0.0.4.tgz"},"scripts":{},"maintainers":[{"name":"chjj","email":"chjjeffrey@gmail.com"}],"directories":{}},"0.0.5":{"name":"marked","description":"a fast markdown parser","author":{"name":"Christopher Jeffrey"},"version":"0.0.5","main":"./lib/marked.js","bin":{"marked":"./bin/marked"},"repository":{"type":"git","url":"git://github.com/chjj/marked.git"},"keywords":["markdown","markup"],"_npmJsonOpts":{"file":"/home/cjj/.npm/marked/0.0.5/package/package.json","wscript":false,"contributors":false,"serverjs":false},"_id":"marked@0.0.5","dependencies":{},"devDependencies":{},"engines":{"node":"*"},"_engineSupported":true,"_npmVersion":"1.0.22","_nodeVersion":"v0.4.10","_defaultsLoaded":true,"dist":{"shasum":"740eb9c0636e34532b7a83f133ad7c0aa96720ce","tarball":"https://registry.npmjs.org/marked/-/marked-0.0.5.tgz"},"scripts":{},"maintainers":[{"name":"chjj","email":"chjjeffrey@gmail.com"}],"directories":{}},"0.0.6":{"name":"marked","description":"a fast markdown parser","author":{"name":"Christopher Jeffrey"},"version":"0.0.6","main":"./lib/marked.js","bin":{"marked":"./bin/marked"},"repository":{"type":"git","url":"git://github.com/chjj/marked.git"},"keywords":["markdown","markup"],"_npmJsonOpts":{"file":"/home/cjj/.npm/marked/0.0.6/package/package.json","wscript":false,"contributors":false,"serverjs":false},"_id":"marked@0.0.6","dependencies":{},"devDependencies":{},"engines":{"node":"*"},"_engineSupported":true,"_npmVersion":"1.0.22","_nodeVersion":"v0.4.10","_defaultsLoaded":true,"dist":{"shasum":"f270bac4112c92b916ef28b65407278a87b560e6","tarball":"https://registry.npmjs.org/marked/-/marked-0.0.6.tgz"},"scripts":{},"maintainers":[{"name":"chjj","email":"chjjeffrey@gmail.com"}],"directories":{}},"0.0.7":{"name":"marked","description":"A markdown parser built for speed","author":{"name":"Christopher Jeffrey"},"version":"0.0.7","main":"./lib/marked.js","bin":{"marked":"./bin/marked"},"repository":{"type":"git","url":"git://github.com/chjj/marked.git"},"keywords":["markdown","markup"],"_npmJsonOpts":{"file":"/home/cjj/.npm/marked/0.0.7/package/package.json","wscript":false,"contributors":false,"serverjs":false},"_id":"marked@0.0.7","dependencies":{},"devDependencies":{},"engines":{"node":"*"},"_engineSupported":true,"_npmVersion":"1.0.22","_nodeVersion":"v0.4.10","_defaultsLoaded":true,"dist":{"shasum":"b0eb28b6e6ab68dfbb07f7fe6d03ed98599d927a","tarball":"https://registry.npmjs.org/marked/-/marked-0.0.7.tgz"},"scripts":{},"maintainers":[{"name":"chjj","email":"chjjeffrey@gmail.com"}],"directories":{}},"0.0.8":{"name":"marked","description":"A markdown parser built for speed","author":{"name":"Christopher Jeffrey"},"version":"0.0.8","main":"./lib/marked.js","bin":{"marked":"./bin/marked"},"repository":{"type":"git","url":"git://github.com/chjj/marked.git"},"keywords":["markdown","markup"],"_npmJsonOpts":{"file":"/home/cjj/.npm/marked/0.0.8/package/package.json","wscript":false,"contributors":false,"serverjs":false},"_id":"marked@0.0.8","dependencies":{},"devDependencies":{},"engines":{"node":"*"},"_engineSupported":true,"_npmVersion":"1.0.22","_nodeVersion":"v0.4.10","_defaultsLoaded":true,"dist":{"shasum":"5dbae0ece62ba34fc1eaac3c0db776f48a96b294","tarball":"https://registry.npmjs.org/marked/-/marked-0.0.8.tgz"},"scripts":{},"maintainers":[{"name":"chjj","email":"chjjeffrey@gmail.com"}],"directories":{}},"0.0.9":{"name":"marked","description":"A markdown parser built for speed","author":{"name":"Christopher Jeffrey"},"version":"0.0.9","main":"./lib/marked.js","bin":{"marked":"./bin/marked"},"repository":{"type":"git","url":"git://github.com/chjj/marked.git"},"keywords":["markdown","markup"],"_npmJsonOpts":{"file":"/home/cjj/.npm/marked/0.0.9/package/package.json","wscript":false,"contributors":false,"serverjs":false},"_id":"marked@0.0.9","dependencies":{},"devDependencies":{},"engines":{"node":"*"},"_engineSupported":true,"_npmVersion":"1.0.22","_nodeVersion":"v0.4.10","_defaultsLoaded":true,"dist":{"shasum":"0f19f82aa913cf5d86b4cb426fd7a5932b570af4","tarball":"https://registry.npmjs.org/marked/-/marked-0.0.9.tgz"},"scripts":{},"maintainers":[{"name":"chjj","email":"chjjeffrey@gmail.com"}],"directories":{}},"0.1.0":{"name":"marked","description":"A markdown parser built for speed","author":{"name":"Christopher Jeffrey"},"version":"0.1.0","main":"./lib/marked.js","bin":{"marked":"./bin/marked"},"repository":{"type":"git","url":"git://github.com/chjj/marked.git"},"keywords":["markdown","markup"],"_npmJsonOpts":{"file":"/home/cjj/.npm/marked/0.1.0/package/package.json","wscript":false,"contributors":false,"serverjs":false},"_id":"marked@0.1.0","dependencies":{},"devDependencies":{},"engines":{"node":"*"},"_engineSupported":true,"_npmVersion":"1.0.22","_nodeVersion":"v0.4.10","_defaultsLoaded":true,"dist":{"shasum":"c3c8247362e2c48a073e6dbc68e3ada30a23191e","tarball":"https://registry.npmjs.org/marked/-/marked-0.1.0.tgz"},"scripts":{},"maintainers":[{"name":"chjj","email":"chjjeffrey@gmail.com"}],"directories":{}},"0.1.1":{"name":"marked","description":"A markdown parser built for speed","author":{"name":"Christopher Jeffrey"},"version":"0.1.1","main":"./lib/marked.js","bin":{"marked":"./bin/marked"},"repository":{"type":"git","url":"git://github.com/chjj/marked.git"},"keywords":["markdown","markup"],"_npmJsonOpts":{"file":"/home/cjj/.npm/marked/0.1.1/package/package.json","wscript":false,"contributors":false,"serverjs":false},"_id":"marked@0.1.1","dependencies":{},"devDependencies":{},"engines":{"node":"*"},"_engineSupported":true,"_npmVersion":"1.0.22","_nodeVersion":"v0.4.12","_defaultsLoaded":true,"dist":{"shasum":"c2720d7fbcc3c6eb3a87e403328f41cf95f8a613","tarball":"https://registry.npmjs.org/marked/-/marked-0.1.1.tgz"},"scripts":{},"maintainers":[{"name":"chjj","email":"chjjeffrey@gmail.com"}],"directories":{}},"0.1.2":{"name":"marked","description":"A markdown parser built for speed","author":{"name":"Christopher Jeffrey"},"version":"0.1.2","main":"./lib/marked.js","bin":{"marked":"./bin/marked"},"repository":{"type":"git","url":"git://github.com/chjj/marked.git"},"keywords":["markdown","markup"],"_npmJsonOpts":{"file":"/home/cjj/.npm/marked/0.1.2/package/package.json","wscript":false,"contributors":false,"serverjs":false},"_id":"marked@0.1.2","dependencies":{},"devDependencies":{},"engines":{"node":"*"},"_engineSupported":true,"_npmVersion":"1.0.22","_nodeVersion":"v0.4.12","_defaultsLoaded":true,"dist":{"shasum":"dd7c7cf6428fdeae9c4ac05a926b5bd82e24a45e","tarball":"https://registry.npmjs.org/marked/-/marked-0.1.2.tgz"},"scripts":{},"maintainers":[{"name":"chjj","email":"chjjeffrey@gmail.com"}],"directories":{}},"0.1.3":{"name":"marked","description":"A markdown parser built for speed","author":{"name":"Christopher Jeffrey"},"version":"0.1.3","main":"./lib/marked.js","bin":{"marked":"./bin/marked"},"repository":{"type":"git","url":"git://github.com/chjj/marked.git"},"keywords":["markdown","markup"],"_npmUser":{"name":"chjj","email":"chjjeffrey@gmail.com"},"_id":"marked@0.1.3","dependencies":{},"devDependencies":{},"engines":{"node":"*"},"_engineSupported":true,"_npmVersion":"1.1.0-alpha-2","_nodeVersion":"v0.6.3","_defaultsLoaded":true,"dist":{"shasum":"78eefb395cb1ed2736f26ef80d0b51c653af4e2d","tarball":"https://registry.npmjs.org/marked/-/marked-0.1.3.tgz"},"maintainers":[{"name":"chjj","email":"chjjeffrey@gmail.com"}],"directories":{}},"0.1.4":{"name":"marked","description":"A markdown parser built for speed","author":{"name":"Christopher Jeffrey"},"version":"0.1.4","main":"./lib/marked.js","bin":{"marked":"./bin/marked"},"repository":{"type":"git","url":"git://github.com/chjj/marked.git"},"keywords":["markdown","markup"],"_npmUser":{"name":"chjj","email":"chjjeffrey@gmail.com"},"_id":"marked@0.1.4","dependencies":{},"devDependencies":{},"engines":{"node":"*"},"_engineSupported":true,"_npmVersion":"1.1.0-alpha-2","_nodeVersion":"v0.6.3","_defaultsLoaded":true,"dist":{"shasum":"2f6045878c692ff5fd8378ca40a13a6d8d9778e4","tarball":"https://registry.npmjs.org/marked/-/marked-0.1.4.tgz"},"maintainers":[{"name":"chjj","email":"chjjeffrey@gmail.com"}],"directories":{}},"0.1.5":{"name":"marked","description":"A markdown parser built for speed","author":{"name":"Christopher Jeffrey"},"version":"0.1.5","main":"./lib/marked.js","bin":{"marked":"./bin/marked"},"repository":{"type":"git","url":"git://github.com/chjj/marked.git"},"keywords":["markdown","markup"],"_npmUser":{"name":"chjj","email":"chjjeffrey@gmail.com"},"_id":"marked@0.1.5","dependencies":{},"devDependencies":{},"engines":{"node":"*"},"_engineSupported":true,"_npmVersion":"1.1.0-beta-4","_nodeVersion":"v0.6.6","_defaultsLoaded":true,"dist":{"shasum":"db3557832a79e761a6e12e08c838da5f4ab5676f","tarball":"https://registry.npmjs.org/marked/-/marked-0.1.5.tgz"},"maintainers":[{"name":"chjj","email":"chjjeffrey@gmail.com"}],"directories":{}},"0.1.6":{"name":"marked","description":"A markdown parser built for speed","author":{"name":"Christopher Jeffrey"},"version":"0.1.6","main":"./lib/marked.js","bin":{"marked":"./bin/marked"},"repository":{"type":"git","url":"git://github.com/chjj/marked.git"},"bugs":{"url":"http://github.com/chjj/marked/issues"},"keywords":["markdown","markup","html"],"tags":["markdown","markup","html"],"_npmUser":{"name":"chjj","email":"chjjeffrey@gmail.com"},"_id":"marked@0.1.6","dependencies":{},"devDependencies":{},"engines":{"node":"*"},"_engineSupported":true,"_npmVersion":"1.1.0-beta-10","_nodeVersion":"v0.6.7","_defaultsLoaded":true,"dist":{"shasum":"e14236c210de1a7497a1c67089724fbb8cc478ce","tarball":"https://registry.npmjs.org/marked/-/marked-0.1.6.tgz"},"maintainers":[{"name":"chjj","email":"chjjeffrey@gmail.com"}],"directories":{}},"0.1.7":{"name":"marked","description":"A markdown parser built for speed","author":{"name":"Christopher Jeffrey"},"version":"0.1.7","main":"./lib/marked.js","bin":{"marked":"./bin/marked"},"repository":{"type":"git","url":"git://github.com/chjj/marked.git"},"bugs":{"url":"http://github.com/chjj/marked/issues"},"keywords":["markdown","markup","html"],"tags":["markdown","markup","html"],"_npmUser":{"name":"chjj","email":"chjjeffrey@gmail.com"},"_id":"marked@0.1.7","dependencies":{},"devDependencies":{},"engines":{"node":"*"},"_engineSupported":true,"_npmVersion":"1.1.0-beta-10","_nodeVersion":"v0.6.7","_defaultsLoaded":true,"dist":{"shasum":"ad3b2c7e6c8681278255796a6db3720234839ce0","tarball":"https://registry.npmjs.org/marked/-/marked-0.1.7.tgz"},"maintainers":[{"name":"chjj","email":"chjjeffrey@gmail.com"}],"directories":{}},"0.1.8":{"name":"marked","description":"A markdown parser built for speed","author":{"name":"Christopher Jeffrey"},"version":"0.1.8","main":"./lib/marked.js","bin":{"marked":"./bin/marked"},"repository":{"type":"git","url":"git://github.com/chjj/marked.git"},"bugs":{"url":"http://github.com/chjj/marked/issues"},"keywords":["markdown","markup","html"],"tags":["markdown","markup","html"],"_npmUser":{"name":"chjj","email":"chjjeffrey@gmail.com"},"_id":"marked@0.1.8","dependencies":{},"devDependencies":{},"engines":{"node":"*"},"_engineSupported":true,"_npmVersion":"1.1.0-beta-10","_nodeVersion":"v0.6.7","_defaultsLoaded":true,"dist":{"shasum":"ff3107eeb34b95d120a60b4f78e242cbcd06e53a","tarball":"https://registry.npmjs.org/marked/-/marked-0.1.8.tgz"},"maintainers":[{"name":"chjj","email":"chjjeffrey@gmail.com"}],"directories":{}},"0.1.9":{"name":"marked","description":"A markdown parser built for speed","author":{"name":"Christopher Jeffrey"},"version":"0.1.9","main":"./lib/marked.js","bin":{"marked":"./bin/marked"},"man":["./man/marked.1"],"preferGlobal":false,"repository":{"type":"git","url":"git://github.com/chjj/marked.git"},"homepage":"https://github.com/chjj/marked","bugs":{"name":"http://github.com/chjj/marked/issues"},"keywords":["markdown","markup","html"],"tags":["markdown","markup","html"],"_npmUser":{"name":"chjj","email":"chjjeffrey@gmail.com"},"_id":"marked@0.1.9","dependencies":{},"devDependencies":{},"optionalDependencies":{},"engines":{"node":"*"},"_engineSupported":true,"_npmVersion":"1.1.0-2","_nodeVersion":"v0.6.8","_defaultsLoaded":true,"dist":{"shasum":"ae97d691216db65acf212adfbc5b7d4f16a807be","tarball":"https://registry.npmjs.org/marked/-/marked-0.1.9.tgz"},"maintainers":[{"name":"chjj","email":"chjjeffrey@gmail.com"}],"directories":{}},"0.2.0":{"name":"marked","description":"A markdown parser built for speed","author":{"name":"Christopher Jeffrey"},"version":"0.2.0","main":"./lib/marked.js","bin":{"marked":"./bin/marked"},"man":["./man/marked.1"],"preferGlobal":false,"repository":{"type":"git","url":"git://github.com/chjj/marked.git"},"homepage":"https://github.com/chjj/marked","bugs":{"url":"http://github.com/chjj/marked/issues"},"keywords":["markdown","markup","html"],"tags":["markdown","markup","html"],"_npmUser":{"name":"chjj","email":"chjjeffrey@gmail.com"},"_id":"marked@0.2.0","dependencies":{},"devDependencies":{},"optionalDependencies":{},"engines":{"node":"*"},"_engineSupported":true,"_npmVersion":"1.1.0-3","_nodeVersion":"v0.6.10","_defaultsLoaded":true,"dist":{"shasum":"4026d8e32aff1a87b07f53a1acf186d208aa2b87","tarball":"https://registry.npmjs.org/marked/-/marked-0.2.0.tgz"},"maintainers":[{"name":"chjj","email":"chjjeffrey@gmail.com"}],"directories":{}},"0.2.1":{"name":"marked","description":"A markdown parser built for speed","author":{"name":"Christopher Jeffrey"},"version":"0.2.1","main":"./lib/marked.js","bin":{"marked":"./bin/marked"},"man":["./man/marked.1"],"preferGlobal":false,"repository":{"type":"git","url":"git://github.com/chjj/marked.git"},"homepage":"https://github.com/chjj/marked","bugs":{"url":"http://github.com/chjj/marked/issues"},"keywords":["markdown","markup","html"],"tags":["markdown","markup","html"],"_npmUser":{"name":"chjj","email":"chjjeffrey@gmail.com"},"_id":"marked@0.2.1","dependencies":{},"devDependencies":{},"optionalDependencies":{},"engines":{"node":"*"},"_engineSupported":true,"_npmVersion":"1.1.0-3","_nodeVersion":"v0.6.10","_defaultsLoaded":true,"dist":{"shasum":"4573f0c2055a1e261c02057d97230afa7e06281b","tarball":"https://registry.npmjs.org/marked/-/marked-0.2.1.tgz"},"maintainers":[{"name":"chjj","email":"chjjeffrey@gmail.com"}],"directories":{}},"0.2.2":{"name":"marked","description":"A markdown parser built for speed","author":{"name":"Christopher Jeffrey"},"version":"0.2.2","main":"./lib/marked.js","bin":{"marked":"./bin/marked"},"man":["./man/marked.1"],"preferGlobal":false,"repository":{"type":"git","url":"git://github.com/chjj/marked.git"},"homepage":"https://github.com/chjj/marked","bugs":{"url":"http://github.com/chjj/marked/issues"},"keywords":["markdown","markup","html"],"tags":["markdown","markup","html"],"_npmUser":{"name":"chjj","email":"chjjeffrey@gmail.com"},"_id":"marked@0.2.2","dependencies":{},"devDependencies":{},"optionalDependencies":{},"engines":{"node":"*"},"_engineSupported":true,"_npmVersion":"1.1.4","_nodeVersion":"v0.6.12","_defaultsLoaded":true,"dist":{"shasum":"1f365673a509e85499923c4f48200b962477ac4f","tarball":"https://registry.npmjs.org/marked/-/marked-0.2.2.tgz"},"maintainers":[{"name":"chjj","email":"chjjeffrey@gmail.com"}],"directories":{}},"0.2.2-1":{"name":"marked","description":"A markdown parser built for speed","author":{"name":"Christopher Jeffrey"},"version":"0.2.2-1","main":"./lib/marked.js","bin":{"marked":"./bin/marked"},"man":["./man/marked.1"],"preferGlobal":false,"repository":{"type":"git","url":"git://github.com/chjj/marked.git"},"homepage":"https://github.com/chjj/marked","bugs":{"url":"http://github.com/chjj/marked/issues"},"keywords":["markdown","markup","html"],"tags":["markdown","markup","html"],"_npmUser":{"name":"chjj","email":"chjjeffrey@gmail.com"},"_id":"marked@0.2.2-1","dependencies":{},"devDependencies":{},"optionalDependencies":{},"engines":{"node":"*"},"_engineSupported":true,"_npmVersion":"1.1.4","_nodeVersion":"v0.6.12","_defaultsLoaded":true,"dist":{"shasum":"5dfc133af25e0ebadcd5d05ea26904ec400c5ebe","tarball":"https://registry.npmjs.org/marked/-/marked-0.2.2-1.tgz"},"maintainers":[{"name":"chjj","email":"chjjeffrey@gmail.com"}],"directories":{}},"0.2.3":{"name":"marked","description":"A markdown parser built for speed","author":{"name":"Christopher Jeffrey"},"version":"0.2.3","main":"./lib/marked.js","bin":{"marked":"./bin/marked"},"man":["./man/marked.1"],"preferGlobal":false,"repository":{"type":"git","url":"git://github.com/chjj/marked.git"},"homepage":"https://github.com/chjj/marked","bugs":{"url":"http://github.com/chjj/marked/issues"},"keywords":["markdown","markup","html"],"tags":["markdown","markup","html"],"_npmUser":{"name":"chjj","email":"chjjeffrey@gmail.com"},"_id":"marked@0.2.3","dependencies":{},"devDependencies":{},"optionalDependencies":{},"engines":{"node":"*"},"_engineSupported":true,"_npmVersion":"1.1.4","_nodeVersion":"v0.6.12","_defaultsLoaded":true,"dist":{"shasum":"7d641007ecdc959718dfce9709ce843621ea37cf","tarball":"https://registry.npmjs.org/marked/-/marked-0.2.3.tgz"},"maintainers":[{"name":"chjj","email":"chjjeffrey@gmail.com"}],"directories":{}},"0.2.4":{"name":"marked","description":"A markdown parser built for speed","author":{"name":"Christopher Jeffrey"},"version":"0.2.4","main":"./lib/marked.js","bin":{"marked":"./bin/marked"},"man":["./man/marked.1"],"preferGlobal":false,"repository":{"type":"git","url":"git://github.com/chjj/marked.git"},"homepage":"https://github.com/chjj/marked","bugs":{"url":"http://github.com/chjj/marked/issues"},"keywords":["markdown","markup","html"],"tags":["markdown","markup","html"],"_npmUser":{"name":"chjj","email":"chjjeffrey@gmail.com"},"_id":"marked@0.2.4","dependencies":{},"devDependencies":{},"optionalDependencies":{},"engines":{"node":"*"},"_engineSupported":true,"_npmVersion":"1.1.9","_nodeVersion":"v0.6.13","_defaultsLoaded":true,"dist":{"shasum":"2322a565936c33b2fdac6692197903ba645a2a91","tarball":"https://registry.npmjs.org/marked/-/marked-0.2.4.tgz"},"maintainers":[{"name":"chjj","email":"chjjeffrey@gmail.com"}],"directories":{}},"0.2.4-1":{"name":"marked","description":"A markdown parser built for speed","author":{"name":"Christopher Jeffrey"},"version":"0.2.4-1","main":"./lib/marked.js","bin":{"marked":"./bin/marked"},"man":["./man/marked.1"],"preferGlobal":false,"repository":{"type":"git","url":"git://github.com/chjj/marked.git"},"homepage":"https://github.com/chjj/marked","bugs":{"url":"http://github.com/chjj/marked/issues"},"keywords":["markdown","markup","html"],"tags":["markdown","markup","html"],"_npmUser":{"name":"chjj","email":"chjjeffrey@gmail.com"},"_id":"marked@0.2.4-1","dependencies":{},"devDependencies":{},"optionalDependencies":{},"engines":{"node":"*"},"_engineSupported":true,"_npmVersion":"1.1.9","_nodeVersion":"v0.6.13","_defaultsLoaded":true,"dist":{"shasum":"6556d6101a50e2cd444557ba2a3eb0a312b1316b","tarball":"https://registry.npmjs.org/marked/-/marked-0.2.4-1.tgz"},"maintainers":[{"name":"chjj","email":"chjjeffrey@gmail.com"}],"directories":{}},"0.2.5":{"name":"marked","description":"A markdown parser built for speed","author":{"name":"Christopher Jeffrey"},"version":"0.2.5","main":"./lib/marked.js","bin":{"marked":"./bin/marked"},"man":["./man/marked.1"],"preferGlobal":false,"repository":{"type":"git","url":"git://github.com/chjj/marked.git"},"homepage":"https://github.com/chjj/marked","bugs":{"url":"http://github.com/chjj/marked/issues"},"keywords":["markdown","markup","html"],"tags":["markdown","markup","html"],"_npmUser":{"name":"chjj","email":"chjjeffrey@gmail.com"},"_id":"marked@0.2.5","dependencies":{},"devDependencies":{},"optionalDependencies":{},"engines":{"node":"*"},"_engineSupported":true,"_npmVersion":"1.1.18","_nodeVersion":"v0.6.16","_defaultsLoaded":true,"dist":{"shasum":"962848adf206e1843557b1d1405cae4800cbb7ef","tarball":"https://registry.npmjs.org/marked/-/marked-0.2.5.tgz"},"maintainers":[{"name":"chjj","email":"chjjeffrey@gmail.com"}],"directories":{}},"0.2.6":{"name":"marked","description":"A markdown parser built for speed","author":{"name":"Christopher Jeffrey"},"version":"0.2.6","main":"./lib/marked.js","bin":{"marked":"./bin/marked"},"man":["./man/marked.1"],"preferGlobal":false,"repository":{"type":"git","url":"git://github.com/chjj/marked.git"},"homepage":"https://github.com/chjj/marked","bugs":{"url":"http://github.com/chjj/marked/issues"},"keywords":["markdown","markup","html"],"tags":["markdown","markup","html"],"scripts":{"test":"node test","bench":"node test --bench"},"_id":"marked@0.2.6","dist":{"shasum":"eb37a74110ca7f575af35d92d2598c9bc3b212ee","tarball":"https://registry.npmjs.org/marked/-/marked-0.2.6.tgz"},"_npmVersion":"1.1.65","_npmUser":{"name":"chjj","email":"chjjeffrey@gmail.com"},"maintainers":[{"name":"chjj","email":"chjjeffrey@gmail.com"}],"directories":{}},"0.2.7":{"name":"marked","description":"A markdown parser built for speed","author":{"name":"Christopher Jeffrey"},"version":"0.2.7","main":"./lib/marked.js","bin":{"marked":"./bin/marked"},"man":["./man/marked.1"],"preferGlobal":true,"repository":{"type":"git","url":"git://github.com/chjj/marked.git"},"homepage":"https://github.com/chjj/marked","bugs":{"url":"http://github.com/chjj/marked/issues"},"keywords":["markdown","markup","html"],"tags":["markdown","markup","html"],"scripts":{"test":"node test","bench":"node test --bench"},"_id":"marked@0.2.7","dist":{"shasum":"d7551f61b4a93e59ec61ec62920feeffdf6fe0fe","tarball":"https://registry.npmjs.org/marked/-/marked-0.2.7.tgz"},"_npmVersion":"1.1.69","_npmUser":{"name":"chjj","email":"chjjeffrey@gmail.com"},"maintainers":[{"name":"chjj","email":"chjjeffrey@gmail.com"}],"directories":{}},"0.2.8":{"name":"marked","description":"A markdown parser built for speed","author":{"name":"Christopher Jeffrey"},"version":"0.2.8","main":"./lib/marked.js","bin":{"marked":"./bin/marked"},"man":["./man/marked.1"],"preferGlobal":true,"repository":{"type":"git","url":"git://github.com/chjj/marked.git"},"homepage":"https://github.com/chjj/marked","bugs":{"url":"http://github.com/chjj/marked/issues"},"keywords":["markdown","markup","html"],"tags":["markdown","markup","html"],"scripts":{"test":"node test","bench":"node test --bench"},"_id":"marked@0.2.8","dist":{"shasum":"dddbcc38ed8182b680aaf9d7cebbe7b624976071","tarball":"https://registry.npmjs.org/marked/-/marked-0.2.8.tgz"},"_from":".","_npmVersion":"1.2.2","_npmUser":{"name":"chjj","email":"chjjeffrey@gmail.com"},"maintainers":[{"name":"chjj","email":"chjjeffrey@gmail.com"}],"directories":{}},"0.2.9":{"name":"marked","description":"A markdown parser built for speed","author":{"name":"Christopher Jeffrey"},"version":"0.2.9","main":"./lib/marked.js","bin":{"marked":"./bin/marked"},"man":["./man/marked.1"],"preferGlobal":true,"repository":{"type":"git","url":"git://github.com/chjj/marked.git"},"homepage":"https://github.com/chjj/marked","bugs":{"url":"http://github.com/chjj/marked/issues"},"keywords":["markdown","markup","html"],"tags":["markdown","markup","html"],"devDependencies":{"markdown":"*","showdown":"*","robotskirt":"*"},"scripts":{"test":"node test","bench":"node test --bench"},"_id":"marked@0.2.9","dist":{"shasum":"7acede9852f847ad4b347201b2c4c18c9d38e5c9","tarball":"https://registry.npmjs.org/marked/-/marked-0.2.9.tgz"},"_from":".","_npmVersion":"1.2.14","_npmUser":{"name":"chjj","email":"chjjeffrey@gmail.com"},"maintainers":[{"name":"chjj","email":"chjjeffrey@gmail.com"}],"directories":{}},"0.2.10":{"name":"marked","description":"A markdown parser built for speed","author":{"name":"Christopher Jeffrey"},"version":"0.2.10","main":"./lib/marked.js","bin":{"marked":"./bin/marked"},"man":["./man/marked.1"],"preferGlobal":true,"repository":{"type":"git","url":"git://github.com/chjj/marked.git"},"homepage":"https://github.com/chjj/marked","bugs":{"url":"http://github.com/chjj/marked/issues"},"keywords":["markdown","markup","html"],"tags":["markdown","markup","html"],"devDependencies":{"markdown":"*","showdown":"*","robotskirt":"*"},"scripts":{"test":"node test","bench":"node test --bench"},"_id":"marked@0.2.10","dist":{"shasum":"d5fd68271caae61c55d291d07bd5034cff5e73ee","tarball":"https://registry.npmjs.org/marked/-/marked-0.2.10.tgz"},"_from":".","_npmVersion":"1.2.14","_npmUser":{"name":"chjj","email":"chjjeffrey@gmail.com"},"maintainers":[{"name":"chjj","email":"chjjeffrey@gmail.com"}],"directories":{}},"0.3.0":{"name":"marked","description":"A markdown parser built for speed","author":{"name":"Christopher Jeffrey"},"version":"0.3.0","main":"./lib/marked.js","bin":{"marked":"./bin/marked"},"man":["./man/marked.1"],"preferGlobal":true,"repository":{"type":"git","url":"git://github.com/chjj/marked.git"},"homepage":"https://github.com/chjj/marked","bugs":{"url":"http://github.com/chjj/marked/issues"},"keywords":["markdown","markup","html"],"tags":["markdown","markup","html"],"devDependencies":{"markdown":"*","showdown":"*","robotskirt":"*"},"scripts":{"test":"node test","bench":"node test --bench"},"_id":"marked@0.3.0","dist":{"shasum":"5f93791a553b2d073c117edbc53747865cf14168","tarball":"https://registry.npmjs.org/marked/-/marked-0.3.0.tgz"},"_from":".","_npmVersion":"1.3.17","_npmUser":{"name":"chjj","email":"chjjeffrey@gmail.com"},"maintainers":[{"name":"chjj","email":"chjjeffrey@gmail.com"}],"directories":{}},"0.3.1":{"name":"marked","description":"A markdown parser built for speed","author":{"name":"Christopher Jeffrey"},"version":"0.3.1","main":"./lib/marked.js","bin":{"marked":"./bin/marked"},"man":["./man/marked.1"],"preferGlobal":true,"repository":{"type":"git","url":"git://github.com/chjj/marked.git"},"homepage":"https://github.com/chjj/marked","bugs":{"url":"http://github.com/chjj/marked/issues"},"license":"MIT","keywords":["markdown","markup","html"],"tags":["markdown","markup","html"],"devDependencies":{"markdown":"*","showdown":"*","robotskirt":"*"},"scripts":{"test":"node test","bench":"node test --bench"},"_id":"marked@0.3.1","dist":{"shasum":"156a3b803cc54c59290e60354b83baaa7d66c074","tarball":"https://registry.npmjs.org/marked/-/marked-0.3.1.tgz"},"_from":".","_npmVersion":"1.3.24","_npmUser":{"name":"chjj","email":"chjjeffrey@gmail.com"},"maintainers":[{"name":"chjj","email":"chjjeffrey@gmail.com"}],"directories":{}},"0.3.2":{"name":"marked","description":"A markdown parser built for speed","author":{"name":"Christopher Jeffrey"},"version":"0.3.2","main":"./lib/marked.js","bin":{"marked":"./bin/marked"},"man":["./man/marked.1"],"preferGlobal":true,"repository":{"type":"git","url":"git://github.com/chjj/marked.git"},"homepage":"https://github.com/chjj/marked","bugs":{"url":"http://github.com/chjj/marked/issues"},"license":"MIT","keywords":["markdown","markup","html"],"tags":["markdown","markup","html"],"devDependencies":{"markdown":"*","showdown":"*","robotskirt":"*"},"scripts":{"test":"node test","bench":"node test --bench"},"_id":"marked@0.3.2","dist":{"shasum":"015db158864438f24a64bdd61a0428b418706d09","tarball":"https://registry.npmjs.org/marked/-/marked-0.3.2.tgz"},"_from":".","_npmVersion":"1.4.3","_npmUser":{"name":"chjj","email":"chjjeffrey@gmail.com"},"maintainers":[{"name":"chjj","email":"chjjeffrey@gmail.com"}],"directories":{}},"0.3.3":{"name":"marked","description":"A markdown parser built for speed","author":{"name":"Christopher Jeffrey"},"version":"0.3.3","main":"./lib/marked.js","bin":{"marked":"./bin/marked"},"man":["./man/marked.1"],"preferGlobal":true,"repository":{"type":"git","url":"git://github.com/chjj/marked.git"},"homepage":"https://github.com/chjj/marked","bugs":{"url":"http://github.com/chjj/marked/issues"},"license":"MIT","keywords":["markdown","markup","html"],"tags":["markdown","markup","html"],"devDependencies":{"markdown":"*","showdown":"*","robotskirt":"*"},"scripts":{"test":"node test","bench":"node test --bench"},"gitHead":"2b5802f258c5e23e48366f2377fbb4c807f47658","_id":"marked@0.3.3","_shasum":"08bad9cac13736f6cceddc202344f1b0bf255390","_from":".","_npmVersion":"2.3.0","_nodeVersion":"0.10.35","_npmUser":{"name":"chjj","email":"chjjeffrey@gmail.com"},"maintainers":[{"name":"chjj","email":"chjjeffrey@gmail.com"}],"dist":{"shasum":"08bad9cac13736f6cceddc202344f1b0bf255390","tarball":"https://registry.npmjs.org/marked/-/marked-0.3.3.tgz"},"directories":{}},"0.3.4":{"name":"marked","description":"A markdown parser built for speed","author":{"name":"Christopher Jeffrey"},"version":"0.3.4","main":"./lib/marked.js","bin":{"marked":"./bin/marked"},"man":["./man/marked.1"],"preferGlobal":true,"repository":{"type":"git","url":"git://github.com/chjj/marked.git"},"homepage":"https://github.com/chjj/marked","bugs":{"url":"http://github.com/chjj/marked/issues"},"license":"MIT","keywords":["markdown","markup","html"],"tags":["markdown","markup","html"],"devDependencies":{"markdown":"*","showdown":"*","robotskirt":"*","gulp":"^3.8.11","gulp-uglify":"^1.1.0","gulp-concat":"^2.5.2"},"scripts":{"test":"node test","bench":"node test --bench"},"gitHead":"cb4981c553d8ee22953f5eacca989e65a821c764","_id":"marked@0.3.4","_shasum":"b0afa8e0b33f80c9265e864a333ec99ecebdf2b0","_from":".","_npmVersion":"2.13.2","_nodeVersion":"0.12.7","_npmUser":{"name":"chjj","email":"chjjeffrey@gmail.com"},"maintainers":[{"name":"chjj","email":"chjjeffrey@gmail.com"}],"dist":{"shasum":"b0afa8e0b33f80c9265e864a333ec99ecebdf2b0","tarball":"https://registry.npmjs.org/marked/-/marked-0.3.4.tgz"},"directories":{}},"0.3.5":{"name":"marked","description":"A markdown parser built for speed","author":{"name":"Christopher Jeffrey"},"version":"0.3.5","main":"./lib/marked.js","bin":{"marked":"./bin/marked"},"man":["./man/marked.1"],"preferGlobal":true,"repository":{"type":"git","url":"git://github.com/chjj/marked.git"},"homepage":"https://github.com/chjj/marked","bugs":{"url":"http://github.com/chjj/marked/issues"},"license":"MIT","keywords":["markdown","markup","html"],"tags":["markdown","markup","html"],"devDependencies":{"markdown":"*","showdown":"*","gulp":"^3.8.11","gulp-uglify":"^1.1.0","gulp-concat":"^2.5.2"},"scripts":{"test":"node test","bench":"node test --bench"},"gitHead":"88ce4df47c4d994dc1b1df1477a21fb893e11ddc","_id":"marked@0.3.5","_shasum":"4113a15ac5d7bca158a5aae07224587b9fa15b94","_from":".","_npmVersion":"2.13.2","_nodeVersion":"0.12.7","_npmUser":{"name":"chjj","email":"chjjeffrey@gmail.com"},"maintainers":[{"name":"chjj","email":"chjjeffrey@gmail.com"}],"dist":{"shasum":"4113a15ac5d7bca158a5aae07224587b9fa15b94","tarball":"https://registry.npmjs.org/marked/-/marked-0.3.5.tgz"},"directories":{}},"0.3.6":{"name":"marked","description":"A markdown parser built for speed","author":{"name":"Christopher Jeffrey"},"version":"0.3.6","main":"./lib/marked.js","bin":{"marked":"./bin/marked"},"man":["./man/marked.1"],"preferGlobal":true,"repository":{"type":"git","url":"git://github.com/chjj/marked.git"},"homepage":"https://github.com/chjj/marked","bugs":{"url":"http://github.com/chjj/marked/issues"},"license":"MIT","keywords":["markdown","markup","html"],"tags":["markdown","markup","html"],"devDependencies":{"markdown":"*","showdown":"*","gulp":"^3.8.11","gulp-uglify":"^1.1.0","gulp-concat":"^2.5.2"},"scripts":{"test":"node test","bench":"node test --bench"},"gitHead":"eddec20467c2d10c7769061ee9074e268500966f","_id":"marked@0.3.6","_shasum":"b2c6c618fccece4ef86c4fc6cb8a7cbf5aeda8d7","_from":".","_npmVersion":"3.10.5","_nodeVersion":"6.3.1","_npmUser":{"name":"chjj","email":"chjjeffrey@gmail.com"},"maintainers":[{"name":"chjj","email":"chjjeffrey@gmail.com"}],"dist":{"shasum":"b2c6c618fccece4ef86c4fc6cb8a7cbf5aeda8d7","tarball":"https://registry.npmjs.org/marked/-/marked-0.3.6.tgz"},"_npmOperationalInternal":{"host":"packages-16-east.internal.npmjs.com","tmp":"tmp/marked-0.3.6.tgz_1469848215797_0.5454847207292914"},"directories":{}}},"maintainers":[{"name":"chjj","email":"chjjeffrey@gmail.com"}],"time":{"modified":"2016-10-12T00:53:04.171Z","created":"2011-07-24T13:15:09.719Z","0.0.1":"2011-07-24T13:15:10.144Z","0.0.2":"2011-08-14T05:05:12.712Z","0.0.3":"2011-08-14T05:09:14.260Z","0.0.4":"2011-08-18T22:27:58.146Z","0.0.5":"2011-08-19T00:54:05.480Z","0.0.6":"2011-08-23T16:59:28.551Z","0.0.7":"2011-08-25T16:48:05.381Z","0.0.8":"2011-08-26T10:30:56.108Z","0.0.9":"2011-08-27T23:49:35.878Z","0.1.0":"2011-09-15T22:03:28.180Z","0.1.1":"2011-10-14T23:34:06.382Z","0.1.2":"2011-10-23T05:12:20.352Z","0.1.3":"2011-11-27T04:16:56.402Z","0.1.4":"2011-12-05T04:08:23.981Z","0.1.5":"2012-01-04T08:12:21.362Z","0.1.6":"2012-01-15T13:17:34.215Z","0.1.7":"2012-01-21T15:35:57.664Z","0.1.8":"2012-01-25T21:00:20.831Z","0.1.9":"2012-01-30T18:19:58.670Z","0.2.0":"2012-02-16T19:56:20.657Z","0.2.1":"2012-02-20T15:20:20.171Z","0.2.2":"2012-03-10T22:38:16.932Z","0.2.2-1":"2012-03-10T22:44:32.672Z","0.2.3":"2012-03-11T07:46:56.960Z","0.2.4":"2012-04-12T07:31:08.221Z","0.2.4-1":"2012-04-21T21:46:17.092Z","0.2.5":"2012-05-11T17:33:21.334Z","0.2.6":"2012-11-23T16:09:23.086Z","0.2.7":"2013-01-05T13:28:29.267Z","0.2.8":"2013-02-02T02:40:26.891Z","0.2.9":"2013-05-29T01:43:55.438Z","0.2.10":"2013-11-02T23:12:47.306Z","0.3.0":"2013-12-24T14:14:44.850Z","0.3.1":"2014-01-31T23:07:41.448Z","0.3.2":"2014-03-10T07:25:27.473Z","0.3.3":"2015-01-25T23:54:47.041Z","0.3.4":"2015-07-29T10:18:08.936Z","0.3.5":"2015-07-31T09:41:09.548Z","0.3.6":"2016-07-30T03:10:20.053Z"},"author":{"name":"Christopher Jeffrey"},"repository":{"type":"git","url":"git://github.com/chjj/marked.git"},"users":{"pvorb":true,"mmalecki":true,"fgribreau":true,"bencevans":true,"bryanburgers":true,"isao":true,"mattstyles":true,"jpoehls":true,"romac":true,"kastor":true,"dshaw":true,"leesei":true,"matthiasg":true,"adamrenny":true,"chilts":true,"paazmaya":true,"charmander":true,"mhaidarh":true,"einfallstoll":true,"blakeembrey":true,"blacharnia":true,"cilindrox":true,"jerone":true,"silas":true,"funroll":true,"stewartjarod":true,"voxpelli":true,"jimnox":true,"bengarrett":true,"shen-weizhong":true,"chaowi":true,"jaredvogt":true,"kahboom":true,"brentonhouse":true,"evanlucas":true,"hasseyoung":true,"jneurock":true,"alexray":true,"bmpvieira":true,"brandonb927":true,"jits":true,"goliatone":true,"fox":true,"etiv":true,"johno":true,"knownasilya":true,"jmrv92":true,"xiaokai":true,"pixeladed":true,"wxnet":true,"nfd":true,"pingjiang":true,"ivangaravito":true,"bugventure":true,"joakin":true,"partageit":true,"azder":true,"lc0526":true,"firede":true,"dewang-mistry":true,"zzstark":true,"kulakowka":true,"tjfwalker":true,"roryrjb":true,"snehlsen":true,"subchen":true,"yashprit":true,"modao":true,"edin-m":true,"jcottam":true,"jimkropa":true,"detj":true,"wenbing":true,"smujmaiku":true,"zyy7259":true,"scottkay":true,"mjwilliams":true,"antfx":true,"mattms":true,"hserra":true,"rootasjey":true,"m412c0":true,"nallerooth":true,"montyanderson":true,"enricllagostera":true,"lewisbrown":true,"boyw165":true,"monkeymonk":true,"fmoliveira":true,"barenko":true,"sopepos":true,"nice_body":true,"drzax":true,"kparkov":true,"gnimuc":true,"emhagman":true,"joelwallis":true,"pandao":true,"saschadens":true,"jawish":true,"auraallover":true,"leonardorb":true,"centiball":true,"bjmin":true,"stretchgz":true,"fang0408":true,"hallaji":true,"figroc":true,"imretoth":true,"sergiodxa":true,"livfwds":true,"hacksalot":true,"piixiiees":true,"starfox64":true,"seanr":true,"wolfson":true,"jamesbedont":true,"bapinney":true,"joanmi":true,"bojand":true,"powmedia":true,"bradcozine":true,"nukisman":true,"crusaderltd":true,"schwartzman":true,"cestrensem":true,"ahmedelgabri":true,"ibnsaeed":true,"kikna":true,"tscole":true,"flozz":true,"wangnan0610":true,"xieranmaya":true,"xenohunter":true,"mwheeler":true,"reergymerej":true,"hagb4rd":true,"hoverbaum":true,"princetoad":true,"isik":true,"abdihaikal":true,"illuminator":true,"phgyorgygulyas":true,"fm-96":true,"marcobiedermann":true,"ubenzer":true,"ssljivic":true,"zixinliango":true,"wangfeia":true,"akarem":true,"tmurngon":true,"larrychen":true,"chrisyipw":true,"abuelwafa":true,"monjer":true,"ragingsmurf":true,"ridermansb":true,"asawq2006":true,"danielbayley":true,"newmedia":true},"readme":"# marked\n\n> A full-featured markdown parser and compiler, written in JavaScript. Built\n> for speed.\n\n[![NPM version](https://badge.fury.io/js/marked.png)][badge]\n\n## Install\n\n``` bash\nnpm install marked --save\n```\n\n## Usage\n\nMinimal usage:\n\n```js\nvar marked = require('marked');\nconsole.log(marked('I am using __markdown__.'));\n// Outputs: <p>I am using <strong>markdown</strong>.</p>\n```\n\nExample setting options with default values:\n\n```js\nvar marked = require('marked');\nmarked.setOptions({\n  renderer: new marked.Renderer(),\n  gfm: true,\n  tables: true,\n  breaks: false,\n  pedantic: false,\n  sanitize: true,\n  smartLists: true,\n  smartypants: false\n});\n\nconsole.log(marked('I am using __markdown__.'));\n```\n\n### Browser\n\n```html\n<!doctype html>\n<html>\n<head>\n  <meta charset=\"utf-8\"/>\n  <title>Marked in the browser</title>\n  <script src=\"lib/marked.js\"></script>\n</head>\n<body>\n  <div id=\"content\"></div>\n  <script>\n    document.getElementById('content').innerHTML =\n      marked('# Marked in browser\\n\\nRendered by **marked**.');\n  </script>\n</body>\n</html>\n```\n\n## marked(markdownString [,options] [,callback])\n\n### markdownString\n\nType: `string`\n\nString of markdown source to be compiled.\n\n### options\n\nType: `object`\n\nHash of options. Can also be set using the `marked.setOptions` method as seen\nabove.\n\n### callback\n\nType: `function`\n\nFunction called when the `markdownString` has been fully parsed when using\nasync highlighting. If the `options` argument is omitted, this can be used as\nthe second argument.\n\n## Options\n\n### highlight\n\nType: `function`\n\nA function to highlight code blocks. The first example below uses async highlighting with\n[node-pygmentize-bundled][pygmentize], and the second is a synchronous example using\n[highlight.js][highlight]:\n\n```js\nvar marked = require('marked');\n\nvar markdownString = '```js\\n console.log(\"hello\"); \\n```';\n\n// Async highlighting with pygmentize-bundled\nmarked.setOptions({\n  highlight: function (code, lang, callback) {\n    require('pygmentize-bundled')({ lang: lang, format: 'html' }, code, function (err, result) {\n      callback(err, result.toString());\n    });\n  }\n});\n\n// Using async version of marked\nmarked(markdownString, function (err, content) {\n  if (err) throw err;\n  console.log(content);\n});\n\n// Synchronous highlighting with highlight.js\nmarked.setOptions({\n  highlight: function (code) {\n    return require('highlight.js').highlightAuto(code).value;\n  }\n});\n\nconsole.log(marked(markdownString));\n```\n\n#### highlight arguments\n\n`code`\n\nType: `string`\n\nThe section of code to pass to the highlighter.\n\n`lang`\n\nType: `string`\n\nThe programming language specified in the code block.\n\n`callback`\n\nType: `function`\n\nThe callback function to call when using an async highlighter.\n\n### renderer\n\nType: `object`\nDefault: `new Renderer()`\n\nAn object containing functions to render tokens to HTML.\n\n#### Overriding renderer methods\n\nThe renderer option allows you to render tokens in a custom manner. Here is an\nexample of overriding the default heading token rendering by adding an embedded anchor tag like on GitHub:\n\n```javascript\nvar marked = require('marked');\nvar renderer = new marked.Renderer();\n\nrenderer.heading = function (text, level) {\n  var escapedText = text.toLowerCase().replace(/[^\\w]+/g, '-');\n\n  return '<h' + level + '><a name=\"' +\n                escapedText +\n                 '\" class=\"anchor\" href=\"#' +\n                 escapedText +\n                 '\"><span class=\"header-link\"></span></a>' +\n                  text + '</h' + level + '>';\n},\n\nconsole.log(marked('# heading+', { renderer: renderer }));\n```\nThis code will output the following HTML:\n```html\n<h1>\n  <a name=\"heading-\" class=\"anchor\" href=\"#heading-\">\n    <span class=\"header-link\"></span>\n  </a>\n  heading+\n</h1>\n```\n\n#### Block level renderer methods\n\n- code(*string* code, *string* language)\n- blockquote(*string* quote)\n- html(*string* html)\n- heading(*string* text, *number*  level)\n- hr()\n- list(*string* body, *boolean* ordered)\n- listitem(*string*  text)\n- paragraph(*string* text)\n- table(*string* header, *string* body)\n- tablerow(*string* content)\n- tablecell(*string* content, *object* flags)\n\n`flags` has the following properties:\n\n```js\n{\n    header: true || false,\n    align: 'center' || 'left' || 'right'\n}\n```\n\n#### Inline level renderer methods\n\n- strong(*string* text)\n- em(*string* text)\n- codespan(*string* code)\n- br()\n- del(*string* text)\n- link(*string* href, *string* title, *string* text)\n- image(*string* href, *string* title, *string* text)\n\n### gfm\n\nType: `boolean`\nDefault: `true`\n\nEnable [GitHub flavored markdown][gfm].\n\n### tables\n\nType: `boolean`\nDefault: `true`\n\nEnable GFM [tables][tables].\nThis option requires the `gfm` option to be true.\n\n### breaks\n\nType: `boolean`\nDefault: `false`\n\nEnable GFM [line breaks][breaks].\nThis option requires the `gfm` option to be true.\n\n### pedantic\n\nType: `boolean`\nDefault: `false`\n\nConform to obscure parts of `markdown.pl` as much as possible. Don't fix any of\nthe original markdown bugs or poor behavior.\n\n### sanitize\n\nType: `boolean`\nDefault: `false`\n\nSanitize the output. Ignore any HTML that has been input.\n\n### smartLists\n\nType: `boolean`\nDefault: `true`\n\nUse smarter list behavior than the original markdown. May eventually be\ndefault with the old behavior moved into `pedantic`.\n\n### smartypants\n\nType: `boolean`\nDefault: `false`\n\nUse \"smart\" typograhic punctuation for things like quotes and dashes.\n\n## Access to lexer and parser\n\nYou also have direct access to the lexer and parser if you so desire.\n\n``` js\nvar tokens = marked.lexer(text, options);\nconsole.log(marked.parser(tokens));\n```\n\n``` js\nvar lexer = new marked.Lexer(options);\nvar tokens = lexer.lex(text);\nconsole.log(tokens);\nconsole.log(lexer.rules);\n```\n\n## CLI\n\n``` bash\n$ marked -o hello.html\nhello world\n^D\n$ cat hello.html\n<p>hello world</p>\n```\n\n## Philosophy behind marked\n\nThe point of marked was to create a markdown compiler where it was possible to\nfrequently parse huge chunks of markdown without having to worry about\ncaching the compiled output somehow...or blocking for an unnecesarily long time.\n\nmarked is very concise and still implements all markdown features. It is also\nnow fully compatible with the client-side.\n\nmarked more or less passes the official markdown test suite in its\nentirety. This is important because a surprising number of markdown compilers\ncannot pass more than a few tests. It was very difficult to get marked as\ncompliant as it is. It could have cut corners in several areas for the sake\nof performance, but did not in order to be exactly what you expect in terms\nof a markdown rendering. In fact, this is why marked could be considered at a\ndisadvantage in the benchmarks above.\n\nAlong with implementing every markdown feature, marked also implements [GFM\nfeatures][gfmf].\n\n## Benchmarks\n\nnode v0.8.x\n\n``` bash\n$ node test --bench\nmarked completed in 3411ms.\nmarked (gfm) completed in 3727ms.\nmarked (pedantic) completed in 3201ms.\nrobotskirt completed in 808ms.\nshowdown (reuse converter) completed in 11954ms.\nshowdown (new converter) completed in 17774ms.\nmarkdown-js completed in 17191ms.\n```\n\n__Marked is now faster than Discount, which is written in C.__\n\nFor those feeling skeptical: These benchmarks run the entire markdown test suite 1000 times. The test suite tests every feature. It doesn't cater to specific aspects.\n\n### Pro level\n\nYou also have direct access to the lexer and parser if you so desire.\n\n``` js\nvar tokens = marked.lexer(text, options);\nconsole.log(marked.parser(tokens));\n```\n\n``` js\nvar lexer = new marked.Lexer(options);\nvar tokens = lexer.lex(text);\nconsole.log(tokens);\nconsole.log(lexer.rules);\n```\n\n``` bash\n$ node\n> require('marked').lexer('> i am using marked.')\n[ { type: 'blockquote_start' },\n  { type: 'paragraph',\n    text: 'i am using marked.' },\n  { type: 'blockquote_end' },\n  links: {} ]\n```\n\n## Running Tests & Contributing\n\nIf you want to submit a pull request, make sure your changes pass the test\nsuite. If you're adding a new feature, be sure to add your own test.\n\nThe marked test suite is set up slightly strangely: `test/new` is for all tests\nthat are not part of the original markdown.pl test suite (this is where your\ntest should go if you make one). `test/original` is only for the original\nmarkdown.pl tests. `test/tests` houses both types of tests after they have been\ncombined and moved/generated by running `node test --fix` or `marked --test\n--fix`.\n\nIn other words, if you have a test to add, add it to `test/new/` and then\nregenerate the tests with `node test --fix`. Commit the result. If your test\nuses a certain feature, for example, maybe it assumes GFM is *not* enabled, you\ncan add `.nogfm` to the filename. So, `my-test.text` becomes\n`my-test.nogfm.text`. You can do this with any marked option. Say you want\nline breaks and smartypants enabled, your filename should be:\n`my-test.breaks.smartypants.text`.\n\nTo run the tests:\n\n``` bash\ncd marked/\nnode test\n```\n\n### Contribution and License Agreement\n\nIf you contribute code to this project, you are implicitly allowing your code\nto be distributed under the MIT license. You are also implicitly verifying that\nall code is your original work. `</legalese>`\n\n## License\n\nCopyright (c) 2011-2014, Christopher Jeffrey. (MIT License)\n\nSee LICENSE for more info.\n\n[gfm]: https://help.github.com/articles/github-flavored-markdown\n[gfmf]: http://github.github.com/github-flavored-markdown/\n[pygmentize]: https://github.com/rvagg/node-pygmentize-bundled\n[highlight]: https://github.com/isagalaev/highlight.js\n[badge]: http://badge.fury.io/js/marked\n[tables]: https://github.com/adam-p/markdown-here/wiki/Markdown-Cheatsheet#wiki-tables\n[breaks]: https://help.github.com/articles/github-flavored-markdown#newlines\n","readmeFilename":"README.md","homepage":"https://github.com/chjj/marked","keywords":["markdown","markup","html"],"bugs":{"url":"http://github.com/chjj/marked/issues"},"license":"MIT","_attachments":{},"_etag":"\"ESZ5L7D3BZ4H5GIFZAC27BFL3\""}