{"_id":"ejs","_rev":"300-87b653994d25de7e435cb928d5f9177b","name":"ejs","description":"Embedded JavaScript templates","dist-tags":{"latest":"2.5.2"},"versions":{"0.0.1":{"name":"ejs","description":"Embedded JavaScript templates","version":"0.0.1","author":{"name":"TJ Holowaychuk","email":"tj@vision-media.ca"},"keywords":["template","engine"],"main":"./lib/ejs","_id":"ejs@0.0.1","engines":{"node":"*"},"_nodeSupported":true,"_npmVersion":"0.2.7-2","_nodeVersion":"v0.3.1-pre","dist":{"tarball":"https://registry.npmjs.org/ejs/-/ejs-0.0.1.tgz","shasum":"f008cfdc5035e3d592f082c35eec08f4ddb99f83"},"directories":{}},"0.0.2":{"name":"ejs","description":"Embedded JavaScript templates","version":"0.0.2","author":{"name":"TJ Holowaychuk","email":"tj@vision-media.ca"},"keywords":["template","engine"],"main":"./lib/ejs","_id":"ejs@0.0.2","engines":{"node":"*"},"_nodeSupported":true,"_npmVersion":"0.2.7-2","_nodeVersion":"v0.3.1-pre","dist":{"tarball":"https://registry.npmjs.org/ejs/-/ejs-0.0.2.tgz","shasum":"c42742c8b07f239adb5136957f6acedbc18f07cc"},"directories":{}},"0.0.3":{"name":"ejs","description":"Embedded JavaScript templates","version":"0.0.3","author":{"name":"TJ Holowaychuk","email":"tj@vision-media.ca"},"keywords":["template","engine"],"main":"./lib/ejs","_id":"ejs@0.0.3","engines":{"node":"*"},"_nodeSupported":true,"_npmVersion":"0.2.7-2","_nodeVersion":"v0.3.1-pre","dist":{"tarball":"https://registry.npmjs.org/ejs/-/ejs-0.0.3.tgz","shasum":"ecc6bf3664670eed18b4098cc94a22a4a8b6fbbc"},"directories":{}},"0.0.4":{"name":"ejs","description":"Embedded JavaScript templates","version":"0.0.4","author":{"name":"TJ Holowaychuk","email":"tj@vision-media.ca"},"keywords":["template","engine"],"main":"./lib/ejs","_id":"ejs@0.0.4","engines":{"node":"*"},"_nodeSupported":true,"_npmVersion":"0.2.7-2","_nodeVersion":"v0.3.1-pre","dist":{"tarball":"https://registry.npmjs.org/ejs/-/ejs-0.0.4.tgz","shasum":"1582c30cca3b936c539516c9c7bfd59ad8d8a27b"},"directories":{}},"0.1.0":{"name":"ejs","description":"Embedded JavaScript templates","version":"0.1.0","author":{"name":"TJ Holowaychuk","email":"tj@vision-media.ca"},"keywords":["template","engine"],"main":"./lib/ejs","_id":"ejs@0.1.0","engines":{"node":"*"},"_nodeSupported":true,"_npmVersion":"0.2.7-2","_nodeVersion":"v0.3.1-pre","dist":{"tarball":"https://registry.npmjs.org/ejs/-/ejs-0.1.0.tgz","shasum":"5552ac77e55daa86e9633aa0089f7c2363ced64a"},"directories":{}},"0.2.0":{"name":"ejs","description":"Embedded JavaScript templates","version":"0.2.0","author":{"name":"TJ Holowaychuk","email":"tj@vision-media.ca"},"keywords":["template","engine"],"main":"./lib/ejs","_id":"ejs@0.2.0","engines":{"node":"*"},"_nodeSupported":true,"_npmVersion":"0.2.7-2","_nodeVersion":"v0.3.1-pre","dist":{"tarball":"https://registry.npmjs.org/ejs/-/ejs-0.2.0.tgz","shasum":"59123537a4bafbb0e60e6e8f090b0218de399eca"},"directories":{}},"0.2.1":{"name":"ejs","description":"Embedded JavaScript templates","version":"0.2.1","author":{"name":"TJ Holowaychuk","email":"tj@vision-media.ca"},"keywords":["template","engine","ejs"],"main":"./lib/ejs","_id":"ejs@0.2.1","engines":{"node":"*"},"_nodeSupported":true,"_npmVersion":"0.2.7-2","_nodeVersion":"v0.3.1-pre","dist":{"tarball":"https://registry.npmjs.org/ejs/-/ejs-0.2.1.tgz","shasum":"10d9ac1859d98921d4e0a72439e72843cb4d9a17"},"directories":{}},"0.3.0":{"name":"ejs","description":"Embedded JavaScript templates","version":"0.3.0","author":{"name":"TJ Holowaychuk","email":"tj@vision-media.ca"},"keywords":["template","engine","ejs"],"main":"./lib/ejs","_id":"ejs@0.3.0","engines":{"node":"*"},"_engineSupported":true,"_npmVersion":"0.2.16","_nodeVersion":"v0.2.6","directories":{"lib":"./lib"},"modules":{"ejs/filters.js":"lib/ejs/filters.js","ejs/index.js":"lib/ejs/index.js","ejs/utils.js":"lib/ejs/utils.js"},"files":[""],"_defaultsLoaded":true,"dist":{"shasum":"d7b8866751f730608b1afcc6f408c3d82483310c","tarball":"https://registry.npmjs.org/ejs/-/ejs-0.3.0.tgz"}},"0.3.1":{"name":"ejs","description":"Embedded JavaScript templates","version":"0.3.1","author":{"name":"TJ Holowaychuk","email":"tj@vision-media.ca"},"keywords":["template","engine","ejs"],"main":"./lib/ejs","_id":"ejs@0.3.1","engines":{"node":"*"},"_engineSupported":true,"_npmVersion":"0.2.18","_nodeVersion":"v0.4.1","directories":{"lib":"./lib"},"files":[""],"_defaultsLoaded":true,"dist":{"shasum":"14efd50a58d0aa24e3626ea674ae123f5d36f94a","tarball":"https://registry.npmjs.org/ejs/-/ejs-0.3.1.tgz"}},"0.4.0":{"name":"ejs","description":"Embedded JavaScript templates","version":"0.4.0","author":{"name":"TJ Holowaychuk","email":"tj@vision-media.ca"},"keywords":["template","engine","ejs"],"main":"./lib/ejs.js","_id":"ejs@0.4.0","engines":{"node":"*"},"_engineSupported":true,"_npmVersion":"0.3.18","_nodeVersion":"v0.4.6","directories":{"lib":"./lib"},"files":[""],"_defaultsLoaded":true,"dist":{"shasum":"a4a188aee997acd76bab120e5500221d6bfc513f","tarball":"https://registry.npmjs.org/ejs/-/ejs-0.4.0.tgz"}},"0.4.1":{"name":"ejs","description":"Embedded JavaScript templates","version":"0.4.1","author":{"name":"TJ Holowaychuk","email":"tj@vision-media.ca"},"keywords":["template","engine","ejs"],"main":"./lib/ejs.js","_id":"ejs@0.4.1","engines":{"node":"*"},"_engineSupported":true,"_npmVersion":"0.3.18","_nodeVersion":"v0.4.6","directories":{"lib":"./lib"},"files":[""],"_defaultsLoaded":true,"dist":{"shasum":"d7ec956ca91649b508a1a74dafe990cfaf387409","tarball":"https://registry.npmjs.org/ejs/-/ejs-0.4.1.tgz"}},"0.4.2":{"name":"ejs","description":"Embedded JavaScript templates","version":"0.4.2","author":{"name":"TJ Holowaychuk","email":"tj@vision-media.ca"},"keywords":["template","engine","ejs"],"main":"./lib/ejs.js","dependencies":{},"devDependencies":{},"_id":"ejs@0.4.2","engines":{"node":"*"},"_engineSupported":true,"_npmVersion":"1.0.3","_nodeVersion":"v0.4.7","_defaultsLoaded":true,"dist":{"shasum":"6f58faa54fd0fd097b74e31c4009ec16138572a1","tarball":"https://registry.npmjs.org/ejs/-/ejs-0.4.2.tgz"},"scripts":{},"directories":{}},"0.4.3":{"name":"ejs","description":"Embedded JavaScript templates","version":"0.4.3","author":{"name":"TJ Holowaychuk","email":"tj@vision-media.ca"},"keywords":["template","engine","ejs"],"main":"./lib/ejs.js","dependencies":{},"devDependencies":{},"_id":"ejs@0.4.3","engines":{"node":"*"},"_engineSupported":true,"_npmVersion":"1.0.3","_nodeVersion":"v0.4.8","_defaultsLoaded":true,"dist":{"shasum":"8143c3656955b8934db5d9da83e9be73176f1f4f","tarball":"https://registry.npmjs.org/ejs/-/ejs-0.4.3.tgz"},"scripts":{},"directories":{}},"0.5.0":{"name":"ejs","description":"Embedded JavaScript templates","version":"0.5.0","author":{"name":"TJ Holowaychuk","email":"tj@vision-media.ca"},"keywords":["template","engine","ejs"],"devDependencies":{"expresso":"0.9.2"},"main":"./lib/ejs.js","_npmUser":{"name":"tjholowaychuk","email":"tj@vision-media.ca"},"_id":"ejs@0.5.0","dependencies":{},"engines":{"node":"*"},"_engineSupported":true,"_npmVersion":"1.0.105","_nodeVersion":"v0.6.1","_defaultsLoaded":true,"dist":{"shasum":"d6f8e7d3baad096383df59c3a2407bd942cf08e8","tarball":"https://registry.npmjs.org/ejs/-/ejs-0.5.0.tgz"},"maintainers":[{"name":"tjholowaychuk","email":"tj@vision-media.ca"}],"directories":{}},"0.6.0":{"name":"ejs","description":"Embedded JavaScript templates","version":"0.6.0","author":{"name":"TJ Holowaychuk","email":"tj@vision-media.ca"},"keywords":["template","engine","ejs"],"devDependencies":{"mocha":"*"},"main":"./lib/ejs.js","_npmUser":{"name":"tjholowaychuk","email":"tj@vision-media.ca"},"_id":"ejs@0.6.0","dependencies":{},"engines":{"node":"*"},"_engineSupported":true,"_npmVersion":"1.0.106","_nodeVersion":"v0.6.5","_defaultsLoaded":true,"dist":{"shasum":"c2a4626ed2102e87898db4c9fcda5bc608e17140","tarball":"https://registry.npmjs.org/ejs/-/ejs-0.6.0.tgz"},"maintainers":[{"name":"tjholowaychuk","email":"tj@vision-media.ca"}],"directories":{}},"0.6.1":{"name":"ejs","description":"Embedded JavaScript templates","version":"0.6.1","author":{"name":"TJ Holowaychuk","email":"tj@vision-media.ca"},"keywords":["template","engine","ejs"],"devDependencies":{"mocha":"*"},"main":"./lib/ejs.js","_npmUser":{"name":"tjholowaychuk","email":"tj@vision-media.ca"},"_id":"ejs@0.6.1","dependencies":{},"engines":{"node":"*"},"_engineSupported":true,"_npmVersion":"1.0.106","_nodeVersion":"v0.6.5","_defaultsLoaded":true,"dist":{"shasum":"16ccc98eeeac166982927fa67eb3fca8865f6871","tarball":"https://registry.npmjs.org/ejs/-/ejs-0.6.1.tgz"},"maintainers":[{"name":"tjholowaychuk","email":"tj@vision-media.ca"}],"directories":{}},"0.7.0":{"name":"ejs","description":"Embedded JavaScript templates","version":"0.7.0","author":{"name":"TJ Holowaychuk","email":"tj@vision-media.ca"},"keywords":["template","engine","ejs"],"devDependencies":{"mocha":"*"},"main":"./lib/ejs.js","_npmUser":{"name":"tjholowaychuk","email":"tj@vision-media.ca"},"_id":"ejs@0.7.0","dependencies":{},"optionalDependencies":{},"engines":{"node":"*"},"_engineSupported":true,"_npmVersion":"1.1.9","_nodeVersion":"v0.6.12","_defaultsLoaded":true,"dist":{"shasum":"b91f5671666c4a3746db895855cdd01b5fea7897","tarball":"https://registry.npmjs.org/ejs/-/ejs-0.7.0.tgz"},"maintainers":[{"name":"tjholowaychuk","email":"tj@vision-media.ca"}],"directories":{}},"0.7.1":{"name":"ejs","description":"Embedded JavaScript templates","version":"0.7.1","author":{"name":"TJ Holowaychuk","email":"tj@vision-media.ca"},"keywords":["template","engine","ejs"],"devDependencies":{"mocha":"*"},"main":"./lib/ejs.js","_npmUser":{"name":"tjholowaychuk","email":"tj@vision-media.ca"},"_id":"ejs@0.7.1","dependencies":{},"optionalDependencies":{},"engines":{"node":"*"},"repository":{"url":"git://github.com/visionmedia/ejs.git","type":"git"},"_engineSupported":true,"_npmVersion":"1.1.9","_nodeVersion":"v0.6.12","_defaultsLoaded":true,"dist":{"shasum":"6dab41cbdee572986db328a2a8d22040f20fba7c","tarball":"https://registry.npmjs.org/ejs/-/ejs-0.7.1.tgz"},"maintainers":[{"name":"tjholowaychuk","email":"tj@vision-media.ca"}],"directories":{}},"0.7.2":{"name":"ejs","description":"Embedded JavaScript templates","version":"0.7.2","author":{"name":"TJ Holowaychuk","email":"tj@vision-media.ca"},"keywords":["template","engine","ejs"],"devDependencies":{"mocha":"*"},"main":"./lib/ejs.js","repository":{"type":"git","url":"git://github.com/visionmedia/ejs.git"},"_npmUser":{"name":"tjholowaychuk","email":"tj@vision-media.ca"},"_id":"ejs@0.7.2","dependencies":{},"optionalDependencies":{},"engines":{"node":"*"},"_engineSupported":true,"_npmVersion":"1.1.19","_nodeVersion":"v0.6.16","_defaultsLoaded":true,"dist":{"shasum":"8032ee9f1fccdae8376582fee1c6d80b31aa1bd3","tarball":"https://registry.npmjs.org/ejs/-/ejs-0.7.2.tgz"},"maintainers":[{"name":"tjholowaychuk","email":"tj@vision-media.ca"}],"directories":{}},"0.8.0":{"name":"ejs","description":"Embedded JavaScript templates","version":"0.8.0","author":{"name":"TJ Holowaychuk","email":"tj@vision-media.ca"},"keywords":["template","engine","ejs"],"devDependencies":{"mocha":"*","should":"*"},"main":"./lib/ejs.js","repository":{"type":"git","url":"git://github.com/visionmedia/ejs.git"},"_id":"ejs@0.8.0","dist":{"shasum":"b4f1398e21e9e911b8cdff30b60346e70fc79f6f","tarball":"https://registry.npmjs.org/ejs/-/ejs-0.8.0.tgz"},"maintainers":[{"name":"tjholowaychuk","email":"tj@vision-media.ca"}],"directories":{}},"0.8.1":{"name":"ejs","description":"Embedded JavaScript templates","version":"0.8.1","author":{"name":"TJ Holowaychuk","email":"tj@vision-media.ca"},"keywords":["template","engine","ejs"],"devDependencies":{"mocha":"*","should":"*"},"main":"./lib/ejs.js","repository":{"type":"git","url":"git://github.com/visionmedia/ejs.git"},"_id":"ejs@0.8.1","dist":{"shasum":"776b64ac4333aade6d3d3b4b4174ea541735de31","tarball":"https://registry.npmjs.org/ejs/-/ejs-0.8.1.tgz"},"maintainers":[{"name":"tjholowaychuk","email":"tj@vision-media.ca"}],"directories":{}},"0.8.2":{"name":"ejs","description":"Embedded JavaScript templates","version":"0.8.2","author":{"name":"TJ Holowaychuk","email":"tj@vision-media.ca"},"keywords":["template","engine","ejs"],"devDependencies":{"mocha":"*","should":"*"},"main":"./lib/ejs.js","repository":{"type":"git","url":"git://github.com/visionmedia/ejs.git"},"_id":"ejs@0.8.2","dist":{"shasum":"f41b938dc9d3974dc72edc5f9727d3624725858d","tarball":"https://registry.npmjs.org/ejs/-/ejs-0.8.2.tgz"},"maintainers":[{"name":"tjholowaychuk","email":"tj@vision-media.ca"}],"directories":{}},"0.8.3":{"name":"ejs","description":"Embedded JavaScript templates","version":"0.8.3","author":{"name":"TJ Holowaychuk","email":"tj@vision-media.ca"},"keywords":["template","engine","ejs"],"devDependencies":{"mocha":"*","should":"*"},"main":"./lib/ejs.js","repository":{"type":"git","url":"git://github.com/visionmedia/ejs.git"},"_id":"ejs@0.8.3","dist":{"shasum":"db8aac47ff80a7df82b4c82c126fe8970870626f","tarball":"https://registry.npmjs.org/ejs/-/ejs-0.8.3.tgz"},"_npmVersion":"1.1.61","_npmUser":{"name":"tjholowaychuk","email":"tj@vision-media.ca"},"maintainers":[{"name":"tjholowaychuk","email":"tj@vision-media.ca"}],"directories":{}},"0.8.4":{"name":"ejs","description":"Embedded JavaScript templates","version":"0.8.4","author":{"name":"TJ Holowaychuk","email":"tj@vision-media.ca"},"keywords":["template","engine","ejs"],"devDependencies":{"mocha":"*","should":"*"},"main":"./lib/ejs.js","repository":{"type":"git","url":"git://github.com/visionmedia/ejs.git"},"scripts":{"test":"mocha --require should --reporter spec"},"_id":"ejs@0.8.4","dist":{"shasum":"52e61755e5e97fbc5aeeb07df49a4e062bff30d5","tarball":"https://registry.npmjs.org/ejs/-/ejs-0.8.4.tgz"},"_from":".","_npmVersion":"1.2.14","_npmUser":{"name":"tjholowaychuk","email":"tj@vision-media.ca"},"maintainers":[{"name":"tjholowaychuk","email":"tj@vision-media.ca"}],"directories":{}},"0.8.5":{"name":"ejs","description":"Embedded JavaScript templates","version":"0.8.5","author":{"name":"TJ Holowaychuk","email":"tj@vision-media.ca"},"keywords":["template","engine","ejs"],"devDependencies":{"mocha":"*","should":"*"},"main":"./lib/ejs.js","repository":{"type":"git","url":"git://github.com/visionmedia/ejs.git"},"scripts":{"test":"mocha --require should --reporter spec"},"bugs":{"url":"https://github.com/visionmedia/ejs/issues"},"homepage":"https://github.com/visionmedia/ejs","_id":"ejs@0.8.5","dist":{"shasum":"57758f736d6c3025dbfb53f85bd5b93d136b3856","tarball":"https://registry.npmjs.org/ejs/-/ejs-0.8.5.tgz"},"_from":".","_npmVersion":"1.3.14","_npmUser":{"name":"tjholowaychuk","email":"tj@vision-media.ca"},"maintainers":[{"name":"tjholowaychuk","email":"tj@vision-media.ca"}],"directories":{}},"0.8.6":{"name":"ejs","description":"Embedded JavaScript templates","version":"0.8.6","author":{"name":"TJ Holowaychuk","email":"tj@vision-media.ca"},"keywords":["template","engine","ejs"],"devDependencies":{"mocha":"*","should":"*"},"main":"./lib/ejs.js","repository":{"type":"git","url":"git://github.com/visionmedia/ejs.git"},"scripts":{"test":"mocha --require should --reporter spec"},"bugs":{"url":"https://github.com/visionmedia/ejs/issues"},"homepage":"https://github.com/visionmedia/ejs","_id":"ejs@0.8.6","dist":{"shasum":"b140399e0ad985545ba0bf23b5bb00ce34bd15e9","tarball":"https://registry.npmjs.org/ejs/-/ejs-0.8.6.tgz"},"_from":".","_npmVersion":"1.3.21","_npmUser":{"name":"tjholowaychuk","email":"tj@vision-media.ca"},"maintainers":[{"name":"tjholowaychuk","email":"tj@vision-media.ca"}],"directories":{}},"0.8.8":{"name":"ejs","description":"Embedded JavaScript templates","version":"0.8.8","author":{"name":"TJ Holowaychuk","email":"tj@vision-media.ca"},"keywords":["template","engine","ejs"],"devDependencies":{"mocha":"*","should":"*"},"main":"./lib/ejs.js","repository":{"type":"git","url":"git://github.com/visionmedia/ejs.git"},"scripts":{"test":"mocha --require should --reporter spec"},"bugs":{"url":"https://github.com/visionmedia/ejs/issues"},"homepage":"https://github.com/visionmedia/ejs","_id":"ejs@0.8.8","dist":{"shasum":"ffdc56dcc35d02926dd50ad13439bbc54061d598","tarball":"https://registry.npmjs.org/ejs/-/ejs-0.8.8.tgz"},"_from":".","_npmVersion":"1.4.6","_npmUser":{"name":"tjholowaychuk","email":"tj@vision-media.ca"},"maintainers":[{"name":"tjholowaychuk","email":"tj@vision-media.ca"}],"directories":{}},"1.0.0":{"name":"ejs","description":"Embedded JavaScript templates","version":"1.0.0","author":{"name":"TJ Holowaychuk","email":"tj@vision-media.ca"},"keywords":["template","engine","ejs"],"devDependencies":{"mocha":"*","should":"*"},"main":"./lib/ejs.js","repository":{"type":"git","url":"git://github.com/visionmedia/ejs.git"},"scripts":{"test":"mocha --require should --reporter spec"},"bugs":{"url":"https://github.com/visionmedia/ejs/issues"},"homepage":"https://github.com/visionmedia/ejs","_id":"ejs@1.0.0","dist":{"shasum":"c9c60a48a46ee452fb32a71c317b95e5aa1fcb3d","tarball":"https://registry.npmjs.org/ejs/-/ejs-1.0.0.tgz"},"_from":".","_npmVersion":"1.3.21","_npmUser":{"name":"tjholowaychuk","email":"tj@vision-media.ca"},"maintainers":[{"name":"tjholowaychuk","email":"tj@vision-media.ca"}],"directories":{}},"2.0.2":{"name":"ejs","description":"Embedded JavaScript templates","keywords":["template","engine","ejs"],"version":"2.0.2","author":{"name":"Matthew Eernisse","email":"mde@fleegix.org","url":"http://fleegix.org"},"main":"./lib/ejs.js","repository":{"type":"git","url":"git://github.com/mde/ejs.git"},"dependencies":{},"devDependencies":{"browserify":"8.0.3","uglify-js":"2.4.16","mocha":"2.1.0","jake":"8.0.x"},"engines":{"node":"*"},"scripts":{"test":"./node_modules/mocha/bin/mocha --ui tdd --reporter spec"},"bugs":{"url":"https://github.com/mde/ejs/issues"},"homepage":"https://github.com/mde/ejs","_id":"ejs@2.0.2","_shasum":"09d56a4327c99ace3232219c96b9ec27c53f5efc","_resolved":"file:pkg/ejs-v2.0.2.tar.gz","_from":"pkg/ejs-v2.0.2.tar.gz","_npmVersion":"2.1.11","_nodeVersion":"0.10.33","_npmUser":{"name":"mde","email":"mde@fleegix.org"},"maintainers":[{"name":"tjholowaychuk","email":"tj@vision-media.ca"},{"name":"mde","email":"mde@fleegix.org"}],"dist":{"shasum":"09d56a4327c99ace3232219c96b9ec27c53f5efc","tarball":"https://registry.npmjs.org/ejs/-/ejs-2.0.2.tgz"},"directories":{}},"2.0.3":{"name":"ejs","description":"Embedded JavaScript templates","keywords":["template","engine","ejs"],"version":"2.0.3","author":{"name":"Matthew Eernisse","email":"mde@fleegix.org","url":"http://fleegix.org"},"main":"./lib/ejs.js","repository":{"type":"git","url":"git://github.com/mde/ejs.git"},"dependencies":{},"devDependencies":{"browserify":"8.0.3","uglify-js":"2.4.16","mocha":"2.1.0","jake":"8.0.x"},"engines":{"node":"*"},"scripts":{"test":"./node_modules/mocha/bin/mocha --ui tdd --reporter spec"},"bugs":{"url":"https://github.com/mde/ejs/issues"},"homepage":"https://github.com/mde/ejs","_id":"ejs@2.0.3","_shasum":"540012f0e14cfb99a01f201837ebf7e83f5e4100","_resolved":"file:pkg/ejs-v2.0.3.tar.gz","_from":"pkg/ejs-v2.0.3.tar.gz","_npmVersion":"2.1.11","_nodeVersion":"0.10.33","_npmUser":{"name":"mde","email":"mde@fleegix.org"},"maintainers":[{"name":"tjholowaychuk","email":"tj@vision-media.ca"},{"name":"mde","email":"mde@fleegix.org"}],"dist":{"shasum":"540012f0e14cfb99a01f201837ebf7e83f5e4100","tarball":"https://registry.npmjs.org/ejs/-/ejs-2.0.3.tgz"},"directories":{}},"2.0.4":{"name":"ejs","description":"Embedded JavaScript templates","keywords":["template","engine","ejs"],"version":"2.0.4","author":{"name":"Matthew Eernisse","email":"mde@fleegix.org","url":"http://fleegix.org"},"main":"./lib/ejs.js","repository":{"type":"git","url":"git://github.com/mde/ejs.git"},"dependencies":{},"devDependencies":{"browserify":"8.0.3","uglify-js":"2.4.16","mocha":"2.1.0","jake":"8.0.x"},"engines":{"node":"*"},"scripts":{"test":"./node_modules/mocha/bin/mocha --ui tdd --reporter spec"},"bugs":{"url":"https://github.com/mde/ejs/issues"},"homepage":"https://github.com/mde/ejs","_id":"ejs@2.0.4","_shasum":"fc42b961265803825d25d088a8e7bf1207b65791","_resolved":"file:pkg/ejs-v2.0.4.tar.gz","_from":"pkg/ejs-v2.0.4.tar.gz","_npmVersion":"2.1.11","_nodeVersion":"0.10.33","_npmUser":{"name":"mde","email":"mde@fleegix.org"},"maintainers":[{"name":"tjholowaychuk","email":"tj@vision-media.ca"},{"name":"mde","email":"mde@fleegix.org"}],"dist":{"shasum":"fc42b961265803825d25d088a8e7bf1207b65791","tarball":"https://registry.npmjs.org/ejs/-/ejs-2.0.4.tgz"},"directories":{}},"2.0.5":{"name":"ejs","description":"Embedded JavaScript templates","keywords":["template","engine","ejs"],"version":"2.0.5","author":{"name":"Matthew Eernisse","email":"mde@fleegix.org","url":"http://fleegix.org"},"main":"./lib/ejs.js","repository":{"type":"git","url":"git://github.com/mde/ejs.git"},"dependencies":{},"devDependencies":{"browserify":"8.0.3","uglify-js":"2.4.16","mocha":"2.1.0","jake":"8.0.x"},"engines":{"node":"*"},"scripts":{"test":"./node_modules/mocha/bin/mocha --ui tdd --reporter spec"},"bugs":{"url":"https://github.com/mde/ejs/issues"},"homepage":"https://github.com/mde/ejs","_id":"ejs@2.0.5","_shasum":"6e7283b1fd913e64195ea98b8653a1ef331b800d","_resolved":"file:pkg/ejs-v2.0.5.tar.gz","_from":"pkg/ejs-v2.0.5.tar.gz","_npmVersion":"2.1.11","_nodeVersion":"0.10.33","_npmUser":{"name":"mde","email":"mde@fleegix.org"},"maintainers":[{"name":"tjholowaychuk","email":"tj@vision-media.ca"},{"name":"mde","email":"mde@fleegix.org"}],"dist":{"shasum":"6e7283b1fd913e64195ea98b8653a1ef331b800d","tarball":"https://registry.npmjs.org/ejs/-/ejs-2.0.5.tgz"},"directories":{}},"2.0.6":{"name":"ejs","description":"Embedded JavaScript templates","keywords":["template","engine","ejs"],"version":"2.0.6","author":{"name":"Matthew Eernisse","email":"mde@fleegix.org","url":"http://fleegix.org"},"main":"./lib/ejs.js","repository":{"type":"git","url":"git://github.com/mde/ejs.git"},"dependencies":{},"devDependencies":{"browserify":"8.0.3","uglify-js":"2.4.16","mocha":"2.1.0","jake":"8.0.x"},"engines":{"node":"*"},"scripts":{"test":"./node_modules/mocha/bin/mocha --ui tdd --reporter spec"},"bugs":{"url":"https://github.com/mde/ejs/issues"},"homepage":"https://github.com/mde/ejs","_id":"ejs@2.0.6","_shasum":"2c6a553ee602710b045a555cdcaefe7a3707f274","_resolved":"file:pkg/ejs-v2.0.6.tar.gz","_from":"pkg/ejs-v2.0.6.tar.gz","_npmVersion":"2.1.11","_nodeVersion":"0.10.33","_npmUser":{"name":"mde","email":"mde@fleegix.org"},"maintainers":[{"name":"tjholowaychuk","email":"tj@vision-media.ca"},{"name":"mde","email":"mde@fleegix.org"}],"dist":{"shasum":"2c6a553ee602710b045a555cdcaefe7a3707f274","tarball":"https://registry.npmjs.org/ejs/-/ejs-2.0.6.tgz"},"directories":{}},"2.0.7":{"name":"ejs","description":"Embedded JavaScript templates","keywords":["template","engine","ejs"],"version":"2.0.7","author":{"name":"Matthew Eernisse","email":"mde@fleegix.org","url":"http://fleegix.org"},"main":"./lib/ejs.js","repository":{"type":"git","url":"git://github.com/mde/ejs.git"},"dependencies":{},"devDependencies":{"browserify":"8.0.3","uglify-js":"2.4.16","mocha":"2.1.0","jake":"8.0.x"},"engines":{"node":"*"},"scripts":{"test":"./node_modules/mocha/bin/mocha --ui tdd --reporter spec"},"bugs":{"url":"https://github.com/mde/ejs/issues"},"homepage":"https://github.com/mde/ejs","_id":"ejs@2.0.7","_shasum":"db0ad257e0fba649029f8c823b8762609c2368f7","_resolved":"file:pkg/ejs-v2.0.7.tar.gz","_from":"pkg/ejs-v2.0.7.tar.gz","_npmVersion":"2.1.11","_nodeVersion":"0.10.33","_npmUser":{"name":"mde","email":"mde@fleegix.org"},"maintainers":[{"name":"tjholowaychuk","email":"tj@vision-media.ca"},{"name":"mde","email":"mde@fleegix.org"}],"dist":{"shasum":"db0ad257e0fba649029f8c823b8762609c2368f7","tarball":"https://registry.npmjs.org/ejs/-/ejs-2.0.7.tgz"},"directories":{}},"2.0.8":{"name":"ejs","description":"Embedded JavaScript templates","keywords":["template","engine","ejs"],"version":"2.0.8","author":{"name":"Matthew Eernisse","email":"mde@fleegix.org","url":"http://fleegix.org"},"main":"./lib/ejs.js","repository":{"type":"git","url":"git://github.com/mde/ejs.git"},"dependencies":{},"devDependencies":{"browserify":"8.0.3","uglify-js":"2.4.16","mocha":"2.1.0","jake":"8.0.x"},"engines":{"node":"*"},"scripts":{"test":"./node_modules/mocha/bin/mocha --ui tdd --reporter spec"},"bugs":{"url":"https://github.com/mde/ejs/issues"},"homepage":"https://github.com/mde/ejs","_id":"ejs@2.0.8","_shasum":"b9e67d2887bab7895af644ce1b0402ed7a5ca52a","_resolved":"file:pkg/ejs-v2.0.8.tar.gz","_from":"pkg/ejs-v2.0.8.tar.gz","_npmVersion":"2.1.11","_nodeVersion":"0.10.33","_npmUser":{"name":"mde","email":"mde@fleegix.org"},"maintainers":[{"name":"tjholowaychuk","email":"tj@vision-media.ca"},{"name":"mde","email":"mde@fleegix.org"}],"dist":{"shasum":"b9e67d2887bab7895af644ce1b0402ed7a5ca52a","tarball":"https://registry.npmjs.org/ejs/-/ejs-2.0.8.tgz"},"directories":{}},"2.1.1":{"name":"ejs","description":"Embedded JavaScript templates","keywords":["template","engine","ejs"],"version":"2.1.1","author":{"name":"Matthew Eernisse","email":"mde@fleegix.org","url":"http://fleegix.org"},"contributors":[{"name":"Timothy Gu","email":"timothygu99@gmail.com","url":"https://timothygu.github.io"}],"license":"Apache-2.0","main":"./lib/ejs.js","repository":{"type":"git","url":"git://github.com/mde/ejs.git"},"bugs":{"url":"https://github.com/mde/ejs/issues"},"homepage":"https://github.com/mde/ejs","dependencies":{},"devDependencies":{"browserify":"^8.0.3","uglify-js":"^2.4.16","mocha":"^2.1.0","jake":"^8.0.0","istanbul":"~0.3.5"},"engines":{"node":">=0.10.0"},"scripts":{"test":"mocha","coverage":"istanbul cover node_modules/mocha/bin/_mocha"},"_id":"ejs@2.1.1","_shasum":"3ba56f98812c645d4bff1c95503991821a9c1a0b","_resolved":"file:pkg/ejs-v2.1.1.tar.gz","_from":"pkg/ejs-v2.1.1.tar.gz","_npmVersion":"2.1.11","_nodeVersion":"0.10.33","_npmUser":{"name":"mde","email":"mde@fleegix.org"},"maintainers":[{"name":"tjholowaychuk","email":"tj@vision-media.ca"},{"name":"mde","email":"mde@fleegix.org"}],"dist":{"shasum":"3ba56f98812c645d4bff1c95503991821a9c1a0b","tarball":"https://registry.npmjs.org/ejs/-/ejs-2.1.1.tgz"},"directories":{}},"2.1.2":{"name":"ejs","description":"Embedded JavaScript templates","keywords":["template","engine","ejs"],"version":"2.1.2","author":{"name":"Matthew Eernisse","email":"mde@fleegix.org","url":"http://fleegix.org"},"contributors":[{"name":"Timothy Gu","email":"timothygu99@gmail.com","url":"https://timothygu.github.io"}],"license":"Apache-2.0","main":"./lib/ejs.js","repository":{"type":"git","url":"git://github.com/mde/ejs.git"},"bugs":{"url":"https://github.com/mde/ejs/issues"},"homepage":"https://github.com/mde/ejs","dependencies":{},"devDependencies":{"browserify":"^8.0.3","uglify-js":"^2.4.16","mocha":"^2.1.0","jake":"^8.0.0","istanbul":"~0.3.5"},"engines":{"node":">=0.10.0"},"scripts":{"test":"mocha","coverage":"istanbul cover node_modules/mocha/bin/_mocha"},"_id":"ejs@2.1.2","_shasum":"49d71aec0e4f97835ae3ebb62e783f10ac8b9c26","_resolved":"file:pkg/ejs-v2.1.2.tar.gz","_from":"pkg/ejs-v2.1.2.tar.gz","_npmVersion":"2.1.11","_nodeVersion":"0.10.33","_npmUser":{"name":"mde","email":"mde@fleegix.org"},"maintainers":[{"name":"tjholowaychuk","email":"tj@vision-media.ca"},{"name":"mde","email":"mde@fleegix.org"}],"dist":{"shasum":"49d71aec0e4f97835ae3ebb62e783f10ac8b9c26","tarball":"https://registry.npmjs.org/ejs/-/ejs-2.1.2.tgz"},"directories":{}},"2.1.3":{"name":"ejs","description":"Embedded JavaScript templates","keywords":["template","engine","ejs"],"version":"2.1.3","author":{"name":"Matthew Eernisse","email":"mde@fleegix.org","url":"http://fleegix.org"},"contributors":[{"name":"Timothy Gu","email":"timothygu99@gmail.com","url":"https://timothygu.github.io"}],"license":"Apache-2.0","main":"./lib/ejs.js","repository":{"type":"git","url":"git://github.com/mde/ejs.git"},"bugs":{"url":"https://github.com/mde/ejs/issues"},"homepage":"https://github.com/mde/ejs","dependencies":{},"devDependencies":{"browserify":"^8.0.3","uglify-js":"^2.4.16","mocha":"^2.1.0","jake":"^8.0.0","istanbul":"~0.3.5"},"engines":{"node":">=0.10.0"},"scripts":{"test":"mocha","coverage":"istanbul cover node_modules/mocha/bin/_mocha"},"_id":"ejs@2.1.3","_shasum":"94f2b4fbcd6a8bc9d59fe529330b1b920c6633f7","_resolved":"file:pkg/ejs-v2.1.3.tar.gz","_from":"pkg/ejs-v2.1.3.tar.gz","_npmVersion":"2.1.11","_nodeVersion":"0.10.33","_npmUser":{"name":"mde","email":"mde@fleegix.org"},"maintainers":[{"name":"tjholowaychuk","email":"tj@vision-media.ca"},{"name":"mde","email":"mde@fleegix.org"}],"dist":{"shasum":"94f2b4fbcd6a8bc9d59fe529330b1b920c6633f7","tarball":"https://registry.npmjs.org/ejs/-/ejs-2.1.3.tgz"},"directories":{}},"2.1.4":{"name":"ejs","description":"Embedded JavaScript templates","keywords":["template","engine","ejs"],"version":"2.1.4","author":{"name":"Matthew Eernisse","email":"mde@fleegix.org","url":"http://fleegix.org"},"contributors":[{"name":"Timothy Gu","email":"timothygu99@gmail.com","url":"https://timothygu.github.io"}],"license":"Apache-2.0","main":"./lib/ejs.js","repository":{"type":"git","url":"git://github.com/mde/ejs.git"},"bugs":{"url":"https://github.com/mde/ejs/issues"},"homepage":"https://github.com/mde/ejs","dependencies":{},"devDependencies":{"browserify":"^8.0.3","uglify-js":"^2.4.16","mocha":"^2.1.0","jake":"^8.0.0","istanbul":"~0.3.5"},"engines":{"node":">=0.10.0"},"scripts":{"test":"mocha","coverage":"istanbul cover node_modules/mocha/bin/_mocha"},"_id":"ejs@2.1.4","_shasum":"bd005ff17b621a96ed296714b1a84fdae1b2932c","_resolved":"file:pkg/ejs-v2.1.4.tar.gz","_from":"pkg/ejs-v2.1.4.tar.gz","_npmVersion":"2.1.11","_nodeVersion":"0.10.33","_npmUser":{"name":"mde","email":"mde@fleegix.org"},"maintainers":[{"name":"tjholowaychuk","email":"tj@vision-media.ca"},{"name":"mde","email":"mde@fleegix.org"}],"dist":{"shasum":"bd005ff17b621a96ed296714b1a84fdae1b2932c","tarball":"https://registry.npmjs.org/ejs/-/ejs-2.1.4.tgz"},"directories":{}},"2.2.1":{"name":"ejs","description":"Embedded JavaScript templates","keywords":["template","engine","ejs"],"version":"2.2.1","author":{"name":"Matthew Eernisse","email":"mde@fleegix.org","url":"http://fleegix.org"},"contributors":[{"name":"Timothy Gu","email":"timothygu99@gmail.com","url":"https://timothygu.github.io"}],"license":"Apache-2.0","main":"./lib/ejs.js","repository":{"type":"git","url":"git://github.com/mde/ejs.git"},"bugs":{"url":"https://github.com/mde/ejs/issues"},"homepage":"https://github.com/mde/ejs","dependencies":{},"devDependencies":{"browserify":"^8.0.3","uglify-js":"^2.4.16","mocha":"^2.1.0","jake":"^8.0.0","istanbul":"~0.3.5"},"engines":{"node":">=0.10.0"},"scripts":{"test":"mocha","coverage":"istanbul cover node_modules/mocha/bin/_mocha"},"_id":"ejs@2.2.1","_shasum":"1028dfc0b8fd7d7efe2b76bf25785fe8b302bfbe","_resolved":"file:pkg/ejs-v2.2.1.tar.gz","_from":"pkg/ejs-v2.2.1.tar.gz","_npmVersion":"2.1.11","_nodeVersion":"0.10.33","_npmUser":{"name":"mde","email":"mde@fleegix.org"},"maintainers":[{"name":"tjholowaychuk","email":"tj@vision-media.ca"},{"name":"mde","email":"mde@fleegix.org"}],"dist":{"shasum":"1028dfc0b8fd7d7efe2b76bf25785fe8b302bfbe","tarball":"https://registry.npmjs.org/ejs/-/ejs-2.2.1.tgz"},"directories":{}},"2.2.2":{"name":"ejs","description":"Embedded JavaScript templates","keywords":["template","engine","ejs"],"version":"2.2.2","author":{"name":"Matthew Eernisse","email":"mde@fleegix.org","url":"http://fleegix.org"},"contributors":[{"name":"Timothy Gu","email":"timothygu99@gmail.com","url":"https://timothygu.github.io"}],"license":"Apache-2.0","main":"./lib/ejs.js","repository":{"type":"git","url":"git://github.com/mde/ejs.git"},"bugs":{"url":"https://github.com/mde/ejs/issues"},"homepage":"https://github.com/mde/ejs","dependencies":{},"devDependencies":{"browserify":"^8.0.3","uglify-js":"^2.4.16","mocha":"^2.1.0","jake":"^8.0.0","istanbul":"~0.3.5"},"engines":{"node":">=0.10.0"},"scripts":{"test":"mocha","coverage":"istanbul cover node_modules/mocha/bin/_mocha"},"_id":"ejs@2.2.2","_shasum":"e0a4cecb211bc432e260802a2cd45c7bfb8007aa","_resolved":"file:pkg/ejs-v2.2.2.tar.gz","_from":"pkg/ejs-v2.2.2.tar.gz","_npmVersion":"2.1.18","_nodeVersion":"0.10.35","_npmUser":{"name":"mde","email":"mde@fleegix.org"},"maintainers":[{"name":"tjholowaychuk","email":"tj@vision-media.ca"},{"name":"mde","email":"mde@fleegix.org"}],"dist":{"shasum":"e0a4cecb211bc432e260802a2cd45c7bfb8007aa","tarball":"https://registry.npmjs.org/ejs/-/ejs-2.2.2.tgz"},"directories":{}},"2.2.3":{"name":"ejs","description":"Embedded JavaScript templates","keywords":["template","engine","ejs"],"version":"2.2.3","author":{"name":"Matthew Eernisse","email":"mde@fleegix.org","url":"http://fleegix.org"},"contributors":[{"name":"Timothy Gu","email":"timothygu99@gmail.com","url":"https://timothygu.github.io"}],"license":"Apache-2.0","main":"./lib/ejs.js","repository":{"type":"git","url":"git://github.com/mde/ejs.git"},"bugs":{"url":"https://github.com/mde/ejs/issues"},"homepage":"https://github.com/mde/ejs","dependencies":{},"devDependencies":{"browserify":"^8.0.3","uglify-js":"^2.4.16","mocha":"^2.1.0","jake":"^8.0.0","istanbul":"~0.3.5"},"engines":{"node":">=0.10.0"},"scripts":{"test":"mocha","coverage":"istanbul cover node_modules/mocha/bin/_mocha"},"_id":"ejs@2.2.3","_shasum":"8d78070eeb2689d94de660279bb9898de9df1ba0","_resolved":"file:pkg/ejs-v2.2.3.tar.gz","_from":"pkg/ejs-v2.2.3.tar.gz","_npmVersion":"2.1.18","_nodeVersion":"0.10.35","_npmUser":{"name":"mde","email":"mde@fleegix.org"},"maintainers":[{"name":"tjholowaychuk","email":"tj@vision-media.ca"},{"name":"mde","email":"mde@fleegix.org"}],"dist":{"shasum":"8d78070eeb2689d94de660279bb9898de9df1ba0","tarball":"https://registry.npmjs.org/ejs/-/ejs-2.2.3.tgz"},"directories":{}},"2.2.4":{"name":"ejs","description":"Embedded JavaScript templates","keywords":["template","engine","ejs"],"version":"2.2.4","author":{"name":"Matthew Eernisse","email":"mde@fleegix.org","url":"http://fleegix.org"},"contributors":[{"name":"Timothy Gu","email":"timothygu99@gmail.com","url":"https://timothygu.github.io"}],"license":"Apache-2.0","main":"./lib/ejs.js","repository":{"type":"git","url":"git://github.com/mde/ejs.git"},"bugs":{"url":"https://github.com/mde/ejs/issues"},"homepage":"https://github.com/mde/ejs","dependencies":{},"devDependencies":{"browserify":"^8.0.3","uglify-js":"^2.4.16","mocha":"^2.1.0","jake":"^8.0.0","istanbul":"~0.3.5"},"engines":{"node":">=0.10.0"},"scripts":{"test":"mocha","coverage":"istanbul cover node_modules/mocha/bin/_mocha"},"_id":"ejs@2.2.4","_shasum":"f0af7e366c13149dd7ae30106c0c0e1cad11903c","_resolved":"file:pkg/ejs-v2.2.4.tar.gz","_from":"pkg/ejs-v2.2.4.tar.gz","_npmVersion":"2.1.18","_nodeVersion":"0.10.35","_npmUser":{"name":"mde","email":"mde@fleegix.org"},"maintainers":[{"name":"tjholowaychuk","email":"tj@vision-media.ca"},{"name":"mde","email":"mde@fleegix.org"}],"dist":{"shasum":"f0af7e366c13149dd7ae30106c0c0e1cad11903c","tarball":"https://registry.npmjs.org/ejs/-/ejs-2.2.4.tgz"},"directories":{}},"2.3.1":{"name":"ejs","description":"Embedded JavaScript templates","keywords":["template","engine","ejs"],"version":"2.3.1","author":{"name":"Matthew Eernisse","email":"mde@fleegix.org","url":"http://fleegix.org"},"contributors":[{"name":"Timothy Gu","email":"timothygu99@gmail.com","url":"https://timothygu.github.io"}],"license":"Apache-2.0","main":"./lib/ejs.js","repository":{"type":"git","url":"git://github.com/mde/ejs.git"},"bugs":{"url":"https://github.com/mde/ejs/issues"},"homepage":"https://github.com/mde/ejs","dependencies":{},"devDependencies":{"browserify":"^8.0.3","istanbul":"~0.3.5","jake":"^8.0.0","jsdoc":"^3.3.0-beta1","lru-cache":"^2.5.0","mocha":"^2.1.0","rimraf":"^2.2.8","uglify-js":"^2.4.16"},"engines":{"node":">=0.10.0"},"scripts":{"test":"mocha","coverage":"istanbul cover node_modules/mocha/bin/_mocha","doc":"rimraf out && jsdoc -c jsdoc.json lib/* docs/jsdoc/*","devdoc":"rimraf out && jsdoc -p -c jsdoc.json lib/* docs/jsdoc/*"},"_id":"ejs@2.3.1","_shasum":"a697d98ac401e32a99c3deed92c60c19b6199a7f","_resolved":"file:pkg/ejs-v2.3.1.tar.gz","_from":"pkg/ejs-v2.3.1.tar.gz","_npmVersion":"2.1.11","_nodeVersion":"0.10.33","_npmUser":{"name":"mde","email":"mde@fleegix.org"},"maintainers":[{"name":"tjholowaychuk","email":"tj@vision-media.ca"},{"name":"mde","email":"mde@fleegix.org"}],"dist":{"shasum":"a697d98ac401e32a99c3deed92c60c19b6199a7f","tarball":"https://registry.npmjs.org/ejs/-/ejs-2.3.1.tgz"},"directories":{}},"2.3.2":{"name":"ejs","description":"Embedded JavaScript templates","keywords":["template","engine","ejs"],"version":"2.3.2","author":{"name":"Matthew Eernisse","email":"mde@fleegix.org","url":"http://fleegix.org"},"contributors":[{"name":"Timothy Gu","email":"timothygu99@gmail.com","url":"https://timothygu.github.io"}],"license":"Apache-2.0","main":"./lib/ejs.js","repository":{"type":"git","url":"git://github.com/mde/ejs.git"},"bugs":{"url":"https://github.com/mde/ejs/issues"},"homepage":"https://github.com/mde/ejs","dependencies":{},"devDependencies":{"browserify":"^8.0.3","istanbul":"~0.3.5","jake":"^8.0.0","jsdoc":"^3.3.0-beta1","lru-cache":"^2.5.0","mocha":"^2.1.0","rimraf":"^2.2.8","uglify-js":"^2.4.16"},"engines":{"node":">=0.10.0"},"scripts":{"test":"mocha","coverage":"istanbul cover node_modules/mocha/bin/_mocha","doc":"rimraf out && jsdoc -c jsdoc.json lib/* docs/jsdoc/*","devdoc":"rimraf out && jsdoc -p -c jsdoc.json lib/* docs/jsdoc/*"},"_id":"ejs@2.3.2","_shasum":"0483b4f1c513d3fdac3d14647874621fb95a8df6","_resolved":"file:pkg/ejs-v2.3.2.tar.gz","_from":"pkg/ejs-v2.3.2.tar.gz","_npmVersion":"2.10.1","_nodeVersion":"0.12.4","_npmUser":{"name":"mde","email":"mde@fleegix.org"},"maintainers":[{"name":"tjholowaychuk","email":"tj@vision-media.ca"},{"name":"mde","email":"mde@fleegix.org"}],"dist":{"shasum":"0483b4f1c513d3fdac3d14647874621fb95a8df6","tarball":"https://registry.npmjs.org/ejs/-/ejs-2.3.2.tgz"},"directories":{}},"2.3.3":{"name":"ejs","description":"Embedded JavaScript templates","keywords":["template","engine","ejs"],"version":"2.3.3","author":{"name":"Matthew Eernisse","email":"mde@fleegix.org","url":"http://fleegix.org"},"contributors":[{"name":"Timothy Gu","email":"timothygu99@gmail.com","url":"https://timothygu.github.io"}],"license":"Apache-2.0","main":"./lib/ejs.js","repository":{"type":"git","url":"git://github.com/mde/ejs.git"},"bugs":{"url":"https://github.com/mde/ejs/issues"},"homepage":"https://github.com/mde/ejs","dependencies":{},"devDependencies":{"browserify":"^8.0.3","istanbul":"~0.3.5","jake":"^8.0.0","jsdoc":"^3.3.0-beta1","lru-cache":"^2.5.0","mocha":"^2.1.0","rimraf":"^2.2.8","uglify-js":"^2.4.16"},"engines":{"node":">=0.10.0"},"scripts":{"test":"mocha","coverage":"istanbul cover node_modules/mocha/bin/_mocha","doc":"rimraf out && jsdoc -c jsdoc.json lib/* docs/jsdoc/*","devdoc":"rimraf out && jsdoc -p -c jsdoc.json lib/* docs/jsdoc/*"},"_id":"ejs@2.3.3","_shasum":"a6babb67815d7190694af4ba82fe065e56d5f0e7","_resolved":"file:pkg/ejs-v2.3.3.tar.gz","_from":"pkg/ejs-v2.3.3.tar.gz","_npmVersion":"2.1.11","_nodeVersion":"0.10.33","_npmUser":{"name":"mde","email":"mde@fleegix.org"},"maintainers":[{"name":"tjholowaychuk","email":"tj@vision-media.ca"},{"name":"mde","email":"mde@fleegix.org"}],"dist":{"shasum":"a6babb67815d7190694af4ba82fe065e56d5f0e7","tarball":"https://registry.npmjs.org/ejs/-/ejs-2.3.3.tgz"},"directories":{}},"2.3.4":{"name":"ejs","description":"Embedded JavaScript templates","keywords":["template","engine","ejs"],"version":"2.3.4","author":{"name":"Matthew Eernisse","email":"mde@fleegix.org","url":"http://fleegix.org"},"contributors":[{"name":"Timothy Gu","email":"timothygu99@gmail.com","url":"https://timothygu.github.io"}],"license":"Apache-2.0","main":"./lib/ejs.js","repository":{"type":"git","url":"git://github.com/mde/ejs.git"},"bugs":{"url":"https://github.com/mde/ejs/issues"},"homepage":"https://github.com/mde/ejs","dependencies":{},"devDependencies":{"browserify":"^8.0.3","istanbul":"~0.3.5","jake":"^8.0.0","jsdoc":"^3.3.0-beta1","lru-cache":"^2.5.0","mocha":"^2.1.0","rimraf":"^2.2.8","uglify-js":"^2.4.16"},"engines":{"node":">=0.10.0"},"scripts":{"test":"mocha","coverage":"istanbul cover node_modules/mocha/bin/_mocha","doc":"rimraf out && jsdoc -c jsdoc.json lib/* docs/jsdoc/*","devdoc":"rimraf out && jsdoc -p -c jsdoc.json lib/* docs/jsdoc/*"},"_id":"ejs@2.3.4","_shasum":"3c76caa09664b3583b0037af9dc136e79ec68b98","_resolved":"file:pkg/ejs-v2.3.4.tar.gz","_from":"pkg/ejs-v2.3.4.tar.gz","_npmVersion":"2.10.1","_nodeVersion":"0.12.4","_npmUser":{"name":"mde","email":"mde@fleegix.org"},"maintainers":[{"name":"tjholowaychuk","email":"tj@vision-media.ca"},{"name":"mde","email":"mde@fleegix.org"}],"dist":{"shasum":"3c76caa09664b3583b0037af9dc136e79ec68b98","tarball":"https://registry.npmjs.org/ejs/-/ejs-2.3.4.tgz"},"directories":{}},"2.4.1":{"name":"ejs","description":"Embedded JavaScript templates","keywords":["template","engine","ejs"],"version":"2.4.1","author":{"name":"Matthew Eernisse","email":"mde@fleegix.org","url":"http://fleegix.org"},"contributors":[{"name":"Timothy Gu","email":"timothygu99@gmail.com","url":"https://timothygu.github.io"}],"license":"Apache-2.0","main":"./lib/ejs.js","repository":{"type":"git","url":"git://github.com/mde/ejs.git"},"bugs":{"url":"https://github.com/mde/ejs/issues"},"homepage":"https://github.com/mde/ejs","dependencies":{},"devDependencies":{"browserify":"^8.0.3","istanbul":"~0.3.5","jake":"^8.0.0","jsdoc":"^3.3.0-beta1","lru-cache":"^2.5.0","mocha":"^2.1.0","rimraf":"^2.2.8","uglify-js":"^2.4.16"},"engines":{"node":">=0.10.0"},"scripts":{"test":"mocha","coverage":"istanbul cover node_modules/mocha/bin/_mocha","doc":"rimraf out && jsdoc -c jsdoc.json lib/* docs/jsdoc/*","devdoc":"rimraf out && jsdoc -p -c jsdoc.json lib/* docs/jsdoc/*"},"_id":"ejs@2.4.1","_shasum":"82e15b1b2a1f948b18097476ba2bd7c66f4d1566","_resolved":"file:pkg/ejs-v2.4.1.tar.gz","_from":"pkg/ejs-v2.4.1.tar.gz","_npmVersion":"2.10.1","_nodeVersion":"0.12.4","_npmUser":{"name":"mde","email":"mde@fleegix.org"},"maintainers":[{"name":"tjholowaychuk","email":"tj@vision-media.ca"},{"name":"mde","email":"mde@fleegix.org"}],"dist":{"shasum":"82e15b1b2a1f948b18097476ba2bd7c66f4d1566","tarball":"https://registry.npmjs.org/ejs/-/ejs-2.4.1.tgz"},"directories":{}},"2.4.2":{"name":"ejs","description":"Embedded JavaScript templates","keywords":["template","engine","ejs"],"version":"2.4.2","author":{"name":"Matthew Eernisse","email":"mde@fleegix.org","url":"http://fleegix.org"},"contributors":[{"name":"Timothy Gu","email":"timothygu99@gmail.com","url":"https://timothygu.github.io"}],"license":"Apache-2.0","main":"./lib/ejs.js","repository":{"type":"git","url":"git://github.com/mde/ejs.git"},"bugs":{"url":"https://github.com/mde/ejs/issues"},"homepage":"https://github.com/mde/ejs","dependencies":{},"devDependencies":{"browserify":"^8.0.3","istanbul":"~0.3.5","jake":"^8.0.0","jsdoc":"^3.3.0-beta1","lru-cache":"^2.5.0","mocha":"^2.1.0","rimraf":"^2.2.8","uglify-js":"^2.4.16"},"engines":{"node":">=0.10.0"},"scripts":{"test":"mocha","sample":"npm install express && node sample/index.js","coverage":"istanbul cover node_modules/mocha/bin/_mocha","doc":"rimraf out && jsdoc -c jsdoc.json lib/* docs/jsdoc/*","devdoc":"rimraf out && jsdoc -p -c jsdoc.json lib/* docs/jsdoc/*"},"_id":"ejs@2.4.2","_shasum":"7057eb4812958fb731841cd9ca353343efe597b1","_resolved":"file:pkg/ejs-v2.4.2.tar.gz","_from":"pkg/ejs-v2.4.2.tar.gz","_npmVersion":"2.15.1","_nodeVersion":"4.4.4","_npmUser":{"name":"mde","email":"mde@fleegix.org"},"maintainers":[{"name":"tjholowaychuk","email":"tj@vision-media.ca"},{"name":"mde","email":"mde@fleegix.org"}],"dist":{"shasum":"7057eb4812958fb731841cd9ca353343efe597b1","tarball":"https://registry.npmjs.org/ejs/-/ejs-2.4.2.tgz"},"_npmOperationalInternal":{"host":"packages-12-west.internal.npmjs.com","tmp":"tmp/ejs-2.4.2.tgz_1464117640663_0.8193834638223052"},"directories":{}},"2.5.1":{"name":"ejs","description":"Embedded JavaScript templates","keywords":["template","engine","ejs"],"version":"2.5.1","author":{"name":"Matthew Eernisse","email":"mde@fleegix.org","url":"http://fleegix.org"},"contributors":[{"name":"Timothy Gu","email":"timothygu99@gmail.com","url":"https://timothygu.github.io"}],"license":"Apache-2.0","main":"./lib/ejs.js","repository":{"type":"git","url":"git://github.com/mde/ejs.git"},"bugs":{"url":"https://github.com/mde/ejs/issues"},"homepage":"https://github.com/mde/ejs","dependencies":{},"devDependencies":{"browserify":"^13.0.1","eslint":"^3.0.0","istanbul":"~0.4.3","jake":"^8.0.0","jsdoc":"^3.4.0","lru-cache":"^4.0.1","mocha":"^2.1.0","rimraf":"^2.2.8","uglify-js":"^2.6.2"},"engines":{"node":">=0.10.0"},"scripts":{"test":"mocha","sample":"npm install express && node sample/index.js","coverage":"istanbul cover node_modules/mocha/bin/_mocha","doc":"rimraf out && jsdoc -c jsdoc.json lib/* docs/jsdoc/*","devdoc":"rimraf out && jsdoc -p -c jsdoc.json lib/* docs/jsdoc/*"},"_id":"ejs@2.5.1","_shasum":"dbc0ac40812d3b451dad063fcd369e4e47d80287","_resolved":"file:pkg/ejs-v2.5.1.tar.gz","_from":"pkg/ejs-v2.5.1.tar.gz","_npmVersion":"2.14.7","_nodeVersion":"4.2.2","_npmUser":{"name":"mde","email":"mde@fleegix.org"},"dist":{"shasum":"dbc0ac40812d3b451dad063fcd369e4e47d80287","tarball":"https://registry.npmjs.org/ejs/-/ejs-2.5.1.tgz"},"maintainers":[{"name":"tjholowaychuk","email":"tj@vision-media.ca"},{"name":"mde","email":"mde@fleegix.org"}],"_npmOperationalInternal":{"host":"packages-16-east.internal.npmjs.com","tmp":"tmp/ejs-2.5.1.tgz_1469467300312_0.7665372854098678"},"directories":{}},"2.5.2":{"name":"ejs","description":"Embedded JavaScript templates","keywords":["template","engine","ejs"],"version":"2.5.2","author":{"name":"Matthew Eernisse","email":"mde@fleegix.org","url":"http://fleegix.org"},"contributors":[{"name":"Timothy Gu","email":"timothygu99@gmail.com","url":"https://timothygu.github.io"}],"license":"Apache-2.0","main":"./lib/ejs.js","repository":{"type":"git","url":"git://github.com/mde/ejs.git"},"bugs":{"url":"https://github.com/mde/ejs/issues"},"homepage":"https://github.com/mde/ejs","dependencies":{},"devDependencies":{"browserify":"^13.0.1","eslint":"^3.0.0","istanbul":"~0.4.3","jake":"^8.0.0","jsdoc":"^3.4.0","lru-cache":"^4.0.1","mocha":"^3.0.2","rimraf":"^2.2.8","uglify-js":"^2.6.2"},"engines":{"node":">=0.10.0"},"scripts":{"test":"mocha","coverage":"istanbul cover node_modules/mocha/bin/_mocha","doc":"rimraf out && jsdoc -c jsdoc.json lib/* docs/jsdoc/*","devdoc":"rimraf out && jsdoc -p -c jsdoc.json lib/* docs/jsdoc/*"},"_id":"ejs@2.5.2","_shasum":"21444ba09386f0c65b6eafb96a3d51bcb3be80d1","_resolved":"file:pkg/ejs-v2.5.2.tar.gz","_from":"pkg/ejs-v2.5.2.tar.gz","_npmVersion":"2.14.7","_nodeVersion":"4.2.2","_npmUser":{"name":"mde","email":"mde@fleegix.org"},"dist":{"shasum":"21444ba09386f0c65b6eafb96a3d51bcb3be80d1","tarball":"https://registry.npmjs.org/ejs/-/ejs-2.5.2.tgz"},"maintainers":[{"name":"tjholowaychuk","email":"tj@vision-media.ca"},{"name":"mde","email":"mde@fleegix.org"}],"_npmOperationalInternal":{"host":"packages-12-west.internal.npmjs.com","tmp":"tmp/ejs-2.5.2.tgz_1473259584869_0.9678213631268591"},"directories":{}}},"maintainers":[{"name":"mde","email":"mde@fleegix.org"}],"author":{"name":"Matthew Eernisse","email":"mde@fleegix.org","url":"http://fleegix.org"},"time":{"modified":"2016-10-20T00:32:49.145Z","created":"2011-02-14T21:15:53.948Z","0.0.1":"2011-02-14T21:15:53.948Z","0.0.2":"2011-02-14T21:15:53.948Z","0.0.3":"2011-02-14T21:15:53.948Z","0.0.4":"2011-02-14T21:15:53.948Z","0.1.0":"2011-02-14T21:15:53.948Z","0.2.0":"2011-02-14T21:15:53.948Z","0.2.1":"2011-02-14T21:15:53.948Z","0.3.0":"2011-02-14T21:15:53.948Z","0.3.1":"2011-02-24T03:08:47.107Z","0.4.0":"2011-04-21T15:38:18.315Z","0.4.1":"2011-04-21T16:12:48.085Z","0.4.2":"2011-05-11T16:41:52.848Z","0.4.3":"2011-06-20T15:43:06.444Z","0.5.0":"2011-11-20T19:57:26.230Z","0.6.0":"2011-12-09T23:53:35.286Z","0.6.1":"2011-12-10T00:03:58.433Z","0.7.0":"2012-03-25T03:22:09.159Z","0.7.1":"2012-03-26T15:49:46.026Z","0.7.2":"2012-06-22T15:23:23.051Z","0.8.0":"2012-07-25T15:47:38.691Z","0.8.1":"2012-08-11T19:08:11.100Z","0.8.2":"2012-08-16T16:10:20.977Z","0.8.3":"2012-09-13T17:39:43.246Z","0.8.4":"2013-05-08T16:40:57.686Z","0.8.5":"2013-11-22T00:20:37.862Z","0.8.6":"2014-03-21T16:10:03.569Z","0.8.8":"2014-03-24T16:29:50.391Z","1.0.0":"2014-03-24T16:32:29.202Z","2.0.2":"2015-01-04T07:05:30.354Z","2.0.3":"2015-01-04T18:50:30.699Z","2.0.4":"2015-01-04T23:19:31.738Z","2.0.5":"2015-01-04T23:22:39.010Z","2.0.6":"2015-01-05T00:45:02.692Z","2.0.7":"2015-01-05T20:52:20.703Z","2.0.8":"2015-01-06T21:03:47.953Z","2.1.1":"2015-01-11T17:55:40.917Z","2.1.2":"2015-01-11T20:16:56.924Z","2.1.3":"2015-01-12T03:10:51.503Z","2.1.4":"2015-01-12T19:08:53.495Z","2.2.1":"2015-01-20T06:11:05.831Z","2.2.2":"2015-01-21T22:30:55.679Z","2.2.3":"2015-01-23T23:52:13.108Z","2.2.4":"2015-02-01T18:31:55.158Z","2.3.1":"2015-02-23T01:25:44.314Z","2.3.2":"2015-06-29T00:23:09.146Z","2.3.3":"2015-07-11T20:10:37.137Z","2.3.4":"2015-09-07T04:06:19.301Z","2.4.1":"2016-01-24T05:07:30.365Z","2.4.2":"2016-05-24T19:20:41.091Z","2.5.1":"2016-07-25T17:21:43.560Z","2.5.2":"2016-09-07T14:46:25.109Z"},"users":{"naholyr":true,"fgribreau":true,"m42am":true,"dubban":true,"ljharb":true,"cj.nichols":true,"maxmaximov":true,"mcwhittemore":true,"chrisweb":true,"adamrenny":true,"einfallstoll":true,"mackenziestarr":true,"fmm":true,"evkline":true,"biggora":true,"brandtabbott":true,"voxpelli":true,"jimnox":true,"matteospampani":true,"undashes":true,"lpgray":true,"dofy":true,"boustanihani":true,"karthickt":true,"writech":true,"huasolna":true,"louxiaojian":true,"jianhua":true,"saifee":true,"kewin":true,"sasquatch":true,"tedyhy":true,"gregvanbrug":true,"piotr23":true,"lamentchina":true,"pedrozgz":true,"alexandermac":true,"earthling0":true,"damocles":true,"iisii":true,"x_soth":true,"j3kz":true,"timothygu":true,"vchouhan":true,"trusktr":true,"manxisuo":true,"truonghuutien":true,"vboctor":true,"gabrielmedina":true,"chadwatson":true,"reno184":true,"nickleefly":true,"jamesulph":true,"sm0ck1":true,"oheard":true,"qqqppp9998":true,"staraple":true,"bucaran":true,"dac2205":true,"neefrankie":true,"junjiansyu":true,"damianof":true,"theveil":true,"blind__man":true,"tudou":true,"ernie55ernie":true,"sharp":true,"gochomugo":true,"doombuddha":true,"csbun":true,"buzzalderaan":true,"stretchgz":true,"incsw":true,"freshlogic":true,"dbck":true,"maskedcoder":true,"pensierinmusica":true,"2dxgujun":true,"valeriu-zdrobau":true,"ssh0702":true,"yhui02":true,"z4tech":true,"jybleau":true,"stevenvachon":true,"iolo":true,"nickeltobias":true,"jslite":true,"blessdyb":true,"rackyrose":true,"chadyred":true,"dereklakin":true,"raskawa":true,"raisiqueira":true,"hyde2able":true,"stany":true,"ysk8":true,"cfleschhut":true,"jtsky":true,"tobiasnickel":true,"ryandu":true,"wangnan0610":true,"msjcaetano":true,"dskecse":true,"evanyeung":true,"hyteer":true,"dittodhole":true,"shanemileham":true,"wzbg":true,"monjer":true,"cslater":true,"coalesce":true,"a3.ivanenko":true,"sammok2003":true,"erikvold":true,"xufz":true,"zhenzhuquan":true,"ghe1219":true,"peunzhang":true,"xgheaven":true,"juangotama":true,"asm2hex":true,"kimkee":true,"demiurgosoft":true,"qmmr":true,"trenthm":true,"isik":true,"snarky":true,"pablo.tavarez":true,"dmsanchez86":true,"sylvain261":true,"fonologico":true,"markthethomas":true,"leogoncha":true,"pmasa":true,"aisin":true,"fassetar":true,"mark24code":true,"456wyc":true,"marcobiedermann":true,"angrykoala":true,"lhard":true,"fengmiaosen":true,"sopov":true,"i.vispyanskiy":true,"aitoralejandro":true,"shekharreddy":true,"ferrari":true,"apopek":true,"moueza":true,"abuddington":true,"nilz3ro":true,"netdex":true,"largepuma":true,"lmanukyan":true,"monczek":true,"duck102017":true,"ga1989":true,"writeosahon":true,"13lank.null":true},"repository":{"type":"git","url":"git://github.com/mde/ejs.git"},"readme":"# EJS\n\nEmbedded JavaScript templates\n\n[![Build Status](https://img.shields.io/travis/mde/ejs/master.svg?style=flat)](https://travis-ci.org/mde/ejs)\n[![Developing Dependencies](https://img.shields.io/david/dev/mde/ejs.svg?style=flat)](https://david-dm.org/mde/ejs?type=dev)\n\n## Installation\n\n```bash\n$ npm install ejs\n```\n\n## Features\n\n  * Control flow with `<% %>`\n  * Escaped output with `<%= %>` (escape function configurable)\n  * Unescaped raw output with `<%- %>`\n  * Newline-trim mode ('newline slurping') with `-%>` ending tag\n  * Whitespace-trim mode (slurp all whitespace) for control flow with `<%_ _%>`\n  * Custom delimiters (e.g., use `<? ?>` instead of `<% %>`)\n  * Includes\n  * Client-side support\n  * Static caching of intermediate JavaScript\n  * Static caching of templates\n  * Complies with the [Express](http://expressjs.com) view system\n\n## Example\n\n```html\n<% if (user) { %>\n  <h2><%= user.name %></h2>\n<% } %>\n```\n\nTry EJS online at: https://ionicabizau.github.io/ejs-playground/.\n\n## Usage\n\n```javascript\nvar template = ejs.compile(str, options);\ntemplate(data);\n// => Rendered HTML string\n\nejs.render(str, data, options);\n// => Rendered HTML string\n\nejs.renderFile(filename, data, options, function(err, str){\n    // str => Rendered HTML string\n});\n```\n\nIt is also possible to use `ejs.render(dataAndOptions);` where you pass\neverything in a single object. In that case, you'll end up with local variables\nfor all the passed options. However, be aware that your code could break if we\nadd an option with the same name as one of your data object's properties.\nTherefore, we do not recommend using this shortcut.\n\n## Options\n\n  - `cache`           Compiled functions are cached, requires `filename`\n  - `filename`        The name of the file being rendered. Not required if you\n    are using `renderFile()`. Used by `cache` to key caches, and for includes.\n  - `root`            Set project root for includes with an absolute path (/file.ejs).\n  - `context`         Function execution context\n  - `compileDebug`    When `false` no debug instrumentation is compiled\n  - `client`          When `true`, compiles a function that can be rendered\n    in the browser without needing to load the EJS Runtime\n    ([ejs.min.js](https://github.com/mde/ejs/releases/latest)).\n  - `delimiter`       Character to use with angle brackets for open/close\n  - `debug`           Output generated function body\n  - `strict`          When set to `true`, generated function is in strict mode\n  - `_with`           Whether or not to use `with() {}` constructs. If `false` then the locals will be stored in the `locals` object. Set to `false` in strict mode.\n  - `localsName`      Name to use for the object storing local variables when not using `with` Defaults to `locals`\n  - `rmWhitespace`    Remove all safe-to-remove whitespace, including leading\n    and trailing whitespace. It also enables a safer version of `-%>` line\n    slurping for all scriptlet tags (it does not strip new lines of tags in\n    the middle of a line).\n  - `escape`          The escaping function used with `<%=` construct. It is\n    used in rendering and is `.toString()`ed in the generation of client functions. (By default escapes XML).\n\nThis project uses [JSDoc](http://usejsdoc.org/). For the full public API\ndocumentation, clone the repository and run `npm run doc`. This will run JSDoc\nwith the proper options and output the documentation to `out/`. If you want\nthe both the public & private API docs, run `npm run devdoc` instead.\n\n## Tags\n\n  - `<%`              'Scriptlet' tag, for control-flow, no output\n  - `<%_`             'Whitespace Slurping' Scriptlet tag, strips all whitespace before it\n  - `<%=`             Outputs the value into the template (escaped)\n  - `<%-`             Outputs the unescaped value into the template\n  - `<%#`             Comment tag, no execution, no output\n  - `<%%`             Outputs a literal '<%'\n  - `%%>`             Outputs a literal '%>'\n  - `%>`              Plain ending tag\n  - `-%>`             Trim-mode ('newline slurp') tag, trims following newline\n  - `_%>`             'Whitespace Slurping' ending tag, removes all whitespace after it\n\nFor the full syntax documentation, please see [docs/syntax.md](https://github.com/mde/ejs/blob/master/docs/syntax.md).\n\n## Includes\n\nIncludes either have to be an absolute path, or, if not, are assumed as\nrelative to the template with the `include` call. For example if you are\nincluding `./views/user/show.ejs` from `./views/users.ejs` you would\nuse `<%- include('user/show') %>`.\n\nYou must specify the `filename` option for the template with the `include`\ncall unless you are using `renderFile()`.\n\nYou'll likely want to use the raw output tag (`<%-`) with your include to avoid\ndouble-escaping the HTML output.\n\n```html\n<ul>\n  <% users.forEach(function(user){ %>\n    <%- include('user/show', {user: user}) %>\n  <% }); %>\n</ul>\n```\n\nIncludes are inserted at runtime, so you can use variables for the path in the\n`include` call (for example `<%- include(somePath) %>`). Variables in your\ntop-level data object are available to all your includes, but local variables\nneed to be passed down.\n\nNOTE: Include preprocessor directives (`<% include user/show %>`) are\nstill supported.\n\n## Custom delimiters\n\nCustom delimiters can be applied on a per-template basis, or globally:\n\n```javascript\nvar ejs = require('ejs'),\n    users = ['geddy', 'neil', 'alex'];\n\n// Just one template\nejs.render('<?= users.join(\" | \"); ?>', {users: users}, {delimiter: '?'});\n// => 'geddy | neil | alex'\n\n// Or globally\nejs.delimiter = '$';\nejs.render('<$= users.join(\" | \"); $>', {users: users});\n// => 'geddy | neil | alex'\n```\n\n## Caching\n\nEJS ships with a basic in-process cache for caching the intermediate JavaScript\nfunctions used to render templates. It's easy to plug in LRU caching using\nNode's `lru-cache` library:\n\n```javascript\nvar ejs = require('ejs')\n  , LRU = require('lru-cache');\nejs.cache = LRU(100); // LRU cache with 100-item limit\n```\n\nIf you want to clear the EJS cache, call `ejs.clearCache`. If you're using the\nLRU cache and need a different limit, simple reset `ejs.cache` to a new instance\nof the LRU.\n\n## Layouts\n\nEJS does not specifically support blocks, but layouts can be implemented by\nincluding headers and footers, like so:\n\n\n```html\n<%- include('header') -%>\n<h1>\n  Title\n</h1>\n<p>\n  My page\n</p>\n<%- include('footer') -%>\n```\n\n## Client-side support\n\nGo to the [Latest Release](https://github.com/mde/ejs/releases/latest), download\n`./ejs.js` or `./ejs.min.js`. Alternately, you can compile it yourself by cloning\nthe repository and running `jake build` (or `$(npm bin)/jake build` if jake is\nnot installed globally).\n\nInclude one of these files on your page, and `ejs` should be available globally.\n\n### Example\n\n```html\n<div id=\"output\"></div>\n<script src=\"ejs.min.js\"></script>\n<script>\n  var people = ['geddy', 'neil', 'alex'],\n      html = ejs.render('<%= people.join(\", \"); %>', {people: people});\n  // With jQuery:\n  $('#output').html(html);\n  // Vanilla JS:\n  document.getElementById('output').innerHTML = html;\n</script>\n```\n\n### Caveats\n\nMost of EJS will work as expected; however, there are a few things to note:\n\n1. Obviously, since you do not have access to the filesystem, `ejs.renderFile()` won't work.\n2. For the same reason, `include`s do not work unless you use an `IncludeCallback`. Here is an example:\n  ```javascript\n  var str = \"Hello <%= include('file', {person: 'John'}); %>\",\n      fn = ejs.compile(str, {client: true});\n\n  fn(data, null, function(path, d){ // IncludeCallback\n    // path -> 'file'\n    // d -> {person: 'John'}\n    // Put your code here\n    // Return the contents of file as a string\n  }); // returns rendered string\n  ```\n\n## Related projects\n\nThere are a number of implementations of EJS:\n\n * TJ's implementation, the v1 of this library: https://github.com/tj/ejs\n * Jupiter Consulting's EJS: http://www.embeddedjs.com/\n * EJS Embedded JavaScript Framework on Google Code: https://code.google.com/p/embeddedjavascript/\n * Sam Stephenson's Ruby implementation: https://rubygems.org/gems/ejs\n * Erubis, an ERB implementation which also runs JavaScript: http://www.kuwata-lab.com/erubis/users-guide.04.html#lang-javascript\n\n## License\n\nLicensed under the Apache License, Version 2.0\n(<http://www.apache.org/licenses/LICENSE-2.0>)\n\n- - -\nEJS Embedded JavaScript templates copyright 2112\nmde@fleegix.org.\n","readmeFilename":"README.md","homepage":"https://github.com/mde/ejs","keywords":["template","engine","ejs"],"bugs":{"url":"https://github.com/mde/ejs/issues"},"contributors":[{"name":"Timothy Gu","email":"timothygu99@gmail.com","url":"https://timothygu.github.io"}],"license":"Apache-2.0","_attachments":{},"_etag":"\"BUXKKL2066CREXJCC2UJV4IV2\""}