{"_id":"code-point-at","_rev":"1-45b74ccc9468de0d7ad10f3376e6094f","name":"code-point-at","description":"ES2015 String#codePointAt() ponyfill","dist-tags":{"latest":"1.0.0"},"versions":{"1.0.0":{"name":"code-point-at","version":"1.0.0","description":"ES2015 String#codePointAt() ponyfill","license":"MIT","repository":{"type":"git","url":"https://github.com/sindresorhus/code-point-at"},"author":{"name":"Sindre Sorhus","email":"sindresorhus@gmail.com","url":"sindresorhus.com"},"engines":{"node":">=0.10.0"},"scripts":{"test":"node test.js"},"files":["index.js"],"keywords":["es2015","es6","ponyfill","polyfill","shim","string","str","code","point","at","codepoint","unicode"],"dependencies":{"number-is-nan":"^1.0.0"},"devDependencies":{"ava":"0.0.4"},"gitHead":"c2ffa4064718b37c84c73a633abeeed5b486a469","bugs":{"url":"https://github.com/sindresorhus/code-point-at/issues"},"homepage":"https://github.com/sindresorhus/code-point-at","_id":"code-point-at@1.0.0","_shasum":"f69b192d3f7d91e382e4b71bddb77878619ab0c6","_from":".","_npmVersion":"2.11.2","_nodeVersion":"0.12.5","_npmUser":{"name":"sindresorhus","email":"sindresorhus@gmail.com"},"dist":{"shasum":"f69b192d3f7d91e382e4b71bddb77878619ab0c6","tarball":"https://registry.npmjs.org/code-point-at/-/code-point-at-1.0.0.tgz"},"maintainers":[{"name":"sindresorhus","email":"sindresorhus@gmail.com"}],"directories":{}}},"readme":"# code-point-at [![Build Status](https://travis-ci.org/sindresorhus/code-point-at.svg?branch=master)](https://travis-ci.org/sindresorhus/code-point-at)\n\n> ES2015 [`String#codePointAt()`](https://developer.mozilla.org/en-US/docs/Web/JavaScript/Reference/Global_Objects/String/codePointAt) ponyfill\n\n> Ponyfill: A polyfill that doesn't overwrite the native method\n\n\n## Install\n\n```\n$ npm install --save code-point-at\n```\n\n\n## Usage\n\n```js\nvar codePointAt = require('code-point-at');\n\ncodePointAt('🐴');\n//=> 128052\n\ncodePointAt('abc', 2);\n//=> 99\n```\n\n## API\n\n### codePointAt(input, [position])\n\n\n## License\n\nMIT © [Sindre Sorhus](http://sindresorhus.com)\n","maintainers":[{"name":"sindresorhus","email":"sindresorhus@gmail.com"}],"time":{"modified":"2015-07-16T21:51:27.313Z","created":"2015-07-16T21:51:27.313Z","1.0.0":"2015-07-16T21:51:27.313Z"},"homepage":"https://github.com/sindresorhus/code-point-at","keywords":["es2015","es6","ponyfill","polyfill","shim","string","str","code","point","at","codepoint","unicode"],"repository":{"type":"git","url":"https://github.com/sindresorhus/code-point-at"},"author":{"name":"Sindre Sorhus","email":"sindresorhus@gmail.com","url":"sindresorhus.com"},"bugs":{"url":"https://github.com/sindresorhus/code-point-at/issues"},"license":"MIT","readmeFilename":"readme.md","_attachments":{},"_etag":"\"6SJP08M2UXRSJQG1KK3WJNQXX\""}