{"_id":"fill-range","_rev":"40-cac6da1367f0c504e1cdbca80b9a6175","name":"fill-range","description":"Fill in a range of numbers or letters, optionally passing an increment or multiplier to use.","dist-tags":{"latest":"2.2.3"},"versions":{"0.1.0":{"name":"fill-range","description":"Fill in a range of numbers or letters, optionally passing an increment or multiplier to use.","version":"0.1.0","homepage":"https://github.com/jonschlinkert/fill-range","author":{"name":"Jon Schlinkert","url":"https://github.com/jonschlinkert"},"repository":{"type":"git","url":"git://github.com/jonschlinkert/fill-range.git"},"bugs":{"url":"https://github.com/jonschlinkert/fill-range/issues"},"licenses":[{"type":"MIT","url":"https://github.com/jonschlinkert/fill-range/blob/master/LICENSE-MIT"}],"main":"index.js","engines":{"node":">=0.10.0"},"scripts":{"test":"mocha -R spec"},"dependencies":{"is-number":"^0.1.1"},"devDependencies":{"mocha":"*","should":"*"},"keywords":["alpha","alphabetical","bash","brace","expand","expansion","glob","match","matches","matching","number","numerical","range","ranges","sh"],"_id":"fill-range@0.1.0","_shasum":"2d7e5a265c18b3571d3fdf0e59be1026049f3fa1","_from":".","_npmVersion":"1.4.9","_npmUser":{"name":"jonschlinkert","email":"github@sellside.com"},"maintainers":[{"name":"jonschlinkert","email":"github@sellside.com"}],"dist":{"shasum":"2d7e5a265c18b3571d3fdf0e59be1026049f3fa1","tarball":"https://registry.npmjs.org/fill-range/-/fill-range-0.1.0.tgz"},"directories":{}},"0.1.1":{"name":"fill-range","description":"Fill in a range of numbers or letters, optionally passing an increment or multiplier to use.","version":"0.1.1","homepage":"https://github.com/jonschlinkert/fill-range","author":{"name":"Jon Schlinkert","url":"https://github.com/jonschlinkert"},"repository":{"type":"git","url":"git://github.com/jonschlinkert/fill-range.git"},"bugs":{"url":"https://github.com/jonschlinkert/fill-range/issues"},"licenses":[{"type":"MIT","url":"https://github.com/jonschlinkert/fill-range/blob/master/LICENSE-MIT"}],"main":"index.js","engines":{"node":">=0.10.0"},"scripts":{"test":"mocha -R spec"},"dependencies":{"is-number":"^0.1.1"},"devDependencies":{"mocha":"*","should":"*"},"keywords":["alpha","alphabetical","bash","brace","expand","expansion","glob","match","matches","matching","number","numerical","range","ranges","sh"],"_id":"fill-range@0.1.1","_shasum":"6a88bcca5b6dbe26f605c64ce7f6642b8b6b0c0f","_from":".","_npmVersion":"1.4.9","_npmUser":{"name":"jonschlinkert","email":"github@sellside.com"},"maintainers":[{"name":"jonschlinkert","email":"github@sellside.com"}],"dist":{"shasum":"6a88bcca5b6dbe26f605c64ce7f6642b8b6b0c0f","tarball":"https://registry.npmjs.org/fill-range/-/fill-range-0.1.1.tgz"},"directories":{}},"0.2.0":{"name":"fill-range","description":"Fill in a range of numbers or letters, optionally passing an increment or multiplier to use.","version":"0.2.0","homepage":"https://github.com/jonschlinkert/fill-range","author":{"name":"Jon Schlinkert","url":"https://github.com/jonschlinkert"},"repository":{"type":"git","url":"git://github.com/jonschlinkert/fill-range.git"},"bugs":{"url":"https://github.com/jonschlinkert/fill-range/issues"},"licenses":[{"type":"MIT","url":"https://github.com/jonschlinkert/fill-range/blob/master/LICENSE-MIT"}],"main":"index.js","engines":{"node":">=0.10.0"},"scripts":{"test":"mocha -R spec"},"dependencies":{"alphabet":"^0.1.0","is-number":"^0.1.1"},"devDependencies":{"mocha":"*","should":"*"},"keywords":["alpha","alphabetical","bash","brace","expand","expansion","glob","match","matches","matching","number","numerical","range","ranges","sh"],"_id":"fill-range@0.2.0","_shasum":"78651bb4b153d0fc482bdedb7be169645ea9d6e5","_from":".","_npmVersion":"1.4.9","_npmUser":{"name":"jonschlinkert","email":"github@sellside.com"},"maintainers":[{"name":"jonschlinkert","email":"github@sellside.com"}],"dist":{"shasum":"78651bb4b153d0fc482bdedb7be169645ea9d6e5","tarball":"https://registry.npmjs.org/fill-range/-/fill-range-0.2.0.tgz"},"directories":{}},"1.0.0":{"name":"fill-range","description":"Fill in a range of numbers or letters, optionally passing an increment or multiplier to use.","version":"1.0.0","homepage":"https://github.com/jonschlinkert/fill-range","author":{"name":"Jon Schlinkert","url":"https://github.com/jonschlinkert"},"repository":{"type":"git","url":"git://github.com/jonschlinkert/fill-range.git"},"bugs":{"url":"https://github.com/jonschlinkert/fill-range/issues"},"license":{"type":"MIT","url":"https://github.com/jonschlinkert/fill-range/blob/master/LICENSE-MIT"},"main":"index.js","engines":{"node":">=0.10.0"},"scripts":{"test":"mocha -R spec","docs":"update && license && npmignore && deps && verb","all":"npm run test && npm run docs"},"dependencies":{"is-number":"^0.1.1","randomatic":"^1.0.1","repeat-string":"^1.2.0"},"devDependencies":{"benchmarked":"^0.1.3","chalk":"^0.5.1","should":"*"},"keywords":["alpha","alphabetical","bash","brace","expand","expansion","glob","match","matches","matching","number","numerical","range","ranges","sh"],"gitHead":"78263be7de77ce0ad458e485436d3f32bab026dc","_id":"fill-range@1.0.0","_shasum":"8c39058e297ac6523c6daf336dca2f0bd62efc8e","_from":".","_npmVersion":"1.4.23","_npmUser":{"name":"jonschlinkert","email":"github@sellside.com"},"maintainers":[{"name":"jonschlinkert","email":"github@sellside.com"}],"dist":{"shasum":"8c39058e297ac6523c6daf336dca2f0bd62efc8e","tarball":"https://registry.npmjs.org/fill-range/-/fill-range-1.0.0.tgz"},"directories":{}},"1.1.0":{"name":"fill-range","description":"Fill in a range of numbers or letters, optionally passing an increment or multiplier to use.","version":"1.1.0","homepage":"https://github.com/jonschlinkert/fill-range","author":{"name":"Jon Schlinkert","url":"https://github.com/jonschlinkert"},"repository":{"type":"git","url":"git://github.com/jonschlinkert/fill-range.git"},"bugs":{"url":"https://github.com/jonschlinkert/fill-range/issues"},"license":{"type":"MIT","url":"https://github.com/jonschlinkert/fill-range/blob/master/LICENSE-MIT"},"main":"index.js","engines":{"node":">=0.10.0"},"scripts":{"test":"mocha -R spec","docs":"update && license && npmignore && deps && verb","all":"npm run test && npm run docs"},"dependencies":{"is-number":"^0.1.1","randomatic":"^1.0.1","repeat-string":"^1.2.0"},"devDependencies":{"benchmarked":"^0.1.3","chalk":"^0.5.1","should":"*"},"keywords":["alpha","alphabetical","bash","brace","expand","expansion","glob","match","matches","matching","number","numerical","range","ranges","sh"],"gitHead":"2ff624da23b354d6637b6b1803856bbea0aff739","_id":"fill-range@1.1.0","_shasum":"1d459e01c0d41e85dba1287d83bdd9b246b8572c","_from":".","_npmVersion":"1.4.23","_npmUser":{"name":"jonschlinkert","email":"github@sellside.com"},"maintainers":[{"name":"jonschlinkert","email":"github@sellside.com"}],"dist":{"shasum":"1d459e01c0d41e85dba1287d83bdd9b246b8572c","tarball":"https://registry.npmjs.org/fill-range/-/fill-range-1.1.0.tgz"},"directories":{}},"1.2.0":{"name":"fill-range","description":"Fill in a range of numbers or letters, optionally passing an increment or multiplier to use.","version":"1.2.0","homepage":"https://github.com/jonschlinkert/fill-range","author":{"name":"Jon Schlinkert","url":"https://github.com/jonschlinkert"},"repository":{"type":"git","url":"git://github.com/jonschlinkert/fill-range.git"},"bugs":{"url":"https://github.com/jonschlinkert/fill-range/issues"},"license":{"type":"MIT","url":"https://github.com/jonschlinkert/fill-range/blob/master/LICENSE-MIT"},"main":"index.js","engines":{"node":">=0.10.0"},"scripts":{"test":"mocha -R spec","docs":"update && license && npmignore && deps && verb","all":"npm run test && npm run docs"},"dependencies":{"is-number":"^0.1.1","randomatic":"^1.0.1","repeat-string":"^1.2.0"},"devDependencies":{"benchmarked":"^0.1.3","chalk":"^0.5.1","should":"*"},"keywords":["alpha","alphabetical","bash","brace","expand","expansion","glob","match","matches","matching","number","numerical","range","ranges","sh"],"gitHead":"91a181e661652a431fc308576f3d6255d0ebd7e0","_id":"fill-range@1.2.0","_shasum":"47a9311bc4edbef4ccb95a426fd20c2d83d5c4e1","_from":".","_npmVersion":"1.4.23","_npmUser":{"name":"jonschlinkert","email":"github@sellside.com"},"maintainers":[{"name":"jonschlinkert","email":"github@sellside.com"}],"dist":{"shasum":"47a9311bc4edbef4ccb95a426fd20c2d83d5c4e1","tarball":"https://registry.npmjs.org/fill-range/-/fill-range-1.2.0.tgz"},"directories":{}},"1.3.0":{"name":"fill-range","description":"Fill in a range of numbers or letters, optionally passing an increment or multiplier to use.","version":"1.3.0","homepage":"https://github.com/jonschlinkert/fill-range","author":{"name":"Jon Schlinkert","url":"https://github.com/jonschlinkert"},"repository":{"type":"git","url":"git://github.com/jonschlinkert/fill-range.git"},"bugs":{"url":"https://github.com/jonschlinkert/fill-range/issues"},"license":{"type":"MIT","url":"https://github.com/jonschlinkert/fill-range/blob/master/LICENSE-MIT"},"main":"index.js","engines":{"node":">=0.10.0"},"scripts":{"test":"mocha -R spec","docs":"update && license && npmignore && deps && verb","all":"npm run test && npm run docs"},"dependencies":{"is-number":"^0.1.1","randomatic":"^1.0.1","repeat-element":"^1.0.0","repeat-string":"^1.2.0"},"devDependencies":{"benchmarked":"^0.1.3","chalk":"^0.5.1","should":"*"},"keywords":["alpha","alphabetical","bash","brace","expand","expansion","glob","match","matches","matching","number","numerical","range","ranges","sh"],"gitHead":"8feab621033bae8276138909d61a89e267434934","_id":"fill-range@1.3.0","_shasum":"6d3541ac148a216c3a0fd39c4717e563926fcfee","_from":".","_npmVersion":"1.4.23","_npmUser":{"name":"jonschlinkert","email":"github@sellside.com"},"maintainers":[{"name":"jonschlinkert","email":"github@sellside.com"}],"dist":{"shasum":"6d3541ac148a216c3a0fd39c4717e563926fcfee","tarball":"https://registry.npmjs.org/fill-range/-/fill-range-1.3.0.tgz"},"directories":{}},"1.4.0":{"name":"fill-range","description":"Fill in a range of numbers or letters, optionally passing an increment or multiplier to use.","version":"1.4.0","homepage":"https://github.com/jonschlinkert/fill-range","author":{"name":"Jon Schlinkert","url":"https://github.com/jonschlinkert"},"repository":{"type":"git","url":"git://github.com/jonschlinkert/fill-range.git"},"bugs":{"url":"https://github.com/jonschlinkert/fill-range/issues"},"license":{"type":"MIT","url":"https://github.com/jonschlinkert/fill-range/blob/master/LICENSE-MIT"},"main":"index.js","engines":{"node":">=0.10.0"},"scripts":{"test":"mocha -R spec","docs":"update && license && npmignore && deps && verb","all":"npm run test && npm run docs"},"dependencies":{"is-number":"^0.1.1","randomatic":"^1.0.1","repeat-element":"^1.0.0","repeat-string":"^1.2.0"},"devDependencies":{"benchmarked":"^0.1.3","chalk":"^0.5.1","should":"*"},"keywords":["alpha","alphabetical","bash","brace","expand","expansion","glob","match","matches","matching","number","numerical","range","ranges","sh"],"gitHead":"8feab621033bae8276138909d61a89e267434934","_id":"fill-range@1.4.0","_shasum":"e6d1e18ee733452ab608a74e181d2c41f6291ba3","_from":".","_npmVersion":"1.4.23","_npmUser":{"name":"jonschlinkert","email":"github@sellside.com"},"maintainers":[{"name":"jonschlinkert","email":"github@sellside.com"}],"dist":{"shasum":"e6d1e18ee733452ab608a74e181d2c41f6291ba3","tarball":"https://registry.npmjs.org/fill-range/-/fill-range-1.4.0.tgz"},"directories":{}},"1.5.0":{"name":"fill-range","description":"Fill in a range of numbers or letters, optionally passing an increment or multiplier to use.","version":"1.5.0","homepage":"https://github.com/jonschlinkert/fill-range","author":{"name":"Jon Schlinkert","url":"https://github.com/jonschlinkert"},"repository":{"type":"git","url":"git://github.com/jonschlinkert/fill-range.git"},"bugs":{"url":"https://github.com/jonschlinkert/fill-range/issues"},"license":{"type":"MIT","url":"https://github.com/jonschlinkert/fill-range/blob/master/LICENSE-MIT"},"main":"index.js","engines":{"node":">=0.10.0"},"files":["index.js"],"scripts":{"test":"mocha -R spec"},"dependencies":{"is-number":"^1.1.0","randomatic":"^1.0.1","repeat-element":"^1.0.0"},"devDependencies":{"benchmarked":"^0.1.3","chalk":"^0.5.1","should":"*"},"keywords":["alpha","alphabetical","bash","brace","expand","expansion","glob","match","matches","matching","number","numerical","range","ranges","sh"],"gitHead":"a578d682adf97538bcd321ee32deda2c6f7bcb6c","_id":"fill-range@1.5.0","_shasum":"3cf1025e5b4a65f6b0b492d3116c0dbdf75d5f85","_from":".","_npmVersion":"1.4.28","_npmUser":{"name":"jonschlinkert","email":"github@sellside.com"},"maintainers":[{"name":"jonschlinkert","email":"github@sellside.com"}],"dist":{"shasum":"3cf1025e5b4a65f6b0b492d3116c0dbdf75d5f85","tarball":"https://registry.npmjs.org/fill-range/-/fill-range-1.5.0.tgz"},"directories":{}},"1.6.0":{"name":"fill-range","description":"Fill in a range of numbers or letters, optionally passing an increment or multiplier to use.","version":"1.6.0","homepage":"https://github.com/jonschlinkert/fill-range","author":{"name":"Jon Schlinkert","url":"https://github.com/jonschlinkert"},"repository":{"type":"git","url":"git://github.com/jonschlinkert/fill-range.git"},"bugs":{"url":"https://github.com/jonschlinkert/fill-range/issues"},"license":{"type":"MIT","url":"https://github.com/jonschlinkert/fill-range/blob/master/LICENSE-MIT"},"main":"index.js","engines":{"node":">=0.10.0"},"files":["index.js"],"scripts":{"test":"mocha -R spec"},"dependencies":{"is-number":"^1.1.0","randomatic":"^1.0.1","repeat-element":"^1.0.0","repeat-string":"^1.4.0"},"devDependencies":{"benchmarked":"^0.1.3","chalk":"^0.5.1","should":"*"},"keywords":["alpha","alphabetical","bash","brace","expand","expansion","glob","match","matches","matching","number","numerical","range","ranges","sh"],"gitHead":"a95fece96f7d525edf0bd7b92b88753b89ac5420","_id":"fill-range@1.6.0","_shasum":"3a18b7ecb2a61700a2005c8a5c8e8de65950f4d1","_from":".","_npmVersion":"1.4.28","_npmUser":{"name":"jonschlinkert","email":"github@sellside.com"},"maintainers":[{"name":"jonschlinkert","email":"github@sellside.com"}],"dist":{"shasum":"3a18b7ecb2a61700a2005c8a5c8e8de65950f4d1","tarball":"https://registry.npmjs.org/fill-range/-/fill-range-1.6.0.tgz"},"directories":{}},"1.7.0":{"name":"fill-range","description":"Fill in a range of numbers or letters, optionally passing an increment or multiplier to use.","version":"1.7.0","homepage":"https://github.com/jonschlinkert/fill-range","author":{"name":"Jon Schlinkert","url":"https://github.com/jonschlinkert"},"repository":{"type":"git","url":"git://github.com/jonschlinkert/fill-range.git"},"bugs":{"url":"https://github.com/jonschlinkert/fill-range/issues"},"license":{"type":"MIT","url":"https://github.com/jonschlinkert/fill-range/blob/master/LICENSE-MIT"},"main":"index.js","engines":{"node":">=0.10.0"},"files":["index.js"],"scripts":{"test":"mocha -R spec"},"dependencies":{"is-number":"^1.1.0","randomatic":"^1.0.1","repeat-element":"^1.0.0","repeat-string":"^1.4.0"},"devDependencies":{"benchmarked":"^0.1.3","chalk":"^0.5.1","should":"*"},"keywords":["alpha","alphabetical","bash","brace","expand","expansion","glob","match","matches","matching","number","numerical","range","ranges","sh"],"gitHead":"bbda14384c98093788b85cfbf427b509390d84ad","_id":"fill-range@1.7.0","_shasum":"b55f1bb5aea102eb7ed89e2718510ec3ad23d86d","_from":".","_npmVersion":"1.4.28","_npmUser":{"name":"jonschlinkert","email":"github@sellside.com"},"maintainers":[{"name":"jonschlinkert","email":"github@sellside.com"}],"dist":{"shasum":"b55f1bb5aea102eb7ed89e2718510ec3ad23d86d","tarball":"https://registry.npmjs.org/fill-range/-/fill-range-1.7.0.tgz"},"directories":{}},"1.7.1":{"name":"fill-range","description":"Fill in a range of numbers or letters, optionally passing an increment or multiplier to use.","version":"1.7.1","homepage":"https://github.com/jonschlinkert/fill-range","author":{"name":"Jon Schlinkert","url":"https://github.com/jonschlinkert"},"repository":{"type":"git","url":"git://github.com/jonschlinkert/fill-range.git"},"bugs":{"url":"https://github.com/jonschlinkert/fill-range/issues"},"license":{"type":"MIT","url":"https://github.com/jonschlinkert/fill-range/blob/master/LICENSE-MIT"},"main":"index.js","engines":{"node":">=0.10.0"},"files":["index.js"],"scripts":{"test":"mocha -R spec"},"dependencies":{"is-number":"^1.1.0","randomatic":"^1.0.1","repeat-element":"^1.0.0","repeat-string":"^1.4.0"},"devDependencies":{"benchmarked":"^0.1.3","chalk":"^0.5.1","should":"*"},"keywords":["alpha","alphabetical","bash","brace","expand","expansion","glob","match","matches","matching","number","numerical","range","ranges","sh"],"gitHead":"2251a06a67ae6093d5457091c95a347d1aabbaa7","_id":"fill-range@1.7.1","_shasum":"73bf1ab3f5e1dc91945824db7d82f475d40ba136","_from":".","_npmVersion":"1.4.28","_npmUser":{"name":"jonschlinkert","email":"github@sellside.com"},"maintainers":[{"name":"jonschlinkert","email":"github@sellside.com"}],"dist":{"shasum":"73bf1ab3f5e1dc91945824db7d82f475d40ba136","tarball":"https://registry.npmjs.org/fill-range/-/fill-range-1.7.1.tgz"},"directories":{}},"1.8.0":{"name":"fill-range","description":"Fill in a range of numbers or letters, optionally passing an increment or multiplier to use.","version":"1.8.0","homepage":"https://github.com/jonschlinkert/fill-range","author":{"name":"Jon Schlinkert","url":"https://github.com/jonschlinkert"},"repository":{"type":"git","url":"git://github.com/jonschlinkert/fill-range.git"},"bugs":{"url":"https://github.com/jonschlinkert/fill-range/issues"},"license":{"type":"MIT","url":"https://github.com/jonschlinkert/fill-range/blob/master/LICENSE-MIT"},"main":"index.js","engines":{"node":">=0.10.0"},"files":["index.js"],"scripts":{"test":"mocha -R spec"},"dependencies":{"is-number":"^1.1.0","isobject":"^0.2.0","randomatic":"^1.0.1","repeat-element":"^1.0.0","repeat-string":"^1.4.0"},"devDependencies":{"benchmarked":"^0.1.3","chalk":"^0.5.1","should":"*"},"keywords":["alpha","alphabetical","bash","brace","expand","expansion","glob","match","matches","matching","number","numerical","range","ranges","sh"],"gitHead":"55792c320bed0ada3e1ed1a53628b6c799fb495e","_id":"fill-range@1.8.0","_shasum":"6d90816c856b7ca7a47c443dfcfbebab9c8c365e","_from":".","_npmVersion":"1.4.28","_npmUser":{"name":"jonschlinkert","email":"github@sellside.com"},"maintainers":[{"name":"jonschlinkert","email":"github@sellside.com"}],"dist":{"shasum":"6d90816c856b7ca7a47c443dfcfbebab9c8c365e","tarball":"https://registry.npmjs.org/fill-range/-/fill-range-1.8.0.tgz"},"directories":{}},"1.9.0":{"name":"fill-range","description":"Fill in a range of numbers or letters, optionally passing an increment or multiplier to use.","version":"1.9.0","homepage":"https://github.com/jonschlinkert/fill-range","author":{"name":"Jon Schlinkert","url":"https://github.com/jonschlinkert"},"repository":{"type":"git","url":"git://github.com/jonschlinkert/fill-range.git"},"bugs":{"url":"https://github.com/jonschlinkert/fill-range/issues"},"license":{"type":"MIT","url":"https://github.com/jonschlinkert/fill-range/blob/master/LICENSE-MIT"},"main":"index.js","engines":{"node":">=0.10.0"},"files":["index.js"],"scripts":{"test":"mocha -R spec"},"dependencies":{"is-number":"^1.1.0","isobject":"^0.2.0","randomatic":"^1.0.1","repeat-element":"^1.0.0","repeat-string":"^1.4.0"},"devDependencies":{"benchmarked":"^0.1.3","chalk":"^0.5.1","should":"*"},"keywords":["alpha","alphabetical","bash","brace","expand","expansion","glob","match","matches","matching","number","numerical","range","ranges","sh"],"gitHead":"55792c320bed0ada3e1ed1a53628b6c799fb495e","_id":"fill-range@1.9.0","_shasum":"a15facff50d734df2d35a8303510b81fce2fb894","_from":".","_npmVersion":"1.4.28","_npmUser":{"name":"jonschlinkert","email":"github@sellside.com"},"maintainers":[{"name":"jonschlinkert","email":"github@sellside.com"}],"dist":{"shasum":"a15facff50d734df2d35a8303510b81fce2fb894","tarball":"https://registry.npmjs.org/fill-range/-/fill-range-1.9.0.tgz"},"directories":{}},"2.0.0":{"name":"fill-range","description":"Fill in a range of numbers or letters, optionally passing an increment or multiplier to use.","version":"2.0.0","homepage":"https://github.com/jonschlinkert/fill-range","author":{"name":"Jon Schlinkert","url":"https://github.com/jonschlinkert"},"repository":{"type":"git","url":"git://github.com/jonschlinkert/fill-range.git"},"bugs":{"url":"https://github.com/jonschlinkert/fill-range/issues"},"license":{"type":"MIT","url":"https://github.com/jonschlinkert/fill-range/blob/master/LICENSE-MIT"},"main":"index.js","engines":{"node":">=0.10.0"},"files":["index.js"],"scripts":{"test":"mocha -R spec"},"dependencies":{"is-number":"^1.1.0","isobject":"^0.2.0","randomatic":"^1.1.0","repeat-element":"^1.0.0","repeat-string":"^1.5.0"},"devDependencies":{"benchmarked":"^0.1.3","chalk":"^0.5.1","should":"*"},"keywords":["alpha","alphabetical","bash","brace","expand","expansion","glob","match","matches","matching","number","numerical","range","ranges","sh"],"gitHead":"68bcd3e18c04698147ae7701c7c9c73427007d30","_id":"fill-range@2.0.0","_shasum":"4957d921e1737e13160da91f274bc2f066552897","_from":".","_npmVersion":"1.4.28","_npmUser":{"name":"jonschlinkert","email":"github@sellside.com"},"maintainers":[{"name":"jonschlinkert","email":"github@sellside.com"}],"dist":{"shasum":"4957d921e1737e13160da91f274bc2f066552897","tarball":"https://registry.npmjs.org/fill-range/-/fill-range-2.0.0.tgz"},"directories":{}},"2.1.0":{"name":"fill-range","description":"Fill in a range of numbers or letters, optionally passing an increment or multiplier to use.","version":"2.1.0","homepage":"https://github.com/jonschlinkert/fill-range","author":{"name":"Jon Schlinkert","url":"https://github.com/jonschlinkert"},"repository":{"type":"git","url":"git://github.com/jonschlinkert/fill-range.git"},"bugs":{"url":"https://github.com/jonschlinkert/fill-range/issues"},"license":{"type":"MIT","url":"https://github.com/jonschlinkert/fill-range/blob/master/LICENSE-MIT"},"main":"index.js","engines":{"node":">=0.10.0"},"files":["index.js"],"scripts":{"test":"mocha -R spec"},"dependencies":{"is-number":"^1.1.0","isobject":"^0.2.0","randomatic":"^1.1.0","repeat-element":"^1.0.0","repeat-string":"^1.5.0"},"devDependencies":{"benchmarked":"^0.1.3","chalk":"^0.5.1","should":"*"},"keywords":["alpha","alphabetical","bash","brace","expand","expansion","glob","match","matches","matching","number","numerical","range","ranges","sh"],"gitHead":"965fc42da05330741d85f842e52f4d625b1e242b","_id":"fill-range@2.1.0","_shasum":"6c6ef3a318872fae7e17b8bbd6c4b97a792b0903","_from":".","_npmVersion":"1.4.28","_npmUser":{"name":"jonschlinkert","email":"github@sellside.com"},"maintainers":[{"name":"jonschlinkert","email":"github@sellside.com"}],"dist":{"shasum":"6c6ef3a318872fae7e17b8bbd6c4b97a792b0903","tarball":"https://registry.npmjs.org/fill-range/-/fill-range-2.1.0.tgz"},"directories":{}},"2.2.0":{"name":"fill-range","description":"Fill in a range of numbers or letters, optionally passing an increment or multiplier to use.","version":"2.2.0","homepage":"https://github.com/jonschlinkert/fill-range","author":{"name":"Jon Schlinkert","url":"https://github.com/jonschlinkert"},"repository":{"type":"git","url":"git://github.com/jonschlinkert/fill-range.git"},"bugs":{"url":"https://github.com/jonschlinkert/fill-range/issues"},"license":{"type":"MIT","url":"https://github.com/jonschlinkert/fill-range/blob/master/LICENSE"},"files":["index.js"],"main":"index.js","engines":{"node":">=0.10.0"},"scripts":{"test":"mocha"},"dependencies":{"is-number":"^1.1.0","isobject":"^0.2.0","randomatic":"^1.1.0","repeat-element":"^1.0.0","repeat-string":"^1.5.0"},"devDependencies":{"benchmarked":"^0.1.3","chalk":"^0.5.1","should":"*"},"keywords":["alpha","alphabetical","bash","brace","expand","expansion","glob","match","matches","matching","number","numerical","range","ranges","sh"],"gitHead":"b403fefd2d8c5ba134239824cec118cfe4c19393","_id":"fill-range@2.2.0","_shasum":"60ed5d1ca44aba3e7f86b0b72e1fadbabe56f37a","_from":".","_npmVersion":"2.5.1","_nodeVersion":"0.12.0","_npmUser":{"name":"jonschlinkert","email":"github@sellside.com"},"maintainers":[{"name":"jonschlinkert","email":"github@sellside.com"}],"dist":{"shasum":"60ed5d1ca44aba3e7f86b0b72e1fadbabe56f37a","tarball":"https://registry.npmjs.org/fill-range/-/fill-range-2.2.0.tgz"},"directories":{}},"2.2.1":{"name":"fill-range","description":"Fill in a range of numbers or letters, optionally passing an increment or multiplier to use.","version":"2.2.1","homepage":"https://github.com/jonschlinkert/fill-range","author":{"name":"Jon Schlinkert","url":"https://github.com/jonschlinkert"},"repository":{"type":"git","url":"git://github.com/jonschlinkert/fill-range.git"},"bugs":{"url":"https://github.com/jonschlinkert/fill-range/issues"},"license":{"type":"MIT","url":"https://github.com/jonschlinkert/fill-range/blob/master/LICENSE"},"files":["index.js"],"main":"index.js","engines":{"node":">=0.10.0"},"scripts":{"test":"mocha"},"dependencies":{"is-number":"^1.1.2","isobject":"^1.0.0","randomatic":"^1.1.0","repeat-element":"^1.1.0","repeat-string":"^1.5.2"},"devDependencies":{"benchmarked":"^0.1.3","chalk":"^0.5.1","should":"*"},"keywords":["alpha","alphabetical","bash","brace","expand","expansion","glob","match","matches","matching","number","numerical","range","ranges","sh"],"gitHead":"dafcb07a8cb9d8138543234fde0cc92340248cb1","_id":"fill-range@2.2.1","_shasum":"80bb64f2af0505fab78166e6508d7ac9ca8b118d","_from":".","_npmVersion":"2.5.1","_nodeVersion":"0.12.0","_npmUser":{"name":"jonschlinkert","email":"github@sellside.com"},"maintainers":[{"name":"jonschlinkert","email":"github@sellside.com"},{"name":"doowb","email":"brian.woodward@gmail.com"},{"name":"es128","email":"elan.shanker+npm@gmail.com"}],"dist":{"shasum":"80bb64f2af0505fab78166e6508d7ac9ca8b118d","tarball":"https://registry.npmjs.org/fill-range/-/fill-range-2.2.1.tgz"},"directories":{}},"2.2.2":{"name":"fill-range","description":"Fill in a range of numbers or letters, optionally passing an increment or multiplier to use.","version":"2.2.2","homepage":"https://github.com/jonschlinkert/fill-range","author":{"name":"Jon Schlinkert","url":"https://github.com/jonschlinkert"},"repository":{"type":"git","url":"git://github.com/jonschlinkert/fill-range.git"},"bugs":{"url":"https://github.com/jonschlinkert/fill-range/issues"},"license":{"type":"MIT","url":"https://github.com/jonschlinkert/fill-range/blob/master/LICENSE"},"files":["index.js"],"main":"index.js","engines":{"node":">=0.10.0"},"scripts":{"test":"mocha"},"dependencies":{"is-number":"^1.1.2","isobject":"^1.0.0","randomatic":"^1.1.0","repeat-element":"^1.1.0","repeat-string":"^1.5.2"},"devDependencies":{"benchmarked":"^0.1.3","chalk":"^0.5.1","should":"*"},"keywords":["alpha","alphabetical","bash","brace","expand","expansion","glob","match","matches","matching","number","numerical","range","ranges","sh"],"gitHead":"dafcb07a8cb9d8138543234fde0cc92340248cb1","_id":"fill-range@2.2.2","_shasum":"2ad9d158a6a666f9fb8c9f9f05345dff68d45760","_from":".","_npmVersion":"2.5.1","_nodeVersion":"0.12.0","_npmUser":{"name":"jonschlinkert","email":"github@sellside.com"},"maintainers":[{"name":"jonschlinkert","email":"github@sellside.com"},{"name":"doowb","email":"brian.woodward@gmail.com"},{"name":"es128","email":"elan.shanker+npm@gmail.com"}],"dist":{"shasum":"2ad9d158a6a666f9fb8c9f9f05345dff68d45760","tarball":"https://registry.npmjs.org/fill-range/-/fill-range-2.2.2.tgz"},"directories":{}},"2.2.3":{"name":"fill-range","description":"Fill in a range of numbers or letters, optionally passing an increment or multiplier to use.","version":"2.2.3","homepage":"https://github.com/jonschlinkert/fill-range","author":{"name":"Jon Schlinkert","url":"https://github.com/jonschlinkert"},"repository":{"type":"git","url":"git+https://github.com/jonschlinkert/fill-range.git"},"bugs":{"url":"https://github.com/jonschlinkert/fill-range/issues"},"license":"MIT","files":["index.js"],"main":"index.js","engines":{"node":">=0.10.0"},"scripts":{"test":"mocha"},"dependencies":{"is-number":"^2.1.0","isobject":"^2.0.0","randomatic":"^1.1.3","repeat-element":"^1.1.2","repeat-string":"^1.5.2"},"devDependencies":{"benchmarked":"^0.1.3","chalk":"^0.5.1","should":"*"},"keywords":["alpha","alphabetical","bash","brace","expand","expansion","glob","match","matches","matching","number","numerical","range","ranges","sh"],"verb":{"related":{"list":["micromatch","expand-range","braces","is-glob"]}},"gitHead":"6cb50d5c679d9e6d9e8ad97bb2efd63a8c8da610","_id":"fill-range@2.2.3","_shasum":"50b77dfd7e469bc7492470963699fe7a8485a723","_from":".","_npmVersion":"3.3.6","_nodeVersion":"5.0.0","_npmUser":{"name":"jonschlinkert","email":"github@sellside.com"},"maintainers":[{"name":"jonschlinkert","email":"github@sellside.com"},{"name":"doowb","email":"brian.woodward@gmail.com"},{"name":"es128","email":"elan.shanker+npm@gmail.com"}],"dist":{"shasum":"50b77dfd7e469bc7492470963699fe7a8485a723","tarball":"https://registry.npmjs.org/fill-range/-/fill-range-2.2.3.tgz"},"directories":{}}},"readme":"# fill-range [![NPM version](https://badge.fury.io/js/fill-range.svg)](http://badge.fury.io/js/fill-range)  [![Build Status](https://travis-ci.org/jonschlinkert/fill-range.svg)](https://travis-ci.org/jonschlinkert/fill-range) \n\n> Fill in a range of numbers or letters, optionally passing an increment or multiplier to use.\n\n## Install with [npm](npmjs.org)\n\n```bash\nnpm i fill-range --save\n```\n\n<!-- toc -->\n\n- [Usage](#usage)\n  * [Invalid ranges](#invalid-ranges)\n  * [Custom function](#custom-function)\n  * [Special characters](#special-characters)\n    + [plus](#plus)\n    + [pipe and tilde](#pipe-and-tilde)\n    + [angle bracket](#angle-bracket)\n    + [question mark](#question-mark)\n- [Other useful libs](#other-useful-libs)\n- [Running tests](#running-tests)\n- [Contributing](#contributing)\n- [Author](#author)\n- [License](#license)\n\n_(Table of contents generated by [verb])_\n\n<!-- tocstop -->\n\n## Usage\n\n```js\nvar range = require('fill-range');\n\nrange('a', 'e');\n//=> ['a', 'b', 'c', 'd', 'e']\n```\n\n**Params**\n\n```js\nrange(start, stop, step, options, fn);\n```\n\n - `start`: **{String|Number}** the number or letter to start with\n - `end`: **{String|Number}** the number or letter to end with\n - `step`: **{String|Number}** optionally pass the step to use. works for letters or numbers.\n - `options`: **{Object}**:\n    + `makeRe`: return a regex-compatible string (still returned as an array for consistency)\n    + `step`: pass the step on the options as an alternative to passing it as an argument\n    + `silent`: `true` by default, set to false to throw errors for invalid ranges. \n - `fn`: **{Function}** optionally [pass a function](#custom-function) to modify each character \n\n\n**Examples**\n\n```js\nrange(1, 3)\n//=> ['1', '2', '3']\n\nrange('1', '3')\n//=> ['1', '2', '3']\n\nrange('0', '-5')\n//=> [ '0', '-1', '-2', '-3', '-4', '-5' ]\n\nrange(-9, 9, 3)\n//=> [ '-9', '-6', '-3', '0', '3', '6', '9' ])\n\nrange('-1', '-10', '-2')\n//=> [ '-1', '-3', '-5', '-7', '-9' ]\n\nrange('1', '10', '2')\n//=> [ '1', '3', '5', '7', '9' ]\n\nrange('a', 'e')\n//=> ['a', 'b', 'c', 'd', 'e']\n\nrange('a', 'e', 2)\n//=> ['a', 'c', 'e']\n\nrange('A', 'E', 2)\n//=> ['A', 'C', 'E']\n```\n\n### Invalid ranges\n\nWhen an invalid range is passed, `null` is returned. \n\n```js\nrange('1.1', '2');\n//=> null\n\nrange('a', '2');\n//=> null\n\nrange(1, 10, 'foo');\n//=> null\n```\n\nIf you want errors to be throw, pass `silent: false` on the options:\n\n\n### Custom function\n\nOptionally pass a custom function as the third or fourth argument:\n\n```js\nrange('a', 'e', function (val, isNumber, pad, i) {\n  if (!isNumber) {\n    return String.fromCharCode(val) + i;\n  }\n  return val;\n});\n//=> ['a0', 'b1', 'c2', 'd3', 'e4']\n```\n\n### Special characters\n\nA special character may be passed as the third arg instead of a step increment. These characters can be pretty useful for brace expansion, creating file paths, test fixtures and similar use case.\n\n```js\nrange('a', 'z', SPECIAL_CHARACTER_HERE);\n```\n\n**Supported characters**\n\n - `+`: repeat the given string `n` times\n - `|`: create a regex-ready string, instead of an array\n - `>`: join values to single array element\n - `?`: randomize the given pattern using [randomatic]\n\n#### plus \n\nCharacter: _(`+`)_\n\nRepeat the first argument the number of times passed on the second argument.\n\n**Examples:**\n\n```js\nrange('a', 3, '+');\n//=> ['a', 'a', 'a']\n\nrange('abc', 2, '+');\n//=> ['abc', 'abc']\n```\n\n#### pipe and tilde\n\nCharacters: _(`|` and `~`)_\n\nCreates a regex-capable string (either a logical `or` or a character class) from the expanded arguments.\n\n**Examples:**\n\n```js\nrange('a', 'c', '|');\n//=> ['(a|b|c)'\n\nrange('a', 'c', '~');\n//=> ['[a-c]'\n\nrange('a', 'z', '|5');\n//=> ['(a|f|k|p|u|z)'\n```\n\n**Automatic separator correction**\n\nTo avoid this error:\n\n> `Range out of order in character class`\n\nFill-range detects invalid sequences and uses the correct syntax. For example:\n\n**invalid** (regex)\n\nIf you pass these:\n\n```js\nrange('a', 'z', '~5');\n// which would result in this\n//=> ['[a-f-k-p-u-z]']\n\nrange('10', '20', '~');\n// which would result in this\n//=> ['[10-20]']\n```\n\n**valid** (regex)\n\nfill-range corrects them to this:\n\n```js\nrange('a', 'z', '~5');\n//=> ['(a|f|k|p|u|z)'\n\nrange('10', '20', '~');\n//=> ['(10-20)'\n```\n\n#### angle bracket\n\nCharacter: _(`>`)_\n\nJoins all values in the returned array to a single value.\n\n**Examples:**\n\n```js\nrange('a', 'e', '>');\n//=> ['abcde']\n\nrange('5', '8', '>');\n//=> ['5678']\n\nrange('2', '20', '2>');\n//=> ['2468101214161820']\n```\n\n\n#### question mark\n\nCharacter: _(`?`)_\n\nUses [randomatic] to generate randomized alpha, numeric, or alpha-numeric patterns based on the provided arguments.\n\n**Examples:**\n\n_(actual results would obviously be randomized)_\n\nGenerate a 5-character, uppercase, alphabetical string:\n\n```js\nrange('A', 5, '?');\n//=> ['NSHAK']\n```\n\nGenerate a 5-digit random number:\n\n```js\nrange('0', 5, '?');\n//=> ['36583']\n```\n\nGenerate a 10-character alpha-numeric string:\n\n```js\nrange('A0', 10, '?');\n//=> ['5YJD60VQNN']\n```\n\nSee the [randomatic] repo for all available options and or to create issues or feature requests related to randomization.\n\n## Other useful libs\n * [micromatch](https://github.com/jonschlinkert/micromatch): Glob matching for javascript/node.js. A drop-in replacement and faster alternative to minimatch and multimatch. Just use `micromatch.isMatch()` instead of `minimatch()`, or use `micromatch()` instead of `multimatch()`.\n * [expand-range](https://github.com/jonschlinkert/expand-range): Fast, bash-like range expansion. Expand a range of numbers or letters, uppercase or lowercase. See the benchmarks. Used by micromatch.\n * [braces](https://github.com/jonschlinkert/braces): Fastest brace expansion for node.js, with the most complete support for the Bash 4.3 braces specification.\n * [is-glob](https://github.com/jonschlinkert/is-glob): Returns `true` if the given string looks like a glob pattern.\n\n## Running tests\nInstall dev dependencies:\n\n```bash\nnpm i -d && npm test\n```\n\n## Contributing\nPull requests and stars are always welcome. For bugs and feature requests, [please create an issue](https://github.com/jonschlinkert/fill-range/issues)\n\n## Author\n\n**Jon Schlinkert**\n\n+ [github/jonschlinkert](https://github.com/jonschlinkert)\n+ [twitter/jonschlinkert](http://twitter.com/jonschlinkert) \n\n## License\nCopyright (c) 2014-2015 Jon Schlinkert  \nReleased under the MIT license\n\n***\n\n_This file was generated by [verb-cli](https://github.com/assemble/verb-cli) on April 07, 2015._\n\n[randomatic]: https://github.com/jonschlinkert/randomatic\n[expand-range]: https://github.com/jonschlinkert/expand-range\n[micromatch]: https://github.com/jonschlinkert/micromatch\n[braces]: https://github.com/jonschlinkert/braces","maintainers":[{"name":"doowb","email":"brian.woodward@gmail.com"},{"name":"es128","email":"elan.shanker+npm@gmail.com"},{"name":"jonschlinkert","email":"github@sellside.com"},{"name":"paulmillr","email":"paul@paulmillr.com"}],"time":{"modified":"2015-12-06T22:16:16.871Z","created":"2014-11-25T07:08:17.514Z","0.1.0":"2014-11-25T07:08:17.514Z","0.1.1":"2014-11-25T07:26:24.847Z","0.2.0":"2014-11-25T18:38:44.757Z","1.0.0":"2015-01-04T18:00:33.433Z","1.1.0":"2015-01-09T02:51:52.156Z","1.2.0":"2015-01-09T16:21:12.863Z","1.3.0":"2015-01-12T00:23:30.192Z","1.4.0":"2015-01-14T22:03:45.204Z","1.5.0":"2015-01-24T10:56:51.026Z","1.6.0":"2015-01-24T11:06:24.383Z","1.7.0":"2015-01-24T23:27:49.974Z","1.7.1":"2015-01-24T23:39:53.337Z","1.8.0":"2015-01-25T05:31:07.083Z","1.9.0":"2015-01-25T06:03:42.536Z","2.0.0":"2015-01-26T16:56:12.970Z","2.1.0":"2015-01-30T13:33:09.891Z","2.2.0":"2015-02-25T16:21:11.297Z","2.2.1":"2015-04-07T08:43:18.684Z","2.2.2":"2015-04-07T08:50:55.860Z","2.2.3":"2015-12-06T22:15:02.623Z"},"homepage":"https://github.com/jonschlinkert/fill-range","keywords":["alpha","alphabetical","bash","brace","expand","expansion","glob","match","matches","matching","number","numerical","range","ranges","sh"],"repository":{"type":"git","url":"git+https://github.com/jonschlinkert/fill-range.git"},"author":{"name":"Jon Schlinkert","url":"https://github.com/jonschlinkert"},"bugs":{"url":"https://github.com/jonschlinkert/fill-range/issues"},"readmeFilename":"README.md","license":"MIT","_attachments":{},"_etag":"\"4OTVW6Q5NEHCN8YEH83PLXRUW\""}