{"_id":"debug","_rev":"487-18ff5f66b6166b99b191220aacd80725","name":"debug","description":"small debugging utility","dist-tags":{"latest":"2.2.0"},"versions":{"0.0.1":{"name":"debug","version":"0.0.1","description":"small debugging utility","keywords":["debug","log","debugger"],"author":{"name":"TJ Holowaychuk","email":"tj@vision-media.ca"},"dependencies":{},"devDependencies":{"mocha":"*"},"main":"index","engines":{"node":"*"},"_npmUser":{"name":"tjholowaychuk","email":"tj@vision-media.ca"},"_id":"debug@0.0.1","_engineSupported":true,"_npmVersion":"1.0.104","_nodeVersion":"v0.6.3","_defaultsLoaded":true,"dist":{"shasum":"0faa51ad6dec7587159b532cdf18d74261376417","tarball":"https://registry.npmjs.org/debug/-/debug-0.0.1.tgz"},"maintainers":[{"name":"tjholowaychuk","email":"tj@vision-media.ca"}],"directories":{}},"0.1.0":{"name":"debug","version":"0.1.0","description":"small debugging utility","keywords":["debug","log","debugger"],"author":{"name":"TJ Holowaychuk","email":"tj@vision-media.ca"},"dependencies":{},"devDependencies":{"mocha":"*"},"main":"index","engines":{"node":"*"},"_npmUser":{"name":"tjholowaychuk","email":"tj@vision-media.ca"},"_id":"debug@0.1.0","_engineSupported":true,"_npmVersion":"1.0.104","_nodeVersion":"v0.6.4","_defaultsLoaded":true,"dist":{"shasum":"3026f197b98b823cb51209f3758eb1498a66442c","tarball":"https://registry.npmjs.org/debug/-/debug-0.1.0.tgz"},"maintainers":[{"name":"tjholowaychuk","email":"tj@vision-media.ca"}],"directories":{}},"0.2.0":{"name":"debug","version":"0.2.0","description":"small debugging utility","keywords":["debug","log","debugger"],"author":{"name":"TJ Holowaychuk","email":"tj@vision-media.ca"},"dependencies":{},"devDependencies":{"mocha":"*"},"main":"index","engines":{"node":"*"},"_npmUser":{"name":"tjholowaychuk","email":"tj@vision-media.ca"},"_id":"debug@0.2.0","_engineSupported":true,"_npmVersion":"1.0.106","_nodeVersion":"v0.6.7","_defaultsLoaded":true,"dist":{"shasum":"b6bbca5a6b41f6d3f3ba6604e2737a9ea3329e7f","tarball":"https://registry.npmjs.org/debug/-/debug-0.2.0.tgz"},"maintainers":[{"name":"tjholowaychuk","email":"tj@vision-media.ca"}],"directories":{}},"0.3.0":{"name":"debug","version":"0.3.0","description":"small debugging utility","keywords":["debug","log","debugger"],"author":{"name":"TJ Holowaychuk","email":"tj@vision-media.ca"},"dependencies":{},"devDependencies":{"mocha":"*"},"main":"index","engines":{"node":"*"},"_npmUser":{"name":"tjholowaychuk","email":"tj@vision-media.ca"},"_id":"debug@0.3.0","_engineSupported":true,"_npmVersion":"1.0.106","_nodeVersion":"v0.4.12","_defaultsLoaded":true,"dist":{"shasum":"7818fac891b38d81bb7dd97e3d969992e654e835","tarball":"https://registry.npmjs.org/debug/-/debug-0.3.0.tgz"},"maintainers":[{"name":"tjholowaychuk","email":"tj@vision-media.ca"}],"directories":{}},"0.4.0":{"name":"debug","version":"0.4.0","description":"small debugging utility","keywords":["debug","log","debugger"],"author":{"name":"TJ Holowaychuk","email":"tj@vision-media.ca"},"dependencies":{},"devDependencies":{"mocha":"*"},"main":"index","engines":{"node":"*"},"_npmUser":{"name":"tjholowaychuk","email":"tj@vision-media.ca"},"_id":"debug@0.4.0","_engineSupported":true,"_npmVersion":"1.0.106","_nodeVersion":"v0.4.12","_defaultsLoaded":true,"dist":{"shasum":"c7e8c63eb391820133869d3cc43aa9992fea288f","tarball":"https://registry.npmjs.org/debug/-/debug-0.4.0.tgz"},"maintainers":[{"name":"tjholowaychuk","email":"tj@vision-media.ca"}],"directories":{}},"0.4.1":{"name":"debug","version":"0.4.1","description":"small debugging utility","keywords":["debug","log","debugger"],"author":{"name":"TJ Holowaychuk","email":"tj@vision-media.ca"},"dependencies":{},"devDependencies":{"mocha":"*"},"main":"index","engines":{"node":"*"},"_npmUser":{"name":"tjholowaychuk","email":"tj@vision-media.ca"},"_id":"debug@0.4.1","_engineSupported":true,"_npmVersion":"1.0.106","_nodeVersion":"v0.4.12","_defaultsLoaded":true,"dist":{"shasum":"33a47f028daa312d885be4db8649fa1b4280125d","tarball":"https://registry.npmjs.org/debug/-/debug-0.4.1.tgz"},"maintainers":[{"name":"tjholowaychuk","email":"tj@vision-media.ca"}],"directories":{}},"0.5.0":{"name":"debug","version":"0.5.0","description":"small debugging utility","keywords":["debug","log","debugger"],"author":{"name":"TJ Holowaychuk","email":"tj@vision-media.ca"},"dependencies":{},"devDependencies":{"mocha":"*"},"main":"index","engines":{"node":"*"},"_npmUser":{"name":"tjholowaychuk","email":"tj@vision-media.ca"},"_id":"debug@0.5.0","_engineSupported":true,"_npmVersion":"1.0.106","_nodeVersion":"v0.4.12","_defaultsLoaded":true,"dist":{"shasum":"9d48c946fb7d7d59807ffe07822f515fd76d7a9e","tarball":"https://registry.npmjs.org/debug/-/debug-0.5.0.tgz"},"maintainers":[{"name":"tjholowaychuk","email":"tj@vision-media.ca"}],"directories":{}},"0.6.0":{"name":"debug","version":"0.6.0","description":"small debugging utility","keywords":["debug","log","debugger"],"author":{"name":"TJ Holowaychuk","email":"tj@vision-media.ca"},"dependencies":{},"devDependencies":{"mocha":"*"},"main":"index","engines":{"node":"*"},"_npmUser":{"name":"tjholowaychuk","email":"tj@vision-media.ca"},"_id":"debug@0.6.0","optionalDependencies":{},"_engineSupported":true,"_npmVersion":"1.1.9","_nodeVersion":"v0.6.12","_defaultsLoaded":true,"dist":{"shasum":"ce9d5d025d5294b3f0748a494bebaf3c9fd8734f","tarball":"https://registry.npmjs.org/debug/-/debug-0.6.0.tgz"},"maintainers":[{"name":"tjholowaychuk","email":"tj@vision-media.ca"}],"directories":{}},"0.7.0":{"name":"debug","version":"0.7.0","description":"small debugging utility","keywords":["debug","log","debugger"],"author":{"name":"TJ Holowaychuk","email":"tj@vision-media.ca"},"dependencies":{},"devDependencies":{"mocha":"*"},"main":"index","browserify":"debug.component.js","engines":{"node":"*"},"component":{"scripts":{"debug":"debug.component.js"}},"_id":"debug@0.7.0","dist":{"shasum":"f5be05ec0434c992d79940e50b2695cfb2e01b08","tarball":"https://registry.npmjs.org/debug/-/debug-0.7.0.tgz"},"maintainers":[{"name":"tjholowaychuk","email":"tj@vision-media.ca"}],"directories":{}},"0.7.1":{"name":"debug","version":"0.7.1","repository":{"type":"git","url":"git://github.com/visionmedia/debug.git"},"description":"small debugging utility","keywords":["debug","log","debugger"],"author":{"name":"TJ Holowaychuk","email":"tj@vision-media.ca"},"dependencies":{},"devDependencies":{"mocha":"*"},"main":"lib/debug.js","browserify":"debug.js","engines":{"node":"*"},"_id":"debug@0.7.1","dist":{"shasum":"d2253d37f2da6618f95c353a55fe0ab28c1c1e96","tarball":"https://registry.npmjs.org/debug/-/debug-0.7.1.tgz"},"_from":".","_npmVersion":"1.2.2","_npmUser":{"name":"tjholowaychuk","email":"tj@vision-media.ca"},"maintainers":[{"name":"tjholowaychuk","email":"tj@vision-media.ca"}],"directories":{}},"0.7.2":{"name":"debug","version":"0.7.2","repository":{"type":"git","url":"git://github.com/visionmedia/debug.git"},"description":"small debugging utility","keywords":["debug","log","debugger"],"author":{"name":"TJ Holowaychuk","email":"tj@vision-media.ca"},"dependencies":{},"devDependencies":{"mocha":"*"},"main":"lib/debug.js","browserify":"debug.js","engines":{"node":"*"},"component":{"scripts":{"debug/index.js":"index.js","debug/debug.js":"debug.js"}},"_id":"debug@0.7.2","dist":{"shasum":"056692c86670977f115de82917918b8e8b9a10f0","tarball":"https://registry.npmjs.org/debug/-/debug-0.7.2.tgz"},"_from":".","_npmVersion":"1.2.2","_npmUser":{"name":"tjholowaychuk","email":"tj@vision-media.ca"},"maintainers":[{"name":"tjholowaychuk","email":"tj@vision-media.ca"}],"directories":{}},"0.7.3":{"name":"debug","version":"0.7.3","repository":{"type":"git","url":"git://github.com/visionmedia/debug.git"},"description":"small debugging utility","keywords":["debug","log","debugger"],"author":{"name":"TJ Holowaychuk","email":"tj@vision-media.ca"},"dependencies":{},"devDependencies":{"mocha":"*"},"main":"lib/debug.js","browserify":"debug.js","browser":"./debug.js","engines":{"node":"*"},"files":["lib/debug.js","debug.js","index.js"],"component":{"scripts":{"debug/index.js":"index.js","debug/debug.js":"debug.js"}},"bugs":{"url":"https://github.com/visionmedia/debug/issues"},"_id":"debug@0.7.3","dist":{"shasum":"ba7ae369799066a28d234fb8dad6f05837839da8","tarball":"https://registry.npmjs.org/debug/-/debug-0.7.3.tgz"},"_from":".","_npmVersion":"1.3.8","_npmUser":{"name":"tjholowaychuk","email":"tj@vision-media.ca"},"maintainers":[{"name":"tjholowaychuk","email":"tj@vision-media.ca"}],"directories":{}},"0.7.4":{"name":"debug","version":"0.7.4","repository":{"type":"git","url":"git://github.com/visionmedia/debug.git"},"description":"small debugging utility","keywords":["debug","log","debugger"],"author":{"name":"TJ Holowaychuk","email":"tj@vision-media.ca"},"dependencies":{},"devDependencies":{"mocha":"*"},"main":"lib/debug.js","browser":"./debug.js","engines":{"node":"*"},"files":["lib/debug.js","debug.js","index.js"],"component":{"scripts":{"debug/index.js":"index.js","debug/debug.js":"debug.js"}},"bugs":{"url":"https://github.com/visionmedia/debug/issues"},"homepage":"https://github.com/visionmedia/debug","_id":"debug@0.7.4","dist":{"shasum":"06e1ea8082c2cb14e39806e22e2f6f757f92af39","tarball":"https://registry.npmjs.org/debug/-/debug-0.7.4.tgz"},"_from":".","_npmVersion":"1.3.13","_npmUser":{"name":"tjholowaychuk","email":"tj@vision-media.ca"},"maintainers":[{"name":"tjholowaychuk","email":"tj@vision-media.ca"}],"directories":{}},"0.8.0":{"name":"debug","version":"0.8.0","repository":{"type":"git","url":"git://github.com/visionmedia/debug.git"},"description":"small debugging utility","keywords":["debug","log","debugger"],"author":{"name":"TJ Holowaychuk","email":"tj@vision-media.ca"},"dependencies":{},"devDependencies":{"mocha":"*"},"main":"lib/debug.js","browser":"./debug.js","engines":{"node":"*"},"files":["lib/debug.js","debug.js"],"bugs":{"url":"https://github.com/visionmedia/debug/issues"},"homepage":"https://github.com/visionmedia/debug","_id":"debug@0.8.0","dist":{"shasum":"0541ea91f0e503fdf0c5eed418a32550234967f0","tarball":"https://registry.npmjs.org/debug/-/debug-0.8.0.tgz"},"_from":".","_npmVersion":"1.3.15","_npmUser":{"name":"tjholowaychuk","email":"tj@vision-media.ca"},"maintainers":[{"name":"tjholowaychuk","email":"tj@vision-media.ca"}],"directories":{}},"0.8.1":{"name":"debug","version":"0.8.1","repository":{"type":"git","url":"git://github.com/visionmedia/debug.git"},"description":"small debugging utility","keywords":["debug","log","debugger"],"author":{"name":"TJ Holowaychuk","email":"tj@vision-media.ca"},"dependencies":{},"devDependencies":{"mocha":"*"},"main":"lib/debug.js","browser":"./debug.js","engines":{"node":"*"},"files":["lib/debug.js","debug.js"],"component":{"scripts":{"debug/index.js":"debug.js"}},"bugs":{"url":"https://github.com/visionmedia/debug/issues"},"homepage":"https://github.com/visionmedia/debug","_id":"debug@0.8.1","dist":{"shasum":"20ff4d26f5e422cb68a1bacbbb61039ad8c1c130","tarball":"https://registry.npmjs.org/debug/-/debug-0.8.1.tgz"},"_from":".","_npmVersion":"1.3.21","_npmUser":{"name":"tjholowaychuk","email":"tj@vision-media.ca"},"maintainers":[{"name":"tjholowaychuk","email":"tj@vision-media.ca"}],"directories":{}},"1.0.0":{"name":"debug","version":"1.0.0","repository":{"type":"git","url":"git://github.com/visionmedia/debug.git"},"description":"small debugging utility","keywords":["debug","log","debugger"],"author":{"name":"TJ Holowaychuk","email":"tj@vision-media.ca"},"dependencies":{"ms":"0.6.2"},"devDependencies":{"browserify":"4.1.6","mocha":"*"},"main":"./node.js","browser":"./browser.js","component":{"scripts":{"debug/index.js":"browser.js","debug/debug.js":"debug.js"}},"bugs":{"url":"https://github.com/visionmedia/debug/issues"},"homepage":"https://github.com/visionmedia/debug","_id":"debug@1.0.0","_shasum":"553678b67494cacc2d5330c24dfb2f275b1ceb5a","_from":".","_npmVersion":"1.4.9","_npmUser":{"name":"tootallnate","email":"nathan@tootallnate.net"},"maintainers":[{"name":"tjholowaychuk","email":"tj@vision-media.ca"},{"name":"tootallnate","email":"nathan@tootallnate.net"}],"dist":{"shasum":"553678b67494cacc2d5330c24dfb2f275b1ceb5a","tarball":"https://registry.npmjs.org/debug/-/debug-1.0.0.tgz"},"directories":{}},"1.0.1":{"name":"debug","version":"1.0.1","repository":{"type":"git","url":"git://github.com/visionmedia/debug.git"},"description":"small debugging utility","keywords":["debug","log","debugger"],"author":{"name":"TJ Holowaychuk","email":"tj@vision-media.ca"},"contributors":[{"name":"Nathan Rajlich","email":"nathan@tootallnate.net","url":"http://n8.io"}],"dependencies":{"ms":"0.6.2"},"devDependencies":{"browserify":"4.1.6","mocha":"*"},"main":"./node.js","browser":"./browser.js","component":{"scripts":{"debug/index.js":"browser.js","debug/debug.js":"debug.js"}},"bugs":{"url":"https://github.com/visionmedia/debug/issues"},"homepage":"https://github.com/visionmedia/debug","_id":"debug@1.0.1","_shasum":"3c03d40462f0be20468e4f77dd3f2bf7a722cfb7","_from":".","_npmVersion":"1.4.9","_npmUser":{"name":"tootallnate","email":"nathan@tootallnate.net"},"maintainers":[{"name":"tjholowaychuk","email":"tj@vision-media.ca"},{"name":"tootallnate","email":"nathan@tootallnate.net"}],"dist":{"shasum":"3c03d40462f0be20468e4f77dd3f2bf7a722cfb7","tarball":"https://registry.npmjs.org/debug/-/debug-1.0.1.tgz"},"directories":{}},"1.0.2":{"name":"debug","version":"1.0.2","repository":{"type":"git","url":"git://github.com/visionmedia/debug.git"},"description":"small debugging utility","keywords":["debug","log","debugger"],"author":{"name":"TJ Holowaychuk","email":"tj@vision-media.ca"},"contributors":[{"name":"Nathan Rajlich","email":"nathan@tootallnate.net","url":"http://n8.io"}],"dependencies":{"ms":"0.6.2"},"devDependencies":{"browserify":"4.1.6","mocha":"*"},"main":"./node.js","browser":"./browser.js","component":{"scripts":{"debug/index.js":"browser.js","debug/debug.js":"debug.js"}},"bugs":{"url":"https://github.com/visionmedia/debug/issues"},"homepage":"https://github.com/visionmedia/debug","_id":"debug@1.0.2","_shasum":"3849591c10cce648476c3c7c2e2e3416db5963c4","_from":".","_npmVersion":"1.4.9","_npmUser":{"name":"tootallnate","email":"nathan@tootallnate.net"},"maintainers":[{"name":"tjholowaychuk","email":"tj@vision-media.ca"},{"name":"tootallnate","email":"nathan@tootallnate.net"}],"dist":{"shasum":"3849591c10cce648476c3c7c2e2e3416db5963c4","tarball":"https://registry.npmjs.org/debug/-/debug-1.0.2.tgz"},"directories":{}},"1.0.3":{"name":"debug","version":"1.0.3","repository":{"type":"git","url":"git://github.com/visionmedia/debug.git"},"description":"small debugging utility","keywords":["debug","log","debugger"],"author":{"name":"TJ Holowaychuk","email":"tj@vision-media.ca"},"contributors":[{"name":"Nathan Rajlich","email":"nathan@tootallnate.net","url":"http://n8.io"}],"dependencies":{"ms":"0.6.2"},"devDependencies":{"browserify":"4.1.6","mocha":"*"},"main":"./node.js","browser":"./browser.js","component":{"scripts":{"debug/index.js":"browser.js","debug/debug.js":"debug.js"}},"gitHead":"93c759961d53ad7f06a1892a8dd0bf4be4a7b9df","bugs":{"url":"https://github.com/visionmedia/debug/issues"},"homepage":"https://github.com/visionmedia/debug","_id":"debug@1.0.3","scripts":{},"_shasum":"fc8c6b2d6002804b4081c0208e0f6460ba1fa3e4","_from":".","_npmVersion":"1.4.14","_npmUser":{"name":"tootallnate","email":"nathan@tootallnate.net"},"maintainers":[{"name":"tjholowaychuk","email":"tj@vision-media.ca"},{"name":"tootallnate","email":"nathan@tootallnate.net"}],"dist":{"shasum":"fc8c6b2d6002804b4081c0208e0f6460ba1fa3e4","tarball":"https://registry.npmjs.org/debug/-/debug-1.0.3.tgz"},"directories":{}},"1.0.4":{"name":"debug","version":"1.0.4","repository":{"type":"git","url":"git://github.com/visionmedia/debug.git"},"description":"small debugging utility","keywords":["debug","log","debugger"],"author":{"name":"TJ Holowaychuk","email":"tj@vision-media.ca"},"contributors":[{"name":"Nathan Rajlich","email":"nathan@tootallnate.net","url":"http://n8.io"}],"dependencies":{"ms":"0.6.2"},"devDependencies":{"browserify":"4.1.6","mocha":"*"},"main":"./node.js","browser":"./browser.js","component":{"scripts":{"debug/index.js":"browser.js","debug/debug.js":"debug.js"}},"gitHead":"abc10a5912f79d251752d18350e269fe0b0fbbf9","bugs":{"url":"https://github.com/visionmedia/debug/issues"},"homepage":"https://github.com/visionmedia/debug","_id":"debug@1.0.4","scripts":{},"_shasum":"5b9c256bd54b6ec02283176fa8a0ede6d154cbf8","_from":".","_npmVersion":"1.4.14","_npmUser":{"name":"tootallnate","email":"nathan@tootallnate.net"},"maintainers":[{"name":"tjholowaychuk","email":"tj@vision-media.ca"},{"name":"tootallnate","email":"nathan@tootallnate.net"}],"dist":{"shasum":"5b9c256bd54b6ec02283176fa8a0ede6d154cbf8","tarball":"https://registry.npmjs.org/debug/-/debug-1.0.4.tgz"},"directories":{}},"2.0.0":{"name":"debug","version":"2.0.0","repository":{"type":"git","url":"git://github.com/visionmedia/debug.git"},"description":"small debugging utility","keywords":["debug","log","debugger"],"author":{"name":"TJ Holowaychuk","email":"tj@vision-media.ca"},"contributors":[{"name":"Nathan Rajlich","email":"nathan@tootallnate.net","url":"http://n8.io"}],"dependencies":{"ms":"0.6.2"},"devDependencies":{"browserify":"5.11.0","mocha":"*"},"main":"./node.js","browser":"./browser.js","component":{"scripts":{"debug/index.js":"browser.js","debug/debug.js":"debug.js"}},"gitHead":"c61ae82bde19c6fdedfc6684817ff7eb541ff029","bugs":{"url":"https://github.com/visionmedia/debug/issues"},"homepage":"https://github.com/visionmedia/debug","_id":"debug@2.0.0","scripts":{},"_shasum":"89bd9df6732b51256bc6705342bba02ed12131ef","_from":".","_npmVersion":"1.4.21","_npmUser":{"name":"tootallnate","email":"nathan@tootallnate.net"},"maintainers":[{"name":"tjholowaychuk","email":"tj@vision-media.ca"},{"name":"tootallnate","email":"nathan@tootallnate.net"}],"dist":{"shasum":"89bd9df6732b51256bc6705342bba02ed12131ef","tarball":"https://registry.npmjs.org/debug/-/debug-2.0.0.tgz"},"directories":{}},"2.1.0":{"name":"debug","version":"2.1.0","repository":{"type":"git","url":"git://github.com/visionmedia/debug.git"},"description":"small debugging utility","keywords":["debug","log","debugger"],"author":{"name":"TJ Holowaychuk","email":"tj@vision-media.ca"},"contributors":[{"name":"Nathan Rajlich","email":"nathan@tootallnate.net","url":"http://n8.io"}],"license":"MIT","dependencies":{"ms":"0.6.2"},"devDependencies":{"browserify":"6.1.0","mocha":"*"},"main":"./node.js","browser":"./browser.js","component":{"scripts":{"debug/index.js":"browser.js","debug/debug.js":"debug.js"}},"gitHead":"953162b4fa8849268d147f4bac91c737baee55bb","bugs":{"url":"https://github.com/visionmedia/debug/issues"},"homepage":"https://github.com/visionmedia/debug","_id":"debug@2.1.0","scripts":{},"_shasum":"33ab915659d8c2cc8a41443d94d6ebd37697ed21","_from":".","_npmVersion":"2.1.3","_nodeVersion":"0.10.32","_npmUser":{"name":"tootallnate","email":"nathan@tootallnate.net"},"maintainers":[{"name":"tjholowaychuk","email":"tj@vision-media.ca"},{"name":"tootallnate","email":"nathan@tootallnate.net"}],"dist":{"shasum":"33ab915659d8c2cc8a41443d94d6ebd37697ed21","tarball":"https://registry.npmjs.org/debug/-/debug-2.1.0.tgz"},"directories":{}},"2.1.1":{"name":"debug","version":"2.1.1","repository":{"type":"git","url":"git://github.com/visionmedia/debug.git"},"description":"small debugging utility","keywords":["debug","log","debugger"],"author":{"name":"TJ Holowaychuk","email":"tj@vision-media.ca"},"contributors":[{"name":"Nathan Rajlich","email":"nathan@tootallnate.net","url":"http://n8.io"}],"license":"MIT","dependencies":{"ms":"0.6.2"},"devDependencies":{"browserify":"6.1.0","mocha":"*"},"main":"./node.js","browser":"./browser.js","component":{"scripts":{"debug/index.js":"browser.js","debug/debug.js":"debug.js"}},"gitHead":"24cc5c04fc8886fa9afcadea4db439f9a6186ca4","bugs":{"url":"https://github.com/visionmedia/debug/issues"},"homepage":"https://github.com/visionmedia/debug","_id":"debug@2.1.1","scripts":{},"_shasum":"e0c548cc607adc22b537540dc3639c4236fdf90c","_from":".","_npmVersion":"1.4.28","_npmUser":{"name":"tootallnate","email":"nathan@tootallnate.net"},"maintainers":[{"name":"tjholowaychuk","email":"tj@vision-media.ca"},{"name":"tootallnate","email":"nathan@tootallnate.net"}],"dist":{"shasum":"e0c548cc607adc22b537540dc3639c4236fdf90c","tarball":"https://registry.npmjs.org/debug/-/debug-2.1.1.tgz"},"directories":{}},"2.1.2":{"name":"debug","version":"2.1.2","repository":{"type":"git","url":"git://github.com/visionmedia/debug.git"},"description":"small debugging utility","keywords":["debug","log","debugger"],"author":{"name":"TJ Holowaychuk","email":"tj@vision-media.ca"},"contributors":[{"name":"Nathan Rajlich","email":"nathan@tootallnate.net","url":"http://n8.io"}],"license":"MIT","dependencies":{"ms":"0.7.0"},"devDependencies":{"browserify":"9.0.3","mocha":"*"},"main":"./node.js","browser":"./browser.js","component":{"scripts":{"debug/index.js":"browser.js","debug/debug.js":"debug.js"}},"gitHead":"ef0b37817e88df724511e648c8c168618e892530","bugs":{"url":"https://github.com/visionmedia/debug/issues"},"homepage":"https://github.com/visionmedia/debug","_id":"debug@2.1.2","scripts":{},"_shasum":"d5853ec48011eafd9ec80a5c4733332c1e767a43","_from":".","_npmVersion":"1.4.28","_npmUser":{"name":"tootallnate","email":"nathan@tootallnate.net"},"maintainers":[{"name":"tjholowaychuk","email":"tj@vision-media.ca"},{"name":"tootallnate","email":"nathan@tootallnate.net"}],"dist":{"shasum":"d5853ec48011eafd9ec80a5c4733332c1e767a43","tarball":"https://registry.npmjs.org/debug/-/debug-2.1.2.tgz"},"directories":{}},"2.1.3":{"name":"debug","version":"2.1.3","repository":{"type":"git","url":"git://github.com/visionmedia/debug.git"},"description":"small debugging utility","keywords":["debug","log","debugger"],"author":{"name":"TJ Holowaychuk","email":"tj@vision-media.ca"},"contributors":[{"name":"Nathan Rajlich","email":"nathan@tootallnate.net","url":"http://n8.io"}],"license":"MIT","dependencies":{"ms":"0.7.0"},"devDependencies":{"browserify":"9.0.3","mocha":"*"},"main":"./node.js","browser":"./browser.js","component":{"scripts":{"debug/index.js":"browser.js","debug/debug.js":"debug.js"}},"gitHead":"0a8e4b7e0d2d1b55ef4e7422498ca24c677ae63a","bugs":{"url":"https://github.com/visionmedia/debug/issues"},"homepage":"https://github.com/visionmedia/debug","_id":"debug@2.1.3","scripts":{},"_shasum":"ce8ab1b5ee8fbee2bfa3b633cab93d366b63418e","_from":".","_npmVersion":"2.5.1","_nodeVersion":"0.12.0","_npmUser":{"name":"tootallnate","email":"nathan@tootallnate.net"},"maintainers":[{"name":"tjholowaychuk","email":"tj@vision-media.ca"},{"name":"tootallnate","email":"nathan@tootallnate.net"}],"dist":{"shasum":"ce8ab1b5ee8fbee2bfa3b633cab93d366b63418e","tarball":"https://registry.npmjs.org/debug/-/debug-2.1.3.tgz"},"directories":{}},"2.2.0":{"name":"debug","version":"2.2.0","repository":{"type":"git","url":"git://github.com/visionmedia/debug.git"},"description":"small debugging utility","keywords":["debug","log","debugger"],"author":{"name":"TJ Holowaychuk","email":"tj@vision-media.ca"},"contributors":[{"name":"Nathan Rajlich","email":"nathan@tootallnate.net","url":"http://n8.io"}],"license":"MIT","dependencies":{"ms":"0.7.1"},"devDependencies":{"browserify":"9.0.3","mocha":"*"},"main":"./node.js","browser":"./browser.js","component":{"scripts":{"debug/index.js":"browser.js","debug/debug.js":"debug.js"}},"gitHead":"b38458422b5aa8aa6d286b10dfe427e8a67e2b35","bugs":{"url":"https://github.com/visionmedia/debug/issues"},"homepage":"https://github.com/visionmedia/debug","_id":"debug@2.2.0","scripts":{},"_shasum":"f87057e995b1a1f6ae6a4960664137bc56f039da","_from":".","_npmVersion":"2.7.4","_nodeVersion":"0.12.2","_npmUser":{"name":"tootallnate","email":"nathan@tootallnate.net"},"maintainers":[{"name":"tjholowaychuk","email":"tj@vision-media.ca"},{"name":"tootallnate","email":"nathan@tootallnate.net"}],"dist":{"shasum":"f87057e995b1a1f6ae6a4960664137bc56f039da","tarball":"https://registry.npmjs.org/debug/-/debug-2.2.0.tgz"},"directories":{}}},"readme":"# debug\n\n  tiny node.js debugging utility modelled after node core's debugging technique.\n\n## Installation\n\n```bash\n$ npm install debug\n```\n\n## Usage\n\n With `debug` you simply invoke the exported function to generate your debug function, passing it a name which will determine if a noop function is returned, or a decorated `console.error`, so all of the `console` format string goodies you're used to work fine. A unique color is selected per-function for visibility.\n\nExample _app.js_:\n\n```js\nvar debug = require('debug')('http')\n  , http = require('http')\n  , name = 'My App';\n\n// fake app\n\ndebug('booting %s', name);\n\nhttp.createServer(function(req, res){\n  debug(req.method + ' ' + req.url);\n  res.end('hello\\n');\n}).listen(3000, function(){\n  debug('listening');\n});\n\n// fake worker of some kind\n\nrequire('./worker');\n```\n\nExample _worker.js_:\n\n```js\nvar debug = require('debug')('worker');\n\nsetInterval(function(){\n  debug('doing some work');\n}, 1000);\n```\n\n The __DEBUG__ environment variable is then used to enable these based on space or comma-delimited names. Here are some examples:\n\n  ![debug http and worker](http://f.cl.ly/items/18471z1H402O24072r1J/Screenshot.png)\n\n  ![debug worker](http://f.cl.ly/items/1X413v1a3M0d3C2c1E0i/Screenshot.png)\n\n#### Windows note\n\n On Windows the environment variable is set using the `set` command.\n\n ```cmd\n set DEBUG=*,-not_this\n ```\n\nThen, run the program to be debugged as usual.\n\n## Millisecond diff\n\n  When actively developing an application it can be useful to see when the time spent between one `debug()` call and the next. Suppose for example you invoke `debug()` before requesting a resource, and after as well, the \"+NNNms\" will show you how much time was spent between calls.\n\n  ![](http://f.cl.ly/items/2i3h1d3t121M2Z1A3Q0N/Screenshot.png)\n\n  When stdout is not a TTY, `Date#toUTCString()` is used, making it more useful for logging the debug information as shown below:\n\n  ![](http://f.cl.ly/items/112H3i0e0o0P0a2Q2r11/Screenshot.png)\n\n## Conventions\n\n If you're using this in one or more of your libraries, you _should_ use the name of your library so that developers may toggle debugging as desired without guessing names. If you have more than one debuggers you _should_ prefix them with your library name and use \":\" to separate features. For example \"bodyParser\" from Connect would then be \"connect:bodyParser\".\n\n## Wildcards\n\n  The `*` character may be used as a wildcard. Suppose for example your library has debuggers named \"connect:bodyParser\", \"connect:compress\", \"connect:session\", instead of listing all three with `DEBUG=connect:bodyParser,connect:compress,connect:session`, you may simply do `DEBUG=connect:*`, or to run everything using this module simply use `DEBUG=*`.\n\n  You can also exclude specific debuggers by prefixing them with a \"-\" character.  For example, `DEBUG=*,-connect:*` would include all debuggers except those starting with \"connect:\".\n\n## Browser support\n\n  Debug works in the browser as well, currently persisted by `localStorage`. Consider the situation shown below where you have `worker:a` and `worker:b`, and wish to debug both. Somewhere in the code on your page, include:\n\n```js\nwindow.myDebug = require(\"debug\");\n```\n\n  (\"debug\" is a global object in the browser so we give this object a different name.) When your page is open in the browser, type the following in the console:\n\n```js\nmyDebug.enable(\"worker:*\")\n```\n\n  Refresh the page. Debug output will continue to be sent to the console until it is disabled by typing `myDebug.disable()` in the console.\n\n```js\na = debug('worker:a');\nb = debug('worker:b');\n\nsetInterval(function(){\n  a('doing some work');\n}, 1000);\n\nsetInterval(function(){\n  b('doing some work');\n}, 1200);\n```\n\n#### Web Inspector Colors\n\n  Colors are also enabled on \"Web Inspectors\" that understand the `%c` formatting\n  option. These are WebKit web inspectors, Firefox ([since version\n  31](https://hacks.mozilla.org/2014/05/editable-box-model-multiple-selection-sublime-text-keys-much-more-firefox-developer-tools-episode-31/))\n  and the Firebug plugin for Firefox (any version).\n\n  Colored output looks something like:\n\n  ![](https://cloud.githubusercontent.com/assets/71256/3139768/b98c5fd8-e8ef-11e3-862a-f7253b6f47c6.png)\n\n### stderr vs stdout\n\nYou can set an alternative logging method per-namespace by overriding the `log` method on a per-namespace or globally:\n\nExample _stdout.js_:\n\n```js\nvar debug = require('debug');\nvar error = debug('app:error');\n\n// by default stderr is used\nerror('goes to stderr!');\n\nvar log = debug('app:log');\n// set this namespace to log via console.log\nlog.log = console.log.bind(console); // don't forget to bind to console!\nlog('goes to stdout');\nerror('still goes to stderr!');\n\n// set all output to go via console.info\n// overrides all per-namespace log settings\ndebug.log = console.info.bind(console);\nerror('now goes to stdout via console.info');\nlog('still goes to stdout, but via console.info now');\n```\n\n### Save debug output to a file\n\nYou can save all debug statements to a file by piping them.\n\nExample:\n\n```bash\n$ DEBUG_FD=3 node your-app.js 3> whatever.log\n```\n\n## Authors\n\n - TJ Holowaychuk\n - Nathan Rajlich\n\n## License\n\n(The MIT License)\n\nCopyright (c) 2014 TJ Holowaychuk &lt;tj@vision-media.ca&gt;\n\nPermission is hereby granted, free of charge, to any person obtaining\na copy of this software and associated documentation files (the\n'Software'), to deal in the Software without restriction, including\nwithout limitation the rights to use, copy, modify, merge, publish,\ndistribute, sublicense, and/or sell copies of the Software, and to\npermit persons to whom the Software is furnished to do so, subject to\nthe following conditions:\n\nThe above copyright notice and this permission notice shall be\nincluded in all copies or substantial portions of the Software.\n\nTHE SOFTWARE IS PROVIDED 'AS IS', WITHOUT WARRANTY OF ANY KIND,\nEXPRESS OR IMPLIED, INCLUDING BUT NOT LIMITED TO THE WARRANTIES OF\nMERCHANTABILITY, FITNESS FOR A PARTICULAR PURPOSE AND NONINFRINGEMENT.\nIN NO EVENT SHALL THE AUTHORS OR COPYRIGHT HOLDERS BE LIABLE FOR ANY\nCLAIM, DAMAGES OR OTHER LIABILITY, WHETHER IN AN ACTION OF CONTRACT,\nTORT OR OTHERWISE, ARISING FROM, OUT OF OR IN CONNECTION WITH THE\nSOFTWARE OR THE USE OR OTHER DEALINGS IN THE SOFTWARE.\n","maintainers":[{"name":"kolban","email":"kolban1@kolban.com"},{"name":"tjholowaychuk","email":"tj@vision-media.ca"},{"name":"tootallnate","email":"nathan@tootallnate.net"}],"time":{"modified":"2016-08-20T22:11:20.246Z","created":"2011-11-29T01:11:23.618Z","0.0.1":"2011-11-29T01:11:25.405Z","0.1.0":"2011-12-02T23:16:56.971Z","0.2.0":"2012-01-22T18:26:41.329Z","0.3.0":"2012-01-27T00:37:12.739Z","0.4.0":"2012-02-01T21:20:47.417Z","0.4.1":"2012-02-02T19:54:44.139Z","0.5.0":"2012-02-03T00:56:44.457Z","0.6.0":"2012-03-16T21:58:51.296Z","0.7.0":"2012-07-09T19:11:59.699Z","0.7.1":"2013-02-06T21:53:43.587Z","0.7.2":"2013-02-06T23:40:19.513Z","0.7.3":"2013-10-31T00:51:26.848Z","0.7.4":"2013-11-13T20:08:37.779Z","0.8.0":"2014-03-30T16:00:17.026Z","0.8.1":"2014-04-15T02:04:45.652Z","1.0.0":"2014-06-05T03:55:56.207Z","1.0.1":"2014-06-06T20:23:09.807Z","1.0.2":"2014-06-11T00:50:47.529Z","1.0.3":"2014-07-09T16:16:47.588Z","1.0.4":"2014-07-15T23:16:08.284Z","2.0.0":"2014-09-01T07:21:43.687Z","2.1.0":"2014-10-15T21:58:41.028Z","2.1.1":"2014-12-29T21:51:01.149Z","2.1.2":"2015-03-02T01:39:40.274Z","2.1.3":"2015-03-13T18:50:21.566Z","2.2.0":"2015-05-10T07:21:25.639Z"},"author":{"name":"TJ Holowaychuk","email":"tj@vision-media.ca"},"users":{"tellnes":true,"fgribreau":true,"m42am":true,"drudge":true,"megadrive":true,"maxmaximov":true,"oroce":true,"meggesje":true,"nak2k":true,"pid":true,"danielchatfield":true,"buritica":true,"tigefa":true,"einfallstoll":true,"darosh":true,"jfedyczak":true,"appnus":true,"piascikj":true,"evkline":true,"funroll":true,"yi":true,"stonestyle":true,"gabeio":true,"raulb":true,"morishitter":true,"jorgemsrs":true,"fanchangyong":true,"satans17":true,"philippwiddra":true,"mpinteractiv":true,"feross":true,"edalorzo":true,"roboterhund87":true,"tootallnate":true,"joelbair":true,"travelingtechguy":true,"nromano":true,"jokarlist":true,"maschs":true,"juliomarcos":true,"anton-rudeshko":true,"kxbrand":true,"mgesmundo":true,"victorzimmer":true,"fill":true,"dennisgnl":true,"iisii":true,"etiv":true,"gonzalofj":true,"stringparser":true,"passcod":true,"jianping":true,"binnng":true,"ethancai":true,"knownasilya":true,"woverton":true,"lsjroberts":true,"af":true,"faas":true,"ivangaravito":true,"carlton":true,"popomore":true,"52u":true,"ubenzer":true,"kaiquewdev":true,"womjoy":true,"sierisimo":true,"chzhewl":true,"marcin.operacz":true,"cilindrox":true,"laiff":true,"mikermcneil":true,"assaf":true,"sametsisartenep":true,"santihbc":true,"isalutin":true,"sprjrx":true,"pwaleczek":true,"haeck":true,"ads901119":true,"thimoteus":true,"illbullet":true,"phoward8020":true,"j3kz":true,"paulomcnally":true,"kulakowka":true,"garek":true,"kachar":true,"sessionbean":true,"samhou1988":true,"minghe":true,"seanjh":true,"tophsic":true,"digitalsadhu":true,"barenko":true,"fank":true,"geilt":true,"flockonus":true,"sahilsk":true,"detj":true,"goodseller":true,"simplyianm":true,"nickeljew":true,"dongxu":true,"rbartoli":true,"itonyyo":true,"drhoffmann":true,"jdpagley":true,"kankungyip":true,"vishnuvathsan":true,"legacy":true,"gvn":true,"alexkval":true,"pobrien":true,"tbeseda":true,"nika.interisti":true,"mondalaci":true,"arnold-almeida":true,"budnix":true,"kai_":true,"leonardodavinci":true,"saitodisse":true,"wangnan0610":true,"sasquatch":true,"jasoncheng":true,"sbrajesh":true,"holyzfy":true,"godion":true,"iamwiz":true,"rahman":true,"ajhsu":true,"brandondoran":true,"wenbing":true,"nwinant":true,"etsit":true,"rgbz":true,"darkowlzz":true,"subso":true,"rbecheras":true,"shriek":true,"glebec":true,"craneleeon":true,"gaganblr":true,"nadimix":true,"luuhoangnam":true,"ergunozyurt":true,"nanook":true,"pigram":true,"koslun":true,"cestrensem":true,"developit":true,"demian85":true,"henryorrin":true,"james.talmage":true,"hyzhak":true,"curioussavage":true,"kingtrocki":true,"parkerproject":true,"perrywu":true,"8legged":true,"unstunted":true,"nasser-torabzade":true,"naij":true,"joelwallis":true,"dbck":true,"nayrangnu":true,"battlemidget":true,"jacopkane":true,"honzajde":true,"nice_body":true,"aolu11":true,"princetoad":true,"boyw165":true,"donkino":true,"koulmomo":true,"ksangita":true,"karlbateman":true,"arifulhb":true,"arnoldstoba":true,"andrewconnell":true,"pdedkov":true,"dbendavid":true,"nketchum":true,"xgheaven":true,"vwal":true,"isaacvitor":true,"krabello":true,"aitorllj93":true,"kungkk":true,"yhui02":true,"nohjoono":true,"acollins-ts":true,"wkaifang":true,"iolo":true,"stylemistake":true,"shiva127":true,"necr0":true,"mattqs":true,"temsa":true,"kobleistvan":true,"crazyjingling":true,"takethefire":true,"mkany":true,"nalindak":true,"buzuli":true,"wfalkwallace":true,"fatelei":true,"cshao":true,"preco21":true,"almccann":true,"yokubee":true,"ziliwesley":true,"piyushmakhija":true,"maxidr":true,"stany":true,"kleintobe":true,"po":true,"luislobo":true,"fibo":true,"wynfrith":true,"leahcimic":true,"thebearingedge":true,"josmardias":true,"kletchatii":true,"bojand":true,"jesusgoku":true,"thiagoh":true,"mhfrantz":true,"weisk":true,"ahsanshafiq":true,"sabrina.luo":true,"iroc":true,"piixiiees":true,"bian17888":true,"jonniespratley":true,"algonzo":true,"abdihaikal":true,"cdll":true,"alexbaumgertner":true,"rlgomes":true,"vutran":true,"program247365":true,"nightire":true,"jessaustin":true,"kizzlebot":true,"zacbarton":true,"davidbraun":true,"daviddias":true,"abhisekp":true,"lwgojustgo":true,"dexteryy":true,"dkannan":true,"muukii0803":true,"vishwasc":true,"tribou":true,"wuwenbin":true,"carlosvillademor":true,"antjw":true,"ninozhang":true,"kontrax":true,"qddegtya":true,"onbjerg":true,"janoskk":true,"xieranmaya":true,"kekdude":true,"eirikbirkeland":true,"markoni":true,"voischev":true,"cmechlin":true,"hex20dec":true,"nerdybeast":true,"acolchado":true,"viz":true,"joannerpena":true,"figroc":true,"zhanghaili":true,"orkisz":true,"sdt":true,"lgh06":true,"nukisman":true,"nelix":true,"benzaita":true,"pauljmartinez":true,"martinkock":true,"nhz.io":true,"chris-me":true,"lijinghust":true,"steel1990":true,"jakedetels":true,"ovuncozturk":true,"shan":true,"troels.trvo.dk":true,"codecounselor":true,"kruemelo":true,"dingdean":true,"meshaneian":true,"echaouchna":true,"buru1020":true,"arttse":true,"slicethendice":true,"jasonwang1888":true,"diegorbaquero":true,"monjer":true,"mkoc":true,"benpptung":true,"tht13":true,"eduardocereto":true,"andr":true,"furzeface":true,"whitelynx":true,"ahadb":true,"jits":true,"clarenceho":true,"alimd":true,"tin-lek":true,"ksyrytczyk":true,"kilkelly":true,"heyimeugene":true,"ackhub":true,"cslater":true,"leomperes":true,"sylvain261":true,"true0r":true,"binq":true,"tylerbrock":true,"schwartzman":true,"liushoukai":true,"danielbayley":true,"evandrix":true,"errhunter":true,"chinmay2893":true,"elussich":true,"zhoutk":true,"dkblay":true,"qmmr":true,"yutwatan":true,"ajduke":true,"akinjide":true,"rdmclin2":true,"scytalezero":true,"bapinney":true,"slowmove":true,"djviolin":true,"hain":true,"operandom":true,"shanewholloway":true,"lousando":true,"brpaz":true,"alin.alexa":true,"klombomb":true,"sunkeyhub":true,"itsakt":true,"nogirev":true,"qbylucky":true,"patoi":true,"i.vispyanskiy":true,"jonathas":true,"stuwest":true,"holly":true,"drewigg":true,"luhalvesbr":true,"nagra":true,"h0ward":true,"rkopylkov":true,"xdream86":true,"markthethomas":true,"jonyweb":true,"tonyljl526":true,"akarem":true,"wendellm":true,"ungurys":true,"ivan.marquez":true,"ymk":true,"adamlu":true,"dracochou":true,"luisgamero":true,"conzi":true,"manikantag":true,"dralc":true,"slurm":true,"szymex73":true,"pwn":true,"rocket0191":true,"cisc":true,"polarpython":true},"repository":{"type":"git","url":"git://github.com/visionmedia/debug.git"},"homepage":"https://github.com/visionmedia/debug","keywords":["debug","log","debugger"],"bugs":{"url":"https://github.com/visionmedia/debug/issues"},"readmeFilename":"Readme.md","contributors":[{"name":"Nathan Rajlich","email":"nathan@tootallnate.net","url":"http://n8.io"}],"license":"MIT","_attachments":{},"_etag":"\"E7X77JM2JEYUT01UGQRDT6Q25\""}