{"_id":"hexo-pagination","_rev":"5-6174d907e9149a9f312e444a8063111c","name":"hexo-pagination","description":"Pagination utilities for Hexo generator plugins.","dist-tags":{"latest":"0.1.0"},"versions":{"0.0.1":{"name":"hexo-pagination","version":"0.0.1","description":"Pagination utilities for Hexo generator plugins.","main":"lib/pagination","scripts":{"test":"gulp test"},"directories":{"lib":"./lib"},"engines":{"node":">= 0.10.0"},"repository":{"type":"git","url":"git://github.com/hexojs/hexo-pagination.git"},"bugs":{"url":"https://github.com/hexojs/hexo-pagination/issues"},"homepage":"http://hexo.io/","keywords":["hexo","pagination","util"],"author":{"name":"Tommy Chen","email":"tommy351@gmail.com","url":"http://zespia.tw"},"license":"MIT","devDependencies":{"chai":"^1.9.1","coveralls":"^2.11.2","gulp":"^3.8.9","gulp-istanbul":"^0.5.0","gulp-jshint":"^1.8.6","gulp-load-plugins":"^0.8.0","gulp-mocha":"^2.0.0","jshint-stylish":"^1.0.0","mocha":"^2.0.1","rimraf":"^2.2.8"},"dependencies":{"utils-merge":"^1.0.0"},"gitHead":"84f2d7861b9ac35cc6c734571a9aac96d6241492","_id":"hexo-pagination@0.0.1","_shasum":"17fcb336580d731a1c7a8c07dc82491e6248ef20","_from":".","_npmVersion":"2.1.8","_nodeVersion":"0.10.33","_npmUser":{"name":"tommy351","email":"tommy351@gmail.com"},"maintainers":[{"name":"tommy351","email":"tommy351@gmail.com"}],"dist":{"shasum":"17fcb336580d731a1c7a8c07dc82491e6248ef20","tarball":"https://registry.npmjs.org/hexo-pagination/-/hexo-pagination-0.0.1.tgz"}},"0.0.2":{"name":"hexo-pagination","version":"0.0.2","description":"Pagination utilities for Hexo generator plugins.","main":"lib/pagination","scripts":{"test":"gulp test"},"directories":{"lib":"./lib"},"engines":{"node":">= 0.10.0"},"repository":{"type":"git","url":"git://github.com/hexojs/hexo-pagination.git"},"bugs":{"url":"https://github.com/hexojs/hexo-pagination/issues"},"homepage":"http://hexo.io/","keywords":["hexo","pagination","util"],"author":{"name":"Tommy Chen","email":"tommy351@gmail.com","url":"http://zespia.tw"},"license":"MIT","devDependencies":{"chai":"^1.9.1","coveralls":"^2.11.2","gulp":"^3.8.9","gulp-istanbul":"^0.5.0","gulp-jshint":"^1.8.6","gulp-load-plugins":"^0.8.0","gulp-mocha":"^2.0.0","jshint-stylish":"^1.0.0","mocha":"^2.0.1","rimraf":"^2.2.8"},"dependencies":{"utils-merge":"^1.0.0"},"gitHead":"1a1bc6cfec28fed01520c3862b768fa6c74d09dc","_id":"hexo-pagination@0.0.2","_shasum":"8cf470c7db0de5b18a3926a76deb194015df7f2b","_from":".","_npmVersion":"2.1.8","_nodeVersion":"0.10.33","_npmUser":{"name":"tommy351","email":"tommy351@gmail.com"},"maintainers":[{"name":"tommy351","email":"tommy351@gmail.com"}],"dist":{"shasum":"8cf470c7db0de5b18a3926a76deb194015df7f2b","tarball":"https://registry.npmjs.org/hexo-pagination/-/hexo-pagination-0.0.2.tgz"}},"0.1.0":{"name":"hexo-pagination","version":"0.1.0","description":"Pagination utilities for Hexo generator plugins.","main":"lib/pagination","scripts":{"eslint":"eslint .","jscs":"jscs .","test":"mocha test/index.js","test-cov":"istanbul cover --print both _mocha -- test/index.js"},"directories":{"lib":"./lib"},"repository":{"type":"git","url":"git+https://github.com/hexojs/hexo-pagination.git"},"homepage":"http://hexo.io/","keywords":["hexo","pagination","util"],"author":{"name":"Tommy Chen","email":"tommy351@gmail.com","url":"http://zespia.tw"},"license":"MIT","devDependencies":{"chai":"^3.5.0","eslint":"^2.12.0","eslint-config-hexo":"^1.0.3","istanbul":"^0.4.3","jscs":"^3.0.4","jscs-preset-hexo":"^1.0.1","mocha":"^2.5.3"},"dependencies":{"object-assign":"^4.1.0"},"gitHead":"c4fc916be3978392cfbede61c3b8322cc9b17525","bugs":{"url":"https://github.com/hexojs/hexo-pagination/issues"},"_id":"hexo-pagination@0.1.0","_shasum":"54f0be12e6ae51d1c0a6f0023674ba77ac514ce3","_from":".","_npmVersion":"3.7.1","_nodeVersion":"4.3.0","_npmUser":{"name":"tommy351","email":"tommy351@gmail.com"},"dist":{"shasum":"54f0be12e6ae51d1c0a6f0023674ba77ac514ce3","tarball":"https://registry.npmjs.org/hexo-pagination/-/hexo-pagination-0.1.0.tgz"},"maintainers":[{"name":"tommy351","email":"tommy351@gmail.com"}],"_npmOperationalInternal":{"host":"packages-12-west.internal.npmjs.com","tmp":"tmp/hexo-pagination-0.1.0.tgz_1465821096810_0.2622474799863994"}}},"readme":"# hexo-pagination\n\n[![Build Status](https://travis-ci.org/hexojs/hexo-pagination.svg?branch=master)](https://travis-ci.org/hexojs/hexo-pagination)  [![NPM version](https://badge.fury.io/js/hexo-pagination.svg)](http://badge.fury.io/js/hexo-pagination) [![Coverage Status](https://img.shields.io/coveralls/hexojs/hexo-pagination.svg)](https://coveralls.io/r/hexojs/hexo-pagination?branch=master)\n\nPagination utilities for [Hexo] generator plugins.\n\n## Installation\n\n``` bash\n$ npm install hexo-pagination --save\n```\n\n## Usage\n\n### pagination(base, posts, [options])\n\nOption | Description | Default\n--- | --- | ---\n`perPage` | Posts displayed per page | 10\n`format` | URL format | page/%d/\n`layout` | Layout. This value can be a string or an array. | ['archive', 'index']\n`data` | Extra data |\n\nFor example:\n\n``` js\nvar pagination = require('hexo-pagination');\n\npagination('/tags/hexo', [], {\n  perPage: 10,\n  format: 'page/%d/',\n  layout: ['archive', 'index'],\n  data: {\n    tag: 'hexo'\n  }\n});\n```\n\nThis function returns an array containing objects with 3 properties: `path`, `layout`, `data`.\n\nData | Description\n--- | --- | ---\n`base` | Base URL\n`total` | Total pages\n`current` | Current page number\n`current_url` | Path of the current page (which equals to `path`)\n`posts` | The slice of posts for the current page\n`prev` | Previous page number\n`prev_link` | The path to the previous page\n`next` | Next page number\n`next_link` | The path to the next page\n\n## License\n\nMIT\n\n[Hexo]: http://hexo.io/","maintainers":[{"name":"tommy351","email":"tommy351@gmail.com"}],"time":{"modified":"2016-06-13T12:31:37.480Z","created":"2014-12-26T05:17:54.742Z","0.0.1":"2014-12-26T05:17:54.742Z","0.0.2":"2014-12-29T10:44:49.439Z","0.1.0":"2016-06-13T12:31:37.480Z"},"homepage":"http://hexo.io/","keywords":["hexo","pagination","util"],"repository":{"type":"git","url":"git+https://github.com/hexojs/hexo-pagination.git"},"author":{"name":"Tommy Chen","email":"tommy351@gmail.com","url":"http://zespia.tw"},"bugs":{"url":"https://github.com/hexojs/hexo-pagination/issues"},"license":"MIT","readmeFilename":"README.md","_attachments":{},"_etag":"\"6FUD3YM3BFQ4FEXPA5PQMHLJD\""}