{"_id":"object.omit","_rev":"9-b7bb4cf671c35dc52b9be7caa2b66a9f","name":"object.omit","description":"Return a copy of an object excluding the given key, or array of keys. Also accepts an optional filter function as the last argument.","dist-tags":{"latest":"2.0.0"},"versions":{"0.2.0":{"name":"object.omit","description":"Return a copy of an object without the given keys.","version":"0.2.0","homepage":"https://github.com/jonschlinkert/object.omit","author":{"name":"Jon Schlinkert","url":"https://github.com/jonschlinkert"},"repository":{"type":"git","url":"git://github.com/jonschlinkert/object.omit.git"},"bugs":{"url":"https://github.com/jonschlinkert/object.omit/issues"},"licenses":[{"type":"MIT","url":"https://github.com/jonschlinkert/object.omit/blob/master/LICENSE-MIT"}],"main":"index.js","engines":{"node":">=0.10.0"},"scripts":{"test":"mocha -R spec"},"devDependencies":{"verb-tag-jscomments":">= 0.2.0","verb":">= 0.2.6","mocha":"*"},"keywords":["clean","clear","copy","dash","delete","javascript","js","key","lo","lo-dash","lodash","object","omit","property","remove","underscore","util","utilities","utils"],"dependencies":{"for-own":"^0.1.1","isobject":"^0.2.0"},"_id":"object.omit@0.2.0","_shasum":"78d66ae4881e55bf7fd9a3813a376bccb592e5e7","_from":".","_npmVersion":"1.4.9","_npmUser":{"name":"jonschlinkert","email":"github@sellside.com"},"maintainers":[{"name":"jonschlinkert","email":"github@sellside.com"}],"dist":{"shasum":"78d66ae4881e55bf7fd9a3813a376bccb592e5e7","tarball":"https://registry.npmjs.org/object.omit/-/object.omit-0.2.0.tgz"},"directories":{}},"0.2.1":{"name":"object.omit","description":"Return a copy of an object without the given keys.","version":"0.2.1","homepage":"https://github.com/jonschlinkert/object.omit","author":{"name":"Jon Schlinkert","url":"https://github.com/jonschlinkert"},"repository":{"type":"git","url":"git://github.com/jonschlinkert/object.omit.git"},"bugs":{"url":"https://github.com/jonschlinkert/object.omit/issues"},"licenses":[{"type":"MIT","url":"https://github.com/jonschlinkert/object.omit/blob/master/LICENSE-MIT"}],"main":"index.js","engines":{"node":">=0.10.0"},"scripts":{"test":"mocha -R spec"},"devDependencies":{"verb-tag-jscomments":">= 0.2.0","verb":">= 0.2.6","mocha":"*"},"keywords":["clean","clear","copy","dash","delete","javascript","js","key","lo","lo-dash","lodash","object","omit","property","remove","underscore","util","utilities","utils"],"dependencies":{"for-own":"^0.1.1","isobject":"^0.2.0"},"_id":"object.omit@0.2.1","_shasum":"ca9af6631df6883fe61bae74df82a4fbc9df2e92","_from":".","_npmVersion":"1.4.9","_npmUser":{"name":"jonschlinkert","email":"github@sellside.com"},"maintainers":[{"name":"jonschlinkert","email":"github@sellside.com"}],"dist":{"shasum":"ca9af6631df6883fe61bae74df82a4fbc9df2e92","tarball":"https://registry.npmjs.org/object.omit/-/object.omit-0.2.1.tgz"},"directories":{}},"1.1.0":{"name":"object.omit","description":"Return a copy of an object without the given key, or array of keys.","version":"1.1.0","homepage":"https://github.com/jonschlinkert/object.omit","author":{"name":"Jon Schlinkert","url":"https://github.com/jonschlinkert"},"repository":{"type":"git","url":"git://github.com/jonschlinkert/object.omit.git"},"bugs":{"url":"https://github.com/jonschlinkert/object.omit/issues"},"license":{"type":"MIT","url":"https://github.com/jonschlinkert/object.omit/blob/master/LICENSE"},"files":["index.js"],"main":"index.js","engines":{"node":">=0.10.0"},"scripts":{"test":"mocha"},"keywords":["clear","delete","key","value","object","omit","property","remove"],"dependencies":{"for-own":"^0.1.3","isobject":"^1.0.0"},"devDependencies":{"mocha":"^2.2.4","should":"^5.2.0"},"gitHead":"9dc4d35d57b04515e32c644cf7c59d0e0f363137","_id":"object.omit@1.1.0","_shasum":"9d17ea16778e5057deba7752c6f55f1496829e94","_from":".","_npmVersion":"2.5.1","_nodeVersion":"0.12.0","_npmUser":{"name":"jonschlinkert","email":"github@sellside.com"},"maintainers":[{"name":"jonschlinkert","email":"github@sellside.com"}],"dist":{"shasum":"9d17ea16778e5057deba7752c6f55f1496829e94","tarball":"https://registry.npmjs.org/object.omit/-/object.omit-1.1.0.tgz"},"directories":{}},"2.0.0":{"name":"object.omit","description":"Return a copy of an object excluding the given key, or array of keys. Also accepts an optional filter function as the last argument.","version":"2.0.0","homepage":"https://github.com/jonschlinkert/object.omit","author":{"name":"Jon Schlinkert","url":"https://github.com/jonschlinkert"},"repository":{"type":"git","url":"git+https://github.com/jonschlinkert/object.omit.git"},"bugs":{"url":"https://github.com/jonschlinkert/object.omit/issues"},"license":"MIT","files":["index.js"],"main":"index.js","engines":{"node":">=0.10.0"},"scripts":{"test":"mocha"},"dependencies":{"for-own":"^0.1.3","is-extendable":"^0.1.1"},"devDependencies":{"mocha":"*","should":"*"},"verb":{"related":{"list":["object.filter","object.pick","object.pluck","object.reduce","object.defaults"]}},"keywords":["clear","delete","key","value","object","omit","property","remove"],"gitHead":"6e222f2cf39634faa26f642b06af4eb2050b5e75","_id":"object.omit@2.0.0","_shasum":"868597333d54e60662940bb458605dd6ae12fe94","_from":".","_npmVersion":"2.10.1","_nodeVersion":"0.12.4","_npmUser":{"name":"jonschlinkert","email":"github@sellside.com"},"maintainers":[{"name":"jonschlinkert","email":"github@sellside.com"}],"dist":{"shasum":"868597333d54e60662940bb458605dd6ae12fe94","tarball":"https://registry.npmjs.org/object.omit/-/object.omit-2.0.0.tgz"},"directories":{}}},"readme":"# object.omit [![NPM version](https://badge.fury.io/js/object.omit.svg)](http://badge.fury.io/js/object.omit)\n\n> Return a copy of an object excluding the given key, or array of keys. Also accepts an optional filter function as the last argument.\n\n## Install\n\n```sh\n$ npm i object.omit --save-dev\n```\n\n## Usage\n\n```js\nvar omit = require('object.omit');\n```\n\nPass a string `key` to omit:\n\n```js\nomit({a: 'a', b: 'b', c: 'c'}, 'a')\n//=> { b: 'b', c: 'c' }\n```\n\nPass an array of `keys` to omit:\n\n```js\nomit({a: 'a', b: 'b', c: 'c'}, ['a', 'c'])\n//=> { b: 'b' }\n```\n\nReturns the object if no keys are passed:\n\n```js\nomit({a: 'a', b: 'b', c: 'c'})\n//=> {a: 'a', b: 'b', c: 'c'}\n```\n\nReturns an empty object if no value is passed.\n\n```js\nomit()\n//=> {}\n```\n\n### Filter function\n\nAn optional filter function may be passed as the last argument, with or without keys passed on the arguments:\n\n**filter on keys**\n\n```js\nvar res = omit({a: 'a', b: 'b', c: 'c'}, function (val, key) {\n  return key === 'a';\n});\n//=> {a: 'a'}\n```\n\n**filter on values**\n\n```js\nvar fn = function() {};\nvar obj = {a: 'a', b: 'b', c: fn};\n\nvar res = omit(obj, ['a'], function (val, key) {\n  return typeof val !== 'function';\n});\n//=> {b: 'b'}\n```\n\n### Other awesome javascript/node.js utils\n\n* [object.filter](https://github.com/jonschlinkert/object.filter): Create a new object filtered to have only properties for which the callback returns true.\n* [object.pick](https://github.com/jonschlinkert/object.pick): Returns a filtered copy of an object with only the specified keys, like `pick` from… [more](https://github.com/jonschlinkert/object.pick)\n* [object.pluck](https://github.com/jonschlinkert/object.pluck): Like pluck from underscore / lo-dash, but returns an object composed of specified properties, with… [more](https://github.com/jonschlinkert/object.pluck)\n* [object.reduce](https://github.com/jonschlinkert/object.reduce): Reduces an object to a value that is the accumulated result of running each property… [more](https://github.com/jonschlinkert/object.reduce)\n* [object.defaults](https://github.com/jonschlinkert/object.defaults): Like `extend` but only copies missing properties/values to the target object.\n\n## Runing tests\n\nInstall dev dependencies:\n\n```sh\n$ npm i -d && npm test\n```\n\n## Contributing\n\nPull requests and stars are always welcome. For bugs and feature requests, [please create an issue](https://github.com/jonschlinkert/object.omit/issues/new)\n\n## Author\n\n**Jon Schlinkert**\n\n+ [github/jonschlinkert](https://github.com/jonschlinkert)\n+ [twitter/jonschlinkert](http://twitter.com/jonschlinkert)\n\n## License\n\nCopyright © 2014-2015 Jon Schlinkert\nReleased under the MIT license.\n\n***\n\n_This file was generated by [verb-cli](https://github.com/assemble/verb-cli) on July 22, 2015._","maintainers":[{"name":"jonschlinkert","email":"github@sellside.com"},{"name":"doowb","email":"brian.woodward@gmail.com"}],"time":{"modified":"2015-08-15T14:25:26.161Z","created":"2014-10-06T04:33:46.399Z","0.2.0":"2014-10-06T04:33:46.399Z","0.2.1":"2014-10-25T23:48:38.519Z","1.1.0":"2015-04-09T04:48:33.812Z","2.0.0":"2015-07-22T06:19:37.141Z"},"homepage":"https://github.com/jonschlinkert/object.omit","keywords":["clear","delete","key","value","object","omit","property","remove"],"repository":{"type":"git","url":"git+https://github.com/jonschlinkert/object.omit.git"},"author":{"name":"Jon Schlinkert","url":"https://github.com/jonschlinkert"},"bugs":{"url":"https://github.com/jonschlinkert/object.omit/issues"},"readmeFilename":"README.md","license":"MIT","users":{"jonschlinkert":true,"evocateur":true},"_attachments":{},"_etag":"\"3M6KOTLBY6RD852GQBDWEUJ1N\""}