{"_id":"on-finished","_rev":"27-0290edb8198ec401bf38dabc1fd9b4ec","name":"on-finished","description":"Execute a callback when a request closes, finishes, or errors","dist-tags":{"latest":"2.3.0"},"versions":{"2.0.0":{"name":"on-finished","description":"Execute a callback when a request closes, finishes, or errors","version":"2.0.0","contributors":[{"name":"Douglas Christopher Wilson","email":"doug@somethingdoug.com"},{"name":"Jonathan Ong","email":"me@jongleberry.com","url":"http://jongleberry.com"}],"license":"MIT","repository":{"type":"git","url":"https://github.com/jshttp/on-finished"},"dependencies":{"ee-first":"1.0.5"},"devDependencies":{"istanbul":"0.3.0","mocha":"~1.21.4"},"engine":{"node":">= 0.8.0"},"files":["HISTORY.md","LICENSE","index.js"],"scripts":{"test":"mocha --reporter spec --bail --check-leaks test/","test-cov":"istanbul cover node_modules/mocha/bin/_mocha -- --reporter dot --check-leaks test/","test-travis":"istanbul cover node_modules/mocha/bin/_mocha --report lcovonly -- --reporter spec --check-leaks test/"},"gitHead":"86e64f85de7a80e18c3db0ae9a0d30ffbf37bdbd","bugs":{"url":"https://github.com/jshttp/on-finished/issues"},"homepage":"https://github.com/jshttp/on-finished","_id":"on-finished@2.0.0","_shasum":"7286551c58c874d8342624cda56e2b42ea227f81","_from":".","_npmVersion":"1.4.21","_npmUser":{"name":"dougwilson","email":"doug@somethingdoug.com"},"maintainers":[{"name":"dougwilson","email":"doug@somethingdoug.com"}],"dist":{"shasum":"7286551c58c874d8342624cda56e2b42ea227f81","tarball":"https://registry.npmjs.org/on-finished/-/on-finished-2.0.0.tgz"},"directories":{}},"2.1.0":{"name":"on-finished","description":"Execute a callback when a request closes, finishes, or errors","version":"2.1.0","contributors":[{"name":"Douglas Christopher Wilson","email":"doug@somethingdoug.com"},{"name":"Jonathan Ong","email":"me@jongleberry.com","url":"http://jongleberry.com"}],"license":"MIT","repository":{"type":"git","url":"https://github.com/jshttp/on-finished"},"dependencies":{"ee-first":"1.0.5"},"devDependencies":{"istanbul":"0.3.0","mocha":"~1.21.4"},"engine":{"node":">= 0.8.0"},"files":["HISTORY.md","LICENSE","index.js"],"scripts":{"test":"mocha --reporter spec --bail --check-leaks test/","test-cov":"istanbul cover node_modules/mocha/bin/_mocha -- --reporter dot --check-leaks test/","test-travis":"istanbul cover node_modules/mocha/bin/_mocha --report lcovonly -- --reporter spec --check-leaks test/"},"gitHead":"1ad808e704e2aeda3a7464b78cacead2fb453727","bugs":{"url":"https://github.com/jshttp/on-finished/issues"},"homepage":"https://github.com/jshttp/on-finished","_id":"on-finished@2.1.0","_shasum":"0c539f09291e8ffadde0c8a25850fb2cedc7022d","_from":".","_npmVersion":"1.4.21","_npmUser":{"name":"dougwilson","email":"doug@somethingdoug.com"},"maintainers":[{"name":"dougwilson","email":"doug@somethingdoug.com"},{"name":"jongleberry","email":"jonathanrichardong@gmail.com"}],"dist":{"shasum":"0c539f09291e8ffadde0c8a25850fb2cedc7022d","tarball":"https://registry.npmjs.org/on-finished/-/on-finished-2.1.0.tgz"},"directories":{}},"2.1.1":{"name":"on-finished","description":"Execute a callback when a request closes, finishes, or errors","version":"2.1.1","contributors":[{"name":"Douglas Christopher Wilson","email":"doug@somethingdoug.com"},{"name":"Jonathan Ong","email":"me@jongleberry.com","url":"http://jongleberry.com"}],"license":"MIT","repository":{"type":"git","url":"https://github.com/jshttp/on-finished"},"dependencies":{"ee-first":"1.1.0"},"devDependencies":{"istanbul":"0.3.2","mocha":"~2.0.0"},"engines":{"node":">= 0.8"},"files":["HISTORY.md","LICENSE","index.js"],"scripts":{"test":"mocha --reporter spec --bail --check-leaks test/","test-cov":"istanbul cover node_modules/mocha/bin/_mocha -- --reporter dot --check-leaks test/","test-travis":"istanbul cover node_modules/mocha/bin/_mocha --report lcovonly -- --reporter spec --check-leaks test/"},"gitHead":"8ec5fa639ace400b543b5bc1821ce909b9acdc03","bugs":{"url":"https://github.com/jshttp/on-finished/issues"},"homepage":"https://github.com/jshttp/on-finished","_id":"on-finished@2.1.1","_shasum":"f82ca1c9e3a4f3286b1b9938610e5b8636bd3cb2","_from":".","_npmVersion":"1.4.21","_npmUser":{"name":"dougwilson","email":"doug@somethingdoug.com"},"maintainers":[{"name":"dougwilson","email":"doug@somethingdoug.com"},{"name":"jongleberry","email":"jonathanrichardong@gmail.com"}],"dist":{"shasum":"f82ca1c9e3a4f3286b1b9938610e5b8636bd3cb2","tarball":"https://registry.npmjs.org/on-finished/-/on-finished-2.1.1.tgz"},"directories":{}},"2.2.0":{"name":"on-finished","description":"Execute a callback when a request closes, finishes, or errors","version":"2.2.0","contributors":[{"name":"Douglas Christopher Wilson","email":"doug@somethingdoug.com"},{"name":"Jonathan Ong","email":"me@jongleberry.com","url":"http://jongleberry.com"}],"license":"MIT","repository":{"type":"git","url":"https://github.com/jshttp/on-finished"},"dependencies":{"ee-first":"1.1.0"},"devDependencies":{"istanbul":"0.3.5","mocha":"~2.0.1"},"engines":{"node":">= 0.8"},"files":["HISTORY.md","LICENSE","index.js"],"scripts":{"test":"mocha --reporter spec --bail --check-leaks test/","test-cov":"istanbul cover node_modules/mocha/bin/_mocha -- --reporter dot --check-leaks test/","test-travis":"istanbul cover node_modules/mocha/bin/_mocha --report lcovonly -- --reporter spec --check-leaks test/"},"gitHead":"fcd56f5674721cac92a16eff93547929716f5192","bugs":{"url":"https://github.com/jshttp/on-finished/issues"},"homepage":"https://github.com/jshttp/on-finished","_id":"on-finished@2.2.0","_shasum":"e6ba6a09a3482d6b7969bc3da92c86f0a967605e","_from":".","_npmVersion":"1.4.28","_npmUser":{"name":"dougwilson","email":"doug@somethingdoug.com"},"maintainers":[{"name":"dougwilson","email":"doug@somethingdoug.com"},{"name":"jongleberry","email":"jonathanrichardong@gmail.com"}],"dist":{"shasum":"e6ba6a09a3482d6b7969bc3da92c86f0a967605e","tarball":"https://registry.npmjs.org/on-finished/-/on-finished-2.2.0.tgz"},"directories":{}},"2.2.1":{"name":"on-finished","description":"Execute a callback when a request closes, finishes, or errors","version":"2.2.1","contributors":[{"name":"Douglas Christopher Wilson","email":"doug@somethingdoug.com"},{"name":"Jonathan Ong","email":"me@jongleberry.com","url":"http://jongleberry.com"}],"license":"MIT","repository":{"type":"git","url":"https://github.com/jshttp/on-finished"},"dependencies":{"ee-first":"1.1.0"},"devDependencies":{"istanbul":"0.3.9","mocha":"~2.2.4"},"engines":{"node":">= 0.8"},"files":["HISTORY.md","LICENSE","index.js"],"scripts":{"test":"mocha --reporter spec --bail --check-leaks test/","test-cov":"istanbul cover node_modules/mocha/bin/_mocha -- --reporter dot --check-leaks test/","test-travis":"istanbul cover node_modules/mocha/bin/_mocha --report lcovonly -- --reporter spec --check-leaks test/"},"gitHead":"f3ecb92fb09d590d314ffe772a6ffd6f76c84223","bugs":{"url":"https://github.com/jshttp/on-finished/issues"},"homepage":"https://github.com/jshttp/on-finished","_id":"on-finished@2.2.1","_shasum":"5c85c1cc36299f78029653f667f27b6b99ebc029","_from":".","_npmVersion":"1.4.28","_npmUser":{"name":"dougwilson","email":"doug@somethingdoug.com"},"maintainers":[{"name":"dougwilson","email":"doug@somethingdoug.com"},{"name":"jongleberry","email":"jonathanrichardong@gmail.com"}],"dist":{"shasum":"5c85c1cc36299f78029653f667f27b6b99ebc029","tarball":"https://registry.npmjs.org/on-finished/-/on-finished-2.2.1.tgz"},"directories":{}},"2.3.0":{"name":"on-finished","description":"Execute a callback when a request closes, finishes, or errors","version":"2.3.0","contributors":[{"name":"Douglas Christopher Wilson","email":"doug@somethingdoug.com"},{"name":"Jonathan Ong","email":"me@jongleberry.com","url":"http://jongleberry.com"}],"license":"MIT","repository":{"type":"git","url":"https://github.com/jshttp/on-finished"},"dependencies":{"ee-first":"1.1.1"},"devDependencies":{"istanbul":"0.3.9","mocha":"2.2.5"},"engines":{"node":">= 0.8"},"files":["HISTORY.md","LICENSE","index.js"],"scripts":{"test":"mocha --reporter spec --bail --check-leaks test/","test-cov":"istanbul cover node_modules/mocha/bin/_mocha -- --reporter dot --check-leaks test/","test-travis":"istanbul cover node_modules/mocha/bin/_mocha --report lcovonly -- --reporter spec --check-leaks test/"},"gitHead":"34babcb58126a416fcf5205768204f2e12699dda","bugs":{"url":"https://github.com/jshttp/on-finished/issues"},"homepage":"https://github.com/jshttp/on-finished","_id":"on-finished@2.3.0","_shasum":"20f1336481b083cd75337992a16971aa2d906947","_from":".","_npmVersion":"1.4.28","_npmUser":{"name":"dougwilson","email":"doug@somethingdoug.com"},"maintainers":[{"name":"dougwilson","email":"doug@somethingdoug.com"},{"name":"jongleberry","email":"jonathanrichardong@gmail.com"}],"dist":{"shasum":"20f1336481b083cd75337992a16971aa2d906947","tarball":"https://registry.npmjs.org/on-finished/-/on-finished-2.3.0.tgz"},"directories":{}}},"readme":"# on-finished\n\n[![NPM Version][npm-image]][npm-url]\n[![NPM Downloads][downloads-image]][downloads-url]\n[![Node.js Version][node-version-image]][node-version-url]\n[![Build Status][travis-image]][travis-url]\n[![Test Coverage][coveralls-image]][coveralls-url]\n\nExecute a callback when a HTTP request closes, finishes, or errors.\n\n## Install\n\n```sh\n$ npm install on-finished\n```\n\n## API\n\n```js\nvar onFinished = require('on-finished')\n```\n\n### onFinished(res, listener)\n\nAttach a listener to listen for the response to finish. The listener will\nbe invoked only once when the response finished. If the response finished\nto an error, the first argument will contain the error. If the response\nhas already finished, the listener will be invoked.\n\nListening to the end of a response would be used to close things associated\nwith the response, like open files.\n\nListener is invoked as `listener(err, res)`.\n\n```js\nonFinished(res, function (err, res) {\n  // clean up open fds, etc.\n  // err contains the error is request error'd\n})\n```\n\n### onFinished(req, listener)\n\nAttach a listener to listen for the request to finish. The listener will\nbe invoked only once when the request finished. If the request finished\nto an error, the first argument will contain the error. If the request\nhas already finished, the listener will be invoked.\n\nListening to the end of a request would be used to know when to continue\nafter reading the data.\n\nListener is invoked as `listener(err, req)`.\n\n```js\nvar data = ''\n\nreq.setEncoding('utf8')\nres.on('data', function (str) {\n  data += str\n})\n\nonFinished(req, function (err, req) {\n  // data is read unless there is err\n})\n```\n\n### onFinished.isFinished(res)\n\nDetermine if `res` is already finished. This would be useful to check and\nnot even start certain operations if the response has already finished.\n\n### onFinished.isFinished(req)\n\nDetermine if `req` is already finished. This would be useful to check and\nnot even start certain operations if the request has already finished.\n\n## Special Node.js requests\n\n### HTTP CONNECT method\n\nThe meaning of the `CONNECT` method from RFC 7231, section 4.3.6:\n\n> The CONNECT method requests that the recipient establish a tunnel to\n> the destination origin server identified by the request-target and,\n> if successful, thereafter restrict its behavior to blind forwarding\n> of packets, in both directions, until the tunnel is closed.  Tunnels\n> are commonly used to create an end-to-end virtual connection, through\n> one or more proxies, which can then be secured using TLS (Transport\n> Layer Security, [RFC5246]).\n\nIn Node.js, these request objects come from the `'connect'` event on\nthe HTTP server.\n\nWhen this module is used on a HTTP `CONNECT` request, the request is\nconsidered \"finished\" immediately, **due to limitations in the Node.js\ninterface**. This means if the `CONNECT` request contains a request entity,\nthe request will be considered \"finished\" even before it has been read.\n\nThere is no such thing as a response object to a `CONNECT` request in\nNode.js, so there is no support for for one.\n\n### HTTP Upgrade request\n\nThe meaning of the `Upgrade` header from RFC 7230, section 6.1:\n\n> The \"Upgrade\" header field is intended to provide a simple mechanism\n> for transitioning from HTTP/1.1 to some other protocol on the same\n> connection.\n\nIn Node.js, these request objects come from the `'upgrade'` event on\nthe HTTP server.\n\nWhen this module is used on a HTTP request with an `Upgrade` header, the\nrequest is considered \"finished\" immediately, **due to limitations in the\nNode.js interface**. This means if the `Upgrade` request contains a request\nentity, the request will be considered \"finished\" even before it has been\nread.\n\nThere is no such thing as a response object to a `Upgrade` request in\nNode.js, so there is no support for for one.\n\n## Example\n\nThe following code ensures that file descriptors are always closed\nonce the response finishes.\n\n```js\nvar destroy = require('destroy')\nvar http = require('http')\nvar onFinished = require('on-finished')\n\nhttp.createServer(function onRequest(req, res) {\n  var stream = fs.createReadStream('package.json')\n  stream.pipe(res)\n  onFinished(res, function (err) {\n    destroy(stream)\n  })\n})\n```\n\n## License\n\n[MIT](LICENSE)\n\n[npm-image]: https://img.shields.io/npm/v/on-finished.svg\n[npm-url]: https://npmjs.org/package/on-finished\n[node-version-image]: https://img.shields.io/node/v/on-finished.svg\n[node-version-url]: http://nodejs.org/download/\n[travis-image]: https://img.shields.io/travis/jshttp/on-finished/master.svg\n[travis-url]: https://travis-ci.org/jshttp/on-finished\n[coveralls-image]: https://img.shields.io/coveralls/jshttp/on-finished/master.svg\n[coveralls-url]: https://coveralls.io/r/jshttp/on-finished?branch=master\n[downloads-image]: https://img.shields.io/npm/dm/on-finished.svg\n[downloads-url]: https://npmjs.org/package/on-finished\n","maintainers":[{"name":"dougwilson","email":"doug@somethingdoug.com"}],"time":{"modified":"2016-10-14T10:11:52.718Z","created":"2014-08-16T05:19:04.281Z","2.0.0":"2014-08-16T05:19:04.281Z","2.1.0":"2014-08-17T02:49:35.720Z","2.1.1":"2014-10-23T01:19:12.662Z","2.2.0":"2014-12-23T06:51:30.412Z","2.2.1":"2015-04-23T01:33:13.247Z","2.3.0":"2015-05-27T01:58:14.758Z"},"homepage":"https://github.com/jshttp/on-finished","repository":{"type":"git","url":"https://github.com/jshttp/on-finished"},"contributors":[{"name":"Douglas Christopher Wilson","email":"doug@somethingdoug.com"},{"name":"Jonathan Ong","email":"me@jongleberry.com","url":"http://jongleberry.com"}],"bugs":{"url":"https://github.com/jshttp/on-finished/issues"},"license":"MIT","readmeFilename":"README.md","users":{"285858315":true,"tunnckocore":true,"goodseller":true,"simplyianm":true,"aslezak":true,"fullrec":true,"softwind":true,"bapinney":true,"kankungyip":true,"scottfreecode":true,"gejiawen":true,"monjer":true},"_attachments":{},"_etag":"\"A23M6M0V2JG05HWOWP7S2RJ85\""}