{"_id":"dom-serializer","_rev":"8-2f8da0d4c2f7522ebb4b0aa00898a908","name":"dom-serializer","description":"render dom nodes to string","dist-tags":{"latest":"0.1.0"},"versions":{"0.0.0":{"name":"dom-serializer","version":"0.0.0","description":"render dom nodes to string","author":{"name":"Felix Boehm","email":"me@feedic.com"},"keywords":["html","xml","render"],"repository":{"type":"git","url":"git://github.com/cheeriojs/dom-renderer.git"},"main":"./index.js","dependencies":{"domelementtype":"~1.1.1","entities":"~1.1.1"},"devDependencies":{"mocha":"*","expect.js":"~0.3.1","lodash":"~2.4.1","jshint":"~2.3.0","cheerio":"*"},"scripts":{"test":"mocha test.js"},"bugs":{"url":"https://github.com/cheeriojs/dom-renderer/issues"},"homepage":"https://github.com/cheeriojs/dom-renderer","_id":"dom-serializer@0.0.0","_shasum":"2a207dcae76ce52fbb1793f34f5df202fd1bdc4c","_from":".","_npmVersion":"1.4.10","_npmUser":{"name":"feedic","email":"me@feedic.com"},"maintainers":[{"name":"feedic","email":"me@feedic.com"}],"dist":{"shasum":"2a207dcae76ce52fbb1793f34f5df202fd1bdc4c","tarball":"https://registry.npmjs.org/dom-serializer/-/dom-serializer-0.0.0.tgz"},"directories":{}},"0.0.1":{"name":"dom-serializer","version":"0.0.1","description":"render dom nodes to string","author":{"name":"Felix Boehm","email":"me@feedic.com"},"keywords":["html","xml","render"],"repository":{"type":"git","url":"git://github.com/cheeriojs/dom-renderer.git"},"main":"./index.js","dependencies":{"domelementtype":"~1.1.1","entities":"~1.1.1"},"devDependencies":{"mocha":"*","expect.js":"~0.3.1","lodash":"~2.4.1","jshint":"~2.3.0","cheerio":"*"},"scripts":{"test":"mocha test.js"},"gitHead":"d678d0face5a3eb6d338da949a29ce9b70cf901a","bugs":{"url":"https://github.com/cheeriojs/dom-renderer/issues"},"homepage":"https://github.com/cheeriojs/dom-renderer","_id":"dom-serializer@0.0.1","_shasum":"9589827f1e32d22c37c829adabd59b3247af8eaf","_from":".","_npmVersion":"1.4.13","_npmUser":{"name":"feedic","email":"me@feedic.com"},"maintainers":[{"name":"feedic","email":"me@feedic.com"}],"dist":{"shasum":"9589827f1e32d22c37c829adabd59b3247af8eaf","tarball":"https://registry.npmjs.org/dom-serializer/-/dom-serializer-0.0.1.tgz"},"directories":{}},"0.1.0":{"name":"dom-serializer","version":"0.1.0","description":"render dom nodes to string","author":{"name":"Felix Boehm","email":"me@feedic.com"},"keywords":["html","xml","render"],"repository":{"type":"git","url":"git://github.com/cheeriojs/dom-renderer.git"},"main":"./index.js","files":["index.js"],"dependencies":{"domelementtype":"~1.1.1","entities":"~1.1.1"},"devDependencies":{"cheerio":"*","expect.js":"~0.3.1","jshint":"~2.3.0","lodash":"~2.4.1","mocha":"*","xyz":"0.4.x"},"scripts":{"test":"mocha test.js"},"license":"MIT","gitHead":"249b9a921e6ba318c52b87de21e8475bcb4050e5","bugs":{"url":"https://github.com/cheeriojs/dom-renderer/issues"},"homepage":"https://github.com/cheeriojs/dom-renderer","_id":"dom-serializer@0.1.0","_shasum":"073c697546ce0780ce23be4a28e293e40bc30c82","_from":".","_npmVersion":"2.4.1","_nodeVersion":"1.2.0","_npmUser":{"name":"feedic","email":"me@feedic.com"},"maintainers":[{"name":"feedic","email":"me@feedic.com"},{"name":"davidchambers","email":"dc@davidchambers.me"},{"name":"mattmueller","email":"mattmuelle@gmail.com"}],"dist":{"shasum":"073c697546ce0780ce23be4a28e293e40bc30c82","tarball":"https://registry.npmjs.org/dom-serializer/-/dom-serializer-0.1.0.tgz"},"directories":{}}},"readme":"ERROR: No README data found!","maintainers":[{"name":"feedic","email":"me@feedic.com"},{"name":"davidchambers","email":"dc@davidchambers.me"},{"name":"mattmueller","email":"mattmuelle@gmail.com"}],"time":{"modified":"2015-02-11T22:37:38.358Z","created":"2014-05-20T13:20:43.000Z","0.0.0":"2014-05-20T13:20:43.000Z","0.0.1":"2014-06-03T17:14:23.674Z","0.1.0":"2015-02-11T22:37:38.358Z"},"homepage":"https://github.com/cheeriojs/dom-renderer","keywords":["html","xml","render"],"repository":{"type":"git","url":"git://github.com/cheeriojs/dom-renderer.git"},"author":{"name":"Felix Boehm","email":"me@feedic.com"},"bugs":{"url":"https://github.com/cheeriojs/dom-renderer/issues"},"readmeFilename":"","license":"MIT","_attachments":{},"_etag":"\"7KWYMW6FM9W2UI46QMZNA9AM9\""}