{"_id":"hexo-fs","_rev":"27-bb5e60ed8a41b03ffffc268e61aaedd3","name":"hexo-fs","description":"File system module for Hexo.","dist-tags":{"latest":"0.1.6"},"versions":{"0.0.1":{"name":"hexo-fs","version":"0.0.1","description":"File system module for Hexo.","main":"lib/fs","scripts":{"test":"gulp test"},"directories":{"lib":"./lib"},"engines":{"node":">= 0.10.0"},"repository":{"type":"git","url":"git://github.com/hexojs/fs.git"},"bugs":{"url":"https://github.com/hexojs/fs/issues"},"homepage":"http://hexo.io/","keywords":["hexo","fs","file"],"author":{"name":"Tommy Chen","email":"tommy351@gmail.com","url":"http://zespia.tw"},"license":"MIT","dependencies":{"bluebird":"^2.3.11","graceful-fs":"^3.0.4"},"devDependencies":{"chai":"^1.9.1","coveralls":"^2.11.2","del":"^0.1.3","gulp":"^3.8.9","gulp-istanbul":"^0.4.0","gulp-jshint":"^1.8.6","gulp-load-plugins":"^0.7.0","gulp-mocha":"^2.0.0","jshint-stylish":"^1.0.0","mocha":"^2.0.1"},"gitHead":"ea050a3059481ebfbcf1fbce3053118abc2d030a","_id":"hexo-fs@0.0.1","_shasum":"ddd69592d66fa4c41b63339f3370d354f153caa5","_from":".","_npmVersion":"2.1.8","_nodeVersion":"0.10.33","_npmUser":{"name":"tommy351","email":"tommy351@gmail.com"},"maintainers":[{"name":"tommy351","email":"tommy351@gmail.com"}],"dist":{"shasum":"ddd69592d66fa4c41b63339f3370d354f153caa5","tarball":"https://registry.npmjs.org/hexo-fs/-/hexo-fs-0.0.1.tgz"}},"0.0.2":{"name":"hexo-fs","version":"0.0.2","description":"File system module for Hexo.","main":"lib/fs","scripts":{"test":"gulp test"},"directories":{"lib":"./lib"},"engines":{"node":">= 0.10.0"},"repository":{"type":"git","url":"git://github.com/hexojs/fs.git"},"bugs":{"url":"https://github.com/hexojs/fs/issues"},"homepage":"http://hexo.io/","keywords":["hexo","fs","file"],"author":{"name":"Tommy Chen","email":"tommy351@gmail.com","url":"http://zespia.tw"},"license":"MIT","dependencies":{"bluebird":"^2.3.11","graceful-fs":"^3.0.4"},"devDependencies":{"chai":"^1.9.1","coveralls":"^2.11.2","gulp":"^3.8.9","gulp-istanbul":"^0.5.0","gulp-jshint":"^1.8.6","gulp-load-plugins":"^0.7.0","gulp-mocha":"^2.0.0","jshint-stylish":"^1.0.0","mocha":"^2.0.1","rimraf":"^2.2.8"},"gitHead":"909ab07881ab374c57dd5f1ac911827ac716b8a6","_id":"hexo-fs@0.0.2","_shasum":"7cbb510d4160df5ce07b5d2e55d0a555f0cca161","_from":".","_npmVersion":"2.1.8","_nodeVersion":"0.10.33","_npmUser":{"name":"tommy351","email":"tommy351@gmail.com"},"maintainers":[{"name":"tommy351","email":"tommy351@gmail.com"}],"dist":{"shasum":"7cbb510d4160df5ce07b5d2e55d0a555f0cca161","tarball":"https://registry.npmjs.org/hexo-fs/-/hexo-fs-0.0.2.tgz"}},"0.0.3":{"name":"hexo-fs","version":"0.0.3","description":"File system module for Hexo.","main":"lib/fs","scripts":{"test":"gulp test"},"directories":{"lib":"./lib"},"engines":{"node":">= 0.10.0"},"repository":{"type":"git","url":"git://github.com/hexojs/fs.git"},"bugs":{"url":"https://github.com/hexojs/fs/issues"},"homepage":"http://hexo.io/","keywords":["hexo","fs","file"],"author":{"name":"Tommy Chen","email":"tommy351@gmail.com","url":"http://zespia.tw"},"license":"MIT","dependencies":{"bluebird":"^2.3.11","graceful-fs":"^3.0.4"},"devDependencies":{"chai":"^1.9.1","coveralls":"^2.11.2","gulp":"^3.8.9","gulp-istanbul":"^0.5.0","gulp-jshint":"^1.8.6","gulp-load-plugins":"^0.7.0","gulp-mocha":"^2.0.0","jshint-stylish":"^1.0.0","mocha":"^2.0.1","rimraf":"^2.2.8"},"gitHead":"fd355ef9456c36dc99c00cf5c2a58acc396c0300","_id":"hexo-fs@0.0.3","_shasum":"3df67c0dcd58df6b8752114327d6883b0f2b6626","_from":".","_npmVersion":"2.1.8","_nodeVersion":"0.10.33","_npmUser":{"name":"tommy351","email":"tommy351@gmail.com"},"maintainers":[{"name":"tommy351","email":"tommy351@gmail.com"}],"dist":{"shasum":"3df67c0dcd58df6b8752114327d6883b0f2b6626","tarball":"https://registry.npmjs.org/hexo-fs/-/hexo-fs-0.0.3.tgz"}},"0.0.4":{"name":"hexo-fs","version":"0.0.4","description":"File system module for Hexo.","main":"lib/fs","scripts":{"test":"gulp test"},"directories":{"lib":"./lib"},"engines":{"node":">= 0.10.0"},"repository":{"type":"git","url":"git://github.com/hexojs/fs.git"},"bugs":{"url":"https://github.com/hexojs/fs/issues"},"homepage":"http://hexo.io/","keywords":["hexo","fs","file","file system"],"author":{"name":"Tommy Chen","email":"tommy351@gmail.com","url":"http://zespia.tw"},"license":"MIT","dependencies":{"bluebird":"^2.3.11","graceful-fs":"^3.0.4"},"devDependencies":{"chai":"^1.9.1","coveralls":"^2.11.2","gulp":"^3.8.9","gulp-istanbul":"^0.5.0","gulp-jshint":"^1.8.6","gulp-load-plugins":"^0.7.0","gulp-mocha":"^2.0.0","jshint-stylish":"^1.0.0","mocha":"^2.0.1","rimraf":"^2.2.8"},"gitHead":"c1ee01e79ce1a98fdc2d6ae76814c8337f4e19d8","_id":"hexo-fs@0.0.4","_shasum":"cd319230f4d344493eb4c4bf1fc632ee28c73fa3","_from":".","_npmVersion":"2.1.8","_nodeVersion":"0.10.33","_npmUser":{"name":"tommy351","email":"tommy351@gmail.com"},"maintainers":[{"name":"tommy351","email":"tommy351@gmail.com"}],"dist":{"shasum":"cd319230f4d344493eb4c4bf1fc632ee28c73fa3","tarball":"https://registry.npmjs.org/hexo-fs/-/hexo-fs-0.0.4.tgz"}},"0.0.5":{"name":"hexo-fs","version":"0.0.5","description":"File system module for Hexo.","main":"lib/fs","scripts":{"test":"gulp test"},"directories":{"lib":"./lib"},"engines":{"node":">= 0.10.0"},"repository":{"type":"git","url":"git://github.com/hexojs/fs.git"},"bugs":{"url":"https://github.com/hexojs/fs/issues"},"homepage":"http://hexo.io/","keywords":["hexo","fs","file","file system"],"author":{"name":"Tommy Chen","email":"tommy351@gmail.com","url":"http://zespia.tw"},"license":"MIT","dependencies":{"bluebird":"^2.3.11","graceful-fs":"^3.0.4"},"devDependencies":{"chai":"^1.9.1","coveralls":"^2.11.2","gulp":"^3.8.9","gulp-istanbul":"^0.5.0","gulp-jshint":"^1.8.6","gulp-load-plugins":"^0.7.0","gulp-mocha":"^2.0.0","jshint-stylish":"^1.0.0","mocha":"^2.0.1","rimraf":"^2.2.8"},"gitHead":"9ecf4afc0e7f26d8878a929fcf86c2f2ae50638f","_id":"hexo-fs@0.0.5","_shasum":"477f3c6d7f4fe0450c7accbbf583e24248cbd36c","_from":".","_npmVersion":"2.1.8","_nodeVersion":"0.10.33","_npmUser":{"name":"tommy351","email":"tommy351@gmail.com"},"maintainers":[{"name":"tommy351","email":"tommy351@gmail.com"}],"dist":{"shasum":"477f3c6d7f4fe0450c7accbbf583e24248cbd36c","tarball":"https://registry.npmjs.org/hexo-fs/-/hexo-fs-0.0.5.tgz"}},"0.0.6":{"name":"hexo-fs","version":"0.0.6","description":"File system module for Hexo.","main":"lib/fs","scripts":{"test":"gulp test"},"directories":{"lib":"./lib"},"engines":{"node":">= 0.10.0"},"repository":{"type":"git","url":"git://github.com/hexojs/fs.git"},"bugs":{"url":"https://github.com/hexojs/fs/issues"},"homepage":"http://hexo.io/","keywords":["hexo","fs","file","file system"],"author":{"name":"Tommy Chen","email":"tommy351@gmail.com","url":"http://zespia.tw"},"license":"MIT","dependencies":{"bluebird":"^2.3.11","chokidar":"^0.12.0","graceful-fs":"^3.0.4"},"devDependencies":{"chai":"^1.9.1","coveralls":"^2.11.2","gulp":"^3.8.9","gulp-istanbul":"^0.5.0","gulp-jshint":"^1.8.6","gulp-load-plugins":"^0.7.0","gulp-mocha":"^2.0.0","jshint-stylish":"^1.0.0","mocha":"^2.0.1","rimraf":"^2.2.8"},"gitHead":"afce7038aad6a6e74c6a11cd256551b1868e1846","_id":"hexo-fs@0.0.6","_shasum":"aa0ac651e473d37d6720b2530ae892680435f06e","_from":".","_npmVersion":"2.1.8","_nodeVersion":"0.10.33","_npmUser":{"name":"tommy351","email":"tommy351@gmail.com"},"maintainers":[{"name":"tommy351","email":"tommy351@gmail.com"}],"dist":{"shasum":"aa0ac651e473d37d6720b2530ae892680435f06e","tarball":"https://registry.npmjs.org/hexo-fs/-/hexo-fs-0.0.6.tgz"}},"0.0.7":{"name":"hexo-fs","version":"0.0.7","description":"File system module for Hexo.","main":"lib/fs","scripts":{"test":"gulp test"},"directories":{"lib":"./lib"},"engines":{"node":">= 0.10.0"},"repository":{"type":"git","url":"git://github.com/hexojs/fs.git"},"bugs":{"url":"https://github.com/hexojs/fs/issues"},"homepage":"http://hexo.io/","keywords":["hexo","fs","file","file system"],"author":{"name":"Tommy Chen","email":"tommy351@gmail.com","url":"http://zespia.tw"},"license":"MIT","dependencies":{"bluebird":"^2.3.11","chokidar":"^0.12.0","graceful-fs":"^3.0.4"},"devDependencies":{"chai":"^1.9.1","coveralls":"^2.11.2","gulp":"^3.8.9","gulp-istanbul":"^0.5.0","gulp-jshint":"^1.8.6","gulp-load-plugins":"^0.7.0","gulp-mocha":"^2.0.0","jshint-stylish":"^1.0.0","mocha":"^2.0.1","rimraf":"^2.2.8"},"gitHead":"c4f32794eee89f7b7e4dfda5564a67094567780f","_id":"hexo-fs@0.0.7","_shasum":"ad9b7199619962f21a4fb98939daa1cb3e42cd30","_from":".","_npmVersion":"2.1.8","_nodeVersion":"0.10.33","_npmUser":{"name":"tommy351","email":"tommy351@gmail.com"},"maintainers":[{"name":"tommy351","email":"tommy351@gmail.com"}],"dist":{"shasum":"ad9b7199619962f21a4fb98939daa1cb3e42cd30","tarball":"https://registry.npmjs.org/hexo-fs/-/hexo-fs-0.0.7.tgz"}},"0.0.8":{"name":"hexo-fs","version":"0.0.8","description":"File system module for Hexo.","main":"lib/fs","scripts":{"test":"gulp test"},"directories":{"lib":"./lib"},"engines":{"node":">= 0.10.0"},"repository":{"type":"git","url":"git://github.com/hexojs/fs.git"},"bugs":{"url":"https://github.com/hexojs/fs/issues"},"homepage":"http://hexo.io/","keywords":["hexo","fs","file","file system"],"author":{"name":"Tommy Chen","email":"tommy351@gmail.com","url":"http://zespia.tw"},"license":"MIT","dependencies":{"bluebird":"^2.3.11","chokidar":"^0.12.0","graceful-fs":"^3.0.4","hexo-util":"0.0.2"},"devDependencies":{"chai":"^1.9.1","coveralls":"^2.11.2","gulp":"^3.8.9","gulp-istanbul":"^0.5.0","gulp-jshint":"^1.8.6","gulp-load-plugins":"^0.7.0","gulp-mocha":"^2.0.0","jshint-stylish":"^1.0.0","mocha":"^2.0.1","rimraf":"^2.2.8"},"gitHead":"2b0743307bf0ffe24ff6d707d1827875901fe372","_id":"hexo-fs@0.0.8","_shasum":"e56f8010b561bcf7bcaa0f986f20455e490aba8e","_from":".","_npmVersion":"2.1.8","_nodeVersion":"0.10.33","_npmUser":{"name":"tommy351","email":"tommy351@gmail.com"},"maintainers":[{"name":"tommy351","email":"tommy351@gmail.com"}],"dist":{"shasum":"e56f8010b561bcf7bcaa0f986f20455e490aba8e","tarball":"https://registry.npmjs.org/hexo-fs/-/hexo-fs-0.0.8.tgz"}},"0.1.0":{"name":"hexo-fs","version":"0.1.0","description":"File system module for Hexo.","main":"lib/fs","scripts":{"test":"gulp test"},"directories":{"lib":"./lib"},"engines":{"node":">= 0.10.0"},"repository":{"type":"git","url":"https://github.com/hexojs/fs"},"homepage":"http://hexo.io/","keywords":["hexo","fs","file","file system"],"author":{"name":"Tommy Chen","email":"tommy351@gmail.com","url":"http://zespia.tw"},"license":"MIT","dependencies":{"bluebird":"^2.3.11","chokidar":"^0.12.0","graceful-fs":"^3.0.4","hexo-util":"^0.1.0"},"devDependencies":{"chai":"^1.9.1","coveralls":"^2.11.2","gulp":"^3.8.9","gulp-istanbul":"^0.5.0","gulp-jshint":"^1.8.6","gulp-load-plugins":"^0.7.0","gulp-mocha":"^2.0.0","jshint-stylish":"^1.0.0","mocha":"^2.0.1","rimraf":"^2.2.8"},"gitHead":"5856484c1a692983ee31c49bc8a3795f14da6858","bugs":{"url":"https://github.com/hexojs/fs/issues"},"_id":"hexo-fs@0.1.0","_shasum":"edfe10c129261f8bfd9a7f41080805b6285e287e","_from":".","_npmVersion":"2.1.8","_nodeVersion":"0.10.33","_npmUser":{"name":"tommy351","email":"tommy351@gmail.com"},"maintainers":[{"name":"tommy351","email":"tommy351@gmail.com"}],"dist":{"shasum":"edfe10c129261f8bfd9a7f41080805b6285e287e","tarball":"https://registry.npmjs.org/hexo-fs/-/hexo-fs-0.1.0.tgz"}},"0.1.1":{"name":"hexo-fs","version":"0.1.1","description":"File system module for Hexo.","main":"lib/fs","scripts":{"test":"gulp test"},"directories":{"lib":"./lib"},"engines":{"node":">= 0.10.0"},"repository":{"type":"git","url":"https://github.com/hexojs/fs"},"homepage":"http://hexo.io/","keywords":["hexo","fs","file","file system"],"author":{"name":"Tommy Chen","email":"tommy351@gmail.com","url":"http://zespia.tw"},"license":"MIT","dependencies":{"bluebird":"^2.3.11","chokidar":"^0.12.0","escape-string-regexp":"^1.0.2","graceful-fs":"^3.0.4"},"devDependencies":{"chai":"^1.9.1","coveralls":"^2.11.2","gulp":"^3.8.9","gulp-istanbul":"^0.5.0","gulp-jshint":"^1.8.6","gulp-load-plugins":"^0.7.0","gulp-mocha":"^2.0.0","jshint-stylish":"^1.0.0","mocha":"^2.0.1","rimraf":"^2.2.8"},"gitHead":"55c9b9130e38916566268cb52b5d534a467df9fa","bugs":{"url":"https://github.com/hexojs/fs/issues"},"_id":"hexo-fs@0.1.1","_shasum":"1ef3b31c7e9b2319f7f4fc5fad5358695189b35b","_from":".","_npmVersion":"2.2.0","_nodeVersion":"0.10.35","_npmUser":{"name":"tommy351","email":"tommy351@gmail.com"},"maintainers":[{"name":"tommy351","email":"tommy351@gmail.com"}],"dist":{"shasum":"1ef3b31c7e9b2319f7f4fc5fad5358695189b35b","tarball":"https://registry.npmjs.org/hexo-fs/-/hexo-fs-0.1.1.tgz"}},"0.1.2":{"name":"hexo-fs","version":"0.1.2","description":"File system module for Hexo.","main":"lib/fs","scripts":{"test":"gulp test"},"directories":{"lib":"./lib"},"engines":{"node":">= 0.10.0"},"repository":{"type":"git","url":"https://github.com/hexojs/fs"},"homepage":"http://hexo.io/","keywords":["hexo","fs","file","file system"],"author":{"name":"Tommy Chen","email":"tommy351@gmail.com","url":"http://zespia.tw"},"license":"MIT","dependencies":{"bluebird":"^2.3.11","chokidar":"^0.12.0","escape-string-regexp":"^1.0.2","graceful-fs":"^3.0.4"},"devDependencies":{"chai":"^1.9.1","coveralls":"^2.11.2","gulp":"^3.8.9","gulp-istanbul":"^0.5.0","gulp-jshint":"^1.8.6","gulp-load-plugins":"^0.7.0","gulp-mocha":"^2.0.0","jshint-stylish":"^1.0.0","mocha":"^2.0.1","rimraf":"^2.2.8"},"gitHead":"58cc77021a7d04d1cb10b66f1c2a7942b9c1e8bf","bugs":{"url":"https://github.com/hexojs/fs/issues"},"_id":"hexo-fs@0.1.2","_shasum":"f079f1b5c67e9619098df2c9363bf534ba5dde8e","_from":".","_npmVersion":"2.2.0","_nodeVersion":"0.10.35","_npmUser":{"name":"tommy351","email":"tommy351@gmail.com"},"maintainers":[{"name":"tommy351","email":"tommy351@gmail.com"}],"dist":{"shasum":"f079f1b5c67e9619098df2c9363bf534ba5dde8e","tarball":"https://registry.npmjs.org/hexo-fs/-/hexo-fs-0.1.2.tgz"}},"0.1.3":{"name":"hexo-fs","version":"0.1.3","description":"File system module for Hexo.","main":"lib/fs","scripts":{"test":"gulp test"},"directories":{"lib":"./lib"},"engines":{"node":">= 0.10.0"},"repository":{"type":"git","url":"https://github.com/hexojs/hexo-fs"},"homepage":"http://hexo.io/","keywords":["hexo","fs","file","file system"],"author":{"name":"Tommy Chen","email":"tommy351@gmail.com","url":"http://zespia.tw"},"license":"MIT","dependencies":{"bluebird":"^2.3.11","chokidar":"^0.12.0","escape-string-regexp":"^1.0.2","graceful-fs":"^3.0.4"},"devDependencies":{"chai":"^1.9.1","coveralls":"^2.11.2","gulp":"^3.8.9","gulp-istanbul":"^0.5.0","gulp-jshint":"^1.8.6","gulp-load-plugins":"^0.7.0","gulp-mocha":"^2.0.0","jshint-stylish":"^1.0.0","mocha":"^2.0.1","rimraf":"^2.2.8"},"gitHead":"6f817e7ea42c45dc283824196a4605fffa9163c9","bugs":{"url":"https://github.com/hexojs/hexo-fs/issues"},"_id":"hexo-fs@0.1.3","_shasum":"79d96817ae6e38b38e374f3f94dba0e9c6c681a8","_from":".","_npmVersion":"2.5.1","_nodeVersion":"0.12.0","_npmUser":{"name":"tommy351","email":"tommy351@gmail.com"},"maintainers":[{"name":"tommy351","email":"tommy351@gmail.com"}],"dist":{"shasum":"79d96817ae6e38b38e374f3f94dba0e9c6c681a8","tarball":"https://registry.npmjs.org/hexo-fs/-/hexo-fs-0.1.3.tgz"}},"0.1.4":{"name":"hexo-fs","version":"0.1.4","description":"File system module for Hexo.","main":"lib/fs","scripts":{"jshint":"jshint --reporter=node_modules/jshint-stylish lib test","test":"mocha -R spec test/index.js","test-cov":"istanbul cover --print both _mocha -- -R spec test/index.js && istanbul check-coverage"},"directories":{"lib":"./lib"},"engines":{"node":">= 0.10.0"},"repository":{"type":"git","url":"git+https://github.com/hexojs/hexo-fs.git"},"homepage":"http://hexo.io/","keywords":["file","file system","fs","hexo"],"author":{"name":"Tommy Chen","email":"tommy351@gmail.com","url":"http://zespia.tw"},"license":"MIT","dependencies":{"bluebird":"^2.9.34","chokidar":"^1.0.1","escape-string-regexp":"^1.0.2","graceful-fs":"^4.1.2"},"devDependencies":{"chai":"^3.2.0","coveralls":"^2.11.2","istanbul":"^0.3.18","jshint":"^2.8.0","jshint-stylish":"^2.0.1","mocha":"^2.0.1","rimraf":"^2.2.8"},"gitHead":"b4d35af365e335ec39aac45caebf52dc8e6d8f2f","bugs":{"url":"https://github.com/hexojs/hexo-fs/issues"},"_id":"hexo-fs@0.1.4","_shasum":"3fc9d5c1e7b659e6463497751b8c5c352090bed4","_from":".","_npmVersion":"3.1.2","_nodeVersion":"0.12.7","_npmUser":{"name":"tommy351","email":"tommy351@gmail.com"},"maintainers":[{"name":"tommy351","email":"tommy351@gmail.com"}],"dist":{"shasum":"3fc9d5c1e7b659e6463497751b8c5c352090bed4","tarball":"https://registry.npmjs.org/hexo-fs/-/hexo-fs-0.1.4.tgz"}},"0.1.5":{"name":"hexo-fs","version":"0.1.5","description":"File system module for Hexo.","main":"lib/fs","scripts":{"eslint":"eslint .","jscs":"jscs .","test":"mocha test/index.js","test-cov":"istanbul cover _mocha --print both test/index.js"},"directories":{"lib":"./lib"},"repository":{"type":"git","url":"git+https://github.com/hexojs/hexo-fs.git"},"homepage":"http://hexo.io/","keywords":["file","file system","fs","hexo"],"author":{"name":"Tommy Chen","email":"tommy351@gmail.com","url":"http://zespia.tw"},"license":"MIT","dependencies":{"bluebird":"^3.0.5","chokidar":"^1.2.0","escape-string-regexp":"^1.0.3","graceful-fs":"^4.1.2"},"devDependencies":{"chai":"^3.4.1","eslint":"^1.9.0","istanbul":"^0.4.0","jscs":"^2.5.1","mocha":"^2.3.3"},"gitHead":"a5e1242b031aa3c930262eb714a75b5b59d86fad","bugs":{"url":"https://github.com/hexojs/hexo-fs/issues"},"_id":"hexo-fs@0.1.5","_shasum":"90f0dd5135fe7106ab67f188619b2f6396b4c61f","_from":".","_npmVersion":"3.3.3","_nodeVersion":"4.0.0","_npmUser":{"name":"tommy351","email":"tommy351@gmail.com"},"maintainers":[{"name":"tommy351","email":"tommy351@gmail.com"}],"dist":{"shasum":"90f0dd5135fe7106ab67f188619b2f6396b4c61f","tarball":"https://registry.npmjs.org/hexo-fs/-/hexo-fs-0.1.5.tgz"}},"0.1.6":{"name":"hexo-fs","version":"0.1.6","description":"File system module for Hexo.","main":"lib/fs","scripts":{"eslint":"eslint .","jscs":"jscs .","test":"mocha test/index.js","test-cov":"istanbul cover _mocha --print both test/index.js"},"directories":{"lib":"./lib"},"repository":{"type":"git","url":"git+https://github.com/hexojs/hexo-fs.git"},"homepage":"http://hexo.io/","keywords":["file","file system","fs","hexo"],"author":{"name":"Tommy Chen","email":"tommy351@gmail.com","url":"http://zespia.tw"},"license":"MIT","dependencies":{"bluebird":"^3.4.0","chokidar":"^1.5.2","escape-string-regexp":"^1.0.5","graceful-fs":"^4.1.4"},"devDependencies":{"chai":"^3.5.0","eslint":"^2.12.0","eslint-config-hexo":"^1.0.3","istanbul":"^0.4.3","jscs":"^3.0.4","jscs-preset-hexo":"^1.0.1","mocha":"^2.5.3"},"gitHead":"6701017526aea1506cc5aaaf542d60e452d9c993","bugs":{"url":"https://github.com/hexojs/hexo-fs/issues"},"_id":"hexo-fs@0.1.6","_shasum":"f980ccc3bc79d0fb92eddbd887bc20a56500d03f","_from":".","_npmVersion":"3.7.1","_nodeVersion":"4.3.0","_npmUser":{"name":"tommy351","email":"tommy351@gmail.com"},"dist":{"shasum":"f980ccc3bc79d0fb92eddbd887bc20a56500d03f","tarball":"https://registry.npmjs.org/hexo-fs/-/hexo-fs-0.1.6.tgz"},"maintainers":[{"name":"tommy351","email":"tommy351@gmail.com"}],"_npmOperationalInternal":{"host":"packages-16-east.internal.npmjs.com","tmp":"tmp/hexo-fs-0.1.6.tgz_1465818651770_0.7421958271879703"}}},"readme":"# hexo-fs\n\n[![Build Status](https://travis-ci.org/hexojs/hexo-fs.svg?branch=master)](https://travis-ci.org/hexojs/hexo-fs)  [![NPM version](https://badge.fury.io/js/hexo-fs.svg)](http://badge.fury.io/js/hexo-fs) [![Coverage Status](https://img.shields.io/coveralls/hexojs/hexo-fs.svg)](https://coveralls.io/r/hexojs/hexo-fs?branch=master) [![Build status](https://ci.appveyor.com/api/projects/status/wift3c57kei3ylq4/branch/master?svg=true)](https://ci.appveyor.com/project/tommy351/hexo-fs/branch/master)\n\nFile system module for [Hexo].\n\n## Features\n\n- Support for both Promise and callback interface.\n- Use [graceful-fs] to avoid EMFILE error and various improvements.\n- Use [chokidar] for consistent file watching.\n\n## Installation\n\n``` bash\n$ npm install hexo-fs --save\n```\n\n## Usage\n\n``` js\nvar fs = require('hexo-fs');\n```\n\n> Some methods in the original fs module are not listed below, but they're available in hexo-fs.\n\n### exists(path, [callback])\n\nTest whether or not the given `path` exists by checking with the file system.\n\n### existsSync(path)\n\nSynchronous version of `fs.exists`.\n\n### mkdirs(path, [callback])\n\nCreates a directory and its parent directories if they does not exist.\n\n### mkdirsSync(path)\n\nSynchronous version of `fs.mkdirs`.\n\n### writeFile(path, data, [options], [callback])\n\nWrites data to a file.\n\nOption | Description | Default\n--- | --- | ---\n`encoding` | File encoding | utf8\n`mode` | Mode | 438 (0666 in octal)\n`flag` | Flag | w\n\n### writeFileSync(path, data, [options])\n\nSynchronous version of `fs.writeFile`.\n\n### appendFile(path, data, [options], [callback])\n\nAppends data to a file.\n\nOption | Description | Default\n--- | --- | ---\n`encoding` | File encoding | utf8\n`mode` | Mode | 438 (0666 in octal)\n`flag` | Flag | w\n\n### appendFileSync(path, data, [options])\n\nSynchronous version of `fs.appendFile`.\n\n### copyFile(src, dest, [callback])\n\nCopies a file from `src` to `dest`.\n\n### copyDir(src, dest, [options], [callback])\n\nCopies a directory from `src` to `dest`. It returns an array of copied files.\n\nOption | Description | Default\n--- | --- | ---\n`ignoreHidden` | Ignore hidden files | true\n`ignorePattern` | Ignore files which pass the regular expression |\n\n### listDir(path, [options], [callback])\n\nLists files in a directory.\n\nOption | Description | Default\n--- | --- | ---\n`ignoreHidden` | Ignore hidden files | true\n`ignorePattern` | Ignore files which pass the regular expression |\n\n### listDirSync(path, [options])\n\nSynchronous version of `fs.listDir`.\n\n### readFile(path, [options], [callback])\n\nReads the entire contents of a file.\n\nOption | Description | Default\n--- | --- | ---\n`encoding` | File encoding | utf8\n`flag` | Flag | r\n`escape` | Escape UTF BOM and line ending in the content | true\n\n### readFileSync(path, [options])\n\nSynchronous version of `fs.readFile`.\n\n### emptyDir(path, [options], [callback])\n\nDeletes all files in a directory. It returns an array of deleted files.\n\nOption | Description | Default\n--- | --- | ---\n`ignoreHidden` | Ignore hidden files | true\n`ignorePattern` | Ignore files which pass the regular expression |\n`exclude` | Ignore files in the array |\n\n### emptyDirSync(path, [options])\n\nSynchronous version of `fs.emptyDir`.\n\n### rmdir(path, [callback])\n\nRemoves a directory and all files in it.\n\n### rmdirSync(path)\n\nSynchronous version of `fs.rmdir`.\n\n### watch(path, [options], [callback])\n\nWatches changes of a file or a directory.\n\nSee [Chokidar API](https://github.com/paulmillr/chokidar#api) for more info.\n\n### ensurePath(path, [callback])\n\nEnsures the given path is available to use or appends a number to the path.\n\n### ensurePathSync(path)\n\nSynchronous version of `fs.ensurePath`.\n\n### ensureWriteStream(path, [options], [callback])\n\nCreates the parent directories if they does not exist and returns a writable stream.\n\n### ensureWriteStream(path, [options])\n\nSynchronous version of `fs.ensureWriteStream`.\n\n## License\n\nMIT\n\n[graceful-fs]: https://github.com/isaacs/node-graceful-fs\n[Hexo]: http://hexo.io/\n[chokidar]: https://github.com/paulmillr/chokidar","maintainers":[{"name":"tommy351","email":"tommy351@gmail.com"}],"time":{"modified":"2016-06-13T11:50:56.009Z","created":"2014-12-06T14:50:13.773Z","0.0.1":"2014-12-06T14:50:13.773Z","0.0.2":"2014-12-06T18:25:21.472Z","0.0.3":"2014-12-07T13:33:02.939Z","0.0.4":"2014-12-07T16:19:52.766Z","0.0.5":"2014-12-10T09:17:39.827Z","0.0.6":"2014-12-10T10:47:43.452Z","0.0.7":"2014-12-10T10:59:01.059Z","0.0.8":"2015-01-06T03:33:14.166Z","0.1.0":"2015-01-09T11:26:06.472Z","0.1.1":"2015-01-27T09:07:13.736Z","0.1.2":"2015-01-30T17:34:03.069Z","0.1.3":"2015-02-11T06:40:27.026Z","0.1.4":"2015-08-25T13:06:56.350Z","0.1.5":"2015-11-11T09:19:57.719Z","0.1.6":"2016-06-13T11:50:56.009Z"},"homepage":"http://hexo.io/","keywords":["file","file system","fs","hexo"],"repository":{"type":"git","url":"git+https://github.com/hexojs/hexo-fs.git"},"author":{"name":"Tommy Chen","email":"tommy351@gmail.com","url":"http://zespia.tw"},"bugs":{"url":"https://github.com/hexojs/hexo-fs/issues"},"license":"MIT","readmeFilename":"README.md","_attachments":{},"_etag":"\"4NFVT4MZD433S8Z7D2IRTHLEX\""}