{"_id":"isstream","_rev":"11-6b872912ca7ca62ae8a7598ad8de4b67","name":"isstream","description":"Determine if an object is a Stream","dist-tags":{"latest":"0.1.2"},"versions":{"0.0.0":{"name":"isstream","version":"0.0.0","description":"Determine if an object is a Stream","main":"isstream.js","scripts":{"test":"tar --xform 's/^package/readable-stream-1.0/' -zxf readable-stream-1.0.*.tgz && tar --xform 's/^package/readable-stream-1.1/' -zxf readable-stream-1.1.*.tgz && node test.js; rm -rf readable-stream-1.?/"},"repository":{"type":"git","url":"https://github.com/rvagg/isstream.git"},"keywords":["stream","type","streams","readable-stream","hippo"],"devDependencies":{"tape":"~2.12.3","core-util-is":"~1.0.0","isarray":"0.0.1","string_decoder":"~0.10.x","inherits":"~2.0.1"},"author":{"name":"Rod Vagg","email":"rod@vagg.org"},"license":"MIT","bugs":{"url":"https://github.com/rvagg/isstream/issues"},"homepage":"https://github.com/rvagg/isstream","_id":"isstream@0.0.0","dist":{"shasum":"566875667e0178ca298d5c869ff3ca6aba71e3f8","tarball":"https://registry.npmjs.org/isstream/-/isstream-0.0.0.tgz"},"_from":".","_npmVersion":"1.4.3","_npmUser":{"name":"rvagg","email":"rod@vagg.org"},"maintainers":[{"name":"rvagg","email":"rod@vagg.org"}],"directories":{}},"0.1.0":{"name":"isstream","version":"0.1.0","description":"Determine if an object is a Stream","main":"isstream.js","scripts":{"test":"tar --xform 's/^package/readable-stream-1.0/' -zxf readable-stream-1.0.*.tgz && tar --xform 's/^package/readable-stream-1.1/' -zxf readable-stream-1.1.*.tgz && node test.js; rm -rf readable-stream-1.?/"},"repository":{"type":"git","url":"https://github.com/rvagg/isstream.git"},"keywords":["stream","type","streams","readable-stream","hippo"],"devDependencies":{"tape":"~2.12.3","core-util-is":"~1.0.0","isarray":"0.0.1","string_decoder":"~0.10.x","inherits":"~2.0.1"},"author":{"name":"Rod Vagg","email":"rod@vagg.org"},"license":"MIT","bugs":{"url":"https://github.com/rvagg/isstream/issues"},"homepage":"https://github.com/rvagg/isstream","_id":"isstream@0.1.0","dist":{"shasum":"1fc062509b8c8902ee78d0a8d015ad3251472285","tarball":"https://registry.npmjs.org/isstream/-/isstream-0.1.0.tgz"},"_from":".","_npmVersion":"1.4.3","_npmUser":{"name":"rvagg","email":"rod@vagg.org"},"maintainers":[{"name":"rvagg","email":"rod@vagg.org"}],"directories":{}},"0.1.1":{"name":"isstream","version":"0.1.1","description":"Determine if an object is a Stream","main":"isstream.js","scripts":{"test":"tar --xform 's/^package/readable-stream-1.0/' -zxf readable-stream-1.0.*.tgz && tar --xform 's/^package/readable-stream-1.1/' -zxf readable-stream-1.1.*.tgz && node test.js; rm -rf readable-stream-1.?/"},"repository":{"type":"git","url":"https://github.com/rvagg/isstream.git"},"keywords":["stream","type","streams","readable-stream","hippo"],"devDependencies":{"tape":"~2.12.3","core-util-is":"~1.0.0","isarray":"0.0.1","string_decoder":"~0.10.x","inherits":"~2.0.1"},"author":{"name":"Rod Vagg","email":"rod@vagg.org"},"license":"MIT","bugs":{"url":"https://github.com/rvagg/isstream/issues"},"homepage":"https://github.com/rvagg/isstream","gitHead":"0406cfe2677231b7b23a229a61b15999bf60ce67","_id":"isstream@0.1.1","_shasum":"48332c5999893996ba253c81c7bd6e7ae0905c4f","_from":".","_npmVersion":"1.4.28","_npmUser":{"name":"rvagg","email":"rod@vagg.org"},"maintainers":[{"name":"rvagg","email":"rod@vagg.org"}],"dist":{"shasum":"48332c5999893996ba253c81c7bd6e7ae0905c4f","tarball":"https://registry.npmjs.org/isstream/-/isstream-0.1.1.tgz"},"directories":{}},"0.1.2":{"name":"isstream","version":"0.1.2","description":"Determine if an object is a Stream","main":"isstream.js","scripts":{"test":"tar --xform 's/^package/readable-stream-1.0/' -zxf readable-stream-1.0.*.tgz && tar --xform 's/^package/readable-stream-1.1/' -zxf readable-stream-1.1.*.tgz && node test.js; rm -rf readable-stream-1.?/"},"repository":{"type":"git","url":"https://github.com/rvagg/isstream.git"},"keywords":["stream","type","streams","readable-stream","hippo"],"devDependencies":{"tape":"~2.12.3","core-util-is":"~1.0.0","isarray":"0.0.1","string_decoder":"~0.10.x","inherits":"~2.0.1"},"author":{"name":"Rod Vagg","email":"rod@vagg.org"},"license":"MIT","bugs":{"url":"https://github.com/rvagg/isstream/issues"},"homepage":"https://github.com/rvagg/isstream","gitHead":"cd39cba6da939b4fc9110825203adc506422c3dc","_id":"isstream@0.1.2","_shasum":"47e63f7af55afa6f92e1500e690eb8b8529c099a","_from":".","_npmVersion":"2.6.1","_nodeVersion":"1.4.3","_npmUser":{"name":"rvagg","email":"rod@vagg.org"},"maintainers":[{"name":"rvagg","email":"rod@vagg.org"}],"dist":{"shasum":"47e63f7af55afa6f92e1500e690eb8b8529c099a","tarball":"https://registry.npmjs.org/isstream/-/isstream-0.1.2.tgz"},"directories":{}}},"readme":"# isStream\n\n[![Build Status](https://secure.travis-ci.org/rvagg/isstream.png)](http://travis-ci.org/rvagg/isstream)\n\n**Test if an object is a `Stream`**\n\n[![NPM](https://nodei.co/npm/isstream.svg)](https://nodei.co/npm/isstream/)\n\nThe missing `Stream.isStream(obj)`: determine if an object is standard Node.js `Stream`. Works for Node-core `Stream` objects (for 0.8, 0.10, 0.11, and in theory, older and newer versions) and all versions of **[readable-stream](https://github.com/isaacs/readable-stream)**.\n\n## Usage:\n\n```js\nvar isStream = require('isstream')\nvar Stream = require('stream')\n\nisStream(new Stream()) // true\n\nisStream({}) // false\n\nisStream(new Stream.Readable())    // true\nisStream(new Stream.Writable())    // true\nisStream(new Stream.Duplex())      // true\nisStream(new Stream.Transform())   // true\nisStream(new Stream.PassThrough()) // true\n```\n\n## But wait! There's more!\n\nYou can also test for `isReadable(obj)`, `isWritable(obj)` and `isDuplex(obj)` to test for implementations of Streams2 (and Streams3) base classes.\n\n```js\nvar isReadable = require('isstream').isReadable\nvar isWritable = require('isstream').isWritable\nvar isDuplex = require('isstream').isDuplex\nvar Stream = require('stream')\n\nisReadable(new Stream()) // false\nisWritable(new Stream()) // false\nisDuplex(new Stream())   // false\n\nisReadable(new Stream.Readable())    // true\nisReadable(new Stream.Writable())    // false\nisReadable(new Stream.Duplex())      // true\nisReadable(new Stream.Transform())   // true\nisReadable(new Stream.PassThrough()) // true\n\nisWritable(new Stream.Readable())    // false\nisWritable(new Stream.Writable())    // true\nisWritable(new Stream.Duplex())      // true\nisWritable(new Stream.Transform())   // true\nisWritable(new Stream.PassThrough()) // true\n\nisDuplex(new Stream.Readable())    // false\nisDuplex(new Stream.Writable())    // false\nisDuplex(new Stream.Duplex())      // true\nisDuplex(new Stream.Transform())   // true\nisDuplex(new Stream.PassThrough()) // true\n```\n\n*Reminder: when implementing your own streams, please [use **readable-stream** rather than core streams](http://r.va.gg/2014/06/why-i-dont-use-nodes-core-stream-module.html).*\n\n\n## License\n\n**isStream** is Copyright (c) 2015 Rod Vagg [@rvagg](https://twitter.com/rvagg) and licenced under the MIT licence. All rights not explicitly granted in the MIT license are reserved. See the included LICENSE.md file for more details.\n","maintainers":[{"name":"rvagg","email":"rod@vagg.org"}],"time":{"modified":"2015-03-07T00:15:15.512Z","created":"2014-04-07T00:03:04.615Z","0.0.0":"2014-04-07T00:03:04.615Z","0.1.0":"2014-04-07T00:38:39.891Z","0.1.1":"2014-12-08T23:11:38.322Z","0.1.2":"2015-03-07T00:15:15.512Z"},"homepage":"https://github.com/rvagg/isstream","keywords":["stream","type","streams","readable-stream","hippo"],"repository":{"type":"git","url":"https://github.com/rvagg/isstream.git"},"author":{"name":"Rod Vagg","email":"rod@vagg.org"},"bugs":{"url":"https://github.com/rvagg/isstream/issues"},"license":"MIT","readmeFilename":"README.md","users":{"wenbing":true,"antixrist":true,"leizongmin":true},"_attachments":{},"_etag":"\"8O5QEBWRLEEVTLWX7C69F3IPM\""}