{"_id":"os-locale","_rev":"16-9d7592f8e9cfe734b3acf601d200085e","name":"os-locale","description":"Get the system locale","dist-tags":{"latest":"1.4.0"},"versions":{"1.0.0":{"name":"os-locale","version":"1.0.0","description":"Get the system locale","license":"MIT","repository":{"type":"git","url":"https://github.com/sindresorhus/os-locale"},"author":{"name":"Sindre Sorhus","email":"sindresorhus@gmail.com","url":"sindresorhus.com"},"engines":{"node":">=0.10.0"},"scripts":{"test":"node test.js"},"files":["index.js"],"keywords":["locale","lang","language","system","os","string","str","user","country","id","identifier","region"],"dependencies":{"lcid":"^1.0.0"},"devDependencies":{"ava":"0.0.4"},"gitHead":"34c02ef169549743a7813421b5681161eeb0aaad","bugs":{"url":"https://github.com/sindresorhus/os-locale/issues"},"homepage":"https://github.com/sindresorhus/os-locale","_id":"os-locale@1.0.0","_shasum":"a0c1cec602ca44285a1a6679abe73c5e23188153","_from":".","_npmVersion":"2.5.1","_nodeVersion":"0.12.0","_npmUser":{"name":"sindresorhus","email":"sindresorhus@gmail.com"},"maintainers":[{"name":"sindresorhus","email":"sindresorhus@gmail.com"}],"dist":{"shasum":"a0c1cec602ca44285a1a6679abe73c5e23188153","tarball":"https://registry.npmjs.org/os-locale/-/os-locale-1.0.0.tgz"},"directories":{}},"1.0.1":{"name":"os-locale","version":"1.0.1","description":"Get the system locale","license":"MIT","repository":{"type":"git","url":"git+https://github.com/sindresorhus/os-locale.git"},"author":{"name":"Sindre Sorhus","email":"sindresorhus@gmail.com","url":"sindresorhus.com"},"engines":{"node":">=0.10.0"},"scripts":{"test":"node test.js"},"files":["index.js"],"keywords":["locale","lang","language","system","os","string","str","user","country","id","identifier","region"],"dependencies":{"lcid":"^1.0.0"},"devDependencies":{"ava":"0.0.4"},"gitHead":"cd941911d0a7df4ea60716a9bd5c8a0721b61378","bugs":{"url":"https://github.com/sindresorhus/os-locale/issues"},"homepage":"https://github.com/sindresorhus/os-locale#readme","_id":"os-locale@1.0.1","_shasum":"ccf7b5a10e31ee408099da65088b405e08912b2e","_from":".","_npmVersion":"2.9.0","_nodeVersion":"0.10.38","_npmUser":{"name":"sindresorhus","email":"sindresorhus@gmail.com"},"dist":{"shasum":"ccf7b5a10e31ee408099da65088b405e08912b2e","tarball":"https://registry.npmjs.org/os-locale/-/os-locale-1.0.1.tgz"},"maintainers":[{"name":"sindresorhus","email":"sindresorhus@gmail.com"}],"directories":{}},"1.1.0":{"name":"os-locale","version":"1.1.0","description":"Get the system locale","license":"MIT","repository":{"type":"git","url":"https://github.com/sindresorhus/os-locale"},"author":{"name":"Sindre Sorhus","email":"sindresorhus@gmail.com","url":"sindresorhus.com"},"engines":{"node":">=0.10.0"},"scripts":{"test":"node test.js"},"files":["index.js"],"keywords":["locale","lang","language","system","os","string","str","user","country","id","identifier","region"],"dependencies":{"lcid":"^1.0.0"},"devDependencies":{"ava":"0.0.4"},"gitHead":"17355e53267a4bb9f27f580a1b5fdf043b175a0f","bugs":{"url":"https://github.com/sindresorhus/os-locale/issues"},"homepage":"https://github.com/sindresorhus/os-locale","_id":"os-locale@1.1.0","_shasum":"ac410f7ea12777c56625b67bde1039724df5660a","_from":".","_npmVersion":"2.11.2","_nodeVersion":"0.12.5","_npmUser":{"name":"sindresorhus","email":"sindresorhus@gmail.com"},"dist":{"shasum":"ac410f7ea12777c56625b67bde1039724df5660a","tarball":"https://registry.npmjs.org/os-locale/-/os-locale-1.1.0.tgz"},"maintainers":[{"name":"sindresorhus","email":"sindresorhus@gmail.com"}],"directories":{}},"1.2.0":{"name":"os-locale","version":"1.2.0","description":"Get the system locale","license":"MIT","repository":{"type":"git","url":"https://github.com/sindresorhus/os-locale"},"author":{"name":"Sindre Sorhus","email":"sindresorhus@gmail.com","url":"sindresorhus.com"},"engines":{"node":">=0.10.0"},"scripts":{"test":"xo && node test.js"},"files":["index.js"],"keywords":["locale","lang","language","system","os","string","str","user","country","id","identifier","region"],"dependencies":{"exec-file-sync":"^2.0.0","lcid":"^1.0.0"},"devDependencies":{"ava":"0.0.4","xo":"*"},"gitHead":"153dbddc7b4cafe2fda758dfdffb2c6fdeb31503","bugs":{"url":"https://github.com/sindresorhus/os-locale/issues"},"homepage":"https://github.com/sindresorhus/os-locale","_id":"os-locale@1.2.0","_shasum":"746dec5adb612c18a2543903323c172ba1a900a6","_from":".","_npmVersion":"2.11.2","_nodeVersion":"0.12.5","_npmUser":{"name":"sindresorhus","email":"sindresorhus@gmail.com"},"dist":{"shasum":"746dec5adb612c18a2543903323c172ba1a900a6","tarball":"https://registry.npmjs.org/os-locale/-/os-locale-1.2.0.tgz"},"maintainers":[{"name":"sindresorhus","email":"sindresorhus@gmail.com"}],"directories":{}},"1.2.1":{"name":"os-locale","version":"1.2.1","description":"Get the system locale","license":"MIT","repository":{"type":"git","url":"git+https://github.com/sindresorhus/os-locale.git"},"author":{"name":"Sindre Sorhus","email":"sindresorhus@gmail.com","url":"sindresorhus.com"},"engines":{"node":">=0.10.0"},"scripts":{"test":"xo && node test.js"},"files":["index.js"],"keywords":["locale","lang","language","system","os","string","str","user","country","id","identifier","region"],"dependencies":{"exec-file-sync":"^2.0.0","lcid":"^1.0.0"},"devDependencies":{"ava":"0.0.4","xo":"*"},"gitHead":"9e6fe2926ce79d2c6906cb4a40d033c95535742e","bugs":{"url":"https://github.com/sindresorhus/os-locale/issues"},"homepage":"https://github.com/sindresorhus/os-locale#readme","_id":"os-locale@1.2.1","_shasum":"d4f573c4792a063c0535ea5d2993439ccbd26e32","_from":".","_npmVersion":"2.11.3","_nodeVersion":"0.12.7","_npmUser":{"name":"sindresorhus","email":"sindresorhus@gmail.com"},"dist":{"shasum":"d4f573c4792a063c0535ea5d2993439ccbd26e32","tarball":"https://registry.npmjs.org/os-locale/-/os-locale-1.2.1.tgz"},"maintainers":[{"name":"sindresorhus","email":"sindresorhus@gmail.com"}],"directories":{}},"1.3.0":{"name":"os-locale","version":"1.3.0","description":"Get the system locale","license":"MIT","repository":{"type":"git","url":"https://github.com/sindresorhus/os-locale"},"author":{"name":"Sindre Sorhus","email":"sindresorhus@gmail.com","url":"sindresorhus.com"},"engines":{"node":">=0.10.0"},"scripts":{"test":"xo && ava"},"files":["index.js"],"keywords":["locale","lang","language","system","os","string","str","user","country","id","identifier","region"],"dependencies":{"lcid":"^1.0.0"},"devDependencies":{"ava":"*","require-uncached":"^1.0.2","xo":"*"},"gitHead":"3d6405a69a67c0fa61f314e0f6cdeef3bda8abf7","bugs":{"url":"https://github.com/sindresorhus/os-locale/issues"},"homepage":"https://github.com/sindresorhus/os-locale","_id":"os-locale@1.3.0","_shasum":"897fb0db5cea507a2666547f582dd9b9d900c4c7","_from":".","_npmVersion":"2.11.3","_nodeVersion":"0.12.7","_npmUser":{"name":"sindresorhus","email":"sindresorhus@gmail.com"},"dist":{"shasum":"897fb0db5cea507a2666547f582dd9b9d900c4c7","tarball":"https://registry.npmjs.org/os-locale/-/os-locale-1.3.0.tgz"},"maintainers":[{"name":"abg","email":"andrewbgoode@gmail.com"},{"name":"bcoe","email":"ben@npmjs.com"},{"name":"sindresorhus","email":"sindresorhus@gmail.com"}],"directories":{}},"1.3.1":{"name":"os-locale","version":"1.3.1","description":"Get the system locale","license":"MIT","repository":{"type":"git","url":"https://github.com/sindresorhus/os-locale"},"author":{"name":"Sindre Sorhus","email":"sindresorhus@gmail.com","url":"sindresorhus.com"},"engines":{"node":">=0.10.0"},"scripts":{"test":"xo && ava"},"files":["index.js"],"keywords":["locale","lang","language","system","os","string","str","user","country","id","identifier","region"],"dependencies":{"lcid":"^1.0.0"},"devDependencies":{"ava":"*","require-uncached":"^1.0.2","xo":"*"},"gitHead":"13d3057cdf98bab2dba3e17f4fe941e422c1a942","bugs":{"url":"https://github.com/sindresorhus/os-locale/issues"},"homepage":"https://github.com/sindresorhus/os-locale","_id":"os-locale@1.3.1","_shasum":"c9a3a1c99b25a232c220a18d317acc94019e0ef1","_from":".","_npmVersion":"2.11.3","_nodeVersion":"0.12.7","_npmUser":{"name":"abg","email":"andrewbgoode@gmail.com"},"maintainers":[{"name":"abg","email":"andrewbgoode@gmail.com"},{"name":"bcoe","email":"ben@npmjs.com"},{"name":"sindresorhus","email":"sindresorhus@gmail.com"}],"dist":{"shasum":"c9a3a1c99b25a232c220a18d317acc94019e0ef1","tarball":"https://registry.npmjs.org/os-locale/-/os-locale-1.3.1.tgz"},"directories":{}},"1.4.0":{"name":"os-locale","version":"1.4.0","description":"Get the system locale","license":"MIT","repository":{"type":"git","url":"https://github.com/sindresorhus/os-locale"},"author":{"name":"Sindre Sorhus","email":"sindresorhus@gmail.com","url":"sindresorhus.com"},"engines":{"node":">=0.10.0"},"scripts":{"test":"xo && ava"},"files":["index.js"],"keywords":["locale","lang","language","system","os","string","str","user","country","id","identifier","region"],"dependencies":{"lcid":"^1.0.0"},"devDependencies":{"ava":"*","require-uncached":"^1.0.2","xo":"*"},"gitHead":"b5c88233910b2e959fe84d841addb7a15e1cc813","bugs":{"url":"https://github.com/sindresorhus/os-locale/issues"},"homepage":"https://github.com/sindresorhus/os-locale","_id":"os-locale@1.4.0","_shasum":"20f9f17ae29ed345e8bde583b13d2009803c14d9","_from":".","_npmVersion":"2.13.3","_nodeVersion":"3.0.0","_npmUser":{"name":"sindresorhus","email":"sindresorhus@gmail.com"},"dist":{"shasum":"20f9f17ae29ed345e8bde583b13d2009803c14d9","tarball":"https://registry.npmjs.org/os-locale/-/os-locale-1.4.0.tgz"},"maintainers":[{"name":"abg","email":"andrewbgoode@gmail.com"},{"name":"bcoe","email":"ben@npmjs.com"},{"name":"sindresorhus","email":"sindresorhus@gmail.com"}],"directories":{}}},"readme":"# os-locale [![Build Status](https://travis-ci.org/sindresorhus/os-locale.svg?branch=master)](https://travis-ci.org/sindresorhus/os-locale)\n\n> Get the system [locale](http://en.wikipedia.org/wiki/Locale)\n\nUseful for localizing your module or app.\n\nPOSIX systems: The returned locale refers to the [`LC_MESSAGE`](http://www.gnu.org/software/libc/manual/html_node/Locale-Categories.html#Locale-Categories) category, suitable for selecting the language used in the user interface for message translation.\n\n\n## Install\n\n```\n$ npm install --save os-locale\n```\n\n\n## Usage\n\n```js\nvar osLocale = require('os-locale');\n\nosLocale(function (err, locale) {\n\tconsole.log(locale);\n\t//=> 'en_US'\n});\n```\n\n\n## API\n\n### osLocale([options], callback(error, locale))\n\n### osLocale.sync([options])\n\nReturns the locale.\n\n#### options.spawn\n\nType: `boolean`  \nDefault: `true`\n\nSet to `false` to avoid spawning subprocesses and instead only resolve the locale from environment variables.\n\n\n## License\n\nMIT © [Sindre Sorhus](http://sindresorhus.com)\n","maintainers":[{"name":"bcoe","email":"ben@npmjs.com"},{"name":"nexdrew","email":"andrew@npmjs.com"},{"name":"sindresorhus","email":"sindresorhus@gmail.com"}],"time":{"modified":"2016-10-08T12:28:18.938Z","created":"2015-03-16T07:18:34.088Z","1.0.0":"2015-03-16T07:18:34.088Z","1.0.1":"2015-05-06T10:26:46.592Z","1.1.0":"2015-07-29T12:05:02.669Z","1.2.0":"2015-08-14T08:00:04.998Z","1.2.1":"2015-08-28T20:47:52.999Z","1.3.0":"2015-09-03T10:31:39.501Z","1.3.1":"2015-09-03T11:15:32.093Z","1.4.0":"2015-09-08T06:10:00.666Z"},"homepage":"https://github.com/sindresorhus/os-locale","keywords":["locale","lang","language","system","os","string","str","user","country","id","identifier","region"],"repository":{"type":"git","url":"https://github.com/sindresorhus/os-locale"},"author":{"name":"Sindre Sorhus","email":"sindresorhus@gmail.com","url":"sindresorhus.com"},"bugs":{"url":"https://github.com/sindresorhus/os-locale/issues"},"license":"MIT","readmeFilename":"readme.md","users":{"mysticatea":true,"bojand":true,"axelrindle":true},"_attachments":{},"_etag":"\"2L9WW3ZZN2LPAF3QPH51UAJSJ\""}