{"_id":"content-disposition","_rev":"27-b39161535ae4f346918691c7ce9594c9","name":"content-disposition","description":"Create and parse Content-Disposition header","dist-tags":{"latest":"0.5.1"},"versions":{"0.0.0":{"name":"content-disposition","description":"Create an attachment Content-Disposition header","version":"0.0.0","contributors":[{"name":"Douglas Christopher Wilson","email":"doug@somethingdoug.com"}],"license":"MIT","keywords":["content-disposition","http","rfc6266","res"],"repository":{"type":"git","url":"https://github.com/jshttp/content-disposition"},"devDependencies":{"istanbul":"0.3.2","mocha":"~1.21.4"},"files":["LICENSE","HISTORY.md","README.md","index.js"],"engines":{"node":">= 0.6"},"scripts":{"test":"mocha --reporter spec --bail --check-leaks test/","test-cov":"istanbul cover node_modules/mocha/bin/_mocha -- --reporter dot --check-leaks test/","test-travis":"istanbul cover node_modules/mocha/bin/_mocha --report lcovonly -- --reporter spec --check-leaks test/"},"gitHead":"5ab443630137b8adfa5b030d9375d00ae5fcf286","bugs":{"url":"https://github.com/jshttp/content-disposition/issues"},"homepage":"https://github.com/jshttp/content-disposition","_id":"content-disposition@0.0.0","_shasum":"836890c43058eb815cf16b9e8c190ec6221330a2","_from":".","_npmVersion":"1.4.21","_npmUser":{"name":"dougwilson","email":"doug@somethingdoug.com"},"maintainers":[{"name":"dougwilson","email":"doug@somethingdoug.com"}],"dist":{"shasum":"836890c43058eb815cf16b9e8c190ec6221330a2","tarball":"https://registry.npmjs.org/content-disposition/-/content-disposition-0.0.0.tgz"},"directories":{}},"0.1.0":{"name":"content-disposition","description":"Create an attachment Content-Disposition header","version":"0.1.0","contributors":[{"name":"Douglas Christopher Wilson","email":"doug@somethingdoug.com"}],"license":"MIT","keywords":["content-disposition","http","rfc6266","res"],"repository":{"type":"git","url":"https://github.com/jshttp/content-disposition"},"devDependencies":{"istanbul":"0.3.2","mocha":"~1.21.4"},"files":["LICENSE","HISTORY.md","README.md","index.js"],"engines":{"node":">= 0.6"},"scripts":{"test":"mocha --reporter spec --bail --check-leaks test/","test-cov":"istanbul cover node_modules/mocha/bin/_mocha -- --reporter dot --check-leaks test/","test-travis":"istanbul cover node_modules/mocha/bin/_mocha --report lcovonly -- --reporter spec --check-leaks test/"},"gitHead":"66b641f4a42ae66d762ec4995ebad6d75db86e7d","bugs":{"url":"https://github.com/jshttp/content-disposition/issues"},"homepage":"https://github.com/jshttp/content-disposition","_id":"content-disposition@0.1.0","_shasum":"66658a81614f35b209fab5562feeeb4acf25105c","_from":".","_npmVersion":"1.4.21","_npmUser":{"name":"dougwilson","email":"doug@somethingdoug.com"},"maintainers":[{"name":"dougwilson","email":"doug@somethingdoug.com"}],"dist":{"shasum":"66658a81614f35b209fab5562feeeb4acf25105c","tarball":"https://registry.npmjs.org/content-disposition/-/content-disposition-0.1.0.tgz"},"directories":{}},"0.1.1":{"name":"content-disposition","description":"Create an attachment Content-Disposition header","version":"0.1.1","contributors":[{"name":"Douglas Christopher Wilson","email":"doug@somethingdoug.com"}],"license":"MIT","keywords":["content-disposition","http","rfc6266","res"],"repository":{"type":"git","url":"https://github.com/jshttp/content-disposition"},"devDependencies":{"istanbul":"0.3.2","mocha":"~1.21.4"},"files":["LICENSE","HISTORY.md","README.md","index.js"],"engines":{"node":">= 0.6"},"scripts":{"test":"mocha --reporter spec --bail --check-leaks test/","test-cov":"istanbul cover node_modules/mocha/bin/_mocha -- --reporter dot --check-leaks test/","test-travis":"istanbul cover node_modules/mocha/bin/_mocha --report lcovonly -- --reporter spec --check-leaks test/"},"gitHead":"ef54df731e18d33ba33562479c8e51e618817b81","bugs":{"url":"https://github.com/jshttp/content-disposition/issues"},"homepage":"https://github.com/jshttp/content-disposition","_id":"content-disposition@0.1.1","_shasum":"73affd67d9f2795cbc1a28869c6c5b5c469b6e45","_from":".","_npmVersion":"1.4.21","_npmUser":{"name":"dougwilson","email":"doug@somethingdoug.com"},"maintainers":[{"name":"dougwilson","email":"doug@somethingdoug.com"}],"dist":{"shasum":"73affd67d9f2795cbc1a28869c6c5b5c469b6e45","tarball":"https://registry.npmjs.org/content-disposition/-/content-disposition-0.1.1.tgz"},"directories":{}},"0.2.0":{"name":"content-disposition","description":"Create an attachment Content-Disposition header","version":"0.2.0","contributors":[{"name":"Douglas Christopher Wilson","email":"doug@somethingdoug.com"}],"license":"MIT","keywords":["content-disposition","http","rfc6266","res"],"repository":{"type":"git","url":"https://github.com/jshttp/content-disposition"},"devDependencies":{"istanbul":"0.3.2","mocha":"~1.21.4"},"files":["LICENSE","HISTORY.md","README.md","index.js"],"engines":{"node":">= 0.6"},"scripts":{"test":"mocha --reporter spec --bail --check-leaks test/","test-cov":"istanbul cover node_modules/mocha/bin/_mocha -- --reporter dot --check-leaks test/","test-travis":"istanbul cover node_modules/mocha/bin/_mocha --report lcovonly -- --reporter spec --check-leaks test/"},"gitHead":"5769394c412b559cc3c11d50e4ee52939cb06248","bugs":{"url":"https://github.com/jshttp/content-disposition/issues"},"homepage":"https://github.com/jshttp/content-disposition","_id":"content-disposition@0.2.0","_shasum":"74cd6d87997f23fa4d72e3dab5cc0bf2be1fe0ce","_from":".","_npmVersion":"1.4.21","_npmUser":{"name":"dougwilson","email":"doug@somethingdoug.com"},"maintainers":[{"name":"dougwilson","email":"doug@somethingdoug.com"}],"dist":{"shasum":"74cd6d87997f23fa4d72e3dab5cc0bf2be1fe0ce","tarball":"https://registry.npmjs.org/content-disposition/-/content-disposition-0.2.0.tgz"},"directories":{}},"0.1.2":{"name":"content-disposition","description":"Create an attachment Content-Disposition header","version":"0.1.2","contributors":[{"name":"Douglas Christopher Wilson","email":"doug@somethingdoug.com"}],"license":"MIT","keywords":["content-disposition","http","rfc6266","res"],"repository":{"type":"git","url":"https://github.com/jshttp/content-disposition"},"devDependencies":{"istanbul":"0.3.2","mocha":"~1.21.4"},"files":["LICENSE","HISTORY.md","README.md","index.js"],"engines":{"node":">= 0.6"},"scripts":{"test":"mocha --reporter spec --bail --check-leaks test/","test-cov":"istanbul cover node_modules/mocha/bin/_mocha -- --reporter dot --check-leaks test/","test-travis":"istanbul cover node_modules/mocha/bin/_mocha --report lcovonly -- --reporter spec --check-leaks test/"},"gitHead":"775f752ec49d564eacd0ea6b508e3658f7c0d9b6","bugs":{"url":"https://github.com/jshttp/content-disposition/issues"},"homepage":"https://github.com/jshttp/content-disposition","_id":"content-disposition@0.1.2","_shasum":"df995b34be2a2c0c205ea5887d25eb598403e7bf","_from":".","_npmVersion":"1.4.21","_npmUser":{"name":"dougwilson","email":"doug@somethingdoug.com"},"maintainers":[{"name":"dougwilson","email":"doug@somethingdoug.com"}],"dist":{"shasum":"df995b34be2a2c0c205ea5887d25eb598403e7bf","tarball":"https://registry.npmjs.org/content-disposition/-/content-disposition-0.1.2.tgz"},"directories":{}},"0.3.0":{"name":"content-disposition","description":"Create an attachment Content-Disposition header","version":"0.3.0","contributors":[{"name":"Douglas Christopher Wilson","email":"doug@somethingdoug.com"}],"license":"MIT","keywords":["content-disposition","http","rfc6266","res"],"repository":{"type":"git","url":"https://github.com/jshttp/content-disposition"},"devDependencies":{"istanbul":"0.3.2","mocha":"~1.21.4"},"files":["LICENSE","HISTORY.md","README.md","index.js"],"engines":{"node":">= 0.6"},"scripts":{"test":"mocha --reporter spec --bail --check-leaks test/","test-cov":"istanbul cover node_modules/mocha/bin/_mocha -- --reporter dot --check-leaks test/","test-travis":"istanbul cover node_modules/mocha/bin/_mocha --report lcovonly -- --reporter spec --check-leaks test/"},"gitHead":"f347389f873d79ea7b529bf05857f1ef8ddf98d6","bugs":{"url":"https://github.com/jshttp/content-disposition/issues"},"homepage":"https://github.com/jshttp/content-disposition","_id":"content-disposition@0.3.0","_shasum":"c416865f3637ccfdfe954604b8dce158ea6ec075","_from":".","_npmVersion":"1.4.21","_npmUser":{"name":"dougwilson","email":"doug@somethingdoug.com"},"maintainers":[{"name":"dougwilson","email":"doug@somethingdoug.com"}],"dist":{"shasum":"c416865f3637ccfdfe954604b8dce158ea6ec075","tarball":"https://registry.npmjs.org/content-disposition/-/content-disposition-0.3.0.tgz"},"directories":{}},"0.4.0":{"name":"content-disposition","description":"Create an attachment Content-Disposition header","version":"0.4.0","contributors":[{"name":"Douglas Christopher Wilson","email":"doug@somethingdoug.com"}],"license":"MIT","keywords":["content-disposition","http","rfc6266","res"],"repository":{"type":"git","url":"https://github.com/jshttp/content-disposition"},"devDependencies":{"istanbul":"0.3.2","mocha":"~1.21.4"},"files":["LICENSE","HISTORY.md","README.md","index.js"],"engines":{"node":">= 0.6"},"scripts":{"test":"mocha --reporter spec --bail --check-leaks test/","test-cov":"istanbul cover node_modules/mocha/bin/_mocha -- --reporter dot --check-leaks test/","test-travis":"istanbul cover node_modules/mocha/bin/_mocha --report lcovonly -- --reporter spec --check-leaks test/"},"gitHead":"f09cb955eb1ed0db2d0ed2708a5c95e6f119ad50","bugs":{"url":"https://github.com/jshttp/content-disposition/issues"},"homepage":"https://github.com/jshttp/content-disposition","_id":"content-disposition@0.4.0","_shasum":"e91e43f22fd1d58b44dfe0cf089502fa9ffec2bb","_from":".","_npmVersion":"1.4.21","_npmUser":{"name":"dougwilson","email":"doug@somethingdoug.com"},"maintainers":[{"name":"dougwilson","email":"doug@somethingdoug.com"}],"dist":{"shasum":"e91e43f22fd1d58b44dfe0cf089502fa9ffec2bb","tarball":"https://registry.npmjs.org/content-disposition/-/content-disposition-0.4.0.tgz"},"directories":{}},"0.5.0":{"name":"content-disposition","description":"Create and parse Content-Disposition header","version":"0.5.0","contributors":[{"name":"Douglas Christopher Wilson","email":"doug@somethingdoug.com"}],"license":"MIT","keywords":["content-disposition","http","rfc6266","res"],"repository":{"type":"git","url":"https://github.com/jshttp/content-disposition"},"devDependencies":{"istanbul":"0.3.2","mocha":"~1.21.4"},"files":["LICENSE","HISTORY.md","README.md","index.js"],"engines":{"node":">= 0.6"},"scripts":{"test":"mocha --reporter spec --bail --check-leaks test/","test-cov":"istanbul cover node_modules/mocha/bin/_mocha -- --reporter dot --check-leaks test/","test-travis":"istanbul cover node_modules/mocha/bin/_mocha --report lcovonly -- --reporter spec --check-leaks test/"},"gitHead":"f3c915f0c9d9f5ec79713dba24c8c6181b73305d","bugs":{"url":"https://github.com/jshttp/content-disposition/issues"},"homepage":"https://github.com/jshttp/content-disposition","_id":"content-disposition@0.5.0","_shasum":"4284fe6ae0630874639e44e80a418c2934135e9e","_from":".","_npmVersion":"1.4.21","_npmUser":{"name":"dougwilson","email":"doug@somethingdoug.com"},"maintainers":[{"name":"dougwilson","email":"doug@somethingdoug.com"}],"dist":{"shasum":"4284fe6ae0630874639e44e80a418c2934135e9e","tarball":"https://registry.npmjs.org/content-disposition/-/content-disposition-0.5.0.tgz"},"directories":{}},"0.5.1":{"name":"content-disposition","description":"Create and parse Content-Disposition header","version":"0.5.1","contributors":[{"name":"Douglas Christopher Wilson","email":"doug@somethingdoug.com"}],"license":"MIT","keywords":["content-disposition","http","rfc6266","res"],"repository":{"type":"git","url":"https://github.com/jshttp/content-disposition"},"devDependencies":{"istanbul":"0.4.2","mocha":"1.21.5"},"files":["LICENSE","HISTORY.md","README.md","index.js"],"engines":{"node":">= 0.6"},"scripts":{"test":"mocha --reporter spec --bail --check-leaks test/","test-cov":"istanbul cover node_modules/mocha/bin/_mocha -- --reporter dot --check-leaks test/","test-travis":"istanbul cover node_modules/mocha/bin/_mocha --report lcovonly -- --reporter spec --check-leaks test/"},"gitHead":"7b391db3af5629d4c698f1de21802940bb9f22a5","bugs":{"url":"https://github.com/jshttp/content-disposition/issues"},"homepage":"https://github.com/jshttp/content-disposition","_id":"content-disposition@0.5.1","_shasum":"87476c6a67c8daa87e32e87616df883ba7fb071b","_from":".","_npmVersion":"1.4.28","_npmUser":{"name":"dougwilson","email":"doug@somethingdoug.com"},"maintainers":[{"name":"dougwilson","email":"doug@somethingdoug.com"}],"dist":{"shasum":"87476c6a67c8daa87e32e87616df883ba7fb071b","tarball":"https://registry.npmjs.org/content-disposition/-/content-disposition-0.5.1.tgz"},"directories":{}}},"readme":"# content-disposition\n\n[![NPM Version][npm-image]][npm-url]\n[![NPM Downloads][downloads-image]][downloads-url]\n[![Node.js Version][node-version-image]][node-version-url]\n[![Build Status][travis-image]][travis-url]\n[![Test Coverage][coveralls-image]][coveralls-url]\n\nCreate and parse HTTP `Content-Disposition` header\n\n## Installation\n\n```sh\n$ npm install content-disposition\n```\n\n## API\n\n```js\nvar contentDisposition = require('content-disposition')\n```\n\n### contentDisposition(filename, options)\n\nCreate an attachment `Content-Disposition` header value using the given file name,\nif supplied. The `filename` is optional and if no file name is desired, but you\nwant to specify `options`, set `filename` to `undefined`.\n\n```js\nres.setHeader('Content-Disposition', contentDisposition('∫ maths.pdf'))\n```\n\n**note** HTTP headers are of the ISO-8859-1 character set. If you are writing this\nheader through a means different from `setHeader` in Node.js, you'll want to specify\nthe `'binary'` encoding in Node.js.\n\n#### Options\n\n`contentDisposition` accepts these properties in the options object.\n\n##### fallback\n\nIf the `filename` option is outside ISO-8859-1, then the file name is actually\nstored in a supplemental field for clients that support Unicode file names and\na ISO-8859-1 version of the file name is automatically generated.\n\nThis specifies the ISO-8859-1 file name to override the automatic generation or\ndisables the generation all together, defaults to `true`.\n\n  - A string will specify the ISO-8859-1 file name to use in place of automatic\n    generation.\n  - `false` will disable including a ISO-8859-1 file name and only include the\n    Unicode version (unless the file name is already ISO-8859-1).\n  - `true` will enable automatic generation if the file name is outside ISO-8859-1.\n\nIf the `filename` option is ISO-8859-1 and this option is specified and has a\ndifferent value, then the `filename` option is encoded in the extended field\nand this set as the fallback field, even though they are both ISO-8859-1.\n\n##### type\n\nSpecifies the disposition type, defaults to `\"attachment\"`. This can also be\n`\"inline\"`, or any other value (all values except inline are treated like\n`attachment`, but can convey additional information if both parties agree to\nit). The type is normalized to lower-case.\n\n### contentDisposition.parse(string)\n\n```js\nvar disposition = contentDisposition.parse('attachment; filename=\"EURO rates.txt\"; filename*=UTF-8\\'\\'%e2%82%ac%20rates.txt');\n```\n\nParse a `Content-Disposition` header string. This automatically handles extended\n(\"Unicode\") parameters by decoding them and providing them under the standard\nparameter name. This will return an object with the following properties (examples\nare shown for the string `'attachment; filename=\"EURO rates.txt\"; filename*=UTF-8\\'\\'%e2%82%ac%20rates.txt'`):\n\n - `type`: The disposition type (always lower case). Example: `'attachment'`\n\n - `parameters`: An object of the parameters in the disposition (name of parameter\n   always lower case and extended versions replace non-extended versions). Example:\n   `{filename: \"€ rates.txt\"}`\n\n## Examples\n\n### Send a file for download\n\n```js\nvar contentDisposition = require('content-disposition')\nvar destroy = require('destroy')\nvar http = require('http')\nvar onFinished = require('on-finished')\n\nvar filePath = '/path/to/public/plans.pdf'\n\nhttp.createServer(function onRequest(req, res) {\n  // set headers\n  res.setHeader('Content-Type', 'application/pdf')\n  res.setHeader('Content-Disposition', contentDisposition(filePath))\n\n  // send file\n  var stream = fs.createReadStream(filePath)\n  stream.pipe(res)\n  onFinished(res, function (err) {\n    destroy(stream)\n  })\n})\n```\n\n## Testing\n\n```sh\n$ npm test\n```\n\n## References\n\n- [RFC 2616: Hypertext Transfer Protocol -- HTTP/1.1][rfc-2616]\n- [RFC 5987: Character Set and Language Encoding for Hypertext Transfer Protocol (HTTP) Header Field Parameters][rfc-5987]\n- [RFC 6266: Use of the Content-Disposition Header Field in the Hypertext Transfer Protocol (HTTP)][rfc-6266]\n- [Test Cases for HTTP Content-Disposition header field (RFC 6266) and the Encodings defined in RFCs 2047, 2231 and 5987][tc-2231]\n\n[rfc-2616]: https://tools.ietf.org/html/rfc2616\n[rfc-5987]: https://tools.ietf.org/html/rfc5987\n[rfc-6266]: https://tools.ietf.org/html/rfc6266\n[tc-2231]: http://greenbytes.de/tech/tc2231/\n\n## License\n\n[MIT](LICENSE)\n\n[npm-image]: https://img.shields.io/npm/v/content-disposition.svg?style=flat\n[npm-url]: https://npmjs.org/package/content-disposition\n[node-version-image]: https://img.shields.io/node/v/content-disposition.svg?style=flat\n[node-version-url]: http://nodejs.org/download/\n[travis-image]: https://img.shields.io/travis/jshttp/content-disposition.svg?style=flat\n[travis-url]: https://travis-ci.org/jshttp/content-disposition\n[coveralls-image]: https://img.shields.io/coveralls/jshttp/content-disposition.svg?style=flat\n[coveralls-url]: https://coveralls.io/r/jshttp/content-disposition?branch=master\n[downloads-image]: https://img.shields.io/npm/dm/content-disposition.svg?style=flat\n[downloads-url]: https://npmjs.org/package/content-disposition\n","maintainers":[{"name":"dougwilson","email":"doug@somethingdoug.com"}],"time":{"modified":"2016-02-01T04:52:09.617Z","created":"2014-09-19T05:02:12.936Z","0.0.0":"2014-09-19T05:02:12.936Z","0.1.0":"2014-09-19T05:39:30.525Z","0.1.1":"2014-09-19T15:11:29.395Z","0.2.0":"2014-09-20T07:26:06.901Z","0.1.2":"2014-09-20T07:27:06.106Z","0.3.0":"2014-09-21T00:36:24.194Z","0.4.0":"2014-10-11T22:03:04.039Z","0.5.0":"2014-10-11T22:06:03.045Z","0.5.1":"2016-01-17T21:02:33.711Z"},"homepage":"https://github.com/jshttp/content-disposition","keywords":["content-disposition","http","rfc6266","res"],"repository":{"type":"git","url":"https://github.com/jshttp/content-disposition"},"contributors":[{"name":"Douglas Christopher Wilson","email":"doug@somethingdoug.com"}],"bugs":{"url":"https://github.com/jshttp/content-disposition/issues"},"license":"MIT","readmeFilename":"README.md","users":{"superjoe":true,"goodseller":true,"simplyianm":true,"vwal":true,"jovaage":true,"xieranmaya":true,"wangnan0610":true},"_attachments":{},"_etag":"\"93WGQS5MW9MSYIYH53QK786W2\""}