{"_id":"hexo-renderer-ejs","_rev":"7-d0cadfe28d7e613d4e0ffd5b2fbde86b","name":"hexo-renderer-ejs","description":"EJS renderer plugin for Hexo","dist-tags":{"latest":"0.2.0"},"versions":{"0.0.1":{"name":"hexo-renderer-ejs","version":"0.0.1","description":"EJS renderer plugin for Hexo","main":"index","repository":{"type":"git","url":"https://github.com/hexojs/hexo-renderer-ejs.git"},"bugs":{"url":"https://github.com/hexojs/hexo-renderer-ejs/issues"},"keywords":["hexo","ejs","renderer"],"author":{"name":"Tommy Chen","email":"tommy351@gmail.com","url":"http://zespia.tw"},"license":{"type":"MIT","url":"https://raw.github.com/tommy351/hexo/master/LICENSE"},"dependencies":{"ejs":"^1.0.0","lodash":"^2.4.1"},"homepage":"https://github.com/hexojs/hexo-renderer-ejs","_id":"hexo-renderer-ejs@0.0.1","dist":{"shasum":"52c179daffcdb45b0a63fd1a08c1abaf7d64533e","tarball":"https://registry.npmjs.org/hexo-renderer-ejs/-/hexo-renderer-ejs-0.0.1.tgz"},"_from":".","_npmVersion":"1.4.3","_npmUser":{"name":"tommy351","email":"tommy351@gmail.com"},"maintainers":[{"name":"tommy351","email":"tommy351@gmail.com"}],"directories":{}},"0.1.0":{"name":"hexo-renderer-ejs","version":"0.1.0","description":"EJS renderer plugin for Hexo","main":"index","repository":{"type":"git","url":"https://github.com/hexojs/hexo-renderer-ejs.git"},"bugs":{"url":"https://github.com/hexojs/hexo-renderer-ejs/issues"},"keywords":["hexo","ejs","renderer"],"author":{"name":"Tommy Chen","email":"tommy351@gmail.com","url":"http://zespia.tw"},"license":{"type":"MIT","url":"https://raw.github.com/tommy351/hexo/master/LICENSE"},"dependencies":{"ejs":"^1.0.0","lodash":"^2.4.1"},"homepage":"https://github.com/hexojs/hexo-renderer-ejs","_id":"hexo-renderer-ejs@0.1.0","dist":{"shasum":"4d59b4232f3910e9cab052d8dd7c854876889bd2","tarball":"https://registry.npmjs.org/hexo-renderer-ejs/-/hexo-renderer-ejs-0.1.0.tgz"},"_from":".","_npmVersion":"1.4.3","_npmUser":{"name":"tommy351","email":"tommy351@gmail.com"},"maintainers":[{"name":"tommy351","email":"tommy351@gmail.com"}],"directories":{}},"0.1.1":{"name":"hexo-renderer-ejs","version":"0.1.1","description":"EJS renderer plugin for Hexo","main":"index","scripts":{"eslint":"eslint .","jscs":"jscs .","test":"mocha test/index.js","test-cov":"istanbul cover --print both _mocha -- test/index.js"},"repository":{"type":"git","url":"git+https://github.com/hexojs/hexo-renderer-ejs.git"},"keywords":["hexo","ejs","renderer"],"author":{"name":"Tommy Chen","email":"tommy351@gmail.com","url":"http://zespia.tw"},"license":"MIT","dependencies":{"ejs":"^1.0.0","object-assign":"^4.0.1"},"devDependencies":{"chai":"^3.4.1","eslint":"^1.10.3","eslint-config-hexo":"^1.0.2","hexo-fs":"^0.1.5","istanbul":"^0.4.1","jscs":"^2.7.0","jscs-preset-hexo":"^1.0.1","mocha":"^2.3.4"},"gitHead":"eefba2de552edd99b0dcb50b079a7d8c0a257544","bugs":{"url":"https://github.com/hexojs/hexo-renderer-ejs/issues"},"homepage":"https://github.com/hexojs/hexo-renderer-ejs#readme","_id":"hexo-renderer-ejs@0.1.1","_shasum":"415d2fa33d99507526a5d0a371e36806789b172c","_from":".","_npmVersion":"3.3.3","_nodeVersion":"4.0.0","_npmUser":{"name":"tommy351","email":"tommy351@gmail.com"},"maintainers":[{"name":"tommy351","email":"tommy351@gmail.com"}],"dist":{"shasum":"415d2fa33d99507526a5d0a371e36806789b172c","tarball":"https://registry.npmjs.org/hexo-renderer-ejs/-/hexo-renderer-ejs-0.1.1.tgz"},"directories":{}},"0.2.0":{"name":"hexo-renderer-ejs","version":"0.2.0","description":"EJS renderer plugin for Hexo","main":"index","scripts":{"eslint":"eslint .","jscs":"jscs .","test":"mocha test/index.js","test-cov":"istanbul cover --print both _mocha -- test/index.js"},"repository":{"type":"git","url":"git+https://github.com/hexojs/hexo-renderer-ejs.git"},"keywords":["hexo","ejs","renderer"],"author":{"name":"Tommy Chen","email":"tommy351@gmail.com","url":"http://zespia.tw"},"license":"MIT","dependencies":{"ejs":"^1.0.0","object-assign":"^4.0.1"},"devDependencies":{"chai":"^3.4.1","eslint":"^1.10.3","eslint-config-hexo":"^1.0.2","hexo-fs":"^0.1.5","istanbul":"^0.4.1","jscs":"^2.7.0","jscs-preset-hexo":"^1.0.1","mocha":"^2.3.4"},"gitHead":"2b6b8013e3cb6a5a5776fddf3b3688a7d2b0c85c","bugs":{"url":"https://github.com/hexojs/hexo-renderer-ejs/issues"},"homepage":"https://github.com/hexojs/hexo-renderer-ejs#readme","_id":"hexo-renderer-ejs@0.2.0","_shasum":"80771935a5cc71513f07c2c7c14f006220817ae0","_from":".","_npmVersion":"3.7.1","_nodeVersion":"4.3.0","_npmUser":{"name":"tommy351","email":"tommy351@gmail.com"},"dist":{"shasum":"80771935a5cc71513f07c2c7c14f006220817ae0","tarball":"https://registry.npmjs.org/hexo-renderer-ejs/-/hexo-renderer-ejs-0.2.0.tgz"},"maintainers":[{"name":"tommy351","email":"tommy351@gmail.com"}],"_npmOperationalInternal":{"host":"packages-9-west.internal.npmjs.com","tmp":"tmp/hexo-renderer-ejs-0.2.0.tgz_1456594737500_0.36410524789243937"},"directories":{}}},"readme":"# [EJS] renderer\n\n[![Build Status](https://travis-ci.org/hexojs/hexo-renderer-ejs.svg?branch=master)](https://travis-ci.org/hexojs/hexo-renderer-ejs)  [![NPM version](https://badge.fury.io/js/hexo-renderer-ejs.svg)](http://badge.fury.io/js/hexo-renderer-ejs) [![Coverage Status](https://img.shields.io/coveralls/hexojs/hexo-renderer-ejs.svg)](https://coveralls.io/r/hexojs/hexo-renderer-ejs?branch=master)\n\nAdd support for [EJS].\n\n## Install\n\n``` bash\n$ npm install hexo-renderer-ejs --save\n```\n\n[EJS]: https://github.com/visionmedia/ejs\n","maintainers":[{"name":"tommy351","email":"tommy351@gmail.com"}],"time":{"modified":"2016-02-27T17:38:58.602Z","created":"2014-05-09T16:18:12.888Z","0.0.1":"2014-05-09T16:18:12.888Z","0.1.0":"2014-05-10T04:23:55.154Z","0.1.1":"2015-12-13T15:31:15.221Z","0.2.0":"2016-02-27T17:38:58.602Z"},"homepage":"https://github.com/hexojs/hexo-renderer-ejs#readme","keywords":["hexo","ejs","renderer"],"repository":{"type":"git","url":"git+https://github.com/hexojs/hexo-renderer-ejs.git"},"author":{"name":"Tommy Chen","email":"tommy351@gmail.com","url":"http://zespia.tw"},"bugs":{"url":"https://github.com/hexojs/hexo-renderer-ejs/issues"},"license":"MIT","readmeFilename":"README.md","users":{"crazyjingling":true},"_attachments":{},"_etag":"\"DM240VBWKA2SJ2T24A82TTTR8\""}