{"_id":"node-fingerprint","_rev":"5-e71a122d9b6539ec0c7b807baa616f5d","name":"node-fingerprint","description":"Generates a fingerprint of a node instance","dist-tags":{"latest":"1.1.0"},"versions":{"0.0.1":{"name":"node-fingerprint","version":"0.0.1","description":"Generates a fingerprint of a node instance","main":"dist/index.js","scripts":{"build":"npm run clean && mkdir dist && babel index.js > dist/index.js","clean":"rimraf dist","lint":"standard index.js","test":"babel-node test.js"},"keywords":["fingerprint","node"],"author":{"name":"Kevin Lanni","email":"therealklanni@gmail.com"},"license":"MIT","dependencies":{},"devDependencies":{"rimraf":"^2.4.1","tape":"^4.0.0"},"gitHead":"1030b4fc539aa8a7f7decd7370e1ca662d21b4b8","_id":"node-fingerprint@0.0.1","_shasum":"8777e5cb1ce47304e35d08213e6d7c7073f6c393","_from":".","_npmVersion":"3.0.0","_nodeVersion":"0.12.4","_npmUser":{"name":"therealklanni","email":"therealklanni@gmail.com"},"maintainers":[{"name":"therealklanni","email":"therealklanni@gmail.com"}],"dist":{"shasum":"8777e5cb1ce47304e35d08213e6d7c7073f6c393","tarball":"https://registry.npmjs.org/node-fingerprint/-/node-fingerprint-0.0.1.tgz"},"directories":{}},"0.0.2":{"name":"node-fingerprint","version":"0.0.2","description":"Generates a fingerprint of a node instance","main":"dist/index.js","scripts":{"build":"npm run clean && mkdir dist && babel index.js > dist/index.js","clean":"rimraf dist","lint":"standard index.js","preversion":"npm run build && git add dist","test":"babel-node test.js"},"keywords":["fingerprint","node"],"author":{"name":"Kevin Lanni","email":"therealklanni@gmail.com"},"license":"MIT","dependencies":{},"devDependencies":{"rimraf":"^2.4.1","standard":"^4.5.2","tape":"^4.0.0"},"gitHead":"b07ef813d887dd3efa88b5197e6e05b300d8a9dc","_id":"node-fingerprint@0.0.2","_shasum":"31cbabeb71a67ae7dd5a7dc042e51c3c75868501","_from":".","_npmVersion":"3.1.0","_nodeVersion":"0.12.4","_npmUser":{"name":"therealklanni","email":"therealklanni@gmail.com"},"maintainers":[{"name":"therealklanni","email":"therealklanni@gmail.com"}],"dist":{"shasum":"31cbabeb71a67ae7dd5a7dc042e51c3c75868501","tarball":"https://registry.npmjs.org/node-fingerprint/-/node-fingerprint-0.0.2.tgz"},"directories":{}},"0.0.3":{"name":"node-fingerprint","version":"0.0.3","description":"Generates a fingerprint of a node instance","main":"dist/index.js","scripts":{"build":"npm run clean && mkdir dist && babel index.js > dist/index.js","clean":"rimraf dist","lint":"standard index.js","preversion":"npm run build && git add dist","test":"babel-node test.js"},"keywords":["fingerprint","node"],"author":{"name":"Kevin Lanni","email":"therealklanni@gmail.com"},"license":"MIT","dependencies":{},"devDependencies":{"babel":"^5.6.14","rimraf":"^2.4.1","standard":"^4.5.2","tape":"^4.0.0"},"gitHead":"2aa1bb51b2227c62ee62f1bc6dc66268ee3495a4","_id":"node-fingerprint@0.0.3","_shasum":"484aea8c64822ddd2ca00329cb26841886d09a6f","_from":".","_npmVersion":"3.1.0","_nodeVersion":"0.12.4","_npmUser":{"name":"therealklanni","email":"therealklanni@gmail.com"},"maintainers":[{"name":"therealklanni","email":"therealklanni@gmail.com"}],"dist":{"shasum":"484aea8c64822ddd2ca00329cb26841886d09a6f","tarball":"https://registry.npmjs.org/node-fingerprint/-/node-fingerprint-0.0.3.tgz"},"directories":{}},"1.0.0":{"name":"node-fingerprint","version":"1.0.0","description":"Generates a fingerprint of a node instance","main":"dist/index.js","scripts":{"build":"npm run clean && mkdir dist && babel index.js > dist/index.js","clean":"rimraf dist","lint":"standard index.js","preversion":"npm run build && git add dist","test":"npm run build && babel-node test.js"},"keywords":["fingerprint","node"],"author":{"name":"Kevin Lanni","email":"therealklanni@gmail.com"},"license":"MIT","dependencies":{},"devDependencies":{"babel":"^5.6.14","rimraf":"^2.4.1","standard":"^4.5.2","tape":"^4.0.0"},"gitHead":"6fcf19959be5c38a73b984ea831411665fbabd37","_id":"node-fingerprint@1.0.0","_shasum":"feb9be89aa63186367eb8eea5fdf51beea5baa6a","_from":".","_npmVersion":"3.2.2","_nodeVersion":"0.12.7","_npmUser":{"name":"therealklanni","email":"therealklanni@gmail.com"},"maintainers":[{"name":"therealklanni","email":"therealklanni@gmail.com"}],"dist":{"shasum":"feb9be89aa63186367eb8eea5fdf51beea5baa6a","tarball":"https://registry.npmjs.org/node-fingerprint/-/node-fingerprint-1.0.0.tgz"},"directories":{}},"1.1.0":{"name":"node-fingerprint","version":"1.1.0","description":"Generates a fingerprint of a node instance","main":"dist/index.js","scripts":{"build":"npm run clean && mkdir dist && babel index.js > dist/index.js","clean":"rimraf dist","lint":"standard index.js","preversion":"npm run build && git add dist","test":"npm run build && babel-node test.js"},"keywords":["fingerprint","node"],"author":{"name":"Kevin Lanni","email":"therealklanni@gmail.com"},"license":"MIT","dependencies":{},"devDependencies":{"babel":"^5.6.14","rimraf":"^2.4.1","standard":"^4.5.2","tape":"^4.0.0"},"gitHead":"2ca5c8c5e6100985381252c9e06b419e03220f9e","_id":"node-fingerprint@1.1.0","_shasum":"714c25fadfe89bf76cec2b76f97578892c4f5562","_from":".","_npmVersion":"3.2.2","_nodeVersion":"0.12.7","_npmUser":{"name":"therealklanni","email":"therealklanni@gmail.com"},"maintainers":[{"name":"therealklanni","email":"therealklanni@gmail.com"}],"dist":{"shasum":"714c25fadfe89bf76cec2b76f97578892c4f5562","tarball":"https://registry.npmjs.org/node-fingerprint/-/node-fingerprint-1.1.0.tgz"},"directories":{}}},"readme":"# node-fingerprint [![npm version](https://badge.fury.io/js/node-fingerprint.svg)](http://badge.fury.io/js/node-fingerprint) [![Build Status](https://travis-ci.org/therealklanni/node-fingerprint.svg?branch=master)](https://travis-ci.org/therealklanni/node-fingerprint)\n\n> Generate a fingerprint for a node process\n\nOriginal concept taken from [cuid](https://github.com/ericelliott/cuid).\n\nFingerprint is based on a hash of pid + hostname.\n\n## Install\n\n```\nnpm install node-fingerprint\n```\n\n## Use\n\n```\nvar fingerprint = require('node-fingerprint')()\n```\n\n---\n\nMIT © Kevin Lanni\n","maintainers":[{"name":"therealklanni","email":"therealklanni@gmail.com"}],"time":{"modified":"2015-08-27T05:23:24.201Z","created":"2015-07-04T00:39:11.978Z","0.0.1":"2015-07-04T00:39:11.978Z","0.0.2":"2015-07-04T03:05:59.394Z","0.0.3":"2015-07-04T21:43:44.783Z","1.0.0":"2015-08-26T02:19:17.104Z","1.1.0":"2015-08-27T05:23:24.201Z"},"keywords":["fingerprint","node"],"author":{"name":"Kevin Lanni","email":"therealklanni@gmail.com"},"license":"MIT","readmeFilename":"README.md","_attachments":{},"_etag":"\"EQTGLPXH014IO47SS0JZZU130\""}