{"_id":"hexo-front-matter","_rev":"17-f19742cc1f83c00264d6b675b8aa20f3","name":"hexo-front-matter","description":"Front-matter parser.","dist-tags":{"latest":"0.2.3"},"versions":{"0.0.1":{"name":"hexo-front-matter","version":"0.0.1","description":"Front-matter parser.","main":"index","scripts":{"test":"make test"},"repository":{"type":"git","url":"git://github.com/hexojs/front-matter.git"},"bugs":{"url":"https://github.com/hexojs/front-matter/issues"},"keywords":["front-matter","yaml","yml","hexo"],"author":{"name":"Tommy Chen","email":"tommy351@gmail.com","url":"http://zespia.tw"},"license":"MIT","dependencies":{"yamljs":"0.1.4"},"devDependencies":{"mocha":"^1.18.2","chai":"^1.9.1","moment":"^2.7.0"},"homepage":"https://github.com/hexojs/front-matter","_id":"hexo-front-matter@0.0.1","dist":{"shasum":"64be46cd5d7f767372d56d4bf5492b15dab6c6b4","tarball":"https://registry.npmjs.org/hexo-front-matter/-/hexo-front-matter-0.0.1.tgz"},"_from":".","_npmVersion":"1.4.3","_npmUser":{"name":"tommy351","email":"tommy351@gmail.com"},"maintainers":[{"name":"tommy351","email":"tommy351@gmail.com"}],"directories":{}},"0.0.2":{"name":"hexo-front-matter","version":"0.0.2","description":"Front-matter parser.","main":"index","scripts":{"test":"make test"},"repository":{"type":"git","url":"git://github.com/hexojs/front-matter.git"},"bugs":{"url":"https://github.com/hexojs/front-matter/issues"},"keywords":["front-matter","yaml","yml","hexo"],"author":{"name":"Tommy Chen","email":"tommy351@gmail.com","url":"http://zespia.tw"},"license":"MIT","dependencies":{"yamljs":"0.1.4"},"devDependencies":{"mocha":"^1.18.2","chai":"^1.9.1","moment":"^2.7.0"},"homepage":"https://github.com/hexojs/front-matter","_id":"hexo-front-matter@0.0.2","dist":{"shasum":"7471d7564590f67617a3974fe4a3ffcb1a9ecb49","tarball":"https://registry.npmjs.org/hexo-front-matter/-/hexo-front-matter-0.0.2.tgz"},"_from":".","_npmVersion":"1.4.3","_npmUser":{"name":"tommy351","email":"tommy351@gmail.com"},"maintainers":[{"name":"tommy351","email":"tommy351@gmail.com"}],"directories":{}},"0.0.3":{"name":"hexo-front-matter","version":"0.0.3","description":"Front-matter parser.","main":"index","scripts":{"test":"make test"},"repository":{"type":"git","url":"git://github.com/hexojs/front-matter.git"},"bugs":{"url":"https://github.com/hexojs/front-matter/issues"},"keywords":["front-matter","yaml","yml","hexo"],"author":{"name":"Tommy Chen","email":"tommy351@gmail.com","url":"http://zespia.tw"},"license":"MIT","dependencies":{"js-yaml":"^3.1.0"},"devDependencies":{"mocha":"^1.18.2","chai":"^1.9.1","moment":"^2.7.0"},"homepage":"https://github.com/hexojs/front-matter","_id":"hexo-front-matter@0.0.3","dist":{"shasum":"0829a76053a8b0457bb5f96ac8281b59408b8f76","tarball":"https://registry.npmjs.org/hexo-front-matter/-/hexo-front-matter-0.0.3.tgz"},"_from":".","_npmVersion":"1.4.3","_npmUser":{"name":"tommy351","email":"tommy351@gmail.com"},"maintainers":[{"name":"tommy351","email":"tommy351@gmail.com"}],"directories":{}},"0.0.4":{"name":"hexo-front-matter","version":"0.0.4","description":"Front-matter parser.","main":"index","scripts":{"test":"make test"},"repository":{"type":"git","url":"git://github.com/hexojs/front-matter.git"},"bugs":{"url":"https://github.com/hexojs/front-matter/issues"},"keywords":["front-matter","yaml","yml","hexo"],"author":{"name":"Tommy Chen","email":"tommy351@gmail.com","url":"http://zespia.tw"},"license":"MIT","dependencies":{"js-yaml":"^3.1.0"},"devDependencies":{"mocha":"^1.18.2","chai":"^1.9.1","moment":"^2.7.0"},"homepage":"https://github.com/hexojs/front-matter","_id":"hexo-front-matter@0.0.4","dist":{"shasum":"149e928a848e832a3c7fcd6ba78a0e8714e96c86","tarball":"https://registry.npmjs.org/hexo-front-matter/-/hexo-front-matter-0.0.4.tgz"},"_from":".","_npmVersion":"1.4.3","_npmUser":{"name":"tommy351","email":"tommy351@gmail.com"},"maintainers":[{"name":"tommy351","email":"tommy351@gmail.com"}],"directories":{}},"0.1.0":{"name":"hexo-front-matter","version":"0.1.0","description":"Front-matter parser.","main":"lib/front_matter","scripts":{"test":"gulp test"},"directories":{"lib":"./lib"},"engines":{"node":">= 0.10.0"},"repository":{"type":"git","url":"https://github.com/hexojs/front-matter"},"keywords":["front-matter","front matter","yaml","yml","hexo"],"author":{"name":"Tommy Chen","email":"tommy351@gmail.com","url":"http://zespia.tw"},"license":"MIT","dependencies":{"js-yaml":"^3.2.5"},"devDependencies":{"chai":"^1.9.1","coveralls":"^2.11.2","gulp":"^3.8.9","gulp-istanbul":"^0.5.0","gulp-jshint":"^1.8.6","gulp-load-plugins":"^0.8.0","gulp-mocha":"^2.0.0","jshint-stylish":"^1.0.0","mocha":"^2.0.1","moment":"^2.8.4","rimraf":"^2.2.8"},"gitHead":"5b21058176efd913a3f659b6eefd3c8a8f503e25","bugs":{"url":"https://github.com/hexojs/front-matter/issues"},"homepage":"https://github.com/hexojs/front-matter","_id":"hexo-front-matter@0.1.0","_shasum":"3e27c4edfb0a1669f461a87a83055fcb204650e4","_from":".","_npmVersion":"2.1.8","_nodeVersion":"0.10.33","_npmUser":{"name":"tommy351","email":"tommy351@gmail.com"},"maintainers":[{"name":"tommy351","email":"tommy351@gmail.com"}],"dist":{"shasum":"3e27c4edfb0a1669f461a87a83055fcb204650e4","tarball":"https://registry.npmjs.org/hexo-front-matter/-/hexo-front-matter-0.1.0.tgz"}},"0.2.0":{"name":"hexo-front-matter","version":"0.2.0","description":"Front-matter parser.","main":"lib/front_matter","scripts":{"test":"gulp test"},"directories":{"lib":"./lib"},"engines":{"node":">= 0.10.0"},"repository":{"type":"git","url":"https://github.com/hexojs/front-matter"},"keywords":["front-matter","front matter","yaml","yml","hexo","json"],"author":{"name":"Tommy Chen","email":"tommy351@gmail.com","url":"http://zespia.tw"},"license":"MIT","dependencies":{"js-yaml":"^3.2.5"},"devDependencies":{"chai":"^1.9.1","coveralls":"^2.11.2","gulp":"^3.8.9","gulp-istanbul":"^0.5.0","gulp-jshint":"^1.8.6","gulp-load-plugins":"^0.8.0","gulp-mocha":"^2.0.0","jshint-stylish":"^1.0.0","mocha":"^2.0.1","moment":"^2.8.4","rimraf":"^2.2.8"},"gitHead":"ad3afdf61375b46a60ff68ecae7462bd20975168","bugs":{"url":"https://github.com/hexojs/front-matter/issues"},"homepage":"https://github.com/hexojs/front-matter","_id":"hexo-front-matter@0.2.0","_shasum":"48b3b78d3cf590f9170d6dd92a1d7aaf9896f0ca","_from":".","_npmVersion":"2.2.0","_nodeVersion":"0.10.35","_npmUser":{"name":"tommy351","email":"tommy351@gmail.com"},"maintainers":[{"name":"tommy351","email":"tommy351@gmail.com"}],"dist":{"shasum":"48b3b78d3cf590f9170d6dd92a1d7aaf9896f0ca","tarball":"https://registry.npmjs.org/hexo-front-matter/-/hexo-front-matter-0.2.0.tgz"}},"0.2.1":{"name":"hexo-front-matter","version":"0.2.1","description":"Front-matter parser.","main":"lib/front_matter","scripts":{"test":"gulp test"},"directories":{"lib":"./lib"},"engines":{"node":">= 0.10.0"},"repository":{"type":"git","url":"https://github.com/hexojs/front-matter"},"keywords":["front-matter","front matter","yaml","yml","hexo","json"],"author":{"name":"Tommy Chen","email":"tommy351@gmail.com","url":"http://zespia.tw"},"license":"MIT","dependencies":{"js-yaml":"^3.2.5"},"devDependencies":{"chai":"^1.9.1","coveralls":"^2.11.2","gulp":"^3.8.9","gulp-istanbul":"^0.5.0","gulp-jshint":"^1.8.6","gulp-load-plugins":"^0.8.0","gulp-mocha":"^2.0.0","jshint-stylish":"^1.0.0","mocha":"^2.0.1","moment":"^2.8.4","rimraf":"^2.2.8"},"gitHead":"48bde04ad6a5fbc5b20eaf74bf6e527ca42c5888","bugs":{"url":"https://github.com/hexojs/front-matter/issues"},"homepage":"https://github.com/hexojs/front-matter","_id":"hexo-front-matter@0.2.1","_shasum":"04483ad6b9ab8a1bd02bd05ae61d2bfaa04b66d6","_from":".","_npmVersion":"2.2.0","_nodeVersion":"0.10.35","_npmUser":{"name":"tommy351","email":"tommy351@gmail.com"},"maintainers":[{"name":"tommy351","email":"tommy351@gmail.com"}],"dist":{"shasum":"04483ad6b9ab8a1bd02bd05ae61d2bfaa04b66d6","tarball":"https://registry.npmjs.org/hexo-front-matter/-/hexo-front-matter-0.2.1.tgz"}},"0.2.2":{"name":"hexo-front-matter","version":"0.2.2","description":"Front-matter parser.","main":"lib/front_matter","scripts":{"test":"gulp test"},"directories":{"lib":"./lib"},"engines":{"node":">= 0.10.0"},"repository":{"type":"git","url":"https://github.com/hexojs/hexo-front-matter"},"keywords":["front-matter","front matter","yaml","yml","hexo","json"],"author":{"name":"Tommy Chen","email":"tommy351@gmail.com","url":"http://zespia.tw"},"license":"MIT","dependencies":{"js-yaml":"^3.2.5"},"devDependencies":{"chai":"^1.9.1","coveralls":"^2.11.2","gulp":"^3.8.9","gulp-istanbul":"^0.5.0","gulp-jshint":"^1.8.6","gulp-load-plugins":"^0.8.0","gulp-mocha":"^2.0.0","jshint-stylish":"^1.0.0","mocha":"^2.0.1","moment":"^2.8.4","rimraf":"^2.2.8"},"gitHead":"30df64b04605cb891b3a09a0a19cd90fe2a9c31f","bugs":{"url":"https://github.com/hexojs/hexo-front-matter/issues"},"homepage":"https://github.com/hexojs/hexo-front-matter","_id":"hexo-front-matter@0.2.2","_shasum":"33c4dbfcc96bced8e151765649f792ac94ebcff4","_from":".","_npmVersion":"2.5.1","_nodeVersion":"0.12.0","_npmUser":{"name":"tommy351","email":"tommy351@gmail.com"},"maintainers":[{"name":"tommy351","email":"tommy351@gmail.com"}],"dist":{"shasum":"33c4dbfcc96bced8e151765649f792ac94ebcff4","tarball":"https://registry.npmjs.org/hexo-front-matter/-/hexo-front-matter-0.2.2.tgz"}},"0.2.3":{"name":"hexo-front-matter","version":"0.2.3","description":"Front-matter parser.","main":"lib/front_matter","scripts":{"eslint":"eslint .","jscs":"jscs .","test":"mocha test/index.js","test-cov":"istanbul cover --print both _mocha -- test/index.js"},"directories":{"lib":"./lib"},"repository":{"type":"git","url":"git+https://github.com/hexojs/hexo-front-matter.git"},"keywords":["front-matter","front matter","yaml","yml","hexo","json"],"author":{"name":"Tommy Chen","email":"tommy351@gmail.com","url":"http://zespia.tw"},"license":"MIT","dependencies":{"js-yaml":"^3.6.1"},"devDependencies":{"chai":"^3.5.0","eslint":"^2.12.0","eslint-config-hexo":"^1.0.3","istanbul":"^0.4.3","jscs":"^3.0.4","jscs-preset-hexo":"^1.0.1","mocha":"^2.5.3","moment":"^2.13.0"},"gitHead":"393f1d564c8f404a71c138af466cba48d28472ee","bugs":{"url":"https://github.com/hexojs/hexo-front-matter/issues"},"homepage":"https://github.com/hexojs/hexo-front-matter#readme","_id":"hexo-front-matter@0.2.3","_shasum":"c7ca8ef420ea36bd85e8408a2e8c9bf49efa605e","_from":".","_npmVersion":"3.7.1","_nodeVersion":"4.3.0","_npmUser":{"name":"tommy351","email":"tommy351@gmail.com"},"dist":{"shasum":"c7ca8ef420ea36bd85e8408a2e8c9bf49efa605e","tarball":"https://registry.npmjs.org/hexo-front-matter/-/hexo-front-matter-0.2.3.tgz"},"maintainers":[{"name":"tommy351","email":"tommy351@gmail.com"}],"_npmOperationalInternal":{"host":"packages-12-west.internal.npmjs.com","tmp":"tmp/hexo-front-matter-0.2.3.tgz_1465820896650_0.4268180311191827"}}},"readme":"# hexo-front-matter\n\n[![Build Status](https://travis-ci.org/hexojs/hexo-front-matter.svg?branch=master)](https://travis-ci.org/hexojs/hexo-front-matter)  [![NPM version](https://badge.fury.io/js/hexo-front-matter.svg)](http://badge.fury.io/js/hexo-front-matter) [![Coverage Status](https://coveralls.io/repos/hexojs/hexo-front-matter/badge.svg?branch=master)](https://coveralls.io/r/hexojs/hexo-front-matter?branch=master)\n\nFront-matter parser.\n\n## What is Front-matter?\n\nFront-matter allows you to specify data at the top of a file. Here're two formats:\n\n**YAML front-matter**\n\n```\n---\nlayout: false\ntitle: \"Hello world\"\n---\nLorem ipsum dolor sit amet, consectetur adipiscing elit.\n```\n\n**JSON front-matter**\n\n```\n;;;\n\"layout\": false,\n\"title\": \"Hello world\"\n;;;\nLorem ipsum dolor sit amet, consectetur adipiscing elit.\n```\n\nPrefixing separators are optional.\n\n## API\n\n### parse(str, [options])\n\nParses front-matter.\n\n### stringify(obj, [options])\n\nConverts an object to a front-matter string.\n\nOption | Description | Default\n--- | --- | ---\n`mode` | The mode can be either `json` or `yaml`. | `yaml`\n`separator` | Separator | `---`\n`prefixSeparator` | Add prefixing separator. | `false`\n\n### split(str)\n\nSplits a YAML front-matter string.\n\n### escape(str)\n\nConverts hard tabs to soft tabs.\n\n## License\n\nMIT","maintainers":[{"name":"tommy351","email":"tommy351@gmail.com"}],"time":{"modified":"2016-06-13T12:28:17.252Z","created":"2014-07-03T15:53:54.226Z","0.0.1":"2014-07-03T15:53:54.226Z","0.0.2":"2014-07-03T16:25:37.513Z","0.0.3":"2014-07-13T07:29:37.187Z","0.0.4":"2014-07-23T08:36:31.001Z","0.1.0":"2015-01-07T08:52:55.742Z","0.2.0":"2015-01-23T16:15:24.644Z","0.2.1":"2015-01-23T16:40:47.422Z","0.2.2":"2015-02-11T06:47:57.605Z","0.2.3":"2016-06-13T12:28:17.252Z"},"homepage":"https://github.com/hexojs/hexo-front-matter#readme","keywords":["front-matter","front matter","yaml","yml","hexo","json"],"repository":{"type":"git","url":"git+https://github.com/hexojs/hexo-front-matter.git"},"author":{"name":"Tommy Chen","email":"tommy351@gmail.com","url":"http://zespia.tw"},"bugs":{"url":"https://github.com/hexojs/hexo-front-matter/issues"},"license":"MIT","readmeFilename":"README.md","_attachments":{},"_etag":"\"32WMPJ3DZPWNDNRY42QEIZOCY\""}