{"_id":"parse5","_rev":"86-ebd3bb6970e70d59ee58e8d4ce0e5338","name":"parse5","description":"WHATWG HTML5 specification-compliant, fast and ready for production HTML parsing/serialization toolset for Node.js","dist-tags":{"latest":"2.2.1"},"versions":{"0.5.0":{"name":"parse5","description":"Fast full-featured HTML parser for Node. Based on WHATWG HTML5 specification.","version":"0.5.0","author":{"name":"Ivan Nikulin","url":"ifaaan@gmail.com, https://github.com/inikulin"},"keywords":["html","parser","html5","WHATWG","specification","fast"],"repository":{"type":"git","url":"https://github.com/inikulin/parse5.git"},"main":"./index.js","devDependencies":{"nodeunit":"0.8.0"},"licenses":[{"type":"MIT","url":"https://raw.github.com/inikulin/parse5/master/LICENSE"}],"_id":"parse5@0.5.0","dist":{"shasum":"bf0632c61d7424fffa961bc2a17ac3dc0653e7a8","tarball":"https://registry.npmjs.org/parse5/-/parse5-0.5.0.tgz"},"_from":".","_npmVersion":"1.2.18","_npmUser":{"name":"inikulin","email":"ifaaan@gmail.com"},"maintainers":[{"name":"inikulin","email":"ifaaan@gmail.com"}],"directories":{}},"0.5.1":{"name":"parse5","description":"Fast full-featured HTML parser for Node. Based on WHATWG HTML5 specification.","version":"0.5.1","author":{"name":"Ivan Nikulin","url":"ifaaan@gmail.com, https://github.com/inikulin"},"keywords":["html","parser","html5","WHATWG","specification","fast"],"repository":{"type":"git","url":"https://github.com/inikulin/parse5.git"},"main":"./index.js","devDependencies":{"nodeunit":"0.8.0"},"licenses":[{"type":"MIT","url":"https://raw.github.com/inikulin/parse5/master/LICENSE"}],"_id":"parse5@0.5.1","dist":{"shasum":"ded248d56a780379b51ff81ac18e5018c34e1183","tarball":"https://registry.npmjs.org/parse5/-/parse5-0.5.1.tgz"},"_from":".","_npmVersion":"1.2.18","_npmUser":{"name":"inikulin","email":"ifaaan@gmail.com"},"maintainers":[{"name":"inikulin","email":"ifaaan@gmail.com"}],"directories":{}},"0.5.2":{"name":"parse5","description":"Fast full-featured HTML parser for Node. Based on WHATWG HTML5 specification.","version":"0.5.2","author":{"name":"Ivan Nikulin","url":"ifaaan@gmail.com, https://github.com/inikulin"},"keywords":["html","parser","html5","WHATWG","specification","fast"],"repository":{"type":"git","url":"git://github.com/inikulin/parse5.git"},"main":"./index.js","devDependencies":{"nodeunit":"0.8.0"},"licenses":[{"type":"MIT","url":"https://raw.github.com/inikulin/parse5/master/LICENSE"}],"_id":"parse5@0.5.2","dist":{"shasum":"a824319b7f6ab03caa6c5eff35e4baaeafae3da0","tarball":"https://registry.npmjs.org/parse5/-/parse5-0.5.2.tgz"},"_from":".","_npmVersion":"1.2.18","_npmUser":{"name":"inikulin","email":"ifaaan@gmail.com"},"maintainers":[{"name":"inikulin","email":"ifaaan@gmail.com"}],"directories":{}},"0.5.3":{"name":"parse5","description":"Fast full-featured HTML parser for Node. Based on WHATWG HTML5 specification.","version":"0.5.3","author":{"name":"Ivan Nikulin","url":"ifaaan@gmail.com, https://github.com/inikulin"},"keywords":["html","parser","html5","WHATWG","specification","fast"],"repository":{"type":"git","url":"git://github.com/inikulin/parse5.git"},"main":"./index.js","devDependencies":{"nodeunit":"0.8.0"},"licenses":[{"type":"MIT","url":"https://raw.github.com/inikulin/parse5/master/LICENSE"}],"_id":"parse5@0.5.3","dist":{"shasum":"edfac62ed224ecbbbfd138a92154197801804e5b","tarball":"https://registry.npmjs.org/parse5/-/parse5-0.5.3.tgz"},"_from":".","_npmVersion":"1.2.18","_npmUser":{"name":"inikulin","email":"ifaaan@gmail.com"},"maintainers":[{"name":"inikulin","email":"ifaaan@gmail.com"}],"directories":{}},"0.5.4":{"name":"parse5","description":"Fast full-featured HTML parser for Node. Based on WHATWG HTML5 specification.","version":"0.5.4","author":{"name":"Ivan Nikulin","url":"ifaaan@gmail.com, https://github.com/inikulin"},"keywords":["html","parser","html5","WHATWG","specification","fast"],"repository":{"type":"git","url":"git://github.com/inikulin/parse5.git"},"main":"./index.js","devDependencies":{"nodeunit":"0.8.0"},"licenses":[{"type":"MIT","url":"https://raw.github.com/inikulin/parse5/master/LICENSE"}],"_id":"parse5@0.5.4","dist":{"shasum":"b3891fdbf72ca008f7168326831031311a04e60f","tarball":"https://registry.npmjs.org/parse5/-/parse5-0.5.4.tgz"},"_from":".","_npmVersion":"1.2.18","_npmUser":{"name":"inikulin","email":"ifaaan@gmail.com"},"maintainers":[{"name":"inikulin","email":"ifaaan@gmail.com"}],"directories":{}},"0.6.0":{"name":"parse5","description":"Fast full-featured HTML parser for Node. Based on WHATWG HTML5 specification.","version":"0.6.0","author":{"name":"Ivan Nikulin","url":"ifaaan@gmail.com, https://github.com/inikulin"},"keywords":["html","parser","html5","WHATWG","specification","fast"],"repository":{"type":"git","url":"git://github.com/inikulin/parse5.git"},"main":"./lib/parser.js","devDependencies":{"nodeunit":"0.8.0"},"licenses":[{"type":"MIT","url":"https://raw.github.com/inikulin/parse5/master/LICENSE"}],"_id":"parse5@0.6.0","dist":{"shasum":"637b1c2ba52f407f80041d376809598b16cc241c","tarball":"https://registry.npmjs.org/parse5/-/parse5-0.6.0.tgz"},"_from":".","_npmVersion":"1.2.18","_npmUser":{"name":"inikulin","email":"ifaaan@gmail.com"},"maintainers":[{"name":"inikulin","email":"ifaaan@gmail.com"}],"directories":{}},"0.6.1":{"name":"parse5","description":"Fast full-featured HTML parser for Node. Based on WHATWG HTML5 specification.","version":"0.6.1","author":{"name":"Ivan Nikulin","url":"ifaaan@gmail.com, https://github.com/inikulin"},"keywords":["html","parser","html5","WHATWG","specification","fast"],"repository":{"type":"git","url":"git://github.com/inikulin/parse5.git"},"main":"./lib/parser.js","devDependencies":{"nodeunit":"0.8.0"},"licenses":[{"type":"MIT","url":"https://raw.github.com/inikulin/parse5/master/LICENSE"}],"_id":"parse5@0.6.1","dist":{"shasum":"5963bb8114fd8ad4929753bbfeff3dd59966225c","tarball":"https://registry.npmjs.org/parse5/-/parse5-0.6.1.tgz"},"_from":".","_npmVersion":"1.2.18","_npmUser":{"name":"inikulin","email":"ivan.nikulin@devexpress.com"},"maintainers":[{"name":"inikulin","email":"ifaaan@gmail.com"}],"directories":{}},"0.8.1":{"name":"parse5","description":"Fast full-featured HTML parser for Node. Based on WHATWG HTML5 specification.","version":"0.8.1","author":{"name":"Ivan Nikulin","url":"ifaaan@gmail.com, https://github.com/inikulin"},"keywords":["html","parser","html5","WHATWG","specification","fast","html parser","html5 parser","htmlparser","parse5","serializer","html serializer","htmlserializer"],"repository":{"type":"git","url":"git://github.com/inikulin/parse5.git"},"main":"./index.js","devDependencies":{"nodeunit":"0.8.0"},"licenses":[{"type":"MIT","url":"https://raw.github.com/inikulin/parse5/master/LICENSE"}],"bugs":{"url":"https://github.com/inikulin/parse5/issues"},"homepage":"https://github.com/inikulin/parse5","_id":"parse5@0.8.1","dist":{"shasum":"ca17a7e1089917df7066dc04b92b0cdac90998c0","tarball":"https://registry.npmjs.org/parse5/-/parse5-0.8.1.tgz"},"_from":".","_npmVersion":"1.4.3","_npmUser":{"name":"inikulin","email":"ivan.nikulin@devexpress.com"},"maintainers":[{"name":"inikulin","email":"ifaaan@gmail.com"}],"directories":{}},"0.8.2":{"name":"parse5","description":"Fast full-featured HTML parser for Node. Based on WHATWG HTML5 specification.","version":"0.8.2","author":{"name":"Ivan Nikulin","url":"ifaaan@gmail.com, https://github.com/inikulin"},"keywords":["html","parser","html5","WHATWG","specification","fast","html parser","html5 parser","htmlparser","parse5","serializer","html serializer","htmlserializer"],"repository":{"type":"git","url":"git://github.com/inikulin/parse5.git"},"main":"./index.js","devDependencies":{"nodeunit":"0.8.0"},"licenses":[{"type":"MIT","url":"https://raw.github.com/inikulin/parse5/master/LICENSE"}],"bugs":{"url":"https://github.com/inikulin/parse5/issues"},"homepage":"https://github.com/inikulin/parse5","_id":"parse5@0.8.2","dist":{"shasum":"70f59e6202e90685d33368f7379604cd2af61695","tarball":"https://registry.npmjs.org/parse5/-/parse5-0.8.2.tgz"},"_from":".","_npmVersion":"1.4.3","_npmUser":{"name":"inikulin","email":"ivan.nikulin@devexpress.com"},"maintainers":[{"name":"inikulin","email":"ifaaan@gmail.com"}],"directories":{}},"0.8.3":{"name":"parse5","description":"Fast full-featured HTML parser for Node. Based on WHATWG HTML5 specification.","version":"0.8.3","author":{"name":"Ivan Nikulin","url":"ifaaan@gmail.com, https://github.com/inikulin"},"keywords":["html","parser","html5","WHATWG","specification","fast","html parser","html5 parser","htmlparser","parse5","serializer","html serializer","htmlserializer"],"repository":{"type":"git","url":"git://github.com/inikulin/parse5.git"},"main":"./index.js","devDependencies":{"nodeunit":"0.8.0"},"licenses":[{"type":"MIT","url":"https://raw.github.com/inikulin/parse5/master/LICENSE"}],"bugs":{"url":"https://github.com/inikulin/parse5/issues"},"homepage":"https://github.com/inikulin/parse5","_id":"parse5@0.8.3","dist":{"shasum":"59547a360c5e2ec1535d262b02f6f731fcf1db3c","tarball":"https://registry.npmjs.org/parse5/-/parse5-0.8.3.tgz"},"_from":".","_npmVersion":"1.4.3","_npmUser":{"name":"inikulin","email":"ivan.nikulin@devexpress.com"},"maintainers":[{"name":"inikulin","email":"ifaaan@gmail.com"}],"directories":{}},"1.0.0":{"name":"parse5","description":"Fast full-featured HTML parser for Node. Based on WHATWG HTML5 specification.","version":"1.0.0","author":{"name":"Ivan Nikulin","url":"ifaaan@gmail.com, https://github.com/inikulin"},"keywords":["html","parser","html5","WHATWG","specification","fast","html parser","html5 parser","htmlparser","parse5","serializer","html serializer","htmlserializer"],"repository":{"type":"git","url":"git://github.com/inikulin/parse5.git"},"main":"./index.js","devDependencies":{"nodeunit":"0.8.0"},"licenses":[{"type":"MIT","url":"https://raw.github.com/inikulin/parse5/master/LICENSE"}],"bugs":{"url":"https://github.com/inikulin/parse5/issues"},"homepage":"https://github.com/inikulin/parse5","_id":"parse5@1.0.0","dist":{"shasum":"d53ec053a2054e7538424ea9a6eeb9b265261279","tarball":"https://registry.npmjs.org/parse5/-/parse5-1.0.0.tgz"},"_from":".","_npmVersion":"1.4.3","_npmUser":{"name":"inikulin","email":"ivan.nikulin@devexpress.com"},"maintainers":[{"name":"inikulin","email":"ifaaan@gmail.com"}],"directories":{}},"1.0.1":{"name":"parse5","description":"Fast full-featured HTML parser for Node. Based on WHATWG HTML5 specification.","version":"1.0.1","author":{"name":"Ivan Nikulin","url":"ifaaan@gmail.com, https://github.com/inikulin"},"keywords":["html","parser","html5","WHATWG","specification","fast","html parser","html5 parser","htmlparser","parse5","serializer","html serializer","htmlserializer"],"repository":{"type":"git","url":"git://github.com/inikulin/parse5.git"},"main":"./index.js","devDependencies":{"nodeunit":"0.8.0"},"licenses":[{"type":"MIT","url":"https://raw.github.com/inikulin/parse5/master/LICENSE"}],"bugs":{"url":"https://github.com/inikulin/parse5/issues"},"homepage":"https://github.com/inikulin/parse5","_id":"parse5@1.0.1","dist":{"shasum":"5e9e07d93e489f5c35539a3fc31fe1c2f418fe09","tarball":"https://registry.npmjs.org/parse5/-/parse5-1.0.1.tgz"},"_from":".","_npmVersion":"1.4.3","_npmUser":{"name":"inikulin","email":"ivan.nikulin@devexpress.com"},"maintainers":[{"name":"inikulin","email":"ifaaan@gmail.com"}],"directories":{}},"1.1.0":{"name":"parse5","description":"Fast full-featured HTML parser for Node. Based on WHATWG HTML5 specification.","version":"1.1.0","author":{"name":"Ivan Nikulin","url":"ifaaan@gmail.com, https://github.com/inikulin"},"keywords":["html","parser","html5","WHATWG","specification","fast","html parser","html5 parser","htmlparser","parse5","serializer","html serializer","htmlserializer","sax","simple api"],"repository":{"type":"git","url":"git://github.com/inikulin/parse5.git"},"main":"./index.js","devDependencies":{"nodeunit":"0.8.0"},"licenses":[{"type":"MIT","url":"https://raw.github.com/inikulin/parse5/master/LICENSE"}],"bugs":{"url":"https://github.com/inikulin/parse5/issues"},"homepage":"https://github.com/inikulin/parse5","_id":"parse5@1.1.0","dist":{"shasum":"47bdf81079727390d1af2f263f4f178b189ac8a8","tarball":"https://registry.npmjs.org/parse5/-/parse5-1.1.0.tgz"},"_from":".","_npmVersion":"1.4.3","_npmUser":{"name":"inikulin","email":"ivan.nikulin@devexpress.com"},"maintainers":[{"name":"inikulin","email":"ifaaan@gmail.com"}],"directories":{}},"1.1.1":{"name":"parse5","description":"Fast full-featured HTML parser for Node. Based on WHATWG HTML5 specification.","version":"1.1.1","author":{"name":"Ivan Nikulin","url":"ifaaan@gmail.com, https://github.com/inikulin"},"keywords":["html","parser","html5","WHATWG","specification","fast","html parser","html5 parser","htmlparser","parse5","serializer","html serializer","htmlserializer","sax","simple api"],"repository":{"type":"git","url":"git://github.com/inikulin/parse5.git"},"main":"./index.js","devDependencies":{"nodeunit":"0.8.0"},"licenses":[{"type":"MIT","url":"https://raw.github.com/inikulin/parse5/master/LICENSE"}],"bugs":{"url":"https://github.com/inikulin/parse5/issues"},"homepage":"https://github.com/inikulin/parse5","_id":"parse5@1.1.1","dist":{"shasum":"86908db8894fbe67cb011f93c2eb28bf4bc0f776","tarball":"https://registry.npmjs.org/parse5/-/parse5-1.1.1.tgz"},"_from":".","_npmVersion":"1.4.3","_npmUser":{"name":"inikulin","email":"ivan.nikulin@devexpress.com"},"maintainers":[{"name":"inikulin","email":"ifaaan@gmail.com"}],"directories":{}},"1.1.2":{"name":"parse5","description":"Fast full-featured HTML parser for Node. Based on WHATWG HTML5 specification.","version":"1.1.2","author":{"name":"Ivan Nikulin","email":"ifaaan@gmail.com","url":"https://github.com/inikulin"},"contributors":[{"name":"Sebastian Mayr","email":"sebmaster16@gmail.com","url":"http://blog.smayr.name"},{"name":"Sean Lang","email":"slang800@gmail.com","url":"http://slang.cx"}],"devDependencies":{"nodeunit":"0.8.0"},"keywords":["html","parser","html5","WHATWG","specification","fast","html parser","html5 parser","htmlparser","parse5","serializer","html serializer","htmlserializer","sax","simple api"],"licenses":[{"type":"MIT","url":"https://raw.github.com/inikulin/parse5/master/LICENSE"}],"main":"./index.js","repository":{"type":"git","url":"git://github.com/inikulin/parse5.git"},"scripts":{"test":"node test/run_tests.js"},"bugs":{"url":"https://github.com/inikulin/parse5/issues"},"homepage":"https://github.com/inikulin/parse5","_id":"parse5@1.1.2","dist":{"shasum":"498dfd0cf31ef74d9a029ea69e972349c9372f79","tarball":"https://registry.npmjs.org/parse5/-/parse5-1.1.2.tgz"},"_from":".","_npmVersion":"1.4.3","_npmUser":{"name":"inikulin","email":"ivan.nikulin@devexpress.com"},"maintainers":[{"name":"inikulin","email":"ifaaan@gmail.com"}],"directories":{}},"1.1.3":{"name":"parse5","description":"Fast full-featured HTML parsing/serialization toolset for Node. Based on WHATWG HTML5 specification. ","version":"1.1.3","author":{"name":"Ivan Nikulin","email":"ifaaan@gmail.com","url":"https://github.com/inikulin"},"contributors":[{"name":"Sebastian Mayr","email":"sebmaster16@gmail.com","url":"http://blog.smayr.name"},{"name":"Sean Lang","email":"slang800@gmail.com","url":"http://slang.cx"}],"devDependencies":{"nodeunit":"0.8.0"},"keywords":["html","parser","html5","WHATWG","specification","fast","html parser","html5 parser","htmlparser","parse5","serializer","html serializer","htmlserializer","sax","simple api"],"licenses":[{"type":"MIT","url":"https://raw.github.com/inikulin/parse5/master/LICENSE"}],"main":"./index.js","repository":{"type":"git","url":"git://github.com/inikulin/parse5.git"},"scripts":{"test":"node test/run_tests.js"},"bugs":{"url":"https://github.com/inikulin/parse5/issues"},"homepage":"https://github.com/inikulin/parse5","_id":"parse5@1.1.3","dist":{"shasum":"8bab58d06525f00e4e37d755116eb82e7241f142","tarball":"https://registry.npmjs.org/parse5/-/parse5-1.1.3.tgz"},"_from":".","_npmVersion":"1.4.3","_npmUser":{"name":"inikulin","email":"ifaaan@gmail.com"},"maintainers":[{"name":"inikulin","email":"ifaaan@gmail.com"}],"directories":{}},"1.1.4":{"name":"parse5","description":"WHATWG HTML5 specification-compliant, fast and ready for production HTML parsing/serialization toolset for Node.","version":"1.1.4","author":{"name":"Ivan Nikulin","email":"ifaaan@gmail.com","url":"https://github.com/inikulin"},"contributors":[{"name":"Sebastian Mayr","email":"sebmaster16@gmail.com","url":"http://blog.smayr.name"},{"name":"Sean Lang","email":"slang800@gmail.com","url":"http://slang.cx"}],"devDependencies":{"nodeunit":"0.8.0"},"keywords":["html","parser","html5","WHATWG","specification","fast","html parser","html5 parser","htmlparser","parse5","serializer","html serializer","htmlserializer","sax","simple api"],"licenses":[{"type":"MIT","url":"https://raw.github.com/inikulin/parse5/master/LICENSE"}],"main":"./index.js","repository":{"type":"git","url":"git://github.com/inikulin/parse5.git"},"scripts":{"test":"node test/run_tests.js"},"bugs":{"url":"https://github.com/inikulin/parse5/issues"},"homepage":"https://github.com/inikulin/parse5","_id":"parse5@1.1.4","dist":{"shasum":"61dcf2eb0ddf09a3edccc117843bb0c1e1fc250b","tarball":"https://registry.npmjs.org/parse5/-/parse5-1.1.4.tgz"},"_from":".","_npmVersion":"1.4.3","_npmUser":{"name":"inikulin","email":"ifaaan@gmail.com"},"maintainers":[{"name":"inikulin","email":"ifaaan@gmail.com"}],"directories":{}},"1.1.5":{"name":"parse5","description":"WHATWG HTML5 specification-compliant, fast and ready for production HTML parsing/serialization toolset for Node.","version":"1.1.5","author":{"name":"Ivan Nikulin","email":"ifaaan@gmail.com","url":"https://github.com/inikulin"},"contributors":[{"name":"Sebastian Mayr","email":"sebmaster16@gmail.com","url":"http://blog.smayr.name"},{"name":"Sean Lang","email":"slang800@gmail.com","url":"http://slang.cx"}],"homepage":"http://inikulin.github.io/parse5/","devDependencies":{"mocha":"1.21.4"},"keywords":["html","parser","html5","WHATWG","specification","fast","html parser","html5 parser","htmlparser","parse5","serializer","html serializer","htmlserializer","sax","simple api"],"licenses":[{"type":"MIT","url":"https://raw.github.com/inikulin/parse5/master/LICENSE"}],"main":"./index.js","repository":{"type":"git","url":"git://github.com/inikulin/parse5.git"},"scripts":{"test":"node test/run_tests.js"},"gitHead":"7c76d920aa6dfca9a62509d490be27fcea2a0a46","bugs":{"url":"https://github.com/inikulin/parse5/issues"},"_id":"parse5@1.1.5","_shasum":"6334727b80b880ef843c940bbd5324630f76f4d6","_from":".","_npmVersion":"1.4.23","_npmUser":{"name":"inikulin","email":"ifaaan@gmail.com"},"maintainers":[{"name":"inikulin","email":"ifaaan@gmail.com"}],"dist":{"shasum":"6334727b80b880ef843c940bbd5324630f76f4d6","tarball":"https://registry.npmjs.org/parse5/-/parse5-1.1.5.tgz"},"directories":{}},"1.1.6":{"name":"parse5","description":"WHATWG HTML5 specification-compliant, fast and ready for production HTML parsing/serialization toolset for Node.","version":"1.1.6","author":{"name":"Ivan Nikulin","email":"ifaaan@gmail.com","url":"https://github.com/inikulin"},"contributors":[{"name":"Sebastian Mayr","email":"sebmaster16@gmail.com","url":"http://blog.smayr.name"},{"name":"Sean Lang","email":"slang800@gmail.com","url":"http://slang.cx"}],"homepage":"http://inikulin.github.io/parse5/","devDependencies":{"mocha":"1.21.4"},"keywords":["html","parser","html5","WHATWG","specification","fast","html parser","html5 parser","htmlparser","parse5","serializer","html serializer","htmlserializer","sax","simple api"],"licenses":[{"type":"MIT","url":"https://raw.github.com/inikulin/parse5/master/LICENSE"}],"main":"./index.js","repository":{"type":"git","url":"git://github.com/inikulin/parse5.git"},"scripts":{"test":"node test/run_tests.js"},"gitHead":"5fb83c8b08d8bd827984fdb766fe941bfd38e3a0","bugs":{"url":"https://github.com/inikulin/parse5/issues"},"_id":"parse5@1.1.6","_shasum":"6be42d79ae662d72d72705c26a3cfb291fed18e6","_from":".","_npmVersion":"1.4.23","_npmUser":{"name":"inikulin","email":"ifaaan@gmail.com"},"maintainers":[{"name":"inikulin","email":"ifaaan@gmail.com"}],"dist":{"shasum":"6be42d79ae662d72d72705c26a3cfb291fed18e6","tarball":"https://registry.npmjs.org/parse5/-/parse5-1.1.6.tgz"},"directories":{}},"1.2.0":{"name":"parse5","description":"WHATWG HTML5 specification-compliant, fast and ready for production HTML parsing/serialization toolset for Node.","version":"1.2.0","author":{"name":"Ivan Nikulin","email":"ifaaan@gmail.com","url":"https://github.com/inikulin"},"contributors":[{"name":"Sebastian Mayr","email":"sebmaster16@gmail.com","url":"http://blog.smayr.name"},{"name":"Sean Lang","email":"slang800@gmail.com","url":"http://slang.cx"}],"homepage":"http://inikulin.github.io/parse5/","devDependencies":{"mocha":"1.21.4"},"keywords":["html","parser","html5","WHATWG","specification","fast","html parser","html5 parser","htmlparser","parse5","serializer","html serializer","htmlserializer","sax","simple api"],"licenses":[{"type":"MIT","url":"https://raw.github.com/inikulin/parse5/master/LICENSE"}],"main":"./index.js","repository":{"type":"git","url":"git://github.com/inikulin/parse5.git"},"scripts":{"test":"node test/run_tests.js"},"gitHead":"6c39a28000d2469057c330e2b74a56da7d488ff0","bugs":{"url":"https://github.com/inikulin/parse5/issues"},"_id":"parse5@1.2.0","_shasum":"f571d50a16f252503e02f6052bec3b87f603cae1","_from":".","_npmVersion":"1.4.28","_npmUser":{"name":"inikulin","email":"ifaaan@gmail.com"},"maintainers":[{"name":"inikulin","email":"ifaaan@gmail.com"}],"dist":{"shasum":"f571d50a16f252503e02f6052bec3b87f603cae1","tarball":"https://registry.npmjs.org/parse5/-/parse5-1.2.0.tgz"},"directories":{}},"1.3.0":{"name":"parse5","description":"WHATWG HTML5 specification-compliant, fast and ready for production HTML parsing/serialization toolset for Node.","version":"1.3.0","author":{"name":"Ivan Nikulin","email":"ifaaan@gmail.com","url":"https://github.com/inikulin"},"contributors":[{"name":"Sebastian Mayr","email":"sebmaster16@gmail.com","url":"http://blog.smayr.name"},{"name":"Sean Lang","email":"slang800@gmail.com","url":"http://slang.cx"},{"name":"Alan Clarke","url":"https://github.com/alanclarke"}],"homepage":"http://inikulin.github.io/parse5/","devDependencies":{"mocha":"1.21.4"},"keywords":["html","parser","html5","WHATWG","specification","fast","html parser","html5 parser","htmlparser","parse5","serializer","html serializer","htmlserializer","sax","simple api"],"licenses":[{"type":"MIT","url":"https://raw.github.com/inikulin/parse5/master/LICENSE"}],"main":"./index.js","repository":{"type":"git","url":"git://github.com/inikulin/parse5.git"},"scripts":{"test":"node test/run_tests.js"},"gitHead":"efe9080348a84402de3de580e654bb31e6572b3c","bugs":{"url":"https://github.com/inikulin/parse5/issues"},"_id":"parse5@1.3.0","_shasum":"08c04444e8ea328e8446562c083f2972a85bdeb1","_from":".","_npmVersion":"1.4.28","_npmUser":{"name":"inikulin","email":"ifaaan@gmail.com"},"maintainers":[{"name":"inikulin","email":"ifaaan@gmail.com"}],"dist":{"shasum":"08c04444e8ea328e8446562c083f2972a85bdeb1","tarball":"https://registry.npmjs.org/parse5/-/parse5-1.3.0.tgz"},"directories":{}},"1.3.1":{"name":"parse5","description":"WHATWG HTML5 specification-compliant, fast and ready for production HTML parsing/serialization toolset for Node.","version":"1.3.1","author":{"name":"Ivan Nikulin","email":"ifaaan@gmail.com","url":"https://github.com/inikulin"},"contributors":[{"name":"Sebastian Mayr","email":"sebmaster16@gmail.com","url":"http://blog.smayr.name"},{"name":"Sean Lang","email":"slang800@gmail.com","url":"http://slang.cx"},{"name":"Alan Clarke","url":"https://github.com/alanclarke"}],"homepage":"http://inikulin.github.io/parse5/","devDependencies":{"mocha":"1.21.4"},"keywords":["html","parser","html5","WHATWG","specification","fast","html parser","html5 parser","htmlparser","parse5","serializer","html serializer","htmlserializer","sax","simple api"],"licenses":[{"type":"MIT","url":"https://raw.github.com/inikulin/parse5/master/LICENSE"}],"main":"./index.js","repository":{"type":"git","url":"git://github.com/inikulin/parse5.git"},"scripts":{"test":"node test/run_tests.js"},"gitHead":"c195fdb902cf7f0a95fc0f77aa8272ccdd67c28e","bugs":{"url":"https://github.com/inikulin/parse5/issues"},"_id":"parse5@1.3.1","_shasum":"bab47d0c423a2fcb30e16e5ab44d3e0bab5a5c80","_from":".","_npmVersion":"1.4.23","_npmUser":{"name":"inikulin","email":"ifaaan@gmail.com"},"maintainers":[{"name":"inikulin","email":"ifaaan@gmail.com"}],"dist":{"shasum":"bab47d0c423a2fcb30e16e5ab44d3e0bab5a5c80","tarball":"https://registry.npmjs.org/parse5/-/parse5-1.3.1.tgz"},"directories":{}},"1.3.2":{"name":"parse5","description":"WHATWG HTML5 specification-compliant, fast and ready for production HTML parsing/serialization toolset for Node.","version":"1.3.2","author":{"name":"Ivan Nikulin","email":"ifaaan@gmail.com","url":"https://github.com/inikulin"},"contributors":[{"name":"Sebastian Mayr","email":"sebmaster16@gmail.com","url":"http://blog.smayr.name"},{"name":"Sean Lang","email":"slang800@gmail.com","url":"http://slang.cx"},{"name":"Alan Clarke","url":"https://github.com/alanclarke"}],"homepage":"http://inikulin.github.io/parse5/","devDependencies":{"mocha":"1.21.4"},"keywords":["html","parser","html5","WHATWG","specification","fast","html parser","html5 parser","htmlparser","parse5","serializer","html serializer","htmlserializer","sax","simple api"],"licenses":[{"type":"MIT","url":"https://raw.github.com/inikulin/parse5/master/LICENSE"}],"main":"./index.js","repository":{"type":"git","url":"git://github.com/inikulin/parse5.git"},"scripts":{"test":"node test/run_tests.js"},"gitHead":"2512565e01e6a2e1f4d8a83a0f9dc764376a6987","bugs":{"url":"https://github.com/inikulin/parse5/issues"},"_id":"parse5@1.3.2","_shasum":"d9c9fca0aa7ee7be0f9690426dd4f9d1852af8ee","_from":".","_npmVersion":"1.4.28","_npmUser":{"name":"inikulin","email":"ifaaan@gmail.com"},"maintainers":[{"name":"inikulin","email":"ifaaan@gmail.com"}],"dist":{"shasum":"d9c9fca0aa7ee7be0f9690426dd4f9d1852af8ee","tarball":"https://registry.npmjs.org/parse5/-/parse5-1.3.2.tgz"},"directories":{}},"1.4.0":{"name":"parse5","description":"WHATWG HTML5 specification-compliant, fast and ready for production HTML parsing/serialization toolset for Node.","version":"1.4.0","author":{"name":"Ivan Nikulin","email":"ifaaan@gmail.com","url":"https://github.com/inikulin"},"contributors":[{"name":"Sebastian Mayr","email":"sebmaster16@gmail.com","url":"http://blog.smayr.name"},{"name":"Sean Lang","email":"slang800@gmail.com","url":"http://slang.cx"},{"name":"Alan Clarke","url":"https://github.com/alanclarke"}],"homepage":"http://inikulin.github.io/parse5/","devDependencies":{"mocha":"1.21.4"},"keywords":["html","parser","html5","WHATWG","specification","fast","html parser","html5 parser","htmlparser","parse5","serializer","html serializer","htmlserializer","sax","simple api"],"licenses":[{"type":"MIT","url":"https://raw.github.com/inikulin/parse5/master/LICENSE"}],"main":"./index.js","repository":{"type":"git","url":"git://github.com/inikulin/parse5.git"},"scripts":{"test":"node test/run_tests.js"},"gitHead":"a60fa1fa2c614a0e5b4749b9123a98cc3994a425","bugs":{"url":"https://github.com/inikulin/parse5/issues"},"_id":"parse5@1.4.0","_shasum":"d654747c61b17c4470447b4efa04630921c76228","_from":".","_npmVersion":"1.4.28","_npmUser":{"name":"inikulin","email":"ifaaan@gmail.com"},"maintainers":[{"name":"inikulin","email":"ifaaan@gmail.com"}],"dist":{"shasum":"d654747c61b17c4470447b4efa04630921c76228","tarball":"https://registry.npmjs.org/parse5/-/parse5-1.4.0.tgz"},"directories":{}},"1.4.1":{"name":"parse5","description":"WHATWG HTML5 specification-compliant, fast and ready for production HTML parsing/serialization toolset for Node.","version":"1.4.1","author":{"name":"Ivan Nikulin","email":"ifaaan@gmail.com","url":"https://github.com/inikulin"},"contributors":[{"name":"Sebastian Mayr","email":"sebmaster16@gmail.com","url":"http://blog.smayr.name"},{"name":"Sean Lang","email":"slang800@gmail.com","url":"http://slang.cx"},{"name":"Alan Clarke","url":"https://github.com/alanclarke"}],"homepage":"http://inikulin.github.io/parse5/","devDependencies":{"mocha":"1.21.4"},"keywords":["html","parser","html5","WHATWG","specification","fast","html parser","html5 parser","htmlparser","parse5","serializer","html serializer","htmlserializer","sax","simple api"],"licenses":[{"type":"MIT","url":"https://raw.github.com/inikulin/parse5/master/LICENSE"}],"main":"./index.js","repository":{"type":"git","url":"git://github.com/inikulin/parse5.git"},"scripts":{"test":"node test/run_tests.js"},"gitHead":"e12a14d9d153e8713a2cd6d5fe1467180cc67520","bugs":{"url":"https://github.com/inikulin/parse5/issues"},"_id":"parse5@1.4.1","_shasum":"fbfe11c8bbe9fbdc581f646dc0e783a069350ea8","_from":".","_npmVersion":"1.4.28","_npmUser":{"name":"inikulin","email":"ifaaan@gmail.com"},"maintainers":[{"name":"inikulin","email":"ifaaan@gmail.com"}],"dist":{"shasum":"fbfe11c8bbe9fbdc581f646dc0e783a069350ea8","tarball":"https://registry.npmjs.org/parse5/-/parse5-1.4.1.tgz"},"directories":{}},"1.4.2":{"name":"parse5","description":"WHATWG HTML5 specification-compliant, fast and ready for production HTML parsing/serialization toolset for Node and io.js.","version":"1.4.2","author":{"name":"Ivan Nikulin","email":"ifaaan@gmail.com","url":"https://github.com/inikulin"},"contributors":[{"name":"Sebastian Mayr","email":"sebmaster16@gmail.com","url":"http://blog.smayr.name"},{"name":"Sean Lang","email":"slang800@gmail.com","url":"http://slang.cx"},{"name":"Alan Clarke","url":"https://github.com/alanclarke"}],"homepage":"http://inikulin.github.io/parse5/","devDependencies":{"mocha":"1.21.4"},"keywords":["html","parser","html5","WHATWG","specification","fast","html parser","html5 parser","htmlparser","parse5","serializer","html serializer","htmlserializer","sax","simple api"],"licenses":[{"type":"MIT","url":"https://raw.github.com/inikulin/parse5/master/LICENSE"}],"main":"./index.js","repository":{"type":"git","url":"git://github.com/inikulin/parse5.git"},"scripts":{"test":"node test/run_tests.js"},"gitHead":"bc8862ca7c94ad7704fd134d7208223814825acc","bugs":{"url":"https://github.com/inikulin/parse5/issues"},"_id":"parse5@1.4.2","_shasum":"43241c1609cc94bd007f5dcfa21218b37dbcfbe7","_from":".","_npmVersion":"1.4.28","_npmUser":{"name":"inikulin","email":"ifaaan@gmail.com"},"maintainers":[{"name":"inikulin","email":"ifaaan@gmail.com"}],"dist":{"shasum":"43241c1609cc94bd007f5dcfa21218b37dbcfbe7","tarball":"https://registry.npmjs.org/parse5/-/parse5-1.4.2.tgz"},"directories":{}},"1.5.0":{"name":"parse5","description":"WHATWG HTML5 specification-compliant, fast and ready for production HTML parsing/serialization toolset for Node and io.js.","version":"1.5.0","author":{"name":"Ivan Nikulin","email":"ifaaan@gmail.com","url":"https://github.com/inikulin"},"contributors":[{"name":"Alan Clarke","url":"https://github.com/alanclarke"},{"name":"Saksham Aggarwal","email":"s.agg2021@gmail.com"},{"name":"Sebastian Mayr","email":"sebmaster16@gmail.com","url":"http://blog.smayr.name"},{"name":"Sean Lang","email":"slang800@gmail.com","url":"http://slang.cx"}],"homepage":"http://inikulin.github.io/parse5/","devDependencies":{"mocha":"1.21.4"},"keywords":["html","parser","html5","WHATWG","specification","fast","html parser","html5 parser","htmlparser","parse5","serializer","html serializer","htmlserializer","sax","simple api"],"licenses":[{"type":"MIT","url":"https://raw.github.com/inikulin/parse5/master/LICENSE"}],"main":"./index.js","repository":{"type":"git","url":"git://github.com/inikulin/parse5.git"},"scripts":{"test":"node test/run_tests.js"},"gitHead":"74ff897882952810d362af8cad9f3eb7a1147dec","bugs":{"url":"https://github.com/inikulin/parse5/issues"},"_id":"parse5@1.5.0","_shasum":"7b6fb373b5abba8605113d8de2be5b83f6de82f7","_from":".","_npmVersion":"2.10.1","_nodeVersion":"0.12.4","_npmUser":{"name":"inikulin","email":"ifaaan@gmail.com"},"maintainers":[{"name":"inikulin","email":"ifaaan@gmail.com"}],"dist":{"shasum":"7b6fb373b5abba8605113d8de2be5b83f6de82f7","tarball":"https://registry.npmjs.org/parse5/-/parse5-1.5.0.tgz"},"directories":{}},"1.5.1":{"name":"parse5","description":"WHATWG HTML5 specification-compliant, fast and ready for production HTML parsing/serialization toolset for Node and io.js.","version":"1.5.1","author":{"name":"Ivan Nikulin","email":"ifaaan@gmail.com","url":"https://github.com/inikulin"},"contributors":[{"name":"Alan Clarke","url":"https://github.com/alanclarke"},{"name":"Saksham Aggarwal","email":"s.agg2021@gmail.com"},{"name":"Sebastian Mayr","email":"sebmaster16@gmail.com","url":"http://blog.smayr.name"},{"name":"Sean Lang","email":"slang800@gmail.com","url":"http://slang.cx"}],"homepage":"http://inikulin.github.io/parse5/","devDependencies":{"mocha":"1.21.4"},"keywords":["html","parser","html5","WHATWG","specification","fast","html parser","html5 parser","htmlparser","parse5","serializer","html serializer","htmlserializer","sax","simple api"],"licenses":[{"type":"MIT","url":"https://raw.github.com/inikulin/parse5/master/LICENSE"}],"main":"./index.js","repository":{"type":"git","url":"git://github.com/inikulin/parse5.git"},"scripts":{"test":"node test/run_tests.js"},"gitHead":"9cbf3b578ec7f703cc344aa1c564719781550701","bugs":{"url":"https://github.com/inikulin/parse5/issues"},"_id":"parse5@1.5.1","_shasum":"9b7f3b0de32be78dc2401b17573ccaf0f6f59d94","_from":".","_npmVersion":"2.14.7","_nodeVersion":"4.2.2","_npmUser":{"name":"inikulin","email":"ifaaan@gmail.com"},"dist":{"shasum":"9b7f3b0de32be78dc2401b17573ccaf0f6f59d94","tarball":"https://registry.npmjs.org/parse5/-/parse5-1.5.1.tgz"},"maintainers":[{"name":"inikulin","email":"ifaaan@gmail.com"}],"directories":{}},"2.0.0":{"name":"parse5","description":"WHATWG HTML5 specification-compliant, fast and ready for production HTML parsing/serialization toolset for Node and io.js.","version":"2.0.0","author":{"name":"Ivan Nikulin","email":"ifaaan@gmail.com","url":"https://github.com/inikulin"},"contributors":[{"name":"Alan Clarke","url":"https://github.com/alanclarke"},{"name":"Saksham Aggarwal","email":"s.agg2021@gmail.com"},{"name":"Sebastian Mayr","email":"sebmaster16@gmail.com","url":"http://blog.smayr.name"},{"name":"Sean Lang","email":"slang800@gmail.com","url":"http://slang.cx"}],"homepage":"https://github.com/inikulin/parse5","devDependencies":{"del":"^2.0.2","gulp":"^3.9.0","gulp-benchmark":"^1.1.1","gulp-concat":"^2.6.0","gulp-download":"0.0.1","gulp-eslint":"^1.0.0","gulp-insert":"^0.5.0","gulp-install":"^0.5.0","gulp-jsdoc-to-markdown":"^1.1.1","gulp-mocha":"^2.1.3","gulp-rename":"^1.2.2","promise":"^7.0.4","through2":"^2.0.0"},"keywords":["html","parser","html5","WHATWG","specification","fast","html parser","html5 parser","htmlparser","parse5","serializer","html serializer","htmlserializer","sax","simple api"],"license":"MIT","main":"./lib/index.js","repository":{"type":"git","url":"git://github.com/inikulin/parse5.git"},"scripts":{"test":"gulp test"},"files":["lib"],"gitHead":"e1a4cb5dd242c797082a036d5b9d9defe6265f10","bugs":{"url":"https://github.com/inikulin/parse5/issues"},"_id":"parse5@2.0.0","_shasum":"11b07272debc71aec8214182ae0499b9a5d44b0a","_from":".","_npmVersion":"2.14.7","_nodeVersion":"4.2.2","_npmUser":{"name":"inikulin","email":"ifaaan@gmail.com"},"dist":{"shasum":"11b07272debc71aec8214182ae0499b9a5d44b0a","tarball":"https://registry.npmjs.org/parse5/-/parse5-2.0.0.tgz"},"maintainers":[{"name":"inikulin","email":"ifaaan@gmail.com"}],"directories":{}},"2.0.1":{"name":"parse5","description":"WHATWG HTML5 specification-compliant, fast and ready for production HTML parsing/serialization toolset for Node.js","version":"2.0.1","author":{"name":"Ivan Nikulin","email":"ifaaan@gmail.com","url":"https://github.com/inikulin"},"contributors":[{"name":"Alan Clarke","url":"https://github.com/alanclarke"},{"name":"Saksham Aggarwal","email":"s.agg2021@gmail.com"},{"name":"Sebastian Mayr","email":"sebmaster16@gmail.com","url":"http://blog.smayr.name"},{"name":"Sean Lang","email":"slang800@gmail.com","url":"http://slang.cx"}],"homepage":"https://github.com/inikulin/parse5","devDependencies":{"del":"^2.0.2","gulp":"^3.9.0","gulp-benchmark":"^1.1.1","gulp-concat":"^2.6.0","gulp-download":"0.0.1","gulp-eslint":"^1.0.0","gulp-insert":"^0.5.0","gulp-install":"^0.5.0","gulp-jsdoc-to-markdown":"^1.1.1","gulp-mocha":"^2.1.3","gulp-rename":"^1.2.2","promise":"^7.0.4","publish-please":"^1.1.0","through2":"^2.0.0"},"keywords":["html","parser","html5","WHATWG","specification","fast","html parser","html5 parser","htmlparser","parse5","serializer","html serializer","htmlserializer","sax","simple api"],"license":"MIT","main":"./lib/index.js","repository":{"type":"git","url":"git://github.com/inikulin/parse5.git"},"scripts":{"test":"gulp test"},"files":["lib"],"gitHead":"efbf0cfef25d3316a51e0d4bf81619c89b968930","bugs":{"url":"https://github.com/inikulin/parse5/issues"},"_id":"parse5@2.0.1","_shasum":"76718e2cf563c7fb601309c4d85e71077dbb3667","_from":".","_npmVersion":"2.14.7","_nodeVersion":"4.2.2","_npmUser":{"name":"inikulin","email":"ifaaan@gmail.com"},"dist":{"shasum":"76718e2cf563c7fb601309c4d85e71077dbb3667","tarball":"https://registry.npmjs.org/parse5/-/parse5-2.0.1.tgz"},"maintainers":[{"name":"inikulin","email":"ifaaan@gmail.com"}],"directories":{}},"2.0.2":{"name":"parse5","description":"WHATWG HTML5 specification-compliant, fast and ready for production HTML parsing/serialization toolset for Node.js","version":"2.0.2","author":{"name":"Ivan Nikulin","email":"ifaaan@gmail.com","url":"https://github.com/inikulin"},"contributors":[{"name":"Alan Clarke","url":"https://github.com/alanclarke"},{"name":"Saksham Aggarwal","email":"s.agg2021@gmail.com"},{"name":"Sebastian Mayr","email":"sebmaster16@gmail.com","url":"http://blog.smayr.name"},{"name":"Sean Lang","email":"slang800@gmail.com","url":"http://slang.cx"}],"homepage":"https://github.com/inikulin/parse5","devDependencies":{"del":"^2.0.2","gulp":"^3.9.0","gulp-benchmark":"^1.1.1","gulp-concat":"^2.6.0","gulp-download":"0.0.1","gulp-eslint":"^1.0.0","gulp-insert":"^0.5.0","gulp-install":"^0.5.0","gulp-jsdoc-to-markdown":"^1.1.1","gulp-mocha":"^2.1.3","gulp-rename":"^1.2.2","promise":"^7.0.4","publish-please":"^1.1.0","through2":"^2.0.0"},"keywords":["html","parser","html5","WHATWG","specification","fast","html parser","html5 parser","htmlparser","parse5","serializer","html serializer","htmlserializer","sax","simple api"],"license":"MIT","main":"./lib/index.js","repository":{"type":"git","url":"git://github.com/inikulin/parse5.git"},"scripts":{"test":"gulp test"},"files":["lib"],"gitHead":"a3f2ea81138959639fb169a10e6853d027ace7f4","bugs":{"url":"https://github.com/inikulin/parse5/issues"},"_id":"parse5@2.0.2","_shasum":"804f78d4677c0a77f60ae7947d467f43b3181cd4","_from":".","_npmVersion":"2.14.7","_nodeVersion":"4.2.1","_npmUser":{"name":"inikulin","email":"ifaaan@gmail.com"},"maintainers":[{"name":"inikulin","email":"ifaaan@gmail.com"}],"dist":{"shasum":"804f78d4677c0a77f60ae7947d467f43b3181cd4","tarball":"https://registry.npmjs.org/parse5/-/parse5-2.0.2.tgz"},"directories":{}},"2.1.0":{"name":"parse5","description":"WHATWG HTML5 specification-compliant, fast and ready for production HTML parsing/serialization toolset for Node.js","version":"2.1.0","author":{"name":"Ivan Nikulin","email":"ifaaan@gmail.com","url":"https://github.com/inikulin"},"contributors":[{"name":"Alan Clarke","url":"https://github.com/alanclarke"},{"name":"Evan You","url":"http://evanyou.me"},{"name":"Saksham Aggarwal","email":"s.agg2021@gmail.com"},{"name":"Sebastian Mayr","email":"sebmaster16@gmail.com","url":"http://blog.smayr.name"},{"name":"Sean Lang","email":"slang800@gmail.com","url":"http://slang.cx"}],"homepage":"https://github.com/inikulin/parse5","devDependencies":{"del":"^2.0.2","gulp":"^3.9.0","gulp-benchmark":"^1.1.1","gulp-concat":"^2.6.0","gulp-download":"0.0.1","gulp-eslint":"^1.0.0","gulp-insert":"^0.5.0","gulp-install":"^0.5.0","gulp-jsdoc-to-markdown":"^1.1.1","gulp-mocha":"^2.1.3","gulp-rename":"^1.2.2","promise":"^7.0.4","publish-please":"^1.1.0","through2":"^2.0.0"},"keywords":["html","parser","html5","WHATWG","specification","fast","html parser","html5 parser","htmlparser","parse5","serializer","html serializer","htmlserializer","sax","simple api","parse","tokenize","serialize","tokenizer"],"license":"MIT","main":"./lib/index.js","repository":{"type":"git","url":"git://github.com/inikulin/parse5.git"},"scripts":{"test":"gulp test"},"files":["lib"],"gitHead":"78e84d962861b7bdfda1692bb76ac1167b5a1c30","bugs":{"url":"https://github.com/inikulin/parse5/issues"},"_id":"parse5@2.1.0","_shasum":"bfdaddde4888d7a8d0f10696bb06502940759c7a","_from":".","_npmVersion":"2.14.7","_nodeVersion":"4.2.1","_npmUser":{"name":"inikulin","email":"ifaaan@gmail.com"},"dist":{"shasum":"bfdaddde4888d7a8d0f10696bb06502940759c7a","tarball":"https://registry.npmjs.org/parse5/-/parse5-2.1.0.tgz"},"maintainers":[{"name":"inikulin","email":"ifaaan@gmail.com"}],"directories":{}},"2.1.1":{"name":"parse5","description":"WHATWG HTML5 specification-compliant, fast and ready for production HTML parsing/serialization toolset for Node.js","version":"2.1.1","author":{"name":"Ivan Nikulin","email":"ifaaan@gmail.com","url":"https://github.com/inikulin"},"contributors":[{"name":"Alan Clarke","url":"https://github.com/alanclarke"},{"name":"Evan You","url":"http://evanyou.me"},{"name":"Saksham Aggarwal","email":"s.agg2021@gmail.com"},{"name":"Sebastian Mayr","email":"sebmaster16@gmail.com","url":"http://blog.smayr.name"},{"name":"Sean Lang","email":"slang800@gmail.com","url":"http://slang.cx"}],"homepage":"https://github.com/inikulin/parse5","devDependencies":{"del":"^2.0.2","gulp":"^3.9.0","gulp-benchmark":"^1.1.1","gulp-concat":"^2.6.0","gulp-download":"0.0.1","gulp-eslint":"^1.0.0","gulp-insert":"^0.5.0","gulp-install":"^0.5.0","gulp-jsdoc-to-markdown":"^1.1.1","gulp-mocha":"^2.1.3","gulp-rename":"^1.2.2","promise":"^7.0.4","publish-please":"^1.1.0","through2":"^2.0.0"},"keywords":["html","parser","html5","WHATWG","specification","fast","html parser","html5 parser","htmlparser","parse5","serializer","html serializer","htmlserializer","sax","simple api","parse","tokenize","serialize","tokenizer"],"license":"MIT","main":"./lib/index.js","repository":{"type":"git","url":"git://github.com/inikulin/parse5.git"},"scripts":{"test":"gulp test"},"files":["lib"],"gitHead":"2b97a93d2699497bf8b169fc283e8261301d9e5c","bugs":{"url":"https://github.com/inikulin/parse5/issues"},"_id":"parse5@2.1.1","_shasum":"ff222b8a14e77bae39ef0839bccf269f10c12080","_from":".","_npmVersion":"2.14.7","_nodeVersion":"4.2.2","_npmUser":{"name":"inikulin","email":"ifaaan@gmail.com"},"dist":{"shasum":"ff222b8a14e77bae39ef0839bccf269f10c12080","tarball":"https://registry.npmjs.org/parse5/-/parse5-2.1.1.tgz"},"maintainers":[{"name":"inikulin","email":"ifaaan@gmail.com"}],"directories":{}},"2.1.2":{"name":"parse5","description":"WHATWG HTML5 specification-compliant, fast and ready for production HTML parsing/serialization toolset for Node.js","version":"2.1.2","author":{"name":"Ivan Nikulin","email":"ifaaan@gmail.com","url":"https://github.com/inikulin"},"contributors":[{"name":"Alan Clarke","url":"https://github.com/alanclarke"},{"name":"Evan You","url":"http://evanyou.me"},{"name":"Saksham Aggarwal","email":"s.agg2021@gmail.com"},{"name":"Sebastian Mayr","email":"sebmaster16@gmail.com","url":"http://blog.smayr.name"},{"name":"Sean Lang","email":"slang800@gmail.com","url":"http://slang.cx"}],"homepage":"https://github.com/inikulin/parse5","devDependencies":{"del":"^2.0.2","gulp":"^3.9.0","gulp-benchmark":"^1.1.1","gulp-concat":"^2.6.0","gulp-download":"0.0.1","gulp-eslint":"^1.0.0","gulp-insert":"^0.5.0","gulp-install":"^0.5.0","gulp-jsdoc-to-markdown":"^1.1.1","gulp-mocha":"^2.1.3","gulp-rename":"^1.2.2","promise":"^7.0.4","publish-please":"^1.1.0","through2":"^2.0.0"},"keywords":["html","parser","html5","WHATWG","specification","fast","html parser","html5 parser","htmlparser","parse5","serializer","html serializer","htmlserializer","sax","simple api","parse","tokenize","serialize","tokenizer"],"license":"MIT","main":"./lib/index.js","repository":{"type":"git","url":"git://github.com/inikulin/parse5.git"},"scripts":{"test":"gulp test"},"files":["lib"],"gitHead":"0fa927a5b663ba276c393f500eccd9015164236f","bugs":{"url":"https://github.com/inikulin/parse5/issues"},"_id":"parse5@2.1.2","_shasum":"ea353f92136d903e242ce500c8e42d9abaae4e02","_from":".","_npmVersion":"2.14.7","_nodeVersion":"4.2.2","_npmUser":{"name":"inikulin","email":"ifaaan@gmail.com"},"dist":{"shasum":"ea353f92136d903e242ce500c8e42d9abaae4e02","tarball":"https://registry.npmjs.org/parse5/-/parse5-2.1.2.tgz"},"maintainers":[{"name":"inikulin","email":"ifaaan@gmail.com"}],"directories":{}},"2.1.3":{"name":"parse5","description":"WHATWG HTML5 specification-compliant, fast and ready for production HTML parsing/serialization toolset for Node.js","version":"2.1.3","author":{"name":"Ivan Nikulin","email":"ifaaan@gmail.com","url":"https://github.com/inikulin"},"contributors":[{"name":"Alan Clarke","url":"https://github.com/alanclarke"},{"name":"Evan You","url":"http://evanyou.me"},{"name":"Saksham Aggarwal","email":"s.agg2021@gmail.com"},{"name":"Sebastian Mayr","email":"sebmaster16@gmail.com","url":"http://blog.smayr.name"},{"name":"Sean Lang","email":"slang800@gmail.com","url":"http://slang.cx"}],"homepage":"https://github.com/inikulin/parse5","devDependencies":{"del":"^2.0.2","gulp":"^3.9.0","gulp-benchmark":"^1.1.1","gulp-concat":"^2.6.0","gulp-download":"0.0.1","gulp-eslint":"^1.0.0","gulp-insert":"^0.5.0","gulp-install":"^0.5.0","gulp-jsdoc-to-markdown":"^1.1.1","gulp-mocha":"^2.1.3","gulp-rename":"^1.2.2","promise":"^7.0.4","publish-please":"^1.1.0","through2":"^2.0.0"},"keywords":["html","parser","html5","WHATWG","specification","fast","html parser","html5 parser","htmlparser","parse5","serializer","html serializer","htmlserializer","sax","simple api","parse","tokenize","serialize","tokenizer"],"license":"MIT","main":"./lib/index.js","repository":{"type":"git","url":"git://github.com/inikulin/parse5.git"},"scripts":{"test":"gulp test"},"files":["lib"],"gitHead":"0a6880e13e42869ffebbd4dbb6711a7567266455","bugs":{"url":"https://github.com/inikulin/parse5/issues"},"_id":"parse5@2.1.3","_shasum":"bd30ea83354be85282a51d3bcbe937b3a1199b79","_from":".","_npmVersion":"2.14.7","_nodeVersion":"4.2.1","_npmUser":{"name":"inikulin","email":"ifaaan@gmail.com"},"dist":{"shasum":"bd30ea83354be85282a51d3bcbe937b3a1199b79","tarball":"https://registry.npmjs.org/parse5/-/parse5-2.1.3.tgz"},"maintainers":[{"name":"inikulin","email":"ifaaan@gmail.com"}],"directories":{}},"2.1.4":{"name":"parse5","description":"WHATWG HTML5 specification-compliant, fast and ready for production HTML parsing/serialization toolset for Node.js","version":"2.1.4","author":{"name":"Ivan Nikulin","email":"ifaaan@gmail.com","url":"https://github.com/inikulin"},"contributors":[{"name":"Alan Clarke","url":"https://github.com/alanclarke"},{"name":"Evan You","url":"http://evanyou.me"},{"name":"Saksham Aggarwal","email":"s.agg2021@gmail.com"},{"name":"Sebastian Mayr","email":"sebmaster16@gmail.com","url":"http://blog.smayr.name"},{"name":"Sean Lang","email":"slang800@gmail.com","url":"http://slang.cx"}],"homepage":"https://github.com/inikulin/parse5","devDependencies":{"del":"^2.0.2","gulp":"^3.9.0","gulp-benchmark":"^1.1.1","gulp-concat":"^2.6.0","gulp-download":"0.0.1","gulp-eslint":"^1.0.0","gulp-insert":"^0.5.0","gulp-install":"^0.5.0","gulp-jsdoc-to-markdown":"^1.1.1","gulp-mocha":"^2.1.3","gulp-rename":"^1.2.2","promise":"^7.0.4","publish-please":"^1.1.0","through2":"^2.0.0"},"keywords":["html","parser","html5","WHATWG","specification","fast","html parser","html5 parser","htmlparser","parse5","serializer","html serializer","htmlserializer","sax","simple api","parse","tokenize","serialize","tokenizer"],"license":"MIT","main":"./lib/index.js","repository":{"type":"git","url":"git://github.com/inikulin/parse5.git"},"scripts":{"test":"gulp test"},"files":["lib"],"gitHead":"1eec3cf9b989ab0320034b57c59615241a137189","bugs":{"url":"https://github.com/inikulin/parse5/issues"},"_id":"parse5@2.1.4","_shasum":"96618211d90345498dd8e06f3a36b7be33721100","_from":".","_npmVersion":"2.14.7","_nodeVersion":"4.2.2","_npmUser":{"name":"inikulin","email":"ifaaan@gmail.com"},"dist":{"shasum":"96618211d90345498dd8e06f3a36b7be33721100","tarball":"https://registry.npmjs.org/parse5/-/parse5-2.1.4.tgz"},"maintainers":[{"name":"inikulin","email":"ifaaan@gmail.com"}],"directories":{}},"2.1.5":{"name":"parse5","description":"WHATWG HTML5 specification-compliant, fast and ready for production HTML parsing/serialization toolset for Node.js","version":"2.1.5","author":{"name":"Ivan Nikulin","email":"ifaaan@gmail.com","url":"https://github.com/inikulin"},"contributors":[{"name":"Alan Clarke","url":"https://github.com/alanclarke"},{"name":"Evan You","url":"http://evanyou.me"},{"name":"Saksham Aggarwal","email":"s.agg2021@gmail.com"},{"name":"Sebastian Mayr","email":"sebmaster16@gmail.com","url":"http://blog.smayr.name"},{"name":"Sean Lang","email":"slang800@gmail.com","url":"http://slang.cx"}],"homepage":"https://github.com/inikulin/parse5","devDependencies":{"del":"^2.0.2","gulp":"^3.9.0","gulp-benchmark":"^1.1.1","gulp-concat":"^2.6.0","gulp-download":"0.0.1","gulp-eslint":"^1.0.0","gulp-insert":"^0.5.0","gulp-install":"^0.5.0","gulp-jsdoc-to-markdown":"^1.1.1","gulp-mocha":"^2.1.3","gulp-rename":"^1.2.2","promise":"^7.0.4","publish-please":"^1.1.0","through2":"^2.0.0"},"keywords":["html","parser","html5","WHATWG","specification","fast","html parser","html5 parser","htmlparser","parse5","serializer","html serializer","htmlserializer","sax","simple api","parse","tokenize","serialize","tokenizer"],"license":"MIT","main":"./lib/index.js","repository":{"type":"git","url":"git://github.com/inikulin/parse5.git"},"scripts":{"test":"gulp test"},"files":["lib"],"gitHead":"3c195ec374422497fdce1f98528dab9e7ebbeb9b","bugs":{"url":"https://github.com/inikulin/parse5/issues"},"_id":"parse5@2.1.5","_shasum":"7a8677ade25ddac04237905f7be54645572dcf05","_from":".","_npmVersion":"2.14.7","_nodeVersion":"4.2.2","_npmUser":{"name":"inikulin","email":"ifaaan@gmail.com"},"dist":{"shasum":"7a8677ade25ddac04237905f7be54645572dcf05","tarball":"https://registry.npmjs.org/parse5/-/parse5-2.1.5.tgz"},"maintainers":[{"name":"inikulin","email":"ifaaan@gmail.com"}],"directories":{}},"2.2.0":{"name":"parse5","description":"WHATWG HTML5 specification-compliant, fast and ready for production HTML parsing/serialization toolset for Node.js","version":"2.2.0","author":{"name":"Ivan Nikulin","email":"ifaaan@gmail.com","url":"https://github.com/inikulin"},"contributors":[{"name":"Alan Clarke","url":"https://github.com/alanclarke"},{"name":"Evan You","url":"http://evanyou.me"},{"name":"Saksham Aggarwal","email":"s.agg2021@gmail.com"},{"name":"Sebastian Mayr","email":"sebmaster16@gmail.com","url":"http://blog.smayr.name"},{"name":"Sean Lang","email":"slang800@gmail.com","url":"http://slang.cx"}],"homepage":"https://github.com/inikulin/parse5","devDependencies":{"del":"^2.0.2","gulp":"^3.9.0","gulp-benchmark":"^1.1.1","gulp-concat":"^2.6.0","gulp-download":"0.0.1","gulp-eslint":"^2.0.0","gulp-insert":"^0.5.0","gulp-install":"^0.6.0","gulp-jsdoc-to-markdown":"^1.1.1","gulp-mocha":"^2.1.3","gulp-rename":"^1.2.2","promise":"^7.0.4","publish-please":"^2.2.0","through2":"^2.0.0"},"keywords":["html","parser","html5","WHATWG","specification","fast","html parser","html5 parser","htmlparser","parse5","serializer","html serializer","htmlserializer","sax","simple api","parse","tokenize","serialize","tokenizer"],"license":"MIT","main":"./lib/index.js","repository":{"type":"git","url":"git://github.com/inikulin/parse5.git"},"scripts":{"test":"gulp test","publish-please":"publish-please","prepublish":"publish-please guard"},"files":["lib"],"gitHead":"6f9b2a311e4dc1f210ec439412ae6125ed05d631","bugs":{"url":"https://github.com/inikulin/parse5/issues"},"_id":"parse5@2.2.0","_shasum":"e2378b541d552047cb3abc5bd2f2d05a1ae36170","_from":".","_npmVersion":"3.3.12","_nodeVersion":"5.4.1","_npmUser":{"name":"inikulin","email":"ifaaan@gmail.com"},"dist":{"shasum":"e2378b541d552047cb3abc5bd2f2d05a1ae36170","tarball":"https://registry.npmjs.org/parse5/-/parse5-2.2.0.tgz"},"maintainers":[{"name":"inikulin","email":"ifaaan@gmail.com"}],"_npmOperationalInternal":{"host":"packages-16-east.internal.npmjs.com","tmp":"tmp/parse5-2.2.0.tgz_1470915407245_0.07531618792563677"},"directories":{}},"2.2.1":{"name":"parse5","description":"WHATWG HTML5 specification-compliant, fast and ready for production HTML parsing/serialization toolset for Node.js","version":"2.2.1","author":{"name":"Ivan Nikulin","email":"ifaaan@gmail.com","url":"https://github.com/inikulin"},"contributors":[{"name":"Alan Clarke","url":"https://github.com/alanclarke"},{"name":"Evan You","url":"http://evanyou.me"},{"name":"Saksham Aggarwal","email":"s.agg2021@gmail.com"},{"name":"Sebastian Mayr","email":"sebmaster16@gmail.com","url":"http://blog.smayr.name"},{"name":"Sean Lang","email":"slang800@gmail.com","url":"http://slang.cx"}],"homepage":"https://github.com/inikulin/parse5","devDependencies":{"del":"^2.0.2","gulp":"^3.9.0","gulp-benchmark":"^1.1.1","gulp-concat":"^2.6.0","gulp-download":"0.0.1","gulp-eslint":"^2.0.0","gulp-insert":"^0.5.0","gulp-install":"^0.6.0","gulp-jsdoc-to-markdown":"^1.1.1","gulp-mocha":"^2.1.3","gulp-rename":"^1.2.2","promise":"^7.0.4","publish-please":"^2.2.0","through2":"^2.0.0"},"keywords":["html","parser","html5","WHATWG","specification","fast","html parser","html5 parser","htmlparser","parse5","serializer","html serializer","htmlserializer","sax","simple api","parse","tokenize","serialize","tokenizer"],"license":"MIT","main":"./lib/index.js","repository":{"type":"git","url":"git://github.com/inikulin/parse5.git"},"scripts":{"test":"gulp test","publish-please":"publish-please","prepublish":"publish-please guard"},"files":["lib"],"gitHead":"389d01761f1f072089cdd2b4f7dd112c96e4b531","bugs":{"url":"https://github.com/inikulin/parse5/issues"},"_id":"parse5@2.2.1","_shasum":"48dcafe712b0dc583f9ddabf1a4a50d8898e821c","_from":".","_npmVersion":"3.3.12","_nodeVersion":"5.4.1","_npmUser":{"name":"inikulin","email":"ifaaan@gmail.com"},"dist":{"shasum":"48dcafe712b0dc583f9ddabf1a4a50d8898e821c","tarball":"https://registry.npmjs.org/parse5/-/parse5-2.2.1.tgz"},"maintainers":[{"name":"inikulin","email":"ifaaan@gmail.com"}],"_npmOperationalInternal":{"host":"packages-16-east.internal.npmjs.com","tmp":"tmp/parse5-2.2.1.tgz_1472728719480_0.1344913737848401"},"directories":{}}},"readme":"<p align=\"center\">\r\n    <a href=\"https://github.com/inikulin/parse5\">\r\n        <img src=\"https://raw.github.com/inikulin/parse5/master/docs/logo.png\" alt=\"parse5\" />\r\n    </a>\r\n</p>\r\n\r\n<p align=\"center\">\r\n<i>WHATWG HTML5 specification-compliant, fast and ready for production HTML parsing/serialization toolset for Node.js</i>\r\n</p>\r\n\r\n<p align=\"center\">\r\n  <a href=\"https://travis-ci.org/inikulin/parse5\"><img alt=\"Build Status\" src=\"https://api.travis-ci.org/inikulin/parse5.svg\"></a>\r\n  <a href=\"https://www.npmjs.com/package/parse5\"><img alt=\"NPM Version\" src=\"https://img.shields.io/npm/v/parse5.svg\"></a>\r\n  <a href=\"https://npmjs.org/package/parse5\"><img alt=\"Downloads\" src=\"http://img.shields.io/npm/dm/parse5.svg\"></a>\r\n  <a href=\"https://npmjs.org/package/parse5\"><img alt=\"Downloads total\" src=\"http://img.shields.io/npm/dt/parse5.svg\"></a>\r\n</p>\r\n\r\n<p align=\"center\">\r\n<b><i>parse5</i></b> provides nearly everything you may need when dealing with HTML. It's the fastest spec-compliant HTML parser\r\nfor Node to date. It parses HTML the way the latest version of your browser does. It has proven itself reliable in such projects\r\nas <a href=\"https://github.com/tmpvar/jsdom\">jsdom</a>, <a href=\"https://github.com/angular/angular\">Angular2</a>, <a href=\"https://www.polymer-project.org\">Polymer</a> and many more.\r\n</p>\r\n\r\n----\r\n\r\n<p align=\"center\">\r\n  <a href=\"https://github.com/inikulin/parse5/wiki/Documentation\">Documentation</a>\r\n</p>\r\n\r\n<p align=\"center\">\r\n  <a href=\"https://github.com/inikulin/parse5/wiki/Documentation#version-history\">Version history</a>\r\n</p>\r\n\r\n<p align=\"center\">\r\n  <a href=\"http://astexplorer.net/#/1CHlCXc4n4\">Online playground</a>\r\n</p>\r\n\r\n<p align=\"center\">\r\n  <a href=\"https://github.com/inikulin/parse5/issues\">Issue tracker</a>\r\n</p>\r\n","maintainers":[{"name":"inikulin","email":"ifaaan@gmail.com"}],"time":{"modified":"2016-09-01T11:18:41.462Z","created":"2013-07-03T09:19:28.186Z","0.5.0":"2013-07-03T09:19:33.333Z","0.5.1":"2013-07-03T10:20:57.843Z","0.5.2":"2013-07-03T13:48:17.234Z","0.5.3":"2013-07-18T14:00:54.334Z","0.5.4":"2013-07-18T14:11:52.609Z","0.6.0":"2013-08-05T12:57:45.429Z","0.6.1":"2013-10-17T13:27:26.286Z","0.8.1":"2014-02-28T14:13:12.690Z","0.8.2":"2014-02-28T14:13:41.420Z","0.8.3":"2014-03-03T11:17:35.305Z","1.0.0":"2014-07-07T08:30:14.877Z","1.0.1":"2014-08-05T13:38:02.431Z","1.1.0":"2014-08-18T15:32:52.610Z","1.1.1":"2014-08-18T15:47:20.380Z","1.1.2":"2014-08-19T06:58:02.338Z","1.1.3":"2014-09-08T09:05:52.437Z","1.1.4":"2014-09-18T07:23:10.711Z","1.1.5":"2014-10-18T11:33:24.740Z","1.1.6":"2014-10-18T13:20:36.587Z","1.2.0":"2014-11-06T11:43:12.409Z","1.3.0":"2014-12-24T12:03:23.173Z","1.3.1":"2015-01-21T19:50:33.733Z","1.3.2":"2015-02-03T13:12:53.994Z","1.4.0":"2015-02-24T14:53:54.752Z","1.4.1":"2015-02-25T08:37:39.691Z","1.4.2":"2015-04-08T14:44:12.399Z","1.5.0":"2015-06-24T13:32:35.875Z","1.5.1":"2015-11-28T23:01:56.405Z","2.0.0":"2015-12-07T13:40:01.100Z","2.0.1":"2015-12-11T10:16:18.861Z","2.0.2":"2015-12-12T17:23:24.805Z","2.1.0":"2016-01-05T18:11:20.283Z","2.1.1":"2016-01-14T08:42:13.118Z","2.1.2":"2016-01-15T14:42:21.580Z","2.1.3":"2016-01-19T20:13:11.235Z","2.1.4":"2016-01-26T11:06:56.243Z","2.1.5":"2016-01-27T13:35:46.571Z","2.2.0":"2016-08-11T11:36:48.278Z","2.2.1":"2016-09-01T11:18:41.462Z"},"author":{"name":"Ivan Nikulin","email":"ifaaan@gmail.com","url":"https://github.com/inikulin"},"repository":{"type":"git","url":"git://github.com/inikulin/parse5.git"},"homepage":"https://github.com/inikulin/parse5","keywords":["html","parser","html5","WHATWG","specification","fast","html parser","html5 parser","htmlparser","parse5","serializer","html serializer","htmlserializer","sax","simple api","parse","tokenize","serialize","tokenizer"],"bugs":{"url":"https://github.com/inikulin/parse5/issues"},"readmeFilename":"README.md","contributors":[{"name":"Alan Clarke","url":"https://github.com/alanclarke"},{"name":"Evan You","url":"http://evanyou.me"},{"name":"Saksham Aggarwal","email":"s.agg2021@gmail.com"},{"name":"Sebastian Mayr","email":"sebmaster16@gmail.com","url":"http://blog.smayr.name"},{"name":"Sean Lang","email":"slang800@gmail.com","url":"http://slang.cx"}],"users":{"285858315":true,"imoore4ud":true,"tetotechy":true,"jarib":true,"stevenvachon":true,"dralc":true,"xumakjosh":true,"poosanth":true,"nestof":true,"eerne":true,"slang":true,"ziflex":true,"leon740727":true,"sunnylost":true},"license":"MIT","_attachments":{},"_etag":"\"4G5BVIE0WGN4AYMQKN48G0D2W\""}