{"_id":"filename-regex","_rev":"9-72d15f340bbcf016122d34b809280614","name":"filename-regex","description":"Regular expression for matching file names, with or without extension.","dist-tags":{"latest":"2.0.0"},"versions":{"0.1.0":{"name":"filename-regex","description":"Regular expression for matching file names, with or without extension.","version":"0.1.0","homepage":"https://github.com/regexps/filename-regex","author":{"name":"Jon Schlinkert","url":"https://github.com/jonschlinkert"},"repository":{"type":"git","url":"git://github.com/regexps/filename-regex.git"},"bugs":{"url":"https://github.com/regexps/filename-regex/issues"},"license":{"type":"MIT","url":"https://github.com/regexps/filename-regex/blob/master/LICENSE-MIT"},"main":"index.js","engines":{"node":">=0.10.0"},"scripts":{"test":"mocha -R spec"},"devDependencies":{"mocha":"*","should":"*"},"keywords":["base","basename","expression","file","filename","filepath","fs","match","name","path","regex","regexp","regular","test"],"_id":"filename-regex@0.1.0","_shasum":"df1420cf8db5c515f96d79acdc04f8889d849b2b","_from":".","_npmVersion":"1.4.23","_npmUser":{"name":"jonschlinkert","email":"github@sellside.com"},"maintainers":[{"name":"jonschlinkert","email":"github@sellside.com"}],"dist":{"shasum":"df1420cf8db5c515f96d79acdc04f8889d849b2b","tarball":"https://registry.npmjs.org/filename-regex/-/filename-regex-0.1.0.tgz"},"directories":{}},"0.2.0":{"name":"filename-regex","description":"Regular expression for matching file names, with or without extension.","version":"0.2.0","homepage":"https://github.com/regexps/filename-regex","author":{"name":"Jon Schlinkert","url":"https://github.com/jonschlinkert"},"repository":{"type":"git","url":"git://github.com/regexps/filename-regex.git"},"bugs":{"url":"https://github.com/regexps/filename-regex/issues"},"license":{"type":"MIT","url":"https://github.com/regexps/filename-regex/blob/master/LICENSE-MIT"},"main":"index.js","engines":{"node":">=0.10.0"},"scripts":{"test":"mocha -R spec"},"keywords":["base","basename","expression","file","filename","filepath","fs","match","name","path","regex","regexp","regular","test"],"_id":"filename-regex@0.2.0","_shasum":"f872d08e3bd0f61646053cf8324252aab30454d4","_from":".","_npmVersion":"1.4.23","_npmUser":{"name":"jonschlinkert","email":"github@sellside.com"},"maintainers":[{"name":"jonschlinkert","email":"github@sellside.com"}],"dist":{"shasum":"f872d08e3bd0f61646053cf8324252aab30454d4","tarball":"https://registry.npmjs.org/filename-regex/-/filename-regex-0.2.0.tgz"},"directories":{}},"1.0.0":{"name":"filename-regex","description":"Regular expression for matching file names, with or without extension.","version":"1.0.0","homepage":"https://github.com/regexps/filename-regex","author":{"name":"Jon Schlinkert","url":"https://github.com/jonschlinkert"},"repository":{"type":"git","url":"git://github.com/regexps/filename-regex.git"},"bugs":{"url":"https://github.com/regexps/filename-regex/issues"},"license":{"type":"MIT","url":"https://github.com/regexps/filename-regex/blob/master/LICENSE-MIT"},"main":"index.js","engines":{"node":">=0.10.0"},"scripts":{"test":"mocha -R spec"},"keywords":["basename","expression","file","filename","filepath","match","name","path","regex","regexp","regular"],"gitHead":"5f10cf945655347f1be94ea37d90c3724219b9ff","_id":"filename-regex@1.0.0","_shasum":"c4d31dc8552c4129af4781ae3b42014b7a7dd5d9","_from":".","_npmVersion":"1.4.23","_npmUser":{"name":"jonschlinkert","email":"github@sellside.com"},"maintainers":[{"name":"jonschlinkert","email":"github@sellside.com"}],"dist":{"shasum":"c4d31dc8552c4129af4781ae3b42014b7a7dd5d9","tarball":"https://registry.npmjs.org/filename-regex/-/filename-regex-1.0.0.tgz"},"directories":{}},"2.0.0":{"name":"filename-regex","description":"Regular expression for matching file names, with or without extension.","version":"2.0.0","homepage":"https://github.com/regexps/filename-regex","author":{"name":"Jon Schlinkert","url":"https://github.com/jonschlinkert"},"repository":{"type":"git","url":"git://github.com/regexps/filename-regex.git"},"bugs":{"url":"https://github.com/regexps/filename-regex/issues"},"license":{"type":"MIT","url":"https://github.com/regexps/filename-regex/blob/master/LICENSE-MIT"},"main":"index.js","engines":{"node":">=0.10.0"},"files":["index.js"],"scripts":{"test":"mocha -R spec"},"keywords":["basename","regular expression","file","filename","filepath","match","name","path","regex","regexp"],"gitHead":"aa0f2933322d38cf547ff4c8ced882fbd8422866","_id":"filename-regex@2.0.0","_shasum":"996e3e80479b98b9897f15a8a58b3d084e926775","_from":".","_npmVersion":"1.4.28","_npmUser":{"name":"jonschlinkert","email":"github@sellside.com"},"maintainers":[{"name":"jonschlinkert","email":"github@sellside.com"}],"dist":{"shasum":"996e3e80479b98b9897f15a8a58b3d084e926775","tarball":"https://registry.npmjs.org/filename-regex/-/filename-regex-2.0.0.tgz"},"directories":{}}},"readme":"# filename-regex [![NPM version](https://badge.fury.io/js/filename-regex.svg)](http://badge.fury.io/js/filename-regex)\n\n> Regular expression for matching file names, with or without extension.\n\n\n## Install with [npm](npmjs.org)\n\n```bash\nnpm i filename-regex --save\n```\n\n## Usage\n\n```js\nvar regex = require('filename-regex');\n\n'a/b/c/d.min.js'.match(regex());\n//=> match[0] = 'd.min.js'\n\n'a/b/c/.dotfile'.match(regex());\n//=> match[0] = '.dotfile'\n```\n\n\n## Run tests\n\nInstall dev dependencies:\n\n```bash\nnpm i -d && npm test\n```\n\n## Contributing\nPull requests and stars are always welcome. For bugs and feature requests, [please create an issue](https://github.com/regexps/filename-regex/issues)\n\n\n## Author\n\n**Jon Schlinkert**\n \n+ [github/jonschlinkert](https://github.com/jonschlinkert)\n+ [twitter/jonschlinkert](http://twitter.com/jonschlinkert) \n\n\n## License\nCopyright (c) 2015 Jon Schlinkert  \nReleased under the MIT license\n\n***\n\n_This file was generated by [verb](https://github.com/assemble/verb) on January 24, 2015._\n","maintainers":[{"name":"jonschlinkert","email":"github@sellside.com"}],"time":{"modified":"2015-01-24T13:48:53.313Z","created":"2014-12-28T17:19:46.796Z","0.1.0":"2014-12-28T17:19:46.796Z","0.2.0":"2014-12-31T10:09:13.976Z","1.0.0":"2015-01-13T05:11:48.590Z","2.0.0":"2015-01-24T13:48:53.313Z"},"homepage":"https://github.com/regexps/filename-regex","keywords":["basename","regular expression","file","filename","filepath","match","name","path","regex","regexp"],"repository":{"type":"git","url":"git://github.com/regexps/filename-regex.git"},"author":{"name":"Jon Schlinkert","url":"https://github.com/jonschlinkert"},"bugs":{"url":"https://github.com/regexps/filename-regex/issues"},"license":{"type":"MIT","url":"https://github.com/regexps/filename-regex/blob/master/LICENSE-MIT"},"readmeFilename":"README.md","users":{"edloidas":true},"_attachments":{},"_etag":"\"3HDGLNRSEU18NXVUYJ8P0TKXE\""}