{"_id":"domutils","_rev":"40-a40d8403fdef3793bbcffacb5033d654","name":"domutils","description":"utilities for working with htmlparser2's dom","dist-tags":{"latest":"1.5.1"},"versions":{"1.0.0":{"name":"domutils","version":"1.0.0","description":"utilities for working with htmlparser2's dom","main":"index.js","directories":{"test":"tests"},"scripts":{"test":"node tests/00-runtests.js"},"repository":{"type":"git","url":"git://github.com/FB55/domutils.git"},"keywords":["dom","htmlparser2"],"dependencies":{"domelementtype":"0"},"devDependencies":{"htmlparser2":"2.3","domhandler":"2"},"author":{"name":"Felix Boehm","email":"me@feedic.com"},"_id":"domutils@1.0.0","dist":{"shasum":"7de6c599b4e6276d259310957acf548da1ccc16d","tarball":"https://registry.npmjs.org/domutils/-/domutils-1.0.0.tgz"},"_npmVersion":"1.1.65","_npmUser":{"name":"feedic","email":"me@feedic.com"},"maintainers":[{"name":"feedic","email":"me@feedic.com"}]},"1.0.1":{"name":"domutils","version":"1.0.1","description":"utilities for working with htmlparser2's dom","main":"index.js","directories":{"test":"tests"},"scripts":{"test":"node tests/00-runtests.js"},"repository":{"type":"git","url":"git://github.com/FB55/domutils.git"},"keywords":["dom","htmlparser2"],"dependencies":{"domelementtype":"1"},"devDependencies":{"htmlparser2":"2.3","domhandler":"2"},"author":{"name":"Felix Boehm","email":"me@feedic.com"},"_id":"domutils@1.0.1","dist":{"shasum":"58b58d774774911556c16b8b02d99c609d987869","tarball":"https://registry.npmjs.org/domutils/-/domutils-1.0.1.tgz"},"_npmVersion":"1.1.65","_npmUser":{"name":"feedic","email":"me@feedic.com"},"maintainers":[{"name":"feedic","email":"me@feedic.com"}]},"1.1.0":{"name":"domutils","version":"1.1.0","description":"utilities for working with htmlparser2's dom","main":"index.js","directories":{"test":"tests"},"scripts":{"test":"node tests/00-runtests.js"},"repository":{"type":"git","url":"git://github.com/FB55/domutils.git"},"keywords":["dom","htmlparser2"],"dependencies":{"domelementtype":"1"},"devDependencies":{"htmlparser2":"2.3","domhandler":"2"},"author":{"name":"Felix Boehm","email":"me@feedic.com"},"_id":"domutils@1.1.0","dist":{"shasum":"81c91e0697dccfdecad4f56c097cdfa051d083d3","tarball":"https://registry.npmjs.org/domutils/-/domutils-1.1.0.tgz"},"_npmVersion":"1.1.69","_npmUser":{"name":"feedic","email":"me@feedic.com"},"maintainers":[{"name":"feedic","email":"me@feedic.com"}]},"1.1.1":{"name":"domutils","version":"1.1.1","description":"utilities for working with htmlparser2's dom","main":"index.js","directories":{"test":"tests"},"scripts":{"test":"node tests/00-runtests.js"},"repository":{"type":"git","url":"git://github.com/FB55/domutils.git"},"keywords":["dom","htmlparser2"],"dependencies":{"domelementtype":"1"},"devDependencies":{"htmlparser2":"2.3","domhandler":"2"},"author":{"name":"Felix Boehm","email":"me@feedic.com"},"_id":"domutils@1.1.1","dist":{"shasum":"64751938ed7121a48017b1e14fb6b1042cf359b3","tarball":"https://registry.npmjs.org/domutils/-/domutils-1.1.1.tgz"},"_from":".","_npmVersion":"1.2.10","_npmUser":{"name":"feedic","email":"me@feedic.com"},"maintainers":[{"name":"feedic","email":"me@feedic.com"}]},"1.1.2":{"name":"domutils","version":"1.1.2","description":"utilities for working with htmlparser2's dom","main":"index.js","directories":{"test":"tests"},"scripts":{"test":"node tests/00-runtests.js"},"repository":{"type":"git","url":"git://github.com/FB55/domutils.git"},"keywords":["dom","htmlparser2"],"dependencies":{"domelementtype":"1"},"devDependencies":{"htmlparser2":"2.3","domhandler":"2"},"author":{"name":"Felix Boehm","email":"me@feedic.com"},"_id":"domutils@1.1.2","dist":{"shasum":"fcf1d3596cd419818041cdaf6f7894a8d127bb07","tarball":"https://registry.npmjs.org/domutils/-/domutils-1.1.2.tgz"},"_from":".","_npmVersion":"1.2.18","_npmUser":{"name":"feedic","email":"me@feedic.com"},"maintainers":[{"name":"feedic","email":"me@feedic.com"}]},"1.1.3":{"name":"domutils","version":"1.1.3","description":"utilities for working with htmlparser2's dom","main":"index.js","directories":{"test":"tests"},"scripts":{"test":"node tests/00-runtests.js"},"repository":{"type":"git","url":"git://github.com/FB55/domutils.git"},"keywords":["dom","htmlparser2"],"dependencies":{"domelementtype":"1"},"devDependencies":{"htmlparser2":"2.3","domhandler":"2"},"author":{"name":"Felix Boehm","email":"me@feedic.com"},"bugs":{"url":"https://github.com/FB55/domutils/issues"},"_id":"domutils@1.1.3","dist":{"shasum":"e86a40882337a614b650259a39197f178690a8ea","tarball":"https://registry.npmjs.org/domutils/-/domutils-1.1.3.tgz"},"_from":".","_npmVersion":"1.3.8","_npmUser":{"name":"feedic","email":"me@feedic.com"},"maintainers":[{"name":"feedic","email":"me@feedic.com"}]},"1.1.4":{"name":"domutils","version":"1.1.4","description":"utilities for working with htmlparser2's dom","main":"index.js","directories":{"test":"tests"},"scripts":{"test":"node tests/00-runtests.js"},"repository":{"type":"git","url":"git://github.com/FB55/domutils.git"},"keywords":["dom","htmlparser2"],"dependencies":{"domelementtype":"1"},"devDependencies":{"htmlparser2":"2.3","domhandler":"2"},"author":{"name":"Felix Boehm","email":"me@feedic.com"},"bugs":{"url":"https://github.com/FB55/domutils/issues"},"_id":"domutils@1.1.4","dist":{"shasum":"14b774276187066c76f80141f7eac47a22f77248","tarball":"https://registry.npmjs.org/domutils/-/domutils-1.1.4.tgz"},"_from":".","_npmVersion":"1.3.8","_npmUser":{"name":"feedic","email":"me@feedic.com"},"maintainers":[{"name":"feedic","email":"me@feedic.com"}]},"1.1.5":{"name":"domutils","version":"1.1.5","description":"utilities for working with htmlparser2's dom","main":"index.js","directories":{"test":"tests"},"scripts":{"test":"node tests/00-runtests.js"},"repository":{"type":"git","url":"git://github.com/FB55/domutils.git"},"keywords":["dom","htmlparser2"],"dependencies":{"domelementtype":"1"},"devDependencies":{"htmlparser2":"2.3","domhandler":"2"},"author":{"name":"Felix Boehm","email":"me@feedic.com"},"bugs":{"url":"https://github.com/FB55/domutils/issues"},"_id":"domutils@1.1.5","dist":{"shasum":"6d3f86d1444993951afdd228a46f73cb2f688328","tarball":"https://registry.npmjs.org/domutils/-/domutils-1.1.5.tgz"},"_from":".","_npmVersion":"1.3.8","_npmUser":{"name":"feedic","email":"me@feedic.com"},"maintainers":[{"name":"feedic","email":"me@feedic.com"}]},"1.1.6":{"name":"domutils","version":"1.1.6","description":"utilities for working with htmlparser2's dom","main":"index.js","directories":{"test":"tests"},"scripts":{"test":"node tests/00-runtests.js"},"repository":{"type":"git","url":"git://github.com/FB55/domutils.git"},"keywords":["dom","htmlparser2"],"dependencies":{"domelementtype":"1"},"devDependencies":{"htmlparser2":"2.3","domhandler":"2"},"author":{"name":"Felix Boehm","email":"me@feedic.com"},"bugs":{"url":"https://github.com/FB55/domutils/issues"},"_id":"domutils@1.1.6","dist":{"shasum":"bddc3de099b9a2efacc51c623f28f416ecc57485","tarball":"https://registry.npmjs.org/domutils/-/domutils-1.1.6.tgz"},"_from":".","_npmVersion":"1.3.8","_npmUser":{"name":"feedic","email":"me@feedic.com"},"maintainers":[{"name":"feedic","email":"me@feedic.com"}]},"1.2.0":{"name":"domutils","version":"1.2.0","description":"utilities for working with htmlparser2's dom","main":"index.js","directories":{"test":"tests"},"scripts":{"test":"node tests/00-runtests.js"},"repository":{"type":"git","url":"git://github.com/FB55/domutils.git"},"keywords":["dom","htmlparser2"],"dependencies":{"domelementtype":"1"},"devDependencies":{"htmlparser2":"2.3","domhandler":"2"},"author":{"name":"Felix Boehm","email":"me@feedic.com"},"bugs":{"url":"https://github.com/FB55/domutils/issues"},"_id":"domutils@1.2.0","dist":{"shasum":"4533940831c143ddecb73be4877a0ed8d47b3ba3","tarball":"https://registry.npmjs.org/domutils/-/domutils-1.2.0.tgz"},"_from":".","_npmVersion":"1.3.8","_npmUser":{"name":"feedic","email":"me@feedic.com"},"maintainers":[{"name":"feedic","email":"me@feedic.com"}]},"1.2.1":{"name":"domutils","version":"1.2.1","description":"utilities for working with htmlparser2's dom","main":"index.js","directories":{"test":"tests"},"scripts":{"test":"node tests/00-runtests.js"},"repository":{"type":"git","url":"git://github.com/fb55/domutils.git"},"keywords":["dom","htmlparser2"],"dependencies":{"domelementtype":"1"},"devDependencies":{"htmlparser2":"2.3","domhandler":"2"},"author":{"name":"Felix Boehm","email":"me@feedic.com"},"bugs":{"url":"https://github.com/fb55/domutils/issues"},"_id":"domutils@1.2.1","dist":{"shasum":"6ced9837e63d2c3a06eb46d1150f0058a13178d1","tarball":"https://registry.npmjs.org/domutils/-/domutils-1.2.1.tgz"},"_from":".","_npmVersion":"1.3.8","_npmUser":{"name":"feedic","email":"me@feedic.com"},"maintainers":[{"name":"feedic","email":"me@feedic.com"}]},"1.2.2":{"name":"domutils","version":"1.2.2","description":"utilities for working with htmlparser2's dom","main":"index.js","directories":{"test":"tests"},"scripts":{"test":"node tests/00-runtests.js"},"repository":{"type":"git","url":"git://github.com/FB55/domutils.git"},"keywords":["dom","htmlparser2"],"dependencies":{"domelementtype":"1"},"devDependencies":{"htmlparser2":"2.3","domhandler":"2"},"author":{"name":"Felix Boehm","email":"me@feedic.com"},"bugs":{"url":"https://github.com/FB55/domutils/issues"},"homepage":"https://github.com/FB55/domutils","_id":"domutils@1.2.2","dist":{"shasum":"bd59d149cf2c034fec81a1ce063bc20fb572a2ab","tarball":"https://registry.npmjs.org/domutils/-/domutils-1.2.2.tgz"},"_from":".","_npmVersion":"1.3.15","_npmUser":{"name":"feedic","email":"me@feedic.com"},"maintainers":[{"name":"feedic","email":"me@feedic.com"}]},"1.3.0":{"name":"domutils","version":"1.3.0","description":"utilities for working with htmlparser2's dom","main":"index.js","directories":{"test":"tests"},"scripts":{"test":"mocha test/tests/**.js && jshint index.js test/**/*.js lib/*.js"},"repository":{"type":"git","url":"git://github.com/FB55/domutils.git"},"keywords":["dom","htmlparser2"],"dependencies":{"domelementtype":"1"},"devDependencies":{"htmlparser2":"~3.3.0","domhandler":"2","jshint":"~2.3.0","mocha":"~1.15.1"},"author":{"name":"Felix Boehm","email":"me@feedic.com"},"jshintConfig":{"proto":true,"unused":true,"eqnull":true,"undef":true,"quotmark":"double","eqeqeq":true,"trailing":true,"node":true,"globals":{"describe":true,"it":true}},"bugs":{"url":"https://github.com/FB55/domutils/issues"},"homepage":"https://github.com/FB55/domutils","_id":"domutils@1.3.0","dist":{"shasum":"9ad4d59b5af6ca684c62fe6d768ef170e70df192","tarball":"https://registry.npmjs.org/domutils/-/domutils-1.3.0.tgz"},"_from":".","_npmVersion":"1.3.15","_npmUser":{"name":"feedic","email":"me@feedic.com"},"maintainers":[{"name":"feedic","email":"me@feedic.com"}]},"1.4.0":{"name":"domutils","version":"1.4.0","description":"utilities for working with htmlparser2's dom","main":"index.js","directories":{"test":"tests"},"scripts":{"test":"mocha test/tests/**.js && jshint index.js test/**/*.js lib/*.js"},"repository":{"type":"git","url":"git://github.com/FB55/domutils.git"},"keywords":["dom","htmlparser2"],"dependencies":{"domelementtype":"1"},"devDependencies":{"htmlparser2":"~3.3.0","domhandler":"2","jshint":"~2.3.0","mocha":"~1.15.1"},"author":{"name":"Felix Boehm","email":"me@feedic.com"},"jshintConfig":{"proto":true,"unused":true,"eqnull":true,"undef":true,"quotmark":"double","eqeqeq":true,"trailing":true,"node":true,"globals":{"describe":true,"it":true}},"bugs":{"url":"https://github.com/FB55/domutils/issues"},"homepage":"https://github.com/FB55/domutils","_id":"domutils@1.4.0","dist":{"shasum":"330b95212944e340c6e0227e9ec3d35242d4dd05","tarball":"https://registry.npmjs.org/domutils/-/domutils-1.4.0.tgz"},"_from":".","_npmVersion":"1.4.2","_npmUser":{"name":"feedic","email":"me@feedic.com"},"maintainers":[{"name":"feedic","email":"me@feedic.com"}]},"1.4.1":{"name":"domutils","version":"1.4.1","description":"utilities for working with htmlparser2's dom","main":"index.js","directories":{"test":"tests"},"scripts":{"test":"mocha test/tests/**.js && jshint index.js test/**/*.js lib/*.js"},"repository":{"type":"git","url":"git://github.com/FB55/domutils.git"},"keywords":["dom","htmlparser2"],"dependencies":{"domelementtype":"1"},"devDependencies":{"htmlparser2":"~3.3.0","domhandler":"2","jshint":"~2.3.0","mocha":"~1.15.1"},"author":{"name":"Felix Boehm","email":"me@feedic.com"},"jshintConfig":{"proto":true,"unused":true,"eqnull":true,"undef":true,"quotmark":"double","eqeqeq":true,"trailing":true,"node":true,"globals":{"describe":true,"it":true}},"bugs":{"url":"https://github.com/FB55/domutils/issues"},"homepage":"https://github.com/FB55/domutils","_id":"domutils@1.4.1","dist":{"shasum":"e716621c245561dd03c1ecd5667f70e8ddeb2f59","tarball":"https://registry.npmjs.org/domutils/-/domutils-1.4.1.tgz"},"_from":".","_npmVersion":"1.4.6","_npmUser":{"name":"feedic","email":"me@feedic.com"},"maintainers":[{"name":"feedic","email":"me@feedic.com"}]},"1.4.2":{"name":"domutils","version":"1.4.2","description":"utilities for working with htmlparser2's dom","main":"index.js","directories":{"test":"tests"},"scripts":{"test":"mocha test/tests/**.js && jshint index.js test/**/*.js lib/*.js"},"repository":{"type":"git","url":"git://github.com/FB55/domutils.git"},"keywords":["dom","htmlparser2"],"dependencies":{"domelementtype":"1"},"devDependencies":{"htmlparser2":"~3.3.0","domhandler":"2","jshint":"~2.3.0","mocha":"~1.15.1"},"author":{"name":"Felix Boehm","email":"me@feedic.com"},"jshintConfig":{"proto":true,"unused":true,"eqnull":true,"undef":true,"quotmark":"double","eqeqeq":true,"trailing":true,"node":true,"globals":{"describe":true,"it":true}},"bugs":{"url":"https://github.com/FB55/domutils/issues"},"homepage":"https://github.com/FB55/domutils","_id":"domutils@1.4.2","dist":{"shasum":"d7fcca9c8d52cc80e3f1e9169c90e52478b6c31e","tarball":"https://registry.npmjs.org/domutils/-/domutils-1.4.2.tgz"},"_from":".","_npmVersion":"1.4.6","_npmUser":{"name":"feedic","email":"me@feedic.com"},"maintainers":[{"name":"feedic","email":"me@feedic.com"}]},"1.4.3":{"name":"domutils","version":"1.4.3","description":"utilities for working with htmlparser2's dom","main":"index.js","directories":{"test":"tests"},"scripts":{"test":"mocha test/tests/**.js && jshint index.js test/**/*.js lib/*.js"},"repository":{"type":"git","url":"git://github.com/FB55/domutils.git"},"keywords":["dom","htmlparser2"],"dependencies":{"domelementtype":"1"},"devDependencies":{"htmlparser2":"~3.3.0","domhandler":"2","jshint":"~2.3.0","mocha":"~1.15.1"},"author":{"name":"Felix Boehm","email":"me@feedic.com"},"jshintConfig":{"proto":true,"unused":true,"eqnull":true,"undef":true,"quotmark":"double","eqeqeq":true,"trailing":true,"node":true,"globals":{"describe":true,"it":true}},"bugs":{"url":"https://github.com/FB55/domutils/issues"},"homepage":"https://github.com/FB55/domutils","_id":"domutils@1.4.3","dist":{"shasum":"0865513796c6b306031850e175516baf80b72a6f","tarball":"https://registry.npmjs.org/domutils/-/domutils-1.4.3.tgz"},"_from":".","_npmVersion":"1.4.6","_npmUser":{"name":"feedic","email":"me@feedic.com"},"maintainers":[{"name":"feedic","email":"me@feedic.com"}]},"1.5.0":{"name":"domutils","version":"1.5.0","description":"utilities for working with htmlparser2's dom","main":"index.js","directories":{"test":"tests"},"scripts":{"test":"mocha test/tests/**.js && jshint index.js test/**/*.js lib/*.js"},"repository":{"type":"git","url":"git://github.com/FB55/domutils.git"},"keywords":["dom","htmlparser2"],"dependencies":{"domelementtype":"1"},"devDependencies":{"htmlparser2":"~3.3.0","domhandler":"2","jshint":"~2.3.0","mocha":"~1.15.1"},"author":{"name":"Felix Boehm","email":"me@feedic.com"},"jshintConfig":{"proto":true,"unused":true,"eqnull":true,"undef":true,"quotmark":"double","eqeqeq":true,"trailing":true,"node":true,"globals":{"describe":true,"it":true,"beforeEach":true}},"bugs":{"url":"https://github.com/FB55/domutils/issues"},"homepage":"https://github.com/FB55/domutils","_id":"domutils@1.5.0","dist":{"shasum":"bfa4ceb8b7ab6f9423fe59154e04da6cc3ff3949","tarball":"https://registry.npmjs.org/domutils/-/domutils-1.5.0.tgz"},"_from":".","_npmVersion":"1.4.6","_npmUser":{"name":"feedic","email":"me@feedic.com"},"maintainers":[{"name":"feedic","email":"me@feedic.com"}]},"1.5.1":{"name":"domutils","version":"1.5.1","description":"utilities for working with htmlparser2's dom","main":"index.js","directories":{"test":"tests"},"scripts":{"test":"mocha test/tests/**.js && jshint index.js test/**/*.js lib/*.js"},"repository":{"type":"git","url":"git://github.com/FB55/domutils.git"},"keywords":["dom","htmlparser2"],"dependencies":{"dom-serializer":"0","domelementtype":"1"},"devDependencies":{"htmlparser2":"~3.3.0","domhandler":"2","jshint":"~2.3.0","mocha":"~1.15.1"},"author":{"name":"Felix Boehm","email":"me@feedic.com"},"jshintConfig":{"proto":true,"unused":true,"eqnull":true,"undef":true,"quotmark":"double","eqeqeq":true,"trailing":true,"node":true,"globals":{"describe":true,"it":true,"beforeEach":true}},"gitHead":"7d4bd16cd36ffce62362ef91616806ea27e30d95","bugs":{"url":"https://github.com/FB55/domutils/issues"},"homepage":"https://github.com/FB55/domutils","_id":"domutils@1.5.1","_shasum":"dcd8488a26f563d61079e48c9f7b7e32373682cf","_from":".","_npmVersion":"2.3.0","_nodeVersion":"1.0.4","_npmUser":{"name":"feedic","email":"me@feedic.com"},"maintainers":[{"name":"feedic","email":"me@feedic.com"}],"dist":{"shasum":"dcd8488a26f563d61079e48c9f7b7e32373682cf","tarball":"https://registry.npmjs.org/domutils/-/domutils-1.5.1.tgz"}}},"readme":"utilities for working with htmlparser2's dom\n","maintainers":[{"name":"feedic","email":"me@feedic.com"}],"time":{"modified":"2015-02-01T16:12:01.894Z","created":"2012-11-10T13:47:10.734Z","1.0.0":"2012-11-10T13:47:12.487Z","1.0.1":"2012-11-10T14:33:52.052Z","1.1.0":"2013-01-09T14:49:24.614Z","1.1.1":"2013-02-09T12:00:39.481Z","1.1.2":"2013-04-15T11:59:51.060Z","1.1.3":"2013-09-02T12:36:07.035Z","1.1.4":"2013-09-03T09:37:02.276Z","1.1.5":"2013-09-05T22:15:30.320Z","1.1.6":"2013-09-22T15:44:55.958Z","1.2.0":"2013-09-23T13:45:36.286Z","1.2.1":"2013-09-23T13:58:26.205Z","1.2.2":"2013-11-28T11:03:18.654Z","1.3.0":"2013-12-10T11:07:21.266Z","1.4.0":"2014-02-14T15:32:38.036Z","1.4.1":"2014-03-22T11:17:46.168Z","1.4.2":"2014-04-03T21:55:28.553Z","1.4.3":"2014-04-05T16:26:51.914Z","1.5.0":"2014-04-13T20:26:21.996Z","1.5.1":"2015-02-01T16:12:01.894Z"},"author":{"name":"Felix Boehm","email":"me@feedic.com"},"repository":{"type":"git","url":"git://github.com/FB55/domutils.git"},"readmeFilename":"readme.md","homepage":"https://github.com/FB55/domutils","keywords":["dom","htmlparser2"],"bugs":{"url":"https://github.com/FB55/domutils/issues"},"users":{"kubens":true},"_attachments":{},"_etag":"\"DEDBJTHGW9Y0ZH23SCVHKGJ3Y\""}