{"_id":"number-is-nan","_rev":"1-99790eb960a53c35f59cb72f9cb7c34e","name":"number-is-nan","description":"ES6 Number.isNaN() ponyfill","dist-tags":{"latest":"1.0.0"},"versions":{"1.0.0":{"name":"number-is-nan","version":"1.0.0","description":"ES6 Number.isNaN() ponyfill","license":"MIT","repository":{"type":"git","url":"git+https://github.com/sindresorhus/number-is-nan.git"},"author":{"name":"Sindre Sorhus","email":"sindresorhus@gmail.com","url":"sindresorhus.com"},"engines":{"node":">=0.10.0"},"scripts":{"test":"node test.js"},"files":["index.js"],"keywords":["es6","es2015","ecmascript","harmony","ponyfill","polyfill","shim","number","is","nan","not"],"devDependencies":{"ava":"0.0.4"},"gitHead":"0f394b1bc33185c40304363b209e3f0588dbeeb3","bugs":{"url":"https://github.com/sindresorhus/number-is-nan/issues"},"homepage":"https://github.com/sindresorhus/number-is-nan#readme","_id":"number-is-nan@1.0.0","_shasum":"c020f529c5282adfdd233d91d4b181c3d686dc4b","_from":".","_npmVersion":"2.10.0","_nodeVersion":"0.12.3","_npmUser":{"name":"sindresorhus","email":"sindresorhus@gmail.com"},"dist":{"shasum":"c020f529c5282adfdd233d91d4b181c3d686dc4b","tarball":"https://registry.npmjs.org/number-is-nan/-/number-is-nan-1.0.0.tgz"},"maintainers":[{"name":"sindresorhus","email":"sindresorhus@gmail.com"}],"directories":{}}},"readme":"# number-is-nan [![Build Status](https://travis-ci.org/sindresorhus/number-is-nan.svg?branch=master)](https://travis-ci.org/sindresorhus/number-is-nan)\n\n> ES6 [`Number.isNaN()`](https://developer.mozilla.org/en-US/docs/Web/JavaScript/Reference/Global_Objects/Number/isNaN) ponyfill\n\n> Ponyfill: A polyfill that doesn't overwrite the native method\n\n\n## Install\n\n```\n$ npm install --save number-is-nan\n```\n\n\n## Usage\n\n```js\nvar numberIsNan = require('number-is-nan');\n\nnumberIsNan(NaN);\n//=> true\n\nnumberIsNan('unicorn');\n//=> false\n```\n\n\n## License\n\nMIT © [Sindre Sorhus](http://sindresorhus.com)\n","maintainers":[{"name":"sindresorhus","email":"sindresorhus@gmail.com"}],"time":{"modified":"2015-05-20T20:52:30.474Z","created":"2015-05-20T20:52:30.474Z","1.0.0":"2015-05-20T20:52:30.474Z"},"homepage":"https://github.com/sindresorhus/number-is-nan#readme","keywords":["es6","es2015","ecmascript","harmony","ponyfill","polyfill","shim","number","is","nan","not"],"repository":{"type":"git","url":"git+https://github.com/sindresorhus/number-is-nan.git"},"author":{"name":"Sindre Sorhus","email":"sindresorhus@gmail.com","url":"sindresorhus.com"},"bugs":{"url":"https://github.com/sindresorhus/number-is-nan/issues"},"license":"MIT","readmeFilename":"readme.md","_attachments":{},"_etag":"\"BCBSJHWOHTBSTQRYM7FWOBJUY\""}