{"_id":"css-parse","_rev":"53-9b82cec8fca79352002c037206d239ac","name":"css-parse","description":"CSS parser","dist-tags":{"latest":"2.0.0"},"versions":{"1.0.0":{"name":"css-parse","version":"1.0.0","description":"CSS parser","keywords":["css","parser","stylesheet"],"author":{"name":"TJ Holowaychuk","email":"tj@vision-media.ca"},"dependencies":{"debug":"*"},"devDependencies":{"mocha":"*","should":"*"},"main":"index","_id":"css-parse@1.0.0","dist":{"shasum":"f72794a03df07a6372bef733bbdaa2b79fc25c25","tarball":"https://registry.npmjs.org/css-parse/-/css-parse-1.0.0.tgz"},"maintainers":[{"name":"tjholowaychuk","email":"tj@vision-media.ca"}],"directories":{}},"1.0.1":{"name":"css-parse","version":"1.0.1","description":"CSS parser","keywords":["css","parser","stylesheet"],"author":{"name":"TJ Holowaychuk","email":"tj@vision-media.ca"},"dependencies":{"debug":"*"},"devDependencies":{"mocha":"*","should":"*"},"main":"index","_id":"css-parse@1.0.1","dist":{"shasum":"5b8032a1f2617beb026e0db2d14cd1dece296371","tarball":"https://registry.npmjs.org/css-parse/-/css-parse-1.0.1.tgz"},"maintainers":[{"name":"tjholowaychuk","email":"tj@vision-media.ca"}],"directories":{}},"1.0.2":{"name":"css-parse","version":"1.0.2","description":"CSS parser","keywords":["css","parser","stylesheet"],"author":{"name":"TJ Holowaychuk","email":"tj@vision-media.ca"},"dependencies":{"debug":"*"},"devDependencies":{"mocha":"*","should":"*"},"main":"index","_id":"css-parse@1.0.2","dist":{"shasum":"e352af6f244f6dc9cc930f29b74a526adffd52a4","tarball":"https://registry.npmjs.org/css-parse/-/css-parse-1.0.2.tgz"},"maintainers":[{"name":"tjholowaychuk","email":"tj@vision-media.ca"}],"directories":{}},"1.0.3":{"name":"css-parse","version":"1.0.3","description":"CSS parser","keywords":["css","parser","stylesheet"],"author":{"name":"TJ Holowaychuk","email":"tj@vision-media.ca"},"devDependencies":{"mocha":"*","should":"*"},"main":"index","_id":"css-parse@1.0.3","dist":{"shasum":"cc57cbbf355a01dec8dbaac39e44a29c377f1ec5","tarball":"https://registry.npmjs.org/css-parse/-/css-parse-1.0.3.tgz"},"maintainers":[{"name":"tjholowaychuk","email":"tj@vision-media.ca"}],"directories":{}},"1.0.4":{"name":"css-parse","version":"1.0.4","description":"CSS parser","keywords":["css","parser","stylesheet"],"author":{"name":"TJ Holowaychuk","email":"tj@vision-media.ca"},"devDependencies":{"mocha":"*","should":"*"},"main":"index","_id":"css-parse@1.0.4","dist":{"shasum":"38b0503fbf9da9f54e9c1dbda60e145c77117bdd","tarball":"https://registry.npmjs.org/css-parse/-/css-parse-1.0.4.tgz"},"_npmVersion":"1.1.61","_npmUser":{"name":"tjholowaychuk","email":"tj@vision-media.ca"},"maintainers":[{"name":"tjholowaychuk","email":"tj@vision-media.ca"}],"directories":{}},"1.1.0":{"name":"css-parse","version":"1.1.0","description":"CSS parser","keywords":["css","parser","stylesheet"],"author":{"name":"TJ Holowaychuk","email":"tj@vision-media.ca"},"devDependencies":{"mocha":"*","should":"*"},"main":"index","_id":"css-parse@1.1.0","dist":{"shasum":"d8781fd916a812134dd0f57f68db5e1d9a1f9853","tarball":"https://registry.npmjs.org/css-parse/-/css-parse-1.1.0.tgz"},"_from":".","_npmVersion":"1.2.14","_npmUser":{"name":"tjholowaychuk","email":"tj@vision-media.ca"},"maintainers":[{"name":"tjholowaychuk","email":"tj@vision-media.ca"}],"directories":{}},"1.2.0":{"name":"css-parse","version":"1.2.0","description":"CSS parser","keywords":["css","parser","stylesheet"],"author":{"name":"TJ Holowaychuk","email":"tj@vision-media.ca"},"devDependencies":{"mocha":"*","should":"*"},"main":"index","_id":"css-parse@1.2.0","dist":{"shasum":"f975e8416b012c04258e41e3b270e7361f1a9569","tarball":"https://registry.npmjs.org/css-parse/-/css-parse-1.2.0.tgz"},"_from":".","_npmVersion":"1.2.14","_npmUser":{"name":"tjholowaychuk","email":"tj@vision-media.ca"},"maintainers":[{"name":"tjholowaychuk","email":"tj@vision-media.ca"}],"directories":{}},"1.3.0":{"name":"css-parse","version":"1.3.0","description":"CSS parser","keywords":["css","parser","stylesheet"],"author":{"name":"TJ Holowaychuk","email":"tj@vision-media.ca"},"devDependencies":{"mocha":"*","should":"*"},"main":"index","_id":"css-parse@1.3.0","dist":{"shasum":"e4814beaf88e4eec51fbda825a80515d8f34132d","tarball":"https://registry.npmjs.org/css-parse/-/css-parse-1.3.0.tgz"},"_from":".","_npmVersion":"1.2.14","_npmUser":{"name":"tjholowaychuk","email":"tj@vision-media.ca"},"maintainers":[{"name":"tjholowaychuk","email":"tj@vision-media.ca"}],"directories":{}},"1.4.0":{"name":"css-parse","version":"1.4.0","description":"CSS parser","keywords":["css","parser","stylesheet"],"author":{"name":"TJ Holowaychuk","email":"tj@vision-media.ca"},"devDependencies":{"mocha":"*","should":"*"},"main":"index","_id":"css-parse@1.4.0","dist":{"shasum":"79a9bf501142e0870fddb13c0560d85aab569691","tarball":"https://registry.npmjs.org/css-parse/-/css-parse-1.4.0.tgz"},"_from":".","_npmVersion":"1.2.14","_npmUser":{"name":"tjholowaychuk","email":"tj@vision-media.ca"},"maintainers":[{"name":"tjholowaychuk","email":"tj@vision-media.ca"}],"directories":{}},"1.5.0":{"name":"css-parse","version":"1.5.0","description":"CSS parser","keywords":["css","parser","stylesheet"],"author":{"name":"TJ Holowaychuk","email":"tj@vision-media.ca"},"devDependencies":{"mocha":"*","should":"*"},"main":"index","_id":"css-parse@1.5.0","dist":{"shasum":"1aec7aed05a6b8158a1677570a4b5bcea53186a8","tarball":"https://registry.npmjs.org/css-parse/-/css-parse-1.5.0.tgz"},"_from":".","_npmVersion":"1.2.14","_npmUser":{"name":"tjholowaychuk","email":"tj@vision-media.ca"},"maintainers":[{"name":"tjholowaychuk","email":"tj@vision-media.ca"}],"directories":{}},"1.5.1":{"name":"css-parse","version":"1.5.1","description":"CSS parser","keywords":["css","parser","stylesheet"],"author":{"name":"TJ Holowaychuk","email":"tj@vision-media.ca"},"license":"MIT","devDependencies":{"mocha":"*","should":"*"},"main":"index","_id":"css-parse@1.5.1","dist":{"shasum":"62d932ca6c61a90687c80a76fc12c49afff51daa","tarball":"https://registry.npmjs.org/css-parse/-/css-parse-1.5.1.tgz"},"_from":".","_npmVersion":"1.2.30","_npmUser":{"name":"tjholowaychuk","email":"tj@vision-media.ca"},"maintainers":[{"name":"tjholowaychuk","email":"tj@vision-media.ca"}],"directories":{}},"1.5.2":{"name":"css-parse","version":"1.5.2","description":"CSS parser","keywords":["css","parser","stylesheet"],"author":{"name":"TJ Holowaychuk","email":"tj@vision-media.ca"},"license":"MIT","devDependencies":{"mocha":"*","should":"*"},"main":"index","_id":"css-parse@1.5.2","dist":{"shasum":"dbdc25c7dec96e49212c4bf3efc9963d90143908","tarball":"https://registry.npmjs.org/css-parse/-/css-parse-1.5.2.tgz"},"_from":".","_npmVersion":"1.2.30","_npmUser":{"name":"tjholowaychuk","email":"tj@vision-media.ca"},"maintainers":[{"name":"tjholowaychuk","email":"tj@vision-media.ca"}],"directories":{}},"1.5.3":{"name":"css-parse","version":"1.5.3","description":"CSS parser","keywords":["css","parser","stylesheet"],"author":{"name":"TJ Holowaychuk","email":"tj@vision-media.ca"},"license":"MIT","devDependencies":{"mocha":"*","should":"*"},"main":"index","repository":{"type":"git","url":"https://github.com/visionmedia/css-parse.git"},"bugs":{"url":"https://github.com/visionmedia/css-parse/issues"},"_id":"css-parse@1.5.3","dist":{"shasum":"fbf69500a5429bc9dfd36364f31f51de8a97d13c","tarball":"https://registry.npmjs.org/css-parse/-/css-parse-1.5.3.tgz"},"_from":".","_npmVersion":"1.2.30","_npmUser":{"name":"tjholowaychuk","email":"tj@vision-media.ca"},"maintainers":[{"name":"tjholowaychuk","email":"tj@vision-media.ca"}],"directories":{}},"1.6.0":{"name":"css-parse","version":"1.6.0","description":"CSS parser","keywords":["css","parser","stylesheet"],"author":{"name":"TJ Holowaychuk","email":"tj@vision-media.ca"},"license":"MIT","devDependencies":{"mocha":"*","should":"*","matcha":"~0.4.0","bytes":"~0.2.1"},"main":"index","repository":{"type":"git","url":"https://github.com/visionmedia/css-parse.git"},"scripts":{"test":"make test"},"files":["index.js"],"bugs":{"url":"https://github.com/visionmedia/css-parse/issues"},"_id":"css-parse@1.6.0","dist":{"shasum":"b8fc2416f8ed859c5fbf791c86b9ebc0225898ce","tarball":"https://registry.npmjs.org/css-parse/-/css-parse-1.6.0.tgz"},"_from":".","_npmVersion":"1.2.30","_npmUser":{"name":"tjholowaychuk","email":"tj@vision-media.ca"},"maintainers":[{"name":"tjholowaychuk","email":"tj@vision-media.ca"}],"directories":{}},"1.7.0":{"name":"css-parse","version":"1.7.0","description":"CSS parser","keywords":["css","parser","stylesheet"],"author":{"name":"TJ Holowaychuk","email":"tj@vision-media.ca"},"license":"MIT","devDependencies":{"mocha":"*","should":"*","matcha":"~0.4.0","bytes":"~0.2.1"},"main":"index","repository":{"type":"git","url":"https://github.com/visionmedia/css-parse.git"},"scripts":{"test":"make test"},"files":["index.js"],"bugs":{"url":"https://github.com/visionmedia/css-parse/issues"},"homepage":"https://github.com/visionmedia/css-parse","_id":"css-parse@1.7.0","dist":{"shasum":"321f6cf73782a6ff751111390fc05e2c657d8c9b","tarball":"https://registry.npmjs.org/css-parse/-/css-parse-1.7.0.tgz"},"_from":".","_npmVersion":"1.3.18","_npmUser":{"name":"jonathanong","email":"jonathanrichardong@gmail.com"},"maintainers":[{"name":"tjholowaychuk","email":"tj@vision-media.ca"},{"name":"jonathanong","email":"jonathanrichardong@gmail.com"}],"directories":{}},"2.0.0":{"name":"css-parse","version":"2.0.0","description":"CSS parser","main":"index","files":["index.js"],"dependencies":{"css":"^2.0.0"},"author":{"name":"TJ Holowaychuk","email":"tj@vision-media.ca"},"license":"MIT","repository":{"type":"git","url":"https://github.com/reworkcss/css-parse.git"},"keywords":["css","parser","stylesheet"],"bugs":{"url":"https://github.com/reworkcss/css-parse/issues"},"homepage":"https://github.com/reworkcss/css-parse","_id":"css-parse@2.0.0","dist":{"shasum":"a468ee667c16d81ccf05c58c38d2a97c780dbfd4","tarball":"https://registry.npmjs.org/css-parse/-/css-parse-2.0.0.tgz"},"_from":".","_npmVersion":"1.4.3","_npmUser":{"name":"necolas","email":"nicolasgallagher@gmail.com"},"maintainers":[{"name":"tjholowaychuk","email":"tj@vision-media.ca"},{"name":"jonathanong","email":"jonathanrichardong@gmail.com"},{"name":"jongleberry","email":"jonathanrichardong@gmail.com"},{"name":"conradz","email":"me@conradz.com"},{"name":"necolas","email":"nicolasgallagher@gmail.com"},{"name":"anthonyshort","email":"antshort@gmail.com"},{"name":"ianstormtaylor","email":"ian@ianstormtaylor.com"},{"name":"moox","email":"m@moox.io"},{"name":"clintwood","email":"clint@anotherway.co.za"},{"name":"lydell","email":"simon.lydell@gmail.com"}],"directories":{}}},"readme":"# css-parse\n\n  JavaScript CSS parser for Node.js (exports the `parse` method of [css](https://github.com/reworkcss/css))\n\n## Installation\n\n  $ npm install css-parse\n\n## Usage\n\n  Please see the [css](https://github.com/reworkcss/css) module documentation.\n\n## License\n\n  MIT\n","maintainers":[{"name":"tjholowaychuk","email":"tj@vision-media.ca"},{"name":"jonathanong","email":"jonathanrichardong@gmail.com"},{"name":"jongleberry","email":"jonathanrichardong@gmail.com"},{"name":"conradz","email":"me@conradz.com"},{"name":"necolas","email":"nicolasgallagher@gmail.com"},{"name":"anthonyshort","email":"antshort@gmail.com"},{"name":"ianstormtaylor","email":"ian@ianstormtaylor.com"},{"name":"moox","email":"m@moox.io"},{"name":"clintwood","email":"clint@anotherway.co.za"},{"name":"lydell","email":"simon.lydell@gmail.com"},{"name":"slexaxton","email":"alexsexton@gmail.com"}],"time":{"modified":"2016-10-01T04:02:15.219Z","created":"2012-07-19T05:13:53.291Z","1.0.0":"2012-07-19T05:13:54.942Z","1.0.1":"2012-07-26T12:57:29.459Z","1.0.2":"2012-09-01T17:26:02.226Z","1.0.3":"2012-09-01T20:52:57.704Z","1.0.4":"2012-09-17T18:44:10.126Z","1.1.0":"2013-03-18T16:08:09.146Z","1.2.0":"2013-04-04T19:47:46.730Z","1.3.0":"2013-05-21T16:51:57.169Z","1.4.0":"2013-05-23T02:56:56.910Z","1.5.0":"2013-06-19T01:34:28.791Z","1.5.1":"2013-07-23T23:56:31.957Z","1.5.2":"2013-07-28T23:25:19.529Z","1.5.3":"2013-09-10T20:59:04.892Z","1.6.0":"2013-10-16T22:44:32.390Z","1.7.0":"2013-12-23T05:45:32.785Z","2.0.0":"2014-06-18T17:41:37.078Z"},"author":{"name":"TJ Holowaychuk","email":"tj@vision-media.ca"},"users":{"fgribreau":true,"itonyyo":true,"neraliu":true,"m412c0":true,"joaocunha":true,"fassetar":true,"rubiadias":true,"aoki":true},"repository":{"type":"git","url":"https://github.com/reworkcss/css-parse.git"},"homepage":"https://github.com/reworkcss/css-parse","keywords":["css","parser","stylesheet"],"bugs":{"url":"https://github.com/reworkcss/css-parse/issues"},"license":"MIT","readmeFilename":"Readme.md","_attachments":{},"_etag":"\"HZY791FVVKQ3LOTEOEJQ77VZ\""}