{"_id":"hexo-cli","_rev":"22-488eae1cac062a2ac26dde3642ab10d2","name":"hexo-cli","description":"Command line interface for Hexo","dist-tags":{"latest":"1.0.2"},"versions":{"0.0.1":{"name":"hexo-cli","version":"0.0.1","description":"Command line interface for Hexo","main":"lib/index","bin":{"hexo":"./bin/hexo"},"scripts":{"test":"gulp test"},"directories":{"lib":"./lib","bin":"./bin"},"engines":{"node":">= 0.10.0"},"repository":{"type":"git","url":"https://github.com/hexojs/hexo-cli"},"homepage":"http://hexo.io/","keywords":["website","blog","cms","framework","hexo","cli"],"author":{"name":"Tommy Chen","email":"tommy351@gmail.com","url":"http://zespia.tw"},"license":"MIT","dependencies":{"abbrev":"^1.0.5","bluebird":"^2.9.8","chalk":"^0.5.1","hexo-fs":"^0.1.3","minimist":"^1.1.0","tildify":"^1.0.0"},"devDependencies":{"chai":"^1.9.1","coveralls":"^2.11.2","del":"^1.1.1","gulp":"^3.8.9","gulp-istanbul":"^0.5.0","gulp-jshint":"^1.8.6","gulp-load-plugins":"^0.8.0","gulp-mocha":"^2.0.0","hexo-renderer-marked":"^0.2.3","jshint-stylish":"^1.0.0","mocha":"^2.0.1","sinon":"^1.12.2"},"gitHead":"27bbf9194a1c0f76e812457a1c5f147105580d72","bugs":{"url":"https://github.com/hexojs/hexo-cli/issues"},"_id":"hexo-cli@0.0.1","_shasum":"74b9bc3439aa418f8dfab25cc157e8b876af2575","_from":".","_npmVersion":"2.5.1","_nodeVersion":"0.12.0","_npmUser":{"name":"tommy351","email":"tommy351@gmail.com"},"maintainers":[{"name":"tommy351","email":"tommy351@gmail.com"}],"dist":{"shasum":"74b9bc3439aa418f8dfab25cc157e8b876af2575","tarball":"https://registry.npmjs.org/hexo-cli/-/hexo-cli-0.0.1.tgz"}},"0.1.0":{"name":"hexo-cli","version":"0.1.0","description":"Command line interface for Hexo","main":"lib/index","bin":{"hexo":"./bin/hexo"},"scripts":{"test":"gulp test"},"directories":{"lib":"./lib","bin":"./bin"},"engines":{"node":">= 0.10.0"},"repository":{"type":"git","url":"https://github.com/hexojs/hexo-cli"},"homepage":"http://hexo.io/","keywords":["website","blog","cms","framework","hexo","cli"],"author":{"name":"Tommy Chen","email":"tommy351@gmail.com","url":"http://zespia.tw"},"license":"MIT","dependencies":{"abbrev":"^1.0.5","bluebird":"^2.9.8","chalk":"^0.5.1","hexo-fs":"^0.1.3","minimist":"^1.1.0","tildify":"^1.0.0"},"devDependencies":{"chai":"^1.9.1","coveralls":"^2.11.2","del":"^1.1.1","gulp":"^3.8.9","gulp-istanbul":"^0.5.0","gulp-jshint":"^1.8.6","gulp-load-plugins":"^0.8.0","gulp-mocha":"^2.0.0","hexo-renderer-marked":"^0.2.3","jshint-stylish":"^1.0.0","mocha":"^2.0.1","sinon":"^1.12.2"},"gitHead":"794fb456584139e0a658e6f5dbd205b231786bfc","bugs":{"url":"https://github.com/hexojs/hexo-cli/issues"},"_id":"hexo-cli@0.1.0","_shasum":"df0dc0ae7a0edc3412f00c93d81a4452800bf85e","_from":".","_npmVersion":"2.5.1","_nodeVersion":"0.12.0","_npmUser":{"name":"tommy351","email":"tommy351@gmail.com"},"maintainers":[{"name":"tommy351","email":"tommy351@gmail.com"}],"dist":{"shasum":"df0dc0ae7a0edc3412f00c93d81a4452800bf85e","tarball":"https://registry.npmjs.org/hexo-cli/-/hexo-cli-0.1.0.tgz"}},"0.1.1":{"name":"hexo-cli","version":"0.1.1","description":"Command line interface for Hexo","main":"lib/index","bin":{"hexo":"./bin/hexo"},"scripts":{"test":"gulp test"},"directories":{"lib":"./lib","bin":"./bin"},"engines":{"node":">= 0.10.0"},"repository":{"type":"git","url":"https://github.com/hexojs/hexo-cli"},"homepage":"http://hexo.io/","keywords":["website","blog","cms","framework","hexo","cli"],"author":{"name":"Tommy Chen","email":"tommy351@gmail.com","url":"http://zespia.tw"},"license":"MIT","dependencies":{"abbrev":"^1.0.5","bluebird":"^2.9.8","chalk":"^0.5.1","hexo-fs":"^0.1.3","minimist":"^1.1.0","tildify":"^1.0.0"},"devDependencies":{"chai":"^1.9.1","coveralls":"^2.11.2","del":"^1.1.1","gulp":"^3.8.9","gulp-istanbul":"^0.5.0","gulp-jshint":"^1.8.6","gulp-load-plugins":"^0.8.0","gulp-mocha":"^2.0.0","hexo-renderer-marked":"^0.2.3","jshint-stylish":"^1.0.0","mocha":"^2.0.1","sinon":"^1.12.2"},"gitHead":"41ea614d1512adc94819c9eaaebebc5a71d2f2a8","bugs":{"url":"https://github.com/hexojs/hexo-cli/issues"},"_id":"hexo-cli@0.1.1","_shasum":"3d5a20c1b80c11695b46c29766f48cd4ca31aa94","_from":".","_npmVersion":"2.5.1","_nodeVersion":"0.12.0","_npmUser":{"name":"tommy351","email":"tommy351@gmail.com"},"maintainers":[{"name":"tommy351","email":"tommy351@gmail.com"}],"dist":{"shasum":"3d5a20c1b80c11695b46c29766f48cd4ca31aa94","tarball":"https://registry.npmjs.org/hexo-cli/-/hexo-cli-0.1.1.tgz"}},"0.1.2":{"name":"hexo-cli","version":"0.1.2","description":"Command line interface for Hexo","main":"lib/index","bin":{"hexo":"./bin/hexo"},"scripts":{"test":"gulp test"},"directories":{"lib":"./lib","bin":"./bin"},"engines":{"node":">= 0.10.0"},"repository":{"type":"git","url":"https://github.com/hexojs/hexo-cli"},"homepage":"http://hexo.io/","keywords":["website","blog","cms","framework","hexo","cli"],"author":{"name":"Tommy Chen","email":"tommy351@gmail.com","url":"http://zespia.tw"},"license":"MIT","dependencies":{"abbrev":"^1.0.5","bluebird":"^2.9.8","chalk":"^0.5.1","hexo-fs":"^0.1.3","minimist":"^1.1.0","tildify":"^1.0.0"},"devDependencies":{"chai":"^1.9.1","coveralls":"^2.11.2","del":"^1.1.1","gulp":"^3.8.9","gulp-istanbul":"^0.5.0","gulp-jshint":"^1.8.6","gulp-load-plugins":"^0.8.0","gulp-mocha":"^2.0.0","hexo-renderer-marked":"^0.2.3","jshint-stylish":"^1.0.0","mocha":"^2.0.1","sinon":"^1.12.2"},"gitHead":"a789a2dd7e1102a80d5142dedd6163a8d193757d","bugs":{"url":"https://github.com/hexojs/hexo-cli/issues"},"_id":"hexo-cli@0.1.2","_shasum":"55d35491260025af3c922e5d7709feca25882e19","_from":".","_npmVersion":"2.5.1","_nodeVersion":"0.12.0","_npmUser":{"name":"tommy351","email":"tommy351@gmail.com"},"maintainers":[{"name":"tommy351","email":"tommy351@gmail.com"}],"dist":{"shasum":"55d35491260025af3c922e5d7709feca25882e19","tarball":"https://registry.npmjs.org/hexo-cli/-/hexo-cli-0.1.2.tgz"}},"0.1.3":{"name":"hexo-cli","version":"0.1.3","description":"Command line interface for Hexo","main":"lib/index","bin":{"hexo":"./bin/hexo"},"scripts":{"test":"gulp test"},"directories":{"lib":"./lib","bin":"./bin"},"engines":{"node":">= 0.10.0"},"repository":{"type":"git","url":"https://github.com/hexojs/hexo-cli"},"homepage":"http://hexo.io/","keywords":["website","blog","cms","framework","hexo","cli"],"author":{"name":"Tommy Chen","email":"tommy351@gmail.com","url":"http://zespia.tw"},"license":"MIT","dependencies":{"abbrev":"^1.0.5","bluebird":"^2.9.8","chalk":"^1.0.0","hexo-fs":"^0.1.3","minimist":"^1.1.0","tildify":"^1.0.0"},"devDependencies":{"chai":"^1.9.1","coveralls":"^2.11.2","del":"^1.1.1","gulp":"^3.8.9","gulp-istanbul":"^0.5.0","gulp-jshint":"^1.8.6","gulp-load-plugins":"^0.8.0","gulp-mocha":"^2.0.0","hexo-renderer-marked":"^0.2.3","jshint-stylish":"^1.0.0","mocha":"^2.0.1","sinon":"^1.12.2"},"gitHead":"8a99996b7ba9d87c17eac60bad2f06b53e78a9a7","bugs":{"url":"https://github.com/hexojs/hexo-cli/issues"},"_id":"hexo-cli@0.1.3","_shasum":"af63fffd0817b1201b71e4671e8aa5f4a9f21420","_from":".","_npmVersion":"2.5.1","_nodeVersion":"0.12.0","_npmUser":{"name":"tommy351","email":"tommy351@gmail.com"},"maintainers":[{"name":"tommy351","email":"tommy351@gmail.com"}],"dist":{"shasum":"af63fffd0817b1201b71e4671e8aa5f4a9f21420","tarball":"https://registry.npmjs.org/hexo-cli/-/hexo-cli-0.1.3.tgz"}},"0.1.4":{"name":"hexo-cli","version":"0.1.4","description":"Command line interface for Hexo","main":"lib/index","bin":{"hexo":"./bin/hexo"},"scripts":{"test":"gulp test"},"directories":{"lib":"./lib","bin":"./bin"},"engines":{"node":">= 0.10.0"},"repository":{"type":"git","url":"https://github.com/hexojs/hexo-cli"},"homepage":"http://hexo.io/","keywords":["website","blog","cms","framework","hexo","cli"],"author":{"name":"Tommy Chen","email":"tommy351@gmail.com","url":"http://zespia.tw"},"license":"MIT","dependencies":{"abbrev":"^1.0.5","bluebird":"^2.9.8","chalk":"^1.0.0","hexo-fs":"^0.1.3","minimist":"^1.1.0","tildify":"^1.0.0"},"devDependencies":{"chai":"^1.9.1","coveralls":"^2.11.2","del":"^1.1.1","gulp":"^3.8.9","gulp-istanbul":"^0.5.0","gulp-jshint":"^1.8.6","gulp-load-plugins":"^0.8.0","gulp-mocha":"^2.0.0","hexo-renderer-marked":"^0.2.3","jshint-stylish":"^1.0.0","mocha":"^2.0.1","sinon":"^1.12.2"},"gitHead":"6f670ab6c63e180a6995ffa2e85289317d9af7e5","bugs":{"url":"https://github.com/hexojs/hexo-cli/issues"},"_id":"hexo-cli@0.1.4","_shasum":"8329291920d7a01d3f4da9d31a60169cb4100592","_from":".","_npmVersion":"2.5.1","_nodeVersion":"0.12.0","_npmUser":{"name":"tommy351","email":"tommy351@gmail.com"},"maintainers":[{"name":"tommy351","email":"tommy351@gmail.com"}],"dist":{"shasum":"8329291920d7a01d3f4da9d31a60169cb4100592","tarball":"https://registry.npmjs.org/hexo-cli/-/hexo-cli-0.1.4.tgz"}},"0.1.5":{"name":"hexo-cli","version":"0.1.5","description":"Command line interface for Hexo","main":"lib/index","bin":{"hexo":"./bin/hexo"},"scripts":{"test":"gulp test"},"directories":{"lib":"./lib","bin":"./bin"},"engines":{"node":">= 0.10.0"},"repository":{"type":"git","url":"https://github.com/hexojs/hexo-cli"},"homepage":"http://hexo.io/","keywords":["website","blog","cms","framework","hexo","cli"],"author":{"name":"Tommy Chen","email":"tommy351@gmail.com","url":"http://zespia.tw"},"license":"MIT","dependencies":{"abbrev":"^1.0.5","bluebird":"^2.9.8","chalk":"^1.0.0","hexo-fs":"^0.1.3","minimist":"^1.1.0","tildify":"^1.0.0"},"devDependencies":{"chai":"^1.9.1","coveralls":"^2.11.2","del":"^1.1.1","gulp":"^3.8.9","gulp-istanbul":"^0.5.0","gulp-jshint":"^1.8.6","gulp-load-plugins":"^0.8.0","gulp-mocha":"^2.0.0","hexo-renderer-marked":"^0.2.3","jshint-stylish":"^1.0.0","mocha":"^2.0.1","sinon":"^1.12.2"},"gitHead":"3fd33fc8a944887308f08d68247a363e558dd888","bugs":{"url":"https://github.com/hexojs/hexo-cli/issues"},"_id":"hexo-cli@0.1.5","_shasum":"77d056aeeb1b97f8d750fd41d93e09ecea94dc43","_from":".","_npmVersion":"2.5.1","_nodeVersion":"0.12.0","_npmUser":{"name":"tommy351","email":"tommy351@gmail.com"},"maintainers":[{"name":"tommy351","email":"tommy351@gmail.com"}],"dist":{"shasum":"77d056aeeb1b97f8d750fd41d93e09ecea94dc43","tarball":"https://registry.npmjs.org/hexo-cli/-/hexo-cli-0.1.5.tgz"}},"0.1.6":{"name":"hexo-cli","version":"0.1.6","description":"Command line interface for Hexo","main":"lib/index","bin":{"hexo":"./bin/hexo"},"scripts":{"test":"gulp test"},"directories":{"lib":"./lib","bin":"./bin"},"engines":{"node":">= 0.10.0"},"repository":{"type":"git","url":"https://github.com/hexojs/hexo-cli"},"homepage":"http://hexo.io/","keywords":["website","blog","cms","framework","hexo","cli"],"author":{"name":"Tommy Chen","email":"tommy351@gmail.com","url":"http://zespia.tw"},"license":"MIT","dependencies":{"abbrev":"^1.0.5","bluebird":"^2.9.8","chalk":"^1.0.0","hexo-fs":"^0.1.3","minimist":"^1.1.0","tildify":"^1.0.0"},"devDependencies":{"chai":"^1.9.1","coveralls":"^2.11.2","del":"^1.1.1","gulp":"^3.8.9","gulp-istanbul":"^0.5.0","gulp-jshint":"^1.8.6","gulp-load-plugins":"^0.8.0","gulp-mocha":"^2.0.0","hexo-renderer-marked":"^0.2.3","jshint-stylish":"^1.0.0","mocha":"^2.0.1","sinon":"^1.12.2"},"gitHead":"3139e7b00c60bf4798f6365ad1ce56995e7c481b","bugs":{"url":"https://github.com/hexojs/hexo-cli/issues"},"_id":"hexo-cli@0.1.6","_shasum":"7dc3ab939d0889c4bed6a961605ff3e2d67f67a2","_from":".","_npmVersion":"2.5.1","_nodeVersion":"0.12.0","_npmUser":{"name":"tommy351","email":"tommy351@gmail.com"},"maintainers":[{"name":"tommy351","email":"tommy351@gmail.com"}],"dist":{"shasum":"7dc3ab939d0889c4bed6a961605ff3e2d67f67a2","tarball":"https://registry.npmjs.org/hexo-cli/-/hexo-cli-0.1.6.tgz"}},"0.1.7":{"name":"hexo-cli","version":"0.1.7","description":"Command line interface for Hexo","main":"lib/index","bin":{"hexo":"./bin/hexo"},"scripts":{"test":"gulp test"},"directories":{"lib":"./lib","bin":"./bin"},"engines":{"node":">= 0.10.0"},"repository":{"type":"git","url":"git+https://github.com/hexojs/hexo-cli.git"},"homepage":"http://hexo.io/","keywords":["website","blog","cms","framework","hexo","cli"],"author":{"name":"Tommy Chen","email":"tommy351@gmail.com","url":"http://zespia.tw"},"license":"MIT","dependencies":{"abbrev":"^1.0.5","bluebird":"^2.9.8","chalk":"^1.0.0","hexo-fs":"^0.1.3","minimist":"^1.1.0","tildify":"^1.0.0"},"devDependencies":{"chai":"^1.9.1","coveralls":"^2.11.2","del":"^1.1.1","gulp":"^3.8.9","gulp-istanbul":"^0.5.0","gulp-jshint":"^1.8.6","gulp-load-plugins":"^0.8.0","gulp-mocha":"^2.0.0","hexo-renderer-marked":"^0.2.3","jshint-stylish":"^1.0.0","mocha":"^2.0.1","sinon":"^1.12.2"},"gitHead":"cbb92d26e1b5ffb6dd8ce5a8f08f605155aa19ac","bugs":{"url":"https://github.com/hexojs/hexo-cli/issues"},"_id":"hexo-cli@0.1.7","_shasum":"58332f61fd18bbcf0c9ac998d124eb92bdb0600f","_from":".","_npmVersion":"2.10.1","_nodeVersion":"0.12.4","_npmUser":{"name":"tommy351","email":"tommy351@gmail.com"},"maintainers":[{"name":"tommy351","email":"tommy351@gmail.com"}],"dist":{"shasum":"58332f61fd18bbcf0c9ac998d124eb92bdb0600f","tarball":"https://registry.npmjs.org/hexo-cli/-/hexo-cli-0.1.7.tgz"}},"0.1.8":{"name":"hexo-cli","version":"0.1.8","description":"Command line interface for Hexo","main":"lib/index","bin":{"hexo":"./bin/hexo"},"scripts":{"test":"gulp test"},"directories":{"lib":"./lib","bin":"./bin"},"engines":{"node":">= 0.10.0"},"repository":{"type":"git","url":"git+https://github.com/hexojs/hexo-cli.git"},"homepage":"http://hexo.io/","keywords":["website","blog","cms","framework","hexo","cli"],"author":{"name":"Tommy Chen","email":"tommy351@gmail.com","url":"http://zespia.tw"},"license":"MIT","dependencies":{"abbrev":"^1.0.5","bluebird":"^2.9.8","chalk":"^1.0.0","hexo-fs":"^0.1.3","minimist":"^1.1.0","tildify":"^1.0.0"},"devDependencies":{"chai":"^1.9.1","coveralls":"^2.11.2","del":"^1.1.1","gulp":"^3.8.9","gulp-istanbul":"^0.5.0","gulp-jshint":"^1.8.6","gulp-load-plugins":"^0.8.0","gulp-mocha":"^2.0.0","hexo-renderer-marked":"^0.2.3","jshint-stylish":"^1.0.0","mocha":"^2.0.1","sinon":"^1.12.2"},"gitHead":"bccf86eba1831cf683c37ed78df88198f993f985","bugs":{"url":"https://github.com/hexojs/hexo-cli/issues"},"_id":"hexo-cli@0.1.8","_shasum":"17dcb7301f82f75568bb9125b2f79b2aca4b07b8","_from":".","_npmVersion":"3.1.2","_nodeVersion":"0.12.7","_npmUser":{"name":"tommy351","email":"tommy351@gmail.com"},"maintainers":[{"name":"tommy351","email":"tommy351@gmail.com"}],"dist":{"shasum":"17dcb7301f82f75568bb9125b2f79b2aca4b07b8","tarball":"https://registry.npmjs.org/hexo-cli/-/hexo-cli-0.1.8.tgz"}},"0.1.9":{"name":"hexo-cli","version":"0.1.9","description":"Command line interface for Hexo","main":"lib/index","bin":{"hexo":"./bin/hexo"},"scripts":{"eslint":"eslint .","jscs":"jscs .","test":"mocha test/index.js","test-cov":"istanbul cover --print both _mocha -- test/index.js"},"directories":{"lib":"./lib","bin":"./bin"},"engines":{"node":">= 0.10.0"},"repository":{"type":"git","url":"git+https://github.com/hexojs/hexo-cli.git"},"homepage":"http://hexo.io/","keywords":["website","blog","cms","framework","hexo","cli"],"author":{"name":"Tommy Chen","email":"tommy351@gmail.com","url":"http://zespia.tw"},"license":"MIT","dependencies":{"abbrev":"^1.0.7","bluebird":"^3.0.5","chalk":"^1.1.1","hexo-fs":"^0.1.4","minimist":"^1.2.0","tildify":"^1.1.2"},"devDependencies":{"chai":"^3.4.0","eslint":"^1.8.0","hexo-renderer-marked":"^0.2.5","istanbul":"^0.4.0","jscs":"^2.5.0","mocha":"^2.3.3","sinon":"^1.17.2"},"gitHead":"06791e318084ff282ab7702e77a80fee9dfa61da","bugs":{"url":"https://github.com/hexojs/hexo-cli/issues"},"_id":"hexo-cli@0.1.9","_shasum":"1ae0a0abb29810e6f9a59d0c7000d4ff53e93761","_from":".","_npmVersion":"3.3.3","_nodeVersion":"4.0.0","_npmUser":{"name":"tommy351","email":"tommy351@gmail.com"},"maintainers":[{"name":"tommy351","email":"tommy351@gmail.com"}],"dist":{"shasum":"1ae0a0abb29810e6f9a59d0c7000d4ff53e93761","tarball":"https://registry.npmjs.org/hexo-cli/-/hexo-cli-0.1.9.tgz"}},"0.2.0":{"name":"hexo-cli","version":"0.2.0","description":"Command line interface for Hexo","main":"lib/index","bin":{"hexo":"./bin/hexo"},"scripts":{"eslint":"eslint .","jscs":"jscs .","test":"mocha test/index.js","test-cov":"istanbul cover --print both _mocha -- test/index.js"},"directories":{"lib":"./lib","bin":"./bin"},"repository":{"type":"git","url":"git+https://github.com/hexojs/hexo-cli.git"},"homepage":"http://hexo.io/","keywords":["website","blog","cms","framework","hexo","cli"],"author":{"name":"Tommy Chen","email":"tommy351@gmail.com","url":"http://zespia.tw"},"license":"MIT","dependencies":{"abbrev":"^1.0.7","bluebird":"^3.0.6","chalk":"^1.1.1","hexo-fs":"^0.1.5","hexo-util":"^0.5.1","minimist":"^1.2.0","tildify":"^1.1.2"},"devDependencies":{"chai":"^3.4.1","chai-as-promised":"^5.1.0","eslint":"^1.10.3","eslint-config-hexo":"^1.0.2","hexo-renderer-marked":"^0.2.5","istanbul":"^0.4.1","jscs":"^2.6.0","jscs-preset-hexo":"^1.0.1","mocha":"^2.3.4","rewire":"^2.5.1","sinon":"^1.17.2"},"gitHead":"7fa159fcd06e6846a9ae739cace85d753071746e","bugs":{"url":"https://github.com/hexojs/hexo-cli/issues"},"_id":"hexo-cli@0.2.0","_shasum":"c33dbdd4ca506006061d503e158cc19f080abafe","_from":".","_npmVersion":"3.3.3","_nodeVersion":"4.0.0","_npmUser":{"name":"tommy351","email":"tommy351@gmail.com"},"maintainers":[{"name":"tommy351","email":"tommy351@gmail.com"}],"dist":{"shasum":"c33dbdd4ca506006061d503e158cc19f080abafe","tarball":"https://registry.npmjs.org/hexo-cli/-/hexo-cli-0.2.0.tgz"}},"0.2.1":{"name":"hexo-cli","version":"0.2.1","description":"Command line interface for Hexo","main":"lib/index","bin":{"hexo":"./bin/hexo"},"scripts":{"eslint":"eslint .","jscs":"jscs .","test":"mocha test/index.js","test-cov":"istanbul cover --print both _mocha -- test/index.js"},"directories":{"lib":"./lib","bin":"./bin"},"repository":{"type":"git","url":"git+https://github.com/hexojs/hexo-cli.git"},"homepage":"http://hexo.io/","keywords":["website","blog","cms","framework","hexo","cli"],"author":{"name":"Tommy Chen","email":"tommy351@gmail.com","url":"http://zespia.tw"},"license":"MIT","dependencies":{"abbrev":"^1.0.7","bluebird":"^3.2.2","chalk":"^1.1.1","hexo-fs":"^0.1.5","hexo-util":"^0.5.1","minimist":"^1.2.0","tildify":"^1.1.2"},"devDependencies":{"chai":"^3.5.0","chai-as-promised":"^5.2.0","eslint":"^1.10.3","eslint-config-hexo":"^1.0.2","hexo-renderer-marked":"^0.2.9","istanbul":"^0.4.2","jscs":"^2.9.0","jscs-preset-hexo":"^1.0.1","mocha":"^2.4.5","rewire":"^2.5.1","sinon":"^1.17.3"},"gitHead":"08ab87f6a9dbf0da4ca4b18b8236f0f1c3390b9e","bugs":{"url":"https://github.com/hexojs/hexo-cli/issues"},"_id":"hexo-cli@0.2.1","_shasum":"5f523bb8050795045adecceebb01cf9f640810b5","_from":".","_npmVersion":"3.3.3","_nodeVersion":"4.0.0","_npmUser":{"name":"tommy351","email":"tommy351@gmail.com"},"dist":{"shasum":"5f523bb8050795045adecceebb01cf9f640810b5","tarball":"https://registry.npmjs.org/hexo-cli/-/hexo-cli-0.2.1.tgz"},"maintainers":[{"name":"tommy351","email":"tommy351@gmail.com"}],"_npmOperationalInternal":{"host":"packages-6-west.internal.npmjs.com","tmp":"tmp/hexo-cli-0.2.1.tgz_1455088254559_0.8774687277618796"}},"1.0.0":{"name":"hexo-cli","version":"1.0.0","description":"Command line interface for Hexo","main":"lib/hexo","bin":{"hexo":"./bin/hexo"},"scripts":{"eslint":"eslint .","jscs":"jscs .","test":"mocha test/index.js","test-cov":"istanbul cover --print both _mocha -- test/index.js"},"directories":{"lib":"./lib","bin":"./bin"},"repository":{"type":"git","url":"git+https://github.com/hexojs/hexo-cli.git"},"homepage":"https://hexo.io/","keywords":["website","blog","cms","framework","hexo","cli"],"author":{"name":"Tommy Chen","email":"tommy351@gmail.com","url":"http://zespia.tw"},"license":"MIT","dependencies":{"abbrev":"^1.0.7","bluebird":"^3.2.2","chalk":"^1.1.1","hexo-fs":"^0.1.5","hexo-log":"^0.1.1","hexo-util":"^0.5.1","lodash":"^4.3.0","minimist":"^1.2.0","tildify":"^1.1.2"},"devDependencies":{"chai":"^3.5.0","chai-as-promised":"^5.2.0","eslint":"^1.10.3","eslint-config-hexo":"^1.0.2","hexo-renderer-marked":"^0.2.9","istanbul":"^0.4.2","jscs":"^2.9.0","jscs-preset-hexo":"^1.0.1","mocha":"^2.4.5","proxyquire":"^1.7.4","rewire":"^2.5.1","sinon":"^1.17.3"},"gitHead":"2f3a7db61027722b99bca801396498c52f75bf0d","bugs":{"url":"https://github.com/hexojs/hexo-cli/issues"},"_id":"hexo-cli@1.0.0","_shasum":"c0366348dc2378f5445dd1f23ef32b71b00f3c13","_from":".","_npmVersion":"3.7.1","_nodeVersion":"4.3.0","_npmUser":{"name":"tommy351","email":"tommy351@gmail.com"},"dist":{"shasum":"c0366348dc2378f5445dd1f23ef32b71b00f3c13","tarball":"https://registry.npmjs.org/hexo-cli/-/hexo-cli-1.0.0.tgz"},"maintainers":[{"name":"tommy351","email":"tommy351@gmail.com"}],"_npmOperationalInternal":{"host":"packages-6-west.internal.npmjs.com","tmp":"tmp/hexo-cli-1.0.0.tgz_1455177375282_0.32208374608308077"}},"1.0.1":{"name":"hexo-cli","version":"1.0.1","description":"Command line interface for Hexo","main":"lib/hexo","bin":{"hexo":"./bin/hexo"},"scripts":{"eslint":"eslint .","jscs":"jscs .","test":"mocha test/index.js","test-cov":"istanbul cover --print both _mocha -- test/index.js"},"directories":{"lib":"./lib","bin":"./bin"},"repository":{"type":"git","url":"git+https://github.com/hexojs/hexo-cli.git"},"homepage":"https://hexo.io/","keywords":["website","blog","cms","framework","hexo","cli"],"author":{"name":"Tommy Chen","email":"tommy351@gmail.com","url":"http://zespia.tw"},"license":"MIT","dependencies":{"abbrev":"^1.0.7","bluebird":"^3.3.0","chalk":"^1.1.1","hexo-fs":"^0.1.5","hexo-log":"^0.1.1","hexo-util":"^0.5.3","minimist":"^1.2.0","object-assign":"^4.0.1","tildify":"^1.1.2"},"devDependencies":{"chai":"^3.5.0","chai-as-promised":"^5.2.0","eslint":"^1.10.3","eslint-config-hexo":"^1.0.2","hexo-renderer-marked":"^0.2.9","istanbul":"^0.4.2","jscs":"^2.9.0","jscs-preset-hexo":"^1.0.1","mocha":"^2.4.5","proxyquire":"^1.7.4","rewire":"^2.5.1","sinon":"^1.17.3"},"gitHead":"477c381a33efef1bb1e52ef3c6f4943e46f2d99a","bugs":{"url":"https://github.com/hexojs/hexo-cli/issues"},"_id":"hexo-cli@1.0.1","_shasum":"8bcc28975ebaa636c8d9594868240727aadc734f","_from":".","_npmVersion":"3.7.1","_nodeVersion":"4.3.0","_npmUser":{"name":"tommy351","email":"tommy351@gmail.com"},"dist":{"shasum":"8bcc28975ebaa636c8d9594868240727aadc734f","tarball":"https://registry.npmjs.org/hexo-cli/-/hexo-cli-1.0.1.tgz"},"maintainers":[{"name":"tommy351","email":"tommy351@gmail.com"}],"_npmOperationalInternal":{"host":"packages-6-west.internal.npmjs.com","tmp":"tmp/hexo-cli-1.0.1.tgz_1455272163444_0.3437555329874158"}},"1.0.2":{"name":"hexo-cli","version":"1.0.2","description":"Command line interface for Hexo","main":"lib/hexo","bin":{"hexo":"./bin/hexo"},"scripts":{"eslint":"eslint .","jscs":"jscs .","test":"mocha test/index.js","test-cov":"istanbul cover --print both _mocha -- test/index.js"},"directories":{"lib":"./lib","bin":"./bin"},"repository":{"type":"git","url":"git+https://github.com/hexojs/hexo-cli.git"},"homepage":"https://hexo.io/","keywords":["website","blog","cms","framework","hexo","cli"],"author":{"name":"Tommy Chen","email":"tommy351@gmail.com","url":"http://zespia.tw"},"license":"MIT","dependencies":{"abbrev":"^1.0.7","bluebird":"^3.4.0","chalk":"^1.1.3","hexo-fs":"^0.1.5","hexo-log":"^0.1.2","hexo-util":"^0.6.0","minimist":"^1.2.0","object-assign":"^4.1.0","tildify":"^1.2.0"},"devDependencies":{"chai":"^3.5.0","chai-as-promised":"^5.3.0","eslint":"^2.12.0","eslint-config-hexo":"^1.0.3","hexo-renderer-marked":"^0.2.10","istanbul":"^0.4.3","jscs":"^3.0.4","jscs-preset-hexo":"^1.0.1","mocha":"^2.5.3","proxyquire":"^1.7.9","rewire":"^2.5.1","sinon":"^1.17.4"},"gitHead":"fb567e2d1e32929c4183ab4fcf1a5645fb646eb2","bugs":{"url":"https://github.com/hexojs/hexo-cli/issues"},"_id":"hexo-cli@1.0.2","_shasum":"8ebcae88cac29254f1e9ac07f8a9f07399a8a1ae","_from":".","_npmVersion":"3.7.1","_nodeVersion":"4.3.0","_npmUser":{"name":"tommy351","email":"tommy351@gmail.com"},"dist":{"shasum":"8ebcae88cac29254f1e9ac07f8a9f07399a8a1ae","tarball":"https://registry.npmjs.org/hexo-cli/-/hexo-cli-1.0.2.tgz"},"maintainers":[{"name":"tommy351","email":"tommy351@gmail.com"}],"_npmOperationalInternal":{"host":"packages-16-east.internal.npmjs.com","tmp":"tmp/hexo-cli-1.0.2.tgz_1465818839377_0.7479208533186466"}}},"readme":"# hexo-cli\n\n[![Build Status](https://travis-ci.org/hexojs/hexo-cli.svg?branch=master)](https://travis-ci.org/hexojs/hexo-cli)  [![NPM version](https://badge.fury.io/js/hexo-cli.svg)](http://badge.fury.io/js/hexo-cli) [![Coverage Status](https://coveralls.io/repos/hexojs/hexo-cli/badge.svg?branch=master)](https://coveralls.io/r/hexojs/hexo-cli?branch=master) [![Build status](https://ci.appveyor.com/api/projects/status/aa44wp75752x1t47/branch/master?svg=true)](https://ci.appveyor.com/project/tommy351/hexo-cli/branch/master)\n\nCommand line interface for Hexo.\n\n## Installation\n\n``` bash\n$ npm install hexo-cli -g\n```\n\n## License\n\nMIT","maintainers":[{"name":"tommy351","email":"tommy351@gmail.com"}],"time":{"modified":"2016-06-13T11:54:06.928Z","created":"2015-02-11T09:31:13.555Z","0.0.1":"2015-02-11T09:31:13.555Z","0.1.0":"2015-02-11T17:19:17.081Z","0.1.1":"2015-02-13T04:52:36.174Z","0.1.2":"2015-02-14T09:11:02.964Z","0.1.3":"2015-03-04T15:10:52.741Z","0.1.4":"2015-03-05T03:08:53.629Z","0.1.5":"2015-05-20T11:03:00.970Z","0.1.6":"2015-05-20T11:06:28.470Z","0.1.7":"2015-06-05T05:27:59.860Z","0.1.8":"2015-08-12T16:01:56.470Z","0.1.9":"2015-11-11T04:55:25.502Z","0.2.0":"2015-12-27T09:21:26.482Z","0.2.1":"2016-02-10T07:10:55.915Z","1.0.0":"2016-02-11T07:56:16.804Z","1.0.1":"2016-02-12T10:16:04.963Z","1.0.2":"2016-06-13T11:54:06.928Z"},"homepage":"https://hexo.io/","keywords":["website","blog","cms","framework","hexo","cli"],"repository":{"type":"git","url":"git+https://github.com/hexojs/hexo-cli.git"},"author":{"name":"Tommy Chen","email":"tommy351@gmail.com","url":"http://zespia.tw"},"bugs":{"url":"https://github.com/hexojs/hexo-cli/issues"},"license":"MIT","readmeFilename":"README.md","_attachments":{},"_etag":"\"2B3XOX6VZZ3O63S6AIQNHCTCE\""}