{"_id":"html-entities","_rev":"50-f5a1630874e45de63880ca49b8c39640","name":"html-entities","description":"Faster HTML entities encode/decode library.","dist-tags":{"latest":"1.2.0"},"versions":{"1.0.0":{"name":"html-entities","version":"1.0.0","description":"Faster HTML entities encode/decode library.","keywords":["html","html entities","html entities encode","html entities decode","entities","entities encode","entities decode"],"author":{"name":"Marat Dulin","email":"mdevils@yandex.ru"},"dependencies":{},"repository":{"type":"git","url":"https://github.com/mdevils/node-html-entities.git"},"main":"index","engines":["node >= 0.4.0"],"license":"MIT","_id":"html-entities@1.0.0","dist":{"shasum":"e30e06d2ea4a93f7baef53f56ae87b94743679ff","tarball":"https://registry.npmjs.org/html-entities/-/html-entities-1.0.0.tgz"},"_npmVersion":"1.1.59","_npmUser":{"name":"mdevils","email":"mdevils@yandex.ru"},"maintainers":[{"name":"mdevils","email":"mdevils@yandex.ru"}],"directories":{}},"1.0.1":{"name":"html-entities","version":"1.0.1","description":"Faster HTML entities encode/decode library.","keywords":["html","html entities","html entities encode","html entities decode","entities","entities encode","entities decode"],"author":{"name":"Marat Dulin","email":"mdevils@yandex.ru"},"dependencies":{},"repository":{"type":"git","url":"https://github.com/mdevils/node-html-entities.git"},"main":"index","engines":["node >= 0.4.0"],"license":"MIT","_id":"html-entities@1.0.1","dist":{"shasum":"9e9a18e2e768738e7b356bb4f518b7db79b80e17","tarball":"https://registry.npmjs.org/html-entities/-/html-entities-1.0.1.tgz"},"_npmVersion":"1.1.59","_npmUser":{"name":"mdevils","email":"mdevils@yandex.ru"},"maintainers":[{"name":"mdevils","email":"mdevils@yandex.ru"}],"directories":{}},"1.0.2":{"name":"html-entities","version":"1.0.2","description":"Faster HTML entities encode/decode library.","keywords":["html","html entities","html entities encode","html entities decode","entities","entities encode","entities decode"],"author":{"name":"Marat Dulin","email":"mdevils@yandex.ru"},"dependencies":{},"repository":{"type":"git","url":"https://github.com/mdevils/node-html-entities.git"},"main":"index","engines":["node >= 0.4.0"],"license":"MIT","_id":"html-entities@1.0.2","dist":{"shasum":"c4cc879ca443bf79d1d605356bf4ab39af55f77b","tarball":"https://registry.npmjs.org/html-entities/-/html-entities-1.0.2.tgz"},"_npmVersion":"1.1.59","_npmUser":{"name":"mdevils","email":"mdevils@yandex.ru"},"maintainers":[{"name":"mdevils","email":"mdevils@yandex.ru"}],"directories":{}},"1.0.3":{"name":"html-entities","version":"1.0.3","description":"Faster HTML entities encode/decode library.","keywords":["html","html entities","html entities encode","html entities decode","entities","entities encode","entities decode"],"author":{"name":"Marat Dulin","email":"mdevils@yandex.ru"},"dependencies":{},"devDependencies":{"colors":"*"},"repository":{"type":"git","url":"https://github.com/mdevils/node-html-entities.git"},"main":"index","engines":["node >= 0.4.0"],"license":"MIT","_id":"html-entities@1.0.3","dist":{"shasum":"a3ac7dece3736e904332443483ec3200574d0a3c","tarball":"https://registry.npmjs.org/html-entities/-/html-entities-1.0.3.tgz"},"_npmVersion":"1.1.59","_npmUser":{"name":"mdevils","email":"mdevils@yandex.ru"},"maintainers":[{"name":"mdevils","email":"mdevils@yandex.ru"}],"directories":{}},"1.0.4":{"name":"html-entities","version":"1.0.4","description":"Faster HTML entities encode/decode library.","keywords":["html","html entities","html entities encode","html entities decode","entities","entities encode","entities decode"],"author":{"name":"Marat Dulin","email":"mdevils@yandex.ru"},"dependencies":{},"devDependencies":{"colors":"*"},"repository":{"type":"git","url":"https://github.com/mdevils/node-html-entities.git"},"main":"index","engines":["node >= 0.4.0"],"license":"MIT","_id":"html-entities@1.0.4","dist":{"shasum":"ab4612a58f9d24a590461be3bc480bc20374358c","tarball":"https://registry.npmjs.org/html-entities/-/html-entities-1.0.4.tgz"},"_npmVersion":"1.1.59","_npmUser":{"name":"mdevils","email":"mdevils@yandex.ru"},"maintainers":[{"name":"mdevils","email":"mdevils@yandex.ru"}],"directories":{}},"1.0.5":{"name":"html-entities","version":"1.0.5","description":"Faster HTML entities encode/decode library.","keywords":["html","html entities","html entities encode","html entities decode","entities","entities encode","entities decode"],"author":{"name":"Marat Dulin","email":"mdevils@yandex.ru"},"dependencies":{},"devDependencies":{"colors":"*"},"repository":{"type":"git","url":"https://github.com/mdevils/node-html-entities.git"},"main":"index","engines":["node >= 0.4.0"],"license":"MIT","_id":"html-entities@1.0.5","dist":{"shasum":"f48de682346205c7a91ef75e8e4a0450a0ed6332","tarball":"https://registry.npmjs.org/html-entities/-/html-entities-1.0.5.tgz"},"_npmVersion":"1.1.59","_npmUser":{"name":"mdevils","email":"mdevils@yandex.ru"},"maintainers":[{"name":"mdevils","email":"mdevils@yandex.ru"}],"directories":{}},"1.0.6":{"name":"html-entities","version":"1.0.6","description":"Faster HTML entities encode/decode library.","keywords":["html","html entities","html entities encode","html entities decode","entities","entities encode","entities decode"],"author":{"name":"Marat Dulin","email":"mdevils@yandex.ru"},"dependencies":{},"devDependencies":{"colors":"*","node-html-encoder":"*","entities":"*"},"repository":{"type":"git","url":"https://github.com/mdevils/node-html-entities.git"},"main":"index","engines":["node >= 0.4.0"],"license":"MIT","_id":"html-entities@1.0.6","dist":{"shasum":"5a2ab18e1415b4e4605eab158b3e633d0d0dd665","tarball":"https://registry.npmjs.org/html-entities/-/html-entities-1.0.6.tgz"},"_npmVersion":"1.1.59","_npmUser":{"name":"mdevils","email":"mdevils@yandex.ru"},"maintainers":[{"name":"mdevils","email":"mdevils@yandex.ru"}],"directories":{}},"1.0.7":{"name":"html-entities","version":"1.0.7","description":"Faster HTML entities encode/decode library.","keywords":["html","html entities","html entities encode","html entities decode","entities","entities encode","entities decode"],"author":{"name":"Marat Dulin","email":"mdevils@yandex.ru"},"dependencies":{},"devDependencies":{"colors":"*","node-html-encoder":"*","entities":"*"},"repository":{"type":"git","url":"https://github.com/mdevils/node-html-entities.git"},"main":"index","engines":["node >= 0.4.0"],"license":"MIT","_id":"html-entities@1.0.7","dist":{"shasum":"b72d12d96629c34461aa3b65a925bfa0c59a3b1a","tarball":"https://registry.npmjs.org/html-entities/-/html-entities-1.0.7.tgz"},"maintainers":[{"name":"mdevils","email":"mdevils@yandex.ru"}],"directories":{}},"1.0.8":{"name":"html-entities","version":"1.0.8","description":"Faster HTML entities encode/decode library.","keywords":["html","html entities","html entities encode","html entities decode","entities","entities encode","entities decode"],"author":{"name":"Marat Dulin","email":"mdevils@yandex.ru"},"dependencies":{},"devDependencies":{"colors":"*","node-html-encoder":"*","entities":"*"},"repository":{"type":"git","url":"https://github.com/mdevils/node-html-entities.git"},"main":"index","engines":["node >= 0.4.0"],"license":"MIT","_id":"html-entities@1.0.8","dist":{"shasum":"3b449b212207c4a495582fb6f419718e34e63747","tarball":"https://registry.npmjs.org/html-entities/-/html-entities-1.0.8.tgz"},"_npmVersion":"1.1.59","_npmUser":{"name":"mdevils","email":"mdevils@yandex.ru"},"maintainers":[{"name":"mdevils","email":"mdevils@yandex.ru"}],"directories":{}},"1.0.9":{"name":"html-entities","version":"1.0.9","description":"Faster HTML entities encode/decode library.","keywords":["html","html entities","html entities encode","html entities decode","entities","entities encode","entities decode"],"author":{"name":"Marat Dulin","email":"mdevils@yandex.ru"},"dependencies":{},"devDependencies":{"colors":"*","node-html-encoder":"*","entities":"*"},"repository":{"type":"git","url":"https://github.com/mdevils/node-html-entities.git"},"main":"index","engines":["node >= 0.4.0"],"license":"MIT","_id":"html-entities@1.0.9","dist":{"shasum":"f60f64c5f5424a718cc6d6c8b2ee0238e7b19914","tarball":"https://registry.npmjs.org/html-entities/-/html-entities-1.0.9.tgz"},"_npmVersion":"1.1.59","_npmUser":{"name":"mdevils","email":"mdevils@yandex.ru"},"maintainers":[{"name":"mdevils","email":"mdevils@yandex.ru"}],"directories":{}},"1.0.10":{"name":"html-entities","version":"1.0.10","description":"Faster HTML entities encode/decode library.","keywords":["html","html entities","html entities encode","html entities decode","entities","entities encode","entities decode"],"author":{"name":"Marat Dulin","email":"mdevils@yandex.ru"},"dependencies":{},"devDependencies":{"colors":"*","node-html-encoder":"*","entities":"*"},"repository":{"type":"git","url":"https://github.com/mdevils/node-html-entities.git"},"main":"index","engines":["node >= 0.4.0"],"license":"MIT","_id":"html-entities@1.0.10","dist":{"shasum":"0dea59130dd50df154e82c4cf71d08c2c9dc968b","tarball":"https://registry.npmjs.org/html-entities/-/html-entities-1.0.10.tgz"},"maintainers":[{"name":"mdevils","email":"mdevils@yandex.ru"}],"directories":{}},"1.1.0":{"name":"html-entities","version":"1.1.0","description":"Faster HTML entities encode/decode library.","keywords":["html","html entities","html entities encode","html entities decode","entities","entities encode","entities decode"],"author":{"name":"Marat Dulin","email":"mdevils@yandex.ru"},"dependencies":{},"devDependencies":{"colors":"*","node-html-encoder":"*","entities":"*"},"repository":{"type":"git","url":"https://github.com/mdevils/node-html-entities.git"},"main":"index","engines":["node >= 0.4.0"],"license":"MIT","gitHead":"0e246d3ea8885a857783c51aff7529950e4175ff","bugs":{"url":"https://github.com/mdevils/node-html-entities/issues"},"homepage":"https://github.com/mdevils/node-html-entities","_id":"html-entities@1.1.0","scripts":{},"_shasum":"07ce0ca796235b52ee98c8d8a7a72e05f63b759a","_from":".","_npmVersion":"1.4.16","_npmUser":{"name":"mdevils","email":"mdevils@yandex.ru"},"maintainers":[{"name":"mdevils","email":"mdevils@yandex.ru"}],"dist":{"shasum":"07ce0ca796235b52ee98c8d8a7a72e05f63b759a","tarball":"https://registry.npmjs.org/html-entities/-/html-entities-1.1.0.tgz"},"directories":{}},"1.1.1":{"name":"html-entities","version":"1.1.1","description":"Faster HTML entities encode/decode library.","keywords":["html","html entities","html entities encode","html entities decode","entities","entities encode","entities decode"],"author":{"name":"Marat Dulin","email":"mdevils@yandex.ru"},"dependencies":{},"devDependencies":{"colors":"*","node-html-encoder":"*","entities":"*"},"repository":{"type":"git","url":"https://github.com/mdevils/node-html-entities.git"},"main":"index","engines":["node >= 0.4.0"],"license":"MIT","gitHead":"d95308e71ebb70a6f5ab716fcd9183373629f528","bugs":{"url":"https://github.com/mdevils/node-html-entities/issues"},"homepage":"https://github.com/mdevils/node-html-entities","_id":"html-entities@1.1.1","scripts":{},"_shasum":"03ba38a4af2eda04c0633368111432c42dea61e1","_from":".","_npmVersion":"1.4.16","_npmUser":{"name":"mdevils","email":"mdevils@yandex.ru"},"maintainers":[{"name":"mdevils","email":"mdevils@yandex.ru"}],"dist":{"shasum":"03ba38a4af2eda04c0633368111432c42dea61e1","tarball":"https://registry.npmjs.org/html-entities/-/html-entities-1.1.1.tgz"},"directories":{}},"1.1.2":{"name":"html-entities","version":"1.1.2","description":"Faster HTML entities encode/decode library.","keywords":["html","html entities","html entities encode","html entities decode","entities","entities encode","entities decode"],"author":{"name":"Marat Dulin","email":"mdevils@yandex.ru"},"dependencies":{},"devDependencies":{"chai":"^1.9.1","mocha":"^1.21.4","unit-coverage":"^3.0.1","node-html-encoder":"*","entities":"*","coveralls":"^2.11.2"},"repository":{"type":"git","url":"https://github.com/mdevils/node-html-entities.git"},"main":"index","engines":["node >= 0.4.0"],"unit-coverage":{"common":["-s","lib/**/*.js","-t","test/**/*.js"]},"scripts":{"test":"mocha --recursive -R spec test","benchmark":"node benchmark/benchmark","coverage":"unit-coverage run -p common","coverage-html":"unit-coverage run -p common -r html -o coverage.html","travis":"npm test && unit-coverage run -p common -r lcov -o coverage.lcov && cat coverage.lcov | coveralls"},"files":["index.js","lib","LICENSE"],"license":"MIT","gitHead":"25acb062772079a4473402270cb1621edc0f84a1","bugs":{"url":"https://github.com/mdevils/node-html-entities/issues"},"homepage":"https://github.com/mdevils/node-html-entities","_id":"html-entities@1.1.2","_shasum":"b59d13ad79a74bf5e4f1f0072ad69182f88bb1c4","_from":".","_npmVersion":"1.4.16","_npmUser":{"name":"mdevils","email":"mdevils@yandex.ru"},"maintainers":[{"name":"mdevils","email":"mdevils@yandex.ru"}],"dist":{"shasum":"b59d13ad79a74bf5e4f1f0072ad69182f88bb1c4","tarball":"https://registry.npmjs.org/html-entities/-/html-entities-1.1.2.tgz"},"directories":{}},"1.1.3":{"name":"html-entities","version":"1.1.3","description":"Faster HTML entities encode/decode library.","keywords":["html","html entities","html entities encode","html entities decode","entities","entities encode","entities decode"],"author":{"name":"Marat Dulin","email":"mdevils@yandex.ru"},"dependencies":{},"devDependencies":{"chai":"^1.9.1","mocha":"^1.21.4","unit-coverage":"^3.0.1","node-html-encoder":"*","entities":"*","coveralls":"^2.11.2"},"repository":{"type":"git","url":"git+https://github.com/mdevils/node-html-entities.git"},"main":"index","engines":["node >= 0.4.0"],"unit-coverage":{"common":["-s","lib/**/*.js","-t","test/**/*.js"]},"scripts":{"test":"mocha --recursive -R spec test","benchmark":"node benchmark/benchmark","coverage":"unit-coverage run -p common","coverage-html":"unit-coverage run -p common -r html -o coverage.html","travis":"npm test && unit-coverage run -p common -r lcov -o coverage.lcov && cat coverage.lcov | coveralls"},"files":["index.js","lib","LICENSE"],"license":"MIT","gitHead":"06e39e68edb58cb72e9f313499916aaa2dc15bc8","bugs":{"url":"https://github.com/mdevils/node-html-entities/issues"},"homepage":"https://github.com/mdevils/node-html-entities#readme","_id":"html-entities@1.1.3","_shasum":"7e3b47640f5ea69b097ae8bbbe7cb8ca941d85bd","_from":".","_npmVersion":"2.11.2","_nodeVersion":"0.12.5","_npmUser":{"name":"mdevils","email":"mdevils@yandex.ru"},"dist":{"shasum":"7e3b47640f5ea69b097ae8bbbe7cb8ca941d85bd","tarball":"https://registry.npmjs.org/html-entities/-/html-entities-1.1.3.tgz"},"maintainers":[{"name":"mdevils","email":"mdevils@yandex.ru"}],"directories":{}},"1.2.0":{"name":"html-entities","version":"1.2.0","description":"Faster HTML entities encode/decode library.","keywords":["html","html entities","html entities encode","html entities decode","entities","entities encode","entities decode"],"author":{"name":"Marat Dulin","email":"mdevils@yandex.ru"},"dependencies":{},"devDependencies":{"chai":"^1.9.1","mocha":"^1.21.4","unit-coverage":"^3.0.1","node-html-encoder":"*","entities":"*","coveralls":"^2.11.2"},"repository":{"type":"git","url":"git+https://github.com/mdevils/node-html-entities.git"},"main":"index","engines":["node >= 0.4.0"],"unit-coverage":{"common":["-s","lib/**/*.js","-t","test/**/*.js"]},"scripts":{"test":"mocha --recursive -R spec test","benchmark":"node benchmark/benchmark","coverage":"unit-coverage run -p common","coverage-html":"unit-coverage run -p common -r html -o coverage.html","travis":"npm test && unit-coverage run -p common -r lcov -o coverage.lcov && cat coverage.lcov | coveralls"},"files":["index.js","lib","LICENSE"],"license":"MIT","gitHead":"3a2cd397697c872325f526bb422bdee74f089cda","bugs":{"url":"https://github.com/mdevils/node-html-entities/issues"},"homepage":"https://github.com/mdevils/node-html-entities#readme","_id":"html-entities@1.2.0","_shasum":"41948caf85ce82fed36e4e6a0ed371a6664379e2","_from":".","_npmVersion":"2.11.2","_nodeVersion":"0.12.5","_npmUser":{"name":"mdevils","email":"mdevils@yandex.ru"},"dist":{"shasum":"41948caf85ce82fed36e4e6a0ed371a6664379e2","tarball":"https://registry.npmjs.org/html-entities/-/html-entities-1.2.0.tgz"},"maintainers":[{"name":"mdevils","email":"mdevils@yandex.ru"}],"directories":{}}},"readme":"node-html-entities\n==================\n\n[![Build Status](https://travis-ci.org/mdevils/node-html-entities.svg?branch=master)](https://travis-ci.org/mdevils/node-html-entities)\n[![Coverage Status](https://coveralls.io/repos/mdevils/node-html-entities/badge.svg?branch=master&service=github)](https://coveralls.io/github/mdevils/node-html-entities?branch=master)\n\nFast html entities library.\n\n\nInstallation\n------------\n\n    npm install html-entities\n\nUsage\n-----\n\n####XML entities####\n\nHTML validity and XSS attack prevention you can achieve from XmlEntities class.\n\n```javascript\nvar Entities = require('html-entities').XmlEntities;\n\nentities = new Entities();\n\nconsole.log(entities.encode('<>\"\\'&©®')); // &lt;&gt;&quot;&apos;&amp;©®\nconsole.log(entities.encodeNonUTF('<>\"\\'&©®')); // &lt;&gt;&quot;&apos;&amp;&#169;&#174;\nconsole.log(entities.encodeNonASCII('<>\"\\'&©®')); // <>\"\\'&©®\nconsole.log(entities.decode('&lt;&gt;&quot;&apos;&amp;&copy;&reg;&#8710;')); // <>\"'&&copy;&reg;∆\n```\n\n####All HTML entities encoding/decoding####\n\n\n```javascript\nvar Entities = require('html-entities').AllHtmlEntities;\n\nentities = new Entities();\n\nconsole.log(entities.encode('<>\"&©®∆')); // &lt;&gt;&quot;&amp;&copy;&reg;∆\nconsole.log(entities.encodeNonUTF('<>\"&©®∆')); // &lt;&gt;&quot;&amp;&copy;&reg;&#8710;\nconsole.log(entities.encodeNonASCII('<>\"&©®∆')); // <>\"&©®&#8710;\nconsole.log(entities.decode('&lt;&gt;&quot;&amp;&copy;&reg;')); // <>\"&©®\n```\n\n####Available classes####\n\n```javascript\nvar XmlEntities = require('html-entities').XmlEntities, // <>\"'& + &#...; decoding\n    Html4Entities = require('html-entities').Html4Entities, // HTML4 entities.\n    Html5Entities = require('html-entities').Html5Entities, // HTML5 entities.\n    AllHtmlEntities = require('html-entities').AllHtmlEntities; // Synonym for HTML5 entities.\n```\n\nSupports four methods for every class:\n\n* encode — encodes, replacing characters to its entity representations. Ignores UTF characters with no entity representation.\n* encodeNonUTF — encodes, replacing characters to its entity representations. Inserts numeric entities for UTF characters.\n* encodeNonASCII — encodes, replacing only non-ASCII characters to its numeric entity representations.\n* decode — decodes, replacing entities to characters. Unknown entities are left as is.\n","maintainers":[{"name":"mdevils","email":"mdevils@yandex.ru"}],"time":{"modified":"2015-10-08T20:11:47.023Z","created":"2013-02-15T15:08:31.052Z","1.0.0":"2013-02-15T15:08:33.911Z","1.0.1":"2013-02-15T15:13:29.309Z","1.0.2":"2013-02-20T09:14:36.442Z","1.0.3":"2013-02-20T11:32:02.907Z","1.0.4":"2013-02-20T11:34:09.463Z","1.0.5":"2013-02-20T13:35:06.581Z","1.0.6":"2013-02-20T16:52:23.002Z","1.0.7":"2013-02-20T18:08:26.029Z","1.0.8":"2013-02-21T10:43:06.556Z","1.0.9":"2013-02-21T11:12:26.425Z","1.0.10":"2013-02-23T16:39:35.580Z","1.1.0":"2014-08-18T23:05:50.705Z","1.1.1":"2014-08-28T13:21:31.251Z","1.1.2":"2015-01-12T10:11:08.776Z","1.1.3":"2015-07-18T14:48:28.315Z","1.2.0":"2015-10-08T20:11:47.023Z"},"author":{"name":"Marat Dulin","email":"mdevils@yandex.ru"},"repository":{"type":"git","url":"git+https://github.com/mdevils/node-html-entities.git"},"users":{"roboterhund87":true,"radist2s":true,"mavin":true,"mightyiam":true,"alejcerro":true,"itonyyo":true,"jcottam":true,"frankymartz":true,"kaperstone":true,"chrisyipw":true,"iolo":true,"itskdk":true,"ahsanshafiq":true,"developit":true,"ugarz":true,"jakub.knejzlik":true,"beytek":true,"taichiro":true,"azevedo":true},"homepage":"https://github.com/mdevils/node-html-entities#readme","keywords":["html","html entities","html entities encode","html entities decode","entities","entities encode","entities decode"],"bugs":{"url":"https://github.com/mdevils/node-html-entities/issues"},"license":"MIT","readmeFilename":"README.md","_attachments":{},"_etag":"\"52TAVL69GBSAXDTHUOK7EG668\""}