{"_id":"hexo-deployer-git","_rev":"10-d2bdfe2e8abe00a18adac83c3323cf35","name":"hexo-deployer-git","description":"Git deployer plugin of Hexo.","dist-tags":{"latest":"0.2.0"},"versions":{"0.0.1":{"name":"hexo-deployer-git","version":"0.0.1","description":"Git deployer plugin of Hexo.","main":"index","scripts":{"test":"gulp test"},"directories":{"lib":"./lib"},"engines":{"node":">= 0.10.0"},"repository":{"type":"git","url":"https://github.com/hexojs/hexo-deployer-git"},"homepage":"http://hexo.io/","keywords":["hexo","git","deploy","deployer"],"author":{"name":"Tommy Chen","email":"tommy351@gmail.com","url":"http://zespia.tw"},"license":"MIT","devDependencies":{"chai":"^1.9.1","coveralls":"^2.11.2","gulp":"^3.8.9","gulp-istanbul":"^0.5.0","gulp-jshint":"^1.8.6","gulp-load-plugins":"^0.8.0","gulp-mocha":"^2.0.0","jshint-stylish":"^1.0.0","mocha":"^2.0.1","rimraf":"^2.2.8"},"dependencies":{"bluebird":"^2.6.2","chalk":"^0.5.1","hexo-fs":"0.0.8","moment":"^2.8.4","swig":"^1.4.2"},"gitHead":"3e017759f545e2929b5063e91ea30d34cfad34b1","bugs":{"url":"https://github.com/hexojs/hexo-deployer-git/issues"},"_id":"hexo-deployer-git@0.0.1","_shasum":"87ae027e1c1a24eb6407d052a778d989f486bb1e","_from":".","_npmVersion":"2.1.8","_nodeVersion":"0.10.33","_npmUser":{"name":"tommy351","email":"tommy351@gmail.com"},"maintainers":[{"name":"tommy351","email":"tommy351@gmail.com"}],"dist":{"shasum":"87ae027e1c1a24eb6407d052a778d989f486bb1e","tarball":"https://registry.npmjs.org/hexo-deployer-git/-/hexo-deployer-git-0.0.1.tgz"}},"0.0.2":{"name":"hexo-deployer-git","version":"0.0.2","description":"Git deployer plugin of Hexo.","main":"index","scripts":{"test":"gulp test"},"directories":{"lib":"./lib"},"engines":{"node":">= 0.10.0"},"repository":{"type":"git","url":"https://github.com/hexojs/hexo-deployer-git"},"homepage":"http://hexo.io/","keywords":["hexo","git","deploy","deployer"],"author":{"name":"Tommy Chen","email":"tommy351@gmail.com","url":"http://zespia.tw"},"license":"MIT","devDependencies":{"chai":"^1.9.1","coveralls":"^2.11.2","gulp":"^3.8.9","gulp-istanbul":"^0.5.0","gulp-jshint":"^1.8.6","gulp-load-plugins":"^0.8.0","gulp-mocha":"^2.0.0","jshint-stylish":"^1.0.0","mocha":"^2.0.1","rimraf":"^2.2.8"},"dependencies":{"chalk":"^0.5.1","hexo-fs":"^0.1.0","hexo-util":"^0.1.0","moment":"^2.8.4","swig":"^1.4.2"},"gitHead":"33323efb8c038fe0e3b9c408affcc0117a468ed4","bugs":{"url":"https://github.com/hexojs/hexo-deployer-git/issues"},"_id":"hexo-deployer-git@0.0.2","_shasum":"55f91e3a1a7196689e8544cbf870b6edf81259d2","_from":".","_npmVersion":"2.1.8","_nodeVersion":"0.10.33","_npmUser":{"name":"tommy351","email":"tommy351@gmail.com"},"maintainers":[{"name":"tommy351","email":"tommy351@gmail.com"}],"dist":{"shasum":"55f91e3a1a7196689e8544cbf870b6edf81259d2","tarball":"https://registry.npmjs.org/hexo-deployer-git/-/hexo-deployer-git-0.0.2.tgz"}},"0.0.3":{"name":"hexo-deployer-git","version":"0.0.3","description":"Git deployer plugin of Hexo.","main":"index","scripts":{"test":"gulp test"},"directories":{"lib":"./lib"},"engines":{"node":">= 0.10.0"},"repository":{"type":"git","url":"https://github.com/hexojs/hexo-deployer-git"},"homepage":"http://hexo.io/","keywords":["hexo","git","deploy","deployer"],"author":{"name":"Tommy Chen","email":"tommy351@gmail.com","url":"http://zespia.tw"},"license":"MIT","devDependencies":{"chai":"^1.9.1","coveralls":"^2.11.2","gulp":"^3.8.9","gulp-istanbul":"^0.5.0","gulp-jshint":"^1.8.6","gulp-load-plugins":"^0.8.0","gulp-mocha":"^2.0.0","jshint-stylish":"^1.0.0","mocha":"^2.0.1","rimraf":"^2.2.8"},"dependencies":{"chalk":"^0.5.1","hexo-fs":"^0.1.0","hexo-util":"^0.1.0","moment":"^2.8.4","swig":"^1.4.2"},"gitHead":"e5ea2366d232e51dc017358c4e61d76989d26d5f","bugs":{"url":"https://github.com/hexojs/hexo-deployer-git/issues"},"_id":"hexo-deployer-git@0.0.3","_shasum":"b859aa4a24f1396ea9234d38746e97e14c441793","_from":".","_npmVersion":"2.2.0","_nodeVersion":"0.10.35","_npmUser":{"name":"tommy351","email":"tommy351@gmail.com"},"maintainers":[{"name":"tommy351","email":"tommy351@gmail.com"}],"dist":{"shasum":"b859aa4a24f1396ea9234d38746e97e14c441793","tarball":"https://registry.npmjs.org/hexo-deployer-git/-/hexo-deployer-git-0.0.3.tgz"}},"0.0.4":{"name":"hexo-deployer-git","version":"0.0.4","description":"Git deployer plugin of Hexo.","main":"index","scripts":{"test":"gulp test"},"directories":{"lib":"./lib"},"engines":{"node":">= 0.10.0"},"repository":{"type":"git","url":"https://github.com/hexojs/hexo-deployer-git"},"homepage":"http://hexo.io/","keywords":["hexo","git","deploy","deployer"],"author":{"name":"Tommy Chen","email":"tommy351@gmail.com","url":"http://zespia.tw"},"license":"MIT","devDependencies":{"chai":"^1.9.1","coveralls":"^2.11.2","gulp":"^3.8.9","gulp-istanbul":"^0.5.0","gulp-jshint":"^1.8.6","gulp-load-plugins":"^0.8.0","gulp-mocha":"^2.0.0","jshint-stylish":"^1.0.0","mocha":"^2.0.1","rimraf":"^2.2.8"},"dependencies":{"chalk":"^0.5.1","hexo-fs":"^0.1.0","hexo-util":"^0.1.0","moment":"^2.8.4","swig":"^1.4.2"},"gitHead":"931e979eb70b740e6716ef9f7665d46935cc87a8","bugs":{"url":"https://github.com/hexojs/hexo-deployer-git/issues"},"_id":"hexo-deployer-git@0.0.4","_shasum":"811e736befff8f587a6d788fdbf488f0d755a4fe","_from":".","_npmVersion":"2.5.1","_nodeVersion":"0.12.0","_npmUser":{"name":"tommy351","email":"tommy351@gmail.com"},"maintainers":[{"name":"tommy351","email":"tommy351@gmail.com"}],"dist":{"shasum":"811e736befff8f587a6d788fdbf488f0d755a4fe","tarball":"https://registry.npmjs.org/hexo-deployer-git/-/hexo-deployer-git-0.0.4.tgz"}},"0.1.0":{"name":"hexo-deployer-git","version":"0.1.0","description":"Git deployer plugin of Hexo.","main":"index","scripts":{"eslint":"eslint .","jscs":"jscs .","test":"mocha test/index.js","test-cov":"istanbul cover --print both _mocha -- test/index.js"},"directories":{"lib":"./lib"},"repository":{"type":"git","url":"git+https://github.com/hexojs/hexo-deployer-git.git"},"homepage":"https://hexo.io/","keywords":["hexo","git","deploy","deployer"],"author":{"name":"Tommy Chen","email":"tommy351@gmail.com","url":"http://zespia.tw"},"license":"MIT","devDependencies":{"chai":"^3.5.0","eslint":"^1.10.3","eslint-config-hexo":"^1.0.2","istanbul":"^0.4.2","jscs":"^2.9.0","jscs-preset-hexo":"^1.0.1","mocha":"^2.4.5"},"dependencies":{"chalk":"^1.1.1","hexo-fs":"^0.1.5","hexo-util":"^0.5.3","moment":"^2.11.2","swig":"^1.4.2"},"gitHead":"b7e77305a9a1f9bdfc49e3605aa057a323b3e0e9","bugs":{"url":"https://github.com/hexojs/hexo-deployer-git/issues"},"_id":"hexo-deployer-git@0.1.0","_shasum":"8fdd061fa777a8e53fab8b5e0aca28f906622c21","_from":".","_npmVersion":"3.7.1","_nodeVersion":"4.3.0","_npmUser":{"name":"tommy351","email":"tommy351@gmail.com"},"dist":{"shasum":"8fdd061fa777a8e53fab8b5e0aca28f906622c21","tarball":"https://registry.npmjs.org/hexo-deployer-git/-/hexo-deployer-git-0.1.0.tgz"},"maintainers":[{"name":"tommy351","email":"tommy351@gmail.com"}],"_npmOperationalInternal":{"host":"packages-9-west.internal.npmjs.com","tmp":"tmp/hexo-deployer-git-0.1.0.tgz_1455347820781_0.9693598411977291"}},"0.2.0":{"name":"hexo-deployer-git","version":"0.2.0","description":"Git deployer plugin of Hexo.","main":"index","scripts":{"eslint":"eslint .","jscs":"jscs .","test":"mocha test/index.js","test-cov":"istanbul cover --print both _mocha -- test/index.js"},"directories":{"lib":"./lib"},"repository":{"type":"git","url":"git+https://github.com/hexojs/hexo-deployer-git.git"},"homepage":"https://hexo.io/","keywords":["hexo","git","deploy","deployer"],"author":{"name":"Tommy Chen","email":"tommy351@gmail.com","url":"http://zespia.tw"},"license":"MIT","devDependencies":{"chai":"^3.5.0","eslint":"^2.12.0","eslint-config-hexo":"^1.0.3","istanbul":"^0.4.3","jscs":"^3.0.4","jscs-preset-hexo":"^1.0.1","mocha":"^2.5.3"},"dependencies":{"chalk":"^1.1.3","hexo-fs":"^0.1.5","hexo-util":"^0.6.0","moment":"^2.13.0","swig":"^1.4.2"},"gitHead":"498f637d36720bafb2fcc8edcb45ea4b380ecf33","bugs":{"url":"https://github.com/hexojs/hexo-deployer-git/issues"},"_id":"hexo-deployer-git@0.2.0","_shasum":"f0138a58ab35361f4c55906bb37a7a739d512fb0","_from":".","_npmVersion":"3.7.1","_nodeVersion":"4.3.0","_npmUser":{"name":"tommy351","email":"tommy351@gmail.com"},"dist":{"shasum":"f0138a58ab35361f4c55906bb37a7a739d512fb0","tarball":"https://registry.npmjs.org/hexo-deployer-git/-/hexo-deployer-git-0.2.0.tgz"},"maintainers":[{"name":"tommy351","email":"tommy351@gmail.com"}],"_npmOperationalInternal":{"host":"packages-12-west.internal.npmjs.com","tmp":"tmp/hexo-deployer-git-0.2.0.tgz_1465818936358_0.47784214140847325"}}},"readme":"# hexo-deployer-git\n\n[![Build Status](https://travis-ci.org/hexojs/hexo-deployer-git.svg?branch=master)](https://travis-ci.org/hexojs/hexo-deployer-git)  [![NPM version](https://badge.fury.io/js/hexo-deployer-git.svg)](http://badge.fury.io/js/hexo-deployer-git) [![Coverage Status](https://img.shields.io/coveralls/hexojs/hexo-deployer-git.svg)](https://coveralls.io/r/hexojs/hexo-deployer-git?branch=master) [![Build status](https://ci.appveyor.com/api/projects/status/liqy4nib33ht70so/branch/master?svg=true)](https://ci.appveyor.com/project/tommy351/hexo-deployer-git/branch/master)\n\nGit deployer plugin for [Hexo].\n\n## Installation\n\n``` bash\n$ npm install hexo-deployer-git --save\n```\n\n## Options\n\nYou can configure this plugin in `_config.yml`.\n\n``` yaml\n# You can use this:\ndeploy:\n  type: git\n  repo: <repository url>\n  branch: [branch]\n  message: [message]\n  name: [git user]\n  email: [git email]\n  \n# or this:\ndeploy:\n  type: git\n  message: [message]\n  repo: \n    github: <repository url>,[branch]\n    gitcafe: <repository url>,[branch]\n```\n\n- **repo**: Repository URL\n- **branch**: Git branch to deploy the static site to\n- **message**: Commit message. The default commit message is `Site updated: {{ now('YYYY-MM-DD HH:mm:ss') }}`.\n- **name** and **email**: User info for committing the change, overrides global config. This info is independent of git login.\n\n## How it works\n\n`hexo-deployer-git` works by generating the site in `.deploy_git` and *force pushing* to the repo(es) in config.  \nIf `.deploy_git` does not exist, a repo will initialized (`git init`).  \nOtherwise the curent repo (with its commit history) will be used.  \n\nUsers can to clone the deployed repo to `.deploy_git` to keep the commit history.\n```\ngit clone <gh-pages repo> .deploy_git\n```\n\n## Reset\n\nRemove `.deploy_git` folder.\n\n``` bash\n$ rm -rf .deploy_git\n```\n\n## License\n\nMIT\n\n[Hexo]: http://hexo.io/\n","maintainers":[{"name":"tommy351","email":"tommy351@gmail.com"}],"time":{"modified":"2016-06-13T11:55:36.880Z","created":"2015-01-08T10:55:31.101Z","0.0.1":"2015-01-08T10:55:31.101Z","0.0.2":"2015-01-09T11:35:37.555Z","0.0.3":"2015-01-25T09:32:43.870Z","0.0.4":"2015-03-31T09:48:12.756Z","0.1.0":"2016-02-13T07:17:02.439Z","0.2.0":"2016-06-13T11:55:36.880Z"},"homepage":"https://hexo.io/","keywords":["hexo","git","deploy","deployer"],"repository":{"type":"git","url":"git+https://github.com/hexojs/hexo-deployer-git.git"},"author":{"name":"Tommy Chen","email":"tommy351@gmail.com","url":"http://zespia.tw"},"bugs":{"url":"https://github.com/hexojs/hexo-deployer-git/issues"},"license":"MIT","readmeFilename":"README.md","users":{"crazyjingling":true},"_attachments":{},"_etag":"\"9OO2PAKKSD7DEOX00842MS1VI\""}