{"_id":"hexo-generator-tag","_rev":"12-7381e18448064e9a97958796c5026967","name":"hexo-generator-tag","description":"Tag generator for Hexo.","dist-tags":{"latest":"0.2.0"},"versions":{"0.0.1":{"name":"hexo-generator-tag","version":"0.0.1","description":"Tag generator for Hexo.","main":"index","scripts":{"test":"gulp test"},"directories":{"lib":"./lib"},"engines":{"node":">= 0.10.0"},"repository":{"type":"git","url":"git://github.com/hexojs/hexo-generator-tag.git"},"bugs":{"url":"https://github.com/hexojs/hexo-generator-tag/issues"},"homepage":"http://hexo.io/","keywords":["hexo","generator","tag"],"author":{"name":"Tommy Chen","email":"tommy351@gmail.com","url":"http://zespia.tw"},"license":"MIT","devDependencies":{"chai":"^1.9.1","coveralls":"^2.11.2","gulp":"^3.8.9","gulp-istanbul":"^0.5.0","gulp-jshint":"^1.8.6","gulp-load-plugins":"^0.8.0","gulp-mocha":"^2.0.0","jshint-stylish":"^1.0.0","mocha":"^2.0.1","rimraf":"^2.2.8"},"dependencies":{"hexo-pagination":"0.0.1","utils-merge":"^1.0.0"},"gitHead":"dbcf61be08c7dd6cedcfbd244fe8ee862b61aaa0","_id":"hexo-generator-tag@0.0.1","_shasum":"22b9eec2d6278e89f9c60d566e82293d6bde4d7d","_from":".","_npmVersion":"2.1.8","_nodeVersion":"0.10.33","_npmUser":{"name":"tommy351","email":"tommy351@gmail.com"},"maintainers":[{"name":"tommy351","email":"tommy351@gmail.com"}],"dist":{"shasum":"22b9eec2d6278e89f9c60d566e82293d6bde4d7d","tarball":"https://registry.npmjs.org/hexo-generator-tag/-/hexo-generator-tag-0.0.1.tgz"}},"0.0.2":{"name":"hexo-generator-tag","version":"0.0.2","description":"Tag generator for Hexo.","main":"index","scripts":{"test":"gulp test"},"directories":{"lib":"./lib"},"engines":{"node":">= 0.10.0"},"repository":{"type":"git","url":"git://github.com/hexojs/hexo-generator-tag.git"},"bugs":{"url":"https://github.com/hexojs/hexo-generator-tag/issues"},"homepage":"http://hexo.io/","keywords":["hexo","generator","tag"],"author":{"name":"Tommy Chen","email":"tommy351@gmail.com","url":"http://zespia.tw"},"license":"MIT","devDependencies":{"chai":"^1.9.1","coveralls":"^2.11.2","gulp":"^3.8.9","gulp-istanbul":"^0.5.0","gulp-jshint":"^1.8.6","gulp-load-plugins":"^0.8.0","gulp-mocha":"^2.0.0","jshint-stylish":"^1.0.0","mocha":"^2.0.1","rimraf":"^2.2.8"},"dependencies":{"hexo-pagination":"0.0.2","utils-merge":"^1.0.0"},"gitHead":"88aaa81d93bc8a770225504bceacc2f007abe4f7","_id":"hexo-generator-tag@0.0.2","_shasum":"f635fcc3355f6aa242b42723e30b28582d1cd526","_from":".","_npmVersion":"2.1.8","_nodeVersion":"0.10.33","_npmUser":{"name":"tommy351","email":"tommy351@gmail.com"},"maintainers":[{"name":"tommy351","email":"tommy351@gmail.com"}],"dist":{"shasum":"f635fcc3355f6aa242b42723e30b28582d1cd526","tarball":"https://registry.npmjs.org/hexo-generator-tag/-/hexo-generator-tag-0.0.2.tgz"}},"0.0.3":{"name":"hexo-generator-tag","version":"0.0.3","description":"Tag generator for Hexo.","main":"index","scripts":{"test":"gulp test"},"directories":{"lib":"./lib"},"engines":{"node":">= 0.10.0"},"repository":{"type":"git","url":"https://github.com/hexojs/hexo-generator-tag"},"homepage":"http://hexo.io/","keywords":["hexo","generator","tag"],"author":{"name":"Tommy Chen","email":"tommy351@gmail.com","url":"http://zespia.tw"},"license":"MIT","devDependencies":{"chai":"^1.9.1","coveralls":"^2.11.2","gulp":"^3.8.9","gulp-istanbul":"^0.5.0","gulp-jshint":"^1.8.6","gulp-load-plugins":"^0.8.0","gulp-mocha":"^2.0.0","hexo":"^3.0.0-beta.1","jshint-stylish":"^1.0.0","mocha":"^2.0.1","rimraf":"^2.2.8"},"dependencies":{"hexo-pagination":"0.0.2","utils-merge":"^1.0.0"},"gitHead":"ddaf9dc344490775c37141b6c3200a4d3549f076","bugs":{"url":"https://github.com/hexojs/hexo-generator-tag/issues"},"_id":"hexo-generator-tag@0.0.3","_shasum":"1a2d9b3c3f195762c4b8197eee56e170a7c2d3c8","_from":".","_npmVersion":"2.1.8","_nodeVersion":"0.10.33","_npmUser":{"name":"tommy351","email":"tommy351@gmail.com"},"maintainers":[{"name":"tommy351","email":"tommy351@gmail.com"}],"dist":{"shasum":"1a2d9b3c3f195762c4b8197eee56e170a7c2d3c8","tarball":"https://registry.npmjs.org/hexo-generator-tag/-/hexo-generator-tag-0.0.3.tgz"}},"0.1.0":{"name":"hexo-generator-tag","version":"0.1.0","description":"Tag generator for Hexo.","main":"index","scripts":{"test":"gulp test"},"directories":{"lib":"./lib"},"engines":{"node":">= 0.10.0"},"repository":{"type":"git","url":"https://github.com/hexojs/hexo-generator-tag"},"homepage":"http://hexo.io/","keywords":["hexo","generator","tag"],"author":{"name":"Tommy Chen","email":"tommy351@gmail.com","url":"http://zespia.tw"},"license":"MIT","devDependencies":{"chai":"^1.9.1","coveralls":"^2.11.2","gulp":"^3.8.9","gulp-istanbul":"^0.5.0","gulp-jshint":"^1.8.6","gulp-load-plugins":"^0.8.0","gulp-mocha":"^2.0.0","hexo":"^3.0.0-rc.3","jshint-stylish":"^1.0.0","mocha":"^2.0.1","rimraf":"^2.2.8"},"dependencies":{"hexo-pagination":"0.0.2","object-assign":"^2.0.0"},"gitHead":"9db327accb58fe7e5feb4884b9da9d775042a4a3","bugs":{"url":"https://github.com/hexojs/hexo-generator-tag/issues"},"_id":"hexo-generator-tag@0.1.0","_shasum":"f436bc5a7678235d6c76fb8c94d739afdfde480b","_from":".","_npmVersion":"2.5.1","_nodeVersion":"0.12.0","_npmUser":{"name":"tommy351","email":"tommy351@gmail.com"},"maintainers":[{"name":"tommy351","email":"tommy351@gmail.com"}],"dist":{"shasum":"f436bc5a7678235d6c76fb8c94d739afdfde480b","tarball":"https://registry.npmjs.org/hexo-generator-tag/-/hexo-generator-tag-0.1.0.tgz"}},"0.1.1":{"name":"hexo-generator-tag","version":"0.1.1","description":"Tag generator for Hexo.","main":"index","scripts":{"test":"gulp test"},"directories":{"lib":"./lib"},"engines":{"node":">= 0.10.0"},"repository":{"type":"git","url":"https://github.com/hexojs/hexo-generator-tag"},"homepage":"http://hexo.io/","keywords":["hexo","generator","tag"],"author":{"name":"Tommy Chen","email":"tommy351@gmail.com","url":"http://zespia.tw"},"license":"MIT","devDependencies":{"chai":"^1.9.1","coveralls":"^2.11.2","gulp":"^3.8.9","gulp-istanbul":"^0.5.0","gulp-jshint":"^1.8.6","gulp-load-plugins":"^0.8.0","gulp-mocha":"^2.0.0","hexo":"^3.0.0-rc.3","jshint-stylish":"^1.0.0","mocha":"^2.0.1","rimraf":"^2.2.8"},"dependencies":{"hexo-pagination":"0.0.2","object-assign":"^2.0.0"},"gitHead":"604c640ef9fb1fb3579a7881cc01f5a10af5c8cc","bugs":{"url":"https://github.com/hexojs/hexo-generator-tag/issues"},"_id":"hexo-generator-tag@0.1.1","_shasum":"9437643dd412486602c64af908695e07ab9e6eea","_from":".","_npmVersion":"2.5.1","_nodeVersion":"0.12.0","_npmUser":{"name":"tommy351","email":"tommy351@gmail.com"},"maintainers":[{"name":"tommy351","email":"tommy351@gmail.com"}],"dist":{"shasum":"9437643dd412486602c64af908695e07ab9e6eea","tarball":"https://registry.npmjs.org/hexo-generator-tag/-/hexo-generator-tag-0.1.1.tgz"}},"0.1.2":{"name":"hexo-generator-tag","version":"0.1.2","description":"Tag generator for Hexo.","main":"index","scripts":{"test":"gulp test"},"directories":{"lib":"./lib"},"engines":{"node":">= 0.10.0"},"repository":{"type":"git","url":"git+https://github.com/hexojs/hexo-generator-tag.git"},"homepage":"http://hexo.io/","keywords":["hexo","generator","tag"],"author":{"name":"Tommy Chen","email":"tommy351@gmail.com","url":"http://zespia.tw"},"license":"MIT","devDependencies":{"chai":"^1.9.1","coveralls":"^2.11.2","gulp":"^3.8.9","gulp-istanbul":"^0.5.0","gulp-jshint":"^1.8.6","gulp-load-plugins":"^0.8.0","gulp-mocha":"^2.0.0","hexo":"^3.0.0-rc.3","jshint-stylish":"^1.0.0","mocha":"^2.0.1","rimraf":"^2.2.8"},"dependencies":{"hexo-pagination":"0.0.2","object-assign":"^2.0.0"},"gitHead":"70a7963d23b6eb4e6f4eb7168dd679454b2f348c","bugs":{"url":"https://github.com/hexojs/hexo-generator-tag/issues"},"_id":"hexo-generator-tag@0.1.2","_shasum":"ec3c74f0ed2cefaeeafff16bc3815e499518a982","_from":".","_npmVersion":"2.10.1","_nodeVersion":"0.12.4","_npmUser":{"name":"tommy351","email":"tommy351@gmail.com"},"maintainers":[{"name":"tommy351","email":"tommy351@gmail.com"}],"dist":{"shasum":"ec3c74f0ed2cefaeeafff16bc3815e499518a982","tarball":"https://registry.npmjs.org/hexo-generator-tag/-/hexo-generator-tag-0.1.2.tgz"}},"0.2.0":{"name":"hexo-generator-tag","version":"0.2.0","description":"Tag generator for Hexo.","main":"index","scripts":{"eslint":"eslint .","jscs":"jscs .","test":"mocha test/index.js","test-cov":"istanbul cover --print both _mocha -- test/index.js"},"directories":{"lib":"./lib"},"repository":{"type":"git","url":"git+https://github.com/hexojs/hexo-generator-tag.git"},"homepage":"http://hexo.io/","keywords":["hexo","generator","tag"],"author":{"name":"Tommy Chen","email":"tommy351@gmail.com","url":"http://zespia.tw"},"license":"MIT","devDependencies":{"chai":"^3.5.0","hexo":"^3.1.1","mocha":"^2.4.5","istanbul":"^0.4.2","eslint":"^1.10.3","jscs":"^2.9.0","eslint-config-hexo":"^1.0.2","jscs-preset-hexo":"^1.0.1"},"dependencies":{"hexo-pagination":"0.0.2","object-assign":"^4.0.1"},"gitHead":"a209c1b56c70a8989df6a7dfb71b705f24eb70b6","bugs":{"url":"https://github.com/hexojs/hexo-generator-tag/issues"},"_id":"hexo-generator-tag@0.2.0","_shasum":"c5715846bb41e57d9c20c1d66d7db21a1abf7a62","_from":".","_npmVersion":"3.3.3","_nodeVersion":"4.0.0","_npmUser":{"name":"tommy351","email":"tommy351@gmail.com"},"dist":{"shasum":"c5715846bb41e57d9c20c1d66d7db21a1abf7a62","tarball":"https://registry.npmjs.org/hexo-generator-tag/-/hexo-generator-tag-0.2.0.tgz"},"maintainers":[{"name":"tommy351","email":"tommy351@gmail.com"}],"_npmOperationalInternal":{"host":"packages-5-east.internal.npmjs.com","tmp":"tmp/hexo-generator-tag-0.2.0.tgz_1454750276561_0.16177647141739726"}}},"readme":"# hexo-generator-tag\n\n[![Build Status](https://travis-ci.org/hexojs/hexo-generator-tag.svg?branch=master)](https://travis-ci.org/hexojs/hexo-generator-tag)  [![NPM version](https://badge.fury.io/js/hexo-generator-tag.svg)](http://badge.fury.io/js/hexo-generator-tag) [![Coverage Status](https://img.shields.io/coveralls/hexojs/hexo-generator-tag.svg)](https://coveralls.io/r/hexojs/hexo-generator-tag?branch=master)\n\nTag generator for [Hexo].\n\n## Installation\n\n``` bash\n$ npm install hexo-generator-tag --save\n```\n\n## Options\n\n``` yaml\ntag_generator:\n  per_page: 10\n```\n\n- **per_page**: Posts displayed per page. (0 = disable pagination)\n\n## License\n\nMIT\n\n[Hexo]: http://hexo.io/","maintainers":[{"name":"tommy351","email":"tommy351@gmail.com"}],"time":{"modified":"2016-02-06T09:17:58.810Z","created":"2014-12-29T10:26:32.249Z","0.0.1":"2014-12-29T10:26:32.249Z","0.0.2":"2014-12-29T11:11:34.365Z","0.0.3":"2015-01-07T06:40:30.855Z","0.1.0":"2015-02-11T14:20:38.532Z","0.1.1":"2015-04-27T08:10:19.859Z","0.1.2":"2015-06-05T05:21:50.358Z","0.2.0":"2016-02-06T09:17:58.810Z"},"homepage":"http://hexo.io/","keywords":["hexo","generator","tag"],"repository":{"type":"git","url":"git+https://github.com/hexojs/hexo-generator-tag.git"},"author":{"name":"Tommy Chen","email":"tommy351@gmail.com","url":"http://zespia.tw"},"bugs":{"url":"https://github.com/hexojs/hexo-generator-tag/issues"},"license":"MIT","readmeFilename":"README.md","users":{"crazyjingling":true},"_attachments":{},"_etag":"\"DML055ODII02U0O970396K9NB\""}