{"_id":"hexo-generator-archive","_rev":"12-0a706e95e2682fcebeee52bd81d332f5","name":"hexo-generator-archive","description":"Archive generator for Hexo.","dist-tags":{"latest":"0.1.4"},"versions":{"0.0.1":{"name":"hexo-generator-archive","version":"0.0.1","description":"Archive generator for Hexo.","main":"index","scripts":{"test":"gulp test"},"directories":{"lib":"./lib"},"engines":{"node":">= 0.10.0"},"repository":{"type":"git","url":"git://github.com/hexojs/hexo-generator-archive.git"},"bugs":{"url":"https://github.com/hexojs/hexo-generator-archive/issues"},"homepage":"http://hexo.io/","keywords":["hexo","generator","archive"],"author":{"name":"Tommy Chen","email":"tommy351@gmail.com","url":"http://zespia.tw"},"license":"MIT","devDependencies":{"chai":"^1.9.1","coveralls":"^2.11.2","gulp":"^3.8.9","gulp-istanbul":"^0.5.0","gulp-jshint":"^1.8.6","gulp-load-plugins":"^0.8.0","gulp-mocha":"^2.0.0","jshint-stylish":"^1.0.0","mocha":"^2.0.1","rimraf":"^2.2.8"},"dependencies":{"hexo-pagination":"0.0.2","utils-merge":"^1.0.0"},"gitHead":"27d32b86c800e0adaf112f9cb0ca3410878a9691","_id":"hexo-generator-archive@0.0.1","_shasum":"1992f9e3a8b90ac3923c98b189266a51a4ed1b2e","_from":".","_npmVersion":"2.1.8","_nodeVersion":"0.10.33","_npmUser":{"name":"tommy351","email":"tommy351@gmail.com"},"maintainers":[{"name":"tommy351","email":"tommy351@gmail.com"}],"dist":{"shasum":"1992f9e3a8b90ac3923c98b189266a51a4ed1b2e","tarball":"https://registry.npmjs.org/hexo-generator-archive/-/hexo-generator-archive-0.0.1.tgz"}},"0.0.2":{"name":"hexo-generator-archive","version":"0.0.2","description":"Archive generator for Hexo.","main":"index","scripts":{"test":"gulp test"},"directories":{"lib":"./lib"},"engines":{"node":">= 0.10.0"},"repository":{"type":"git","url":"https://github.com/hexojs/hexo-generator-archive"},"homepage":"http://hexo.io/","keywords":["hexo","generator","archive"],"author":{"name":"Tommy Chen","email":"tommy351@gmail.com","url":"http://zespia.tw"},"license":"MIT","devDependencies":{"chai":"^1.9.1","coveralls":"^2.11.2","gulp":"^3.8.9","gulp-istanbul":"^0.5.0","gulp-jshint":"^1.8.6","gulp-load-plugins":"^0.8.0","gulp-mocha":"^2.0.0","hexo":"^3.0.0-beta.1","jshint-stylish":"^1.0.0","mocha":"^2.0.1","rimraf":"^2.2.8"},"dependencies":{"hexo-pagination":"0.0.2","utils-merge":"^1.0.0"},"gitHead":"e390d41c3a47af6296782259ec05bc6c25d77138","bugs":{"url":"https://github.com/hexojs/hexo-generator-archive/issues"},"_id":"hexo-generator-archive@0.0.2","_shasum":"255e857cc6c90367ace79dd3f7670bab0cc034fa","_from":".","_npmVersion":"2.1.8","_nodeVersion":"0.10.33","_npmUser":{"name":"tommy351","email":"tommy351@gmail.com"},"maintainers":[{"name":"tommy351","email":"tommy351@gmail.com"}],"dist":{"shasum":"255e857cc6c90367ace79dd3f7670bab0cc034fa","tarball":"https://registry.npmjs.org/hexo-generator-archive/-/hexo-generator-archive-0.0.2.tgz"}},"0.1.0":{"name":"hexo-generator-archive","version":"0.1.0","description":"Archive generator for Hexo.","main":"index","scripts":{"test":"gulp test"},"directories":{"lib":"./lib"},"engines":{"node":">= 0.10.0"},"repository":{"type":"git","url":"https://github.com/hexojs/hexo-generator-archive"},"homepage":"http://hexo.io/","keywords":["hexo","generator","archive"],"author":{"name":"Tommy Chen","email":"tommy351@gmail.com","url":"http://zespia.tw"},"license":"MIT","devDependencies":{"chai":"^1.9.1","coveralls":"^2.11.2","gulp":"^3.8.9","gulp-istanbul":"^0.5.0","gulp-jshint":"^1.8.6","gulp-load-plugins":"^0.8.0","gulp-mocha":"^2.0.0","hexo":"^3.0.0-rc.3","jshint-stylish":"^1.0.0","mocha":"^2.0.1","rimraf":"^2.2.8"},"dependencies":{"hexo-pagination":"0.0.2","utils-merge":"^1.0.0"},"gitHead":"f68132b0956db5783ae60a038d85cb15da53b0b5","bugs":{"url":"https://github.com/hexojs/hexo-generator-archive/issues"},"_id":"hexo-generator-archive@0.1.0","_shasum":"8323c9fa8f356c4d532f9196c681b37ac009f73a","_from":".","_npmVersion":"2.5.1","_nodeVersion":"0.12.0","_npmUser":{"name":"tommy351","email":"tommy351@gmail.com"},"maintainers":[{"name":"tommy351","email":"tommy351@gmail.com"}],"dist":{"shasum":"8323c9fa8f356c4d532f9196c681b37ac009f73a","tarball":"https://registry.npmjs.org/hexo-generator-archive/-/hexo-generator-archive-0.1.0.tgz"}},"0.1.1":{"name":"hexo-generator-archive","version":"0.1.1","description":"Archive generator for Hexo.","main":"index","scripts":{"test":"gulp test"},"directories":{"lib":"./lib"},"engines":{"node":">= 0.10.0"},"repository":{"type":"git","url":"https://github.com/hexojs/hexo-generator-archive"},"homepage":"http://hexo.io/","keywords":["hexo","generator","archive"],"author":{"name":"Tommy Chen","email":"tommy351@gmail.com","url":"http://zespia.tw"},"license":"MIT","devDependencies":{"chai":"^1.9.1","coveralls":"^2.11.2","gulp":"^3.8.9","gulp-istanbul":"^0.5.0","gulp-jshint":"^1.8.6","gulp-load-plugins":"^0.8.0","gulp-mocha":"^2.0.0","hexo":"^3.0.0-rc.3","jshint-stylish":"^1.0.0","mocha":"^2.0.1","rimraf":"^2.2.8"},"dependencies":{"hexo-pagination":"0.0.2","object-assign":"^2.0.0"},"gitHead":"ecca8b74e3b8f62437dd23cb23e0be4a89ebe7fe","bugs":{"url":"https://github.com/hexojs/hexo-generator-archive/issues"},"_id":"hexo-generator-archive@0.1.1","_shasum":"0186a4898fcc7f488066673651b0d11c25867eda","_from":".","_npmVersion":"2.5.1","_nodeVersion":"0.12.0","_npmUser":{"name":"tommy351","email":"tommy351@gmail.com"},"maintainers":[{"name":"tommy351","email":"tommy351@gmail.com"}],"dist":{"shasum":"0186a4898fcc7f488066673651b0d11c25867eda","tarball":"https://registry.npmjs.org/hexo-generator-archive/-/hexo-generator-archive-0.1.1.tgz"}},"0.1.2":{"name":"hexo-generator-archive","version":"0.1.2","description":"Archive generator for Hexo.","main":"index","scripts":{"test":"gulp test"},"directories":{"lib":"./lib"},"engines":{"node":">= 0.10.0"},"repository":{"type":"git","url":"https://github.com/hexojs/hexo-generator-archive"},"homepage":"http://hexo.io/","keywords":["hexo","generator","archive"],"author":{"name":"Tommy Chen","email":"tommy351@gmail.com","url":"http://zespia.tw"},"license":"MIT","devDependencies":{"chai":"^1.9.1","coveralls":"^2.11.2","gulp":"^3.8.9","gulp-istanbul":"^0.5.0","gulp-jshint":"^1.8.6","gulp-load-plugins":"^0.8.0","gulp-mocha":"^2.0.0","hexo":"^3.0.0-rc.3","jshint-stylish":"^1.0.0","mocha":"^2.0.1","rimraf":"^2.2.8"},"dependencies":{"hexo-pagination":"0.0.2","object-assign":"^2.0.0"},"gitHead":"1b105155eaee19c929c869ec641f88924304c0c4","bugs":{"url":"https://github.com/hexojs/hexo-generator-archive/issues"},"_id":"hexo-generator-archive@0.1.2","_shasum":"e1483b53237281faba94ab098af204e9598a9d47","_from":".","_npmVersion":"2.5.1","_nodeVersion":"0.12.0","_npmUser":{"name":"tommy351","email":"tommy351@gmail.com"},"maintainers":[{"name":"tommy351","email":"tommy351@gmail.com"}],"dist":{"shasum":"e1483b53237281faba94ab098af204e9598a9d47","tarball":"https://registry.npmjs.org/hexo-generator-archive/-/hexo-generator-archive-0.1.2.tgz"}},"0.1.3":{"name":"hexo-generator-archive","version":"0.1.3","description":"Archive generator for Hexo.","main":"index","scripts":{"test":"gulp test"},"directories":{"lib":"./lib"},"engines":{"node":">= 0.10.0"},"repository":{"type":"git","url":"git+https://github.com/hexojs/hexo-generator-archive.git"},"homepage":"http://hexo.io/","keywords":["hexo","generator","archive"],"author":{"name":"Tommy Chen","email":"tommy351@gmail.com","url":"http://zespia.tw"},"license":"MIT","devDependencies":{"chai":"^1.9.1","coveralls":"^2.11.2","gulp":"^3.8.9","gulp-istanbul":"^0.5.0","gulp-jshint":"^1.8.6","gulp-load-plugins":"^0.8.0","gulp-mocha":"^2.0.0","hexo":"^3.0.0-rc.3","jshint-stylish":"^1.0.0","mocha":"^2.0.1","rimraf":"^2.2.8"},"dependencies":{"hexo-pagination":"0.0.2","object-assign":"^2.0.0"},"gitHead":"65c86368eb89b313490774b9aa827d4277632bca","bugs":{"url":"https://github.com/hexojs/hexo-generator-archive/issues"},"_id":"hexo-generator-archive@0.1.3","_shasum":"61bfb2dc2149044787980a822db91e5c1e835b45","_from":".","_npmVersion":"2.10.1","_nodeVersion":"0.12.4","_npmUser":{"name":"tommy351","email":"tommy351@gmail.com"},"maintainers":[{"name":"tommy351","email":"tommy351@gmail.com"}],"dist":{"shasum":"61bfb2dc2149044787980a822db91e5c1e835b45","tarball":"https://registry.npmjs.org/hexo-generator-archive/-/hexo-generator-archive-0.1.3.tgz"}},"0.1.4":{"name":"hexo-generator-archive","version":"0.1.4","description":"Archive generator for Hexo.","main":"index","scripts":{"eslint":"eslint .","jscs":"jscs .","test":"mocha test/index.js","test-cov":"istanbul cover --print both _mocha -- test/index.js"},"directories":{"lib":"./lib"},"repository":{"type":"git","url":"git+https://github.com/hexojs/hexo-generator-archive.git"},"homepage":"http://hexo.io/","keywords":["hexo","generator","archive"],"author":{"name":"Tommy Chen","email":"tommy351@gmail.com","url":"http://zespia.tw"},"license":"MIT","devDependencies":{"chai":"^1.9.1","eslint":"^1.10.3","eslint-config-hexo":"^1.0.2","hexo":"^3.1.1","istanbul":"^0.4.1","jscs":"^2.7.0","jscs-preset-hexo":"^1.0.1","mocha":"^2.0.1"},"dependencies":{"hexo-pagination":"0.0.2","object-assign":"^2.0.0"},"gitHead":"683b1f2afae6ddc9747af794a62f8c0bdbfa5345","bugs":{"url":"https://github.com/hexojs/hexo-generator-archive/issues"},"_id":"hexo-generator-archive@0.1.4","_shasum":"16df76ec9187e510dff6c192204b0f7f7c506069","_from":".","_npmVersion":"3.3.3","_nodeVersion":"4.0.0","_npmUser":{"name":"tommy351","email":"tommy351@gmail.com"},"maintainers":[{"name":"tommy351","email":"tommy351@gmail.com"}],"dist":{"shasum":"16df76ec9187e510dff6c192204b0f7f7c506069","tarball":"https://registry.npmjs.org/hexo-generator-archive/-/hexo-generator-archive-0.1.4.tgz"}}},"readme":"# hexo-generator-archive\n\n[![Build Status](https://travis-ci.org/hexojs/hexo-generator-archive.svg?branch=master)](https://travis-ci.org/hexojs/hexo-generator-archive)  [![NPM version](https://badge.fury.io/js/hexo-generator-archive.svg)](http://badge.fury.io/js/hexo-generator-archive) [![Coverage Status](https://img.shields.io/coveralls/hexojs/hexo-generator-archive.svg)](https://coveralls.io/r/hexojs/hexo-generator-archive?branch=master)\n\nArchive generator for [Hexo].\n\n## Installation\n\n``` bash\n$ npm install hexo-generator-archive --save\n```\n\n## Options\n\n``` yaml\narchive_generator:\n  per_page: 10\n  yearly: true\n  monthly: true\n  daily: false\n```\n\n- **per_page**: Posts displayed per page. (0 = disable pagination)\n- **yearly**: Generate yearly archive.\n- **monthly**: Generate monthly archive.\n- **daily**: Generate daily archive.\n\n## License\n\nMIT\n\n[Hexo]: http://hexo.io/\n","maintainers":[{"name":"tommy351","email":"tommy351@gmail.com"}],"time":{"modified":"2015-12-13T17:29:54.994Z","created":"2014-12-29T11:15:37.762Z","0.0.1":"2014-12-29T11:15:37.762Z","0.0.2":"2015-01-07T07:14:06.230Z","0.1.0":"2015-02-11T14:07:25.727Z","0.1.1":"2015-02-11T14:22:08.010Z","0.1.2":"2015-04-27T08:02:37.121Z","0.1.3":"2015-06-05T05:23:37.084Z","0.1.4":"2015-12-13T17:29:54.994Z"},"homepage":"http://hexo.io/","keywords":["hexo","generator","archive"],"repository":{"type":"git","url":"git+https://github.com/hexojs/hexo-generator-archive.git"},"author":{"name":"Tommy Chen","email":"tommy351@gmail.com","url":"http://zespia.tw"},"bugs":{"url":"https://github.com/hexojs/hexo-generator-archive/issues"},"license":"MIT","readmeFilename":"README.md","users":{"crazyjingling":true},"_attachments":{},"_etag":"\"9C596AKVJ29CRFRWO8DI5JQ8\""}