{"_id":"extglob","_rev":"7-b3e68a279aaab1ca32f29491d427b26c","name":"extglob","description":"Convert extended globs to regex-compatible strings. Add (almost) the expressive power of regular expressions to glob patterns.","dist-tags":{"latest":"0.3.2"},"versions":{"0.1.0":{"name":"extglob","description":"Extended globs. Add the expressive power of regular expressions to glob patterns.","version":"0.1.0","homepage":"https://github.com/jonschlinkert/extglob","author":{"name":"Jon Schlinkert","url":"https://github.com/jonschlinkert"},"repository":{"type":"git","url":"git://github.com/jonschlinkert/extglob.git"},"bugs":{"url":"https://github.com/jonschlinkert/extglob/issues"},"license":{"type":"MIT","url":"https://github.com/jonschlinkert/extglob/blob/master/LICENSE"},"main":"index.js","engines":{"node":">=0.10.0"},"files":["index.js"],"scripts":{"test":"mocha"},"devDependencies":{"minimatch":"^2.0.1","minimist":"^1.1.0","mocha":"*","should":"*"},"keywords":["bash","extended","extglob","glob","ksh","match","wildcard"],"dependencies":{"micromatch":"^1.2.2"},"gitHead":"63001457550f367428af54db947d850e03a1dc9f","_id":"extglob@0.1.0","_shasum":"2a955b73930ab2068a0d034e89a234733fe03d99","_from":".","_npmVersion":"1.4.28","_npmUser":{"name":"jonschlinkert","email":"github@sellside.com"},"maintainers":[{"name":"jonschlinkert","email":"github@sellside.com"}],"dist":{"shasum":"2a955b73930ab2068a0d034e89a234733fe03d99","tarball":"https://registry.npmjs.org/extglob/-/extglob-0.1.0.tgz"},"directories":{}},"0.2.0":{"name":"extglob","description":"Extended globs. extglobs add the expressive power of regular expressions to glob patterns.","version":"0.2.0","homepage":"https://github.com/jonschlinkert/extglob","author":{"name":"Jon Schlinkert","url":"https://github.com/jonschlinkert"},"repository":{"type":"git","url":"git://github.com/jonschlinkert/extglob.git"},"bugs":{"url":"https://github.com/jonschlinkert/extglob/issues"},"license":{"type":"MIT","url":"https://github.com/jonschlinkert/extglob/blob/master/LICENSE"},"main":"index.js","engines":{"node":">=0.10.0"},"files":["index.js"],"scripts":{"test":"mocha"},"devDependencies":{"minimatch":"^2.0.1","minimist":"^1.1.0","mocha":"*","should":"*"},"keywords":["bash","extended","extglob","glob","ksh","match","wildcard"],"dependencies":{"micromatch":"^1.2.2"},"gitHead":"b678062c19a8edfa3dd909baaf7d79d6ed7fa6ed","_id":"extglob@0.2.0","_shasum":"316b6bec6e1b33573138ca04ca1e3cb09366f0d7","_from":".","_npmVersion":"1.4.28","_npmUser":{"name":"jonschlinkert","email":"github@sellside.com"},"maintainers":[{"name":"jonschlinkert","email":"github@sellside.com"}],"dist":{"shasum":"316b6bec6e1b33573138ca04ca1e3cb09366f0d7","tarball":"https://registry.npmjs.org/extglob/-/extglob-0.2.0.tgz"},"directories":{}},"0.3.0":{"name":"extglob","description":"Convert extended globs to regex-compatible strings. Add (almost) the expressive power of regular expressions to glob patterns.","version":"0.3.0","homepage":"https://github.com/jonschlinkert/extglob","author":{"name":"Jon Schlinkert","url":"https://github.com/jonschlinkert"},"repository":{"type":"git","url":"git://github.com/jonschlinkert/extglob.git"},"bugs":{"url":"https://github.com/jonschlinkert/extglob/issues"},"license":{"type":"MIT","url":"https://github.com/jonschlinkert/extglob/blob/master/LICENSE"},"files":["index.js","lib/"],"main":"index.js","engines":{"node":">=0.10.0"},"scripts":{"test":"mocha"},"dependencies":{"is-extglob":"^1.0.0"},"devDependencies":{"micromatch":"^2.1.6","minimatch":"^2.0.1","minimist":"^1.1.0","mocha":"*","should":"*"},"keywords":["bash","extended","extglob","glob","ksh","match","wildcard"],"gitHead":"055ec507e4938bdf13934b86977330bbaabfab09","_id":"extglob@0.3.0","_shasum":"4632f3701bbb201066f316cafadbad624a4eb1d2","_from":".","_npmVersion":"2.5.1","_nodeVersion":"0.12.0","_npmUser":{"name":"jonschlinkert","email":"github@sellside.com"},"maintainers":[{"name":"jonschlinkert","email":"github@sellside.com"}],"dist":{"shasum":"4632f3701bbb201066f316cafadbad624a4eb1d2","tarball":"https://registry.npmjs.org/extglob/-/extglob-0.3.0.tgz"},"directories":{}},"0.3.1":{"name":"extglob","description":"Convert extended globs to regex-compatible strings. Add (almost) the expressive power of regular expressions to glob patterns.","version":"0.3.1","homepage":"https://github.com/jonschlinkert/extglob","author":{"name":"Jon Schlinkert","url":"https://github.com/jonschlinkert"},"repository":{"type":"git","url":"git://github.com/jonschlinkert/extglob.git"},"bugs":{"url":"https://github.com/jonschlinkert/extglob/issues"},"license":"MIT","files":["index.js"],"main":"index.js","engines":{"node":">=0.10.0"},"scripts":{"test":"mocha"},"dependencies":{"ansi-green":"^0.1.1","is-extglob":"^1.0.0","success-symbol":"^0.1.0"},"devDependencies":{"micromatch":"^2.1.6","minimatch":"^2.0.1","minimist":"^1.1.0","mocha":"*","should":"*"},"keywords":["bash","extended","extglob","glob","ksh","match","wildcard"],"verb":{"related":{"list":["micromatch","expand-brackets","braces","fill-range","expand-range"]}},"gitHead":"7466402011f262f316a3206b6bdce83a57ca3a23","_id":"extglob@0.3.1","_shasum":"4f31241c0dddc90ac8c729cb6d7c872dee77c8f5","_from":".","_npmVersion":"2.10.1","_nodeVersion":"0.12.4","_npmUser":{"name":"jonschlinkert","email":"github@sellside.com"},"maintainers":[{"name":"jonschlinkert","email":"github@sellside.com"}],"dist":{"shasum":"4f31241c0dddc90ac8c729cb6d7c872dee77c8f5","tarball":"https://registry.npmjs.org/extglob/-/extglob-0.3.1.tgz"},"directories":{}},"0.3.2":{"name":"extglob","description":"Convert extended globs to regex-compatible strings. Add (almost) the expressive power of regular expressions to glob patterns.","version":"0.3.2","homepage":"https://github.com/jonschlinkert/extglob","author":{"name":"Jon Schlinkert","url":"https://github.com/jonschlinkert"},"repository":{"type":"git","url":"git://github.com/jonschlinkert/extglob.git"},"bugs":{"url":"https://github.com/jonschlinkert/extglob/issues"},"license":"MIT","files":["index.js"],"main":"index.js","engines":{"node":">=0.10.0"},"scripts":{"test":"mocha"},"dependencies":{"is-extglob":"^1.0.0"},"devDependencies":{"ansi-green":"^0.1.1","micromatch":"^2.1.6","minimatch":"^2.0.1","minimist":"^1.1.0","mocha":"*","should":"*","success-symbol":"^0.1.0"},"keywords":["bash","extended","extglob","glob","ksh","match","wildcard"],"verb":{"related":{"list":["micromatch","expand-brackets","braces","fill-range","expand-range"]}},"gitHead":"8c3f38bbd9e0afaf31a87e411c0d15532434ef41","_id":"extglob@0.3.2","_shasum":"2e18ff3d2f49ab2765cec9023f011daa8d8349a1","_from":".","_npmVersion":"3.3.12","_nodeVersion":"5.3.0","_npmUser":{"name":"jonschlinkert","email":"github@sellside.com"},"maintainers":[{"name":"jonschlinkert","email":"github@sellside.com"}],"dist":{"shasum":"2e18ff3d2f49ab2765cec9023f011daa8d8349a1","tarball":"https://registry.npmjs.org/extglob/-/extglob-0.3.2.tgz"},"directories":{}}},"readme":"# extglob [![NPM version](https://badge.fury.io/js/extglob.svg)](http://badge.fury.io/js/extglob)  [![Build Status](https://travis-ci.org/jonschlinkert/extglob.svg)](https://travis-ci.org/jonschlinkert/extglob)\n\n> Convert extended globs to regex-compatible strings. Add (almost) the expressive power of regular expressions to glob patterns.\n\nInstall with [npm](https://www.npmjs.com/)\n\n```sh\n$ npm i extglob --save\n```\n\nUsed by [micromatch](https://github.com/jonschlinkert/micromatch).\n\n**Features**\n\n* Convert an extglob string to a regex-compatible string. **Only converts extglobs**, to handle full globs use [micromatch](https://github.com/jonschlinkert/micromatch).\n* Pass `{regex: true}` to return a regex\n* Handles nested patterns\n* More complete (and correct) support than [minimatch](https://github.com/isaacs/minimatch)\n\n## Usage\n\n```js\nvar extglob = require('extglob');\n\nextglob('?(z)');\n//=> '(?:z)?'\nextglob('*(z)');\n//=> '(?:z)*'\nextglob('+(z)');\n//=> '(?:z)+'\nextglob('@(z)');\n//=> '(?:z)'\nextglob('!(z)');\n//=> '(?!^(?:(?!z)[^/]*?)).*$'\n```\n\n**Optionally return regex**\n\n```js\nextglob('!(z)', {regex: true});\n//=> /(?!^(?:(?!z)[^/]*?)).*$/\n```\n\n## Extglob patterns\n\nTo learn more about how extglobs work, see the docs for [Bash pattern matching](https://www.gnu.org/software/bash/manual/html_node/Pattern-Matching.html):\n\n* `?(pattern)`: Match zero or one occurrence of the given pattern.\n* `*(pattern)`: Match zero or more occurrences of the given pattern.\n* `+(pattern)`: Match one or more occurrences of the given pattern.\n* `@(pattern)`: Match one of the given pattern.\n* `!(pattern)`: Match anything except one of the given pattern.\n\n## Related\n\n* [braces](https://github.com/jonschlinkert/braces): Fastest brace expansion for node.js, with the most complete support for the Bash 4.3 braces… [more](https://github.com/jonschlinkert/braces)\n* [expand-brackets](https://github.com/jonschlinkert/expand-brackets): Expand POSIX bracket expressions (character classes) in glob patterns.\n* [expand-range](https://github.com/jonschlinkert/expand-range): Fast, bash-like range expansion. Expand a range of numbers or letters, uppercase or lowercase. See… [more](https://github.com/jonschlinkert/expand-range)\n* [fill-range](https://github.com/jonschlinkert/fill-range): Fill in a range of numbers or letters, optionally passing an increment or multiplier to… [more](https://github.com/jonschlinkert/fill-range)\n* [micromatch](https://github.com/jonschlinkert/micromatch): Glob matching for javascript/node.js. A drop-in replacement and faster alternative to minimatch and multimatch. Just… [more](https://github.com/jonschlinkert/micromatch)\n\n## Run tests\n\nInstall dev dependencies:\n\n```sh\n$ npm i -d && npm test\n```\n\n## Contributing\n\nPull requests and stars are always welcome. For bugs and feature requests, [please create an issue](https://github.com/jonschlinkert/extglob/issues/new)\n\n## Author\n\n**Jon Schlinkert**\n\n+ [github/jonschlinkert](https://github.com/jonschlinkert)\n+ [twitter/jonschlinkert](http://twitter.com/jonschlinkert)\n\n## License\n\nCopyright © 2015 Jon Schlinkert\nReleased under the MIT license.\n\n***\n\n_This file was generated by [verb-cli](https://github.com/assemble/verb-cli) on August 01, 2015._","maintainers":[{"name":"jonschlinkert","email":"github@sellside.com"}],"time":{"modified":"2016-01-20T08:44:58.021Z","created":"2015-02-05T21:40:42.212Z","0.1.0":"2015-02-05T21:40:42.212Z","0.2.0":"2015-02-05T21:53:13.736Z","0.3.0":"2015-04-18T22:29:38.758Z","0.3.1":"2015-08-01T20:11:58.577Z","0.3.2":"2016-01-20T08:44:58.021Z"},"homepage":"https://github.com/jonschlinkert/extglob","keywords":["bash","extended","extglob","glob","ksh","match","wildcard"],"repository":{"type":"git","url":"git://github.com/jonschlinkert/extglob.git"},"author":{"name":"Jon Schlinkert","url":"https://github.com/jonschlinkert"},"bugs":{"url":"https://github.com/jonschlinkert/extglob/issues"},"license":"MIT","readmeFilename":"README.md","_attachments":{},"_etag":"\"JIG47K6YPKKTIGYN3NUPVMB6\""}