{"_id":"nib","_rev":"113-db91cea44e5ab6876fec218133eb3054","name":"nib","description":"Stylus mixins and utilities","dist-tags":{"latest":"1.1.2"},"versions":{"0.0.1":{"name":"nib","description":"Stylus mixins and utilities","version":"0.0.1","repository":{"type":"git","url":"git://github.com/visionmedia/tablet.git"},"author":{"name":"TJ Holowaychuk","email":"tj@vision-media.ca"},"main":"lib/nib.js","engines":{"node":"*"},"_id":"nib@0.0.1","_engineSupported":true,"_npmVersion":"0.3.15","_nodeVersion":"v0.4.5","directories":{"lib":"./lib"},"files":[""],"_defaultsLoaded":true,"dist":{"shasum":"865e81b88a6f0a9d6cacf7b8ecbc79177f45d89c","tarball":"https://registry.npmjs.org/nib/-/nib-0.0.1.tgz"}},"0.0.2":{"name":"nib","description":"Stylus mixins and utilities","version":"0.0.2","repository":{"type":"git","url":"git://github.com/visionmedia/tablet.git"},"author":{"name":"TJ Holowaychuk","email":"tj@vision-media.ca"},"main":"lib/nib.js","engines":{"node":"*"},"_id":"nib@0.0.2","_engineSupported":true,"_npmVersion":"0.3.15","_nodeVersion":"v0.4.5","directories":{"lib":"./lib"},"files":[""],"_defaultsLoaded":true,"dist":{"shasum":"5ff647ae8100b25995848906af02ba4bad9e1f2a","tarball":"https://registry.npmjs.org/nib/-/nib-0.0.2.tgz"}},"0.0.3":{"name":"nib","description":"Stylus mixins and utilities","version":"0.0.3","repository":{"type":"git","url":"git://github.com/visionmedia/tablet.git"},"author":{"name":"TJ Holowaychuk","email":"tj@vision-media.ca"},"main":"lib/nib.js","engines":{"node":"*"},"_id":"nib@0.0.3","_engineSupported":true,"_npmVersion":"0.3.15","_nodeVersion":"v0.4.5","directories":{"lib":"./lib"},"files":[""],"_defaultsLoaded":true,"dist":{"shasum":"2612a2111ca234e667735b143853a024247bf759","tarball":"https://registry.npmjs.org/nib/-/nib-0.0.3.tgz"}},"0.0.4":{"name":"nib","description":"Stylus mixins and utilities","version":"0.0.4","repository":{"type":"git","url":"git://github.com/visionmedia/tablet.git"},"author":{"name":"TJ Holowaychuk","email":"tj@vision-media.ca"},"main":"lib/nib.js","engines":{"node":"*"},"_id":"nib@0.0.4","_engineSupported":true,"_npmVersion":"0.3.18","_nodeVersion":"v0.4.5","directories":{"lib":"./lib"},"files":[""],"_defaultsLoaded":true,"dist":{"shasum":"a08bd87bb2ca6fd6db3de597ec7c426fc1715163","tarball":"https://registry.npmjs.org/nib/-/nib-0.0.4.tgz"}},"0.0.5":{"name":"nib","description":"Stylus mixins and utilities","version":"0.0.5","repository":{"type":"git","url":"git://github.com/visionmedia/tablet.git"},"author":{"name":"TJ Holowaychuk","email":"tj@vision-media.ca"},"main":"lib/nib.js","engines":{"node":"*"},"_id":"nib@0.0.5","_engineSupported":true,"_npmVersion":"0.3.18","_nodeVersion":"v0.4.5","directories":{"lib":"./lib"},"files":[""],"_defaultsLoaded":true,"dist":{"shasum":"625e95d37de960bedd27f6b65760cc058aa79f21","tarball":"https://registry.npmjs.org/nib/-/nib-0.0.5.tgz"}},"0.0.6":{"name":"nib","description":"Stylus mixins and utilities","version":"0.0.6","repository":{"type":"git","url":"git://github.com/visionmedia/tablet.git"},"author":{"name":"TJ Holowaychuk","email":"tj@vision-media.ca"},"main":"lib/nib.js","engines":{"node":"*"},"_id":"nib@0.0.6","_engineSupported":true,"_npmVersion":"0.3.18","_nodeVersion":"v0.4.6","directories":{"lib":"./lib"},"files":[""],"_defaultsLoaded":true,"dist":{"shasum":"5c8bb67bfd8cd354a8e2b50b1c9262a34ce9eb1f","tarball":"https://registry.npmjs.org/nib/-/nib-0.0.6.tgz"}},"0.0.7":{"name":"nib","description":"Stylus mixins and utilities","version":"0.0.7","repository":{"type":"git","url":"git://github.com/visionmedia/tablet.git"},"author":{"name":"TJ Holowaychuk","email":"tj@vision-media.ca"},"main":"lib/nib.js","engines":{"node":"*"},"_id":"nib@0.0.7","_engineSupported":true,"_npmVersion":"0.3.18","_nodeVersion":"v0.4.6","directories":{"lib":"./lib"},"files":[""],"_defaultsLoaded":true,"dist":{"shasum":"e2981b9c48332164549f942c042b615edbb93f28","tarball":"https://registry.npmjs.org/nib/-/nib-0.0.7.tgz"}},"0.0.8":{"name":"nib","description":"Stylus mixins and utilities","version":"0.0.8","repository":{"type":"git","url":"git://github.com/visionmedia/tablet.git"},"devDependencies":{"connect":"1.4.1","jade":"0.11.0","stylus":"0.13.x","canvas":">= 0.0.1"},"author":{"name":"TJ Holowaychuk","email":"tj@vision-media.ca"},"main":"lib/nib.js","engines":{"node":"*"},"dependencies":{},"_id":"nib@0.0.8","_engineSupported":true,"_npmVersion":"1.0.3","_nodeVersion":"v0.4.8","_defaultsLoaded":true,"dist":{"shasum":"37e7083eba2be5c1088c6a18d4cccbaa164c6011","tarball":"https://registry.npmjs.org/nib/-/nib-0.0.8.tgz"},"scripts":{},"directories":{}},"0.1.0":{"name":"nib","description":"Stylus mixins and utilities","version":"0.1.0","repository":{"type":"git","url":"git://github.com/visionmedia/nib.git"},"devDependencies":{"connect":"1.4.1","jade":"0.11.0","stylus":"0.13.x","canvas":">= 0.0.1"},"author":{"name":"TJ Holowaychuk","email":"tj@vision-media.ca"},"main":"lib/nib.js","engines":{"node":"*"},"_npmJsonOpts":{"file":"/Users/tj/.npm/nib/0.1.0/package/package.json","wscript":false,"contributors":false,"serverjs":false},"_id":"nib@0.1.0","dependencies":{},"_engineSupported":true,"_npmVersion":"1.0.14","_nodeVersion":"v0.4.10","_defaultsLoaded":true,"dist":{"shasum":"93cda857703261640d8a93a8c321d6598b9fb9c6","tarball":"https://registry.npmjs.org/nib/-/nib-0.1.0.tgz"},"scripts":{},"maintainers":[{"name":"tjholowaychuk","email":"tj@vision-media.ca"}],"directories":{}},"0.2.0":{"name":"nib","description":"Stylus mixins and utilities","version":"0.2.0","repository":{"type":"git","url":"git://github.com/visionmedia/nib.git"},"devDependencies":{"connect":"1.4.1","jade":"0.11.0","stylus":"0.15.x","canvas":">= 0.0.1"},"author":{"name":"TJ Holowaychuk","email":"tj@vision-media.ca"},"main":"lib/nib.js","engines":{"node":"*"},"_npmJsonOpts":{"file":"/Users/tj/.npm/nib/0.2.0/package/package.json","wscript":false,"contributors":false,"serverjs":false},"_id":"nib@0.2.0","dependencies":{},"_engineSupported":true,"_npmVersion":"1.0.24","_nodeVersion":"v0.4.11","_defaultsLoaded":true,"dist":{"shasum":"dfc7c36789faec38b06378dda1233974af93da2c","tarball":"https://registry.npmjs.org/nib/-/nib-0.2.0.tgz"},"scripts":{},"maintainers":[{"name":"tjholowaychuk","email":"tj@vision-media.ca"}],"directories":{}},"0.3.0":{"name":"nib","description":"Stylus mixins and utilities","version":"0.3.0","repository":{"type":"git","url":"git://github.com/visionmedia/nib.git"},"devDependencies":{"connect":"1.4.1","jade":"0.11.0","stylus":"0.15.x","canvas":">= 0.0.1"},"author":{"name":"TJ Holowaychuk","email":"tj@vision-media.ca"},"main":"lib/nib.js","engines":{"node":"*"},"_npmUser":{"name":"tjholowaychuk","email":"tj@vision-media.ca"},"_id":"nib@0.3.0","dependencies":{},"_engineSupported":true,"_npmVersion":"1.0.104","_nodeVersion":"v0.4.12","_defaultsLoaded":true,"dist":{"shasum":"0e23d77268a829ade5a3acd2f316e776592b4758","tarball":"https://registry.npmjs.org/nib/-/nib-0.3.0.tgz"},"maintainers":[{"name":"tjholowaychuk","email":"tj@vision-media.ca"}],"directories":{}},"0.3.1":{"name":"nib","description":"Stylus mixins and utilities","version":"0.3.1","repository":{"type":"git","url":"git://github.com/visionmedia/nib.git"},"devDependencies":{"connect":"1.4.1","jade":"0.11.0","stylus":"0.19.x","canvas":">= 0.0.1"},"author":{"name":"TJ Holowaychuk","email":"tj@vision-media.ca"},"main":"lib/nib.js","engines":{"node":"*"},"_npmUser":{"name":"tjholowaychuk","email":"tj@vision-media.ca"},"_id":"nib@0.3.1","dependencies":{},"_engineSupported":true,"_npmVersion":"1.0.104","_nodeVersion":"v0.4.12","_defaultsLoaded":true,"dist":{"shasum":"a0d30b2b5de22192cc6b9a1e4c1365ab2d71f5d7","tarball":"https://registry.npmjs.org/nib/-/nib-0.3.1.tgz"},"maintainers":[{"name":"tjholowaychuk","email":"tj@vision-media.ca"}],"directories":{}},"0.3.2":{"name":"nib","description":"Stylus mixins and utilities","version":"0.3.2","repository":{"type":"git","url":"git://github.com/visionmedia/nib.git"},"devDependencies":{"connect":"1.4.1","jade":"0.11.0","stylus":"0.19.x","canvas":">= 0.0.1"},"author":{"name":"TJ Holowaychuk","email":"tj@vision-media.ca"},"main":"lib/nib.js","engines":{"node":"*"},"_npmUser":{"name":"tjholowaychuk","email":"tj@vision-media.ca"},"_id":"nib@0.3.2","dependencies":{},"_engineSupported":true,"_npmVersion":"1.0.106","_nodeVersion":"v0.4.12","_defaultsLoaded":true,"dist":{"shasum":"f437324a9f93504397df146549bfa162d04dfa50","tarball":"https://registry.npmjs.org/nib/-/nib-0.3.2.tgz"},"maintainers":[{"name":"tjholowaychuk","email":"tj@vision-media.ca"}],"directories":{}},"0.4.0":{"name":"nib","description":"Stylus mixins and utilities","version":"0.4.0","repository":{"type":"git","url":"git://github.com/visionmedia/nib.git"},"devDependencies":{"connect":"1.x","jade":"0.22.0","stylus":"0.19.x","mocha":"*","should":"*","canvas":"*"},"author":{"name":"TJ Holowaychuk","email":"tj@vision-media.ca"},"main":"lib/nib.js","engines":{"node":"*"},"_npmUser":{"name":"tjholowaychuk","email":"tj@vision-media.ca"},"_id":"nib@0.4.0","dependencies":{},"optionalDependencies":{},"_engineSupported":true,"_npmVersion":"1.1.9","_nodeVersion":"v0.6.12","_defaultsLoaded":true,"dist":{"shasum":"cd270b4268ee4dbbb9adb2d98b407bed72181405","tarball":"https://registry.npmjs.org/nib/-/nib-0.4.0.tgz"},"maintainers":[{"name":"tjholowaychuk","email":"tj@vision-media.ca"}],"directories":{}},"0.4.1":{"name":"nib","description":"Stylus mixins and utilities","version":"0.4.1","repository":{"type":"git","url":"git://github.com/visionmedia/nib.git"},"devDependencies":{"connect":"1.x","jade":"0.22.0","stylus":"0.19.x","mocha":"*","should":"*","canvas":"*"},"author":{"name":"TJ Holowaychuk","email":"tj@vision-media.ca"},"main":"lib/nib.js","engines":{"node":"*"},"_npmUser":{"name":"tjholowaychuk","email":"tj@vision-media.ca"},"_id":"nib@0.4.1","dependencies":{},"optionalDependencies":{},"_engineSupported":true,"_npmVersion":"1.1.16","_nodeVersion":"v0.6.12","_defaultsLoaded":true,"dist":{"shasum":"00de45c91d923c0f9f2e64a5199b11cadb75a89f","tarball":"https://registry.npmjs.org/nib/-/nib-0.4.1.tgz"},"maintainers":[{"name":"tjholowaychuk","email":"tj@vision-media.ca"}],"directories":{}},"0.5.0":{"name":"nib","description":"Stylus mixins and utilities","version":"0.5.0","repository":{"type":"git","url":"git://github.com/visionmedia/nib.git"},"devDependencies":{"connect":"1.x","jade":"0.22.0","stylus":"0.27.x","mocha":"*","should":"*","canvas":"*"},"author":{"name":"TJ Holowaychuk","email":"tj@vision-media.ca"},"main":"lib/nib.js","engines":{"node":"*"},"_npmUser":{"name":"tjholowaychuk","email":"tj@vision-media.ca"},"_id":"nib@0.5.0","dependencies":{},"optionalDependencies":{},"_engineSupported":true,"_npmVersion":"1.1.0-3","_nodeVersion":"v0.6.12","_defaultsLoaded":true,"dist":{"shasum":"ad0a7dfa2bca8680c8cb8adaa6ab68c80e5221e5","tarball":"https://registry.npmjs.org/nib/-/nib-0.5.0.tgz"},"maintainers":[{"name":"tjholowaychuk","email":"tj@vision-media.ca"}],"directories":{}},"0.6.0":{"name":"nib","description":"Stylus mixins and utilities","version":"0.6.0","repository":{"type":"git","url":"git://github.com/visionmedia/nib.git"},"devDependencies":{"connect":"1.x","jade":"0.22.0","stylus":"0.27.x","mocha":"*","should":"*","canvas":"*"},"author":{"name":"TJ Holowaychuk","email":"tj@vision-media.ca"},"main":"lib/nib.js","engines":{"node":"*"},"_id":"nib@0.6.0","dist":{"shasum":"8532cde01c2f7b973d6e93bd95b094578a08ee8b","tarball":"https://registry.npmjs.org/nib/-/nib-0.6.0.tgz"},"maintainers":[{"name":"tjholowaychuk","email":"tj@vision-media.ca"}],"directories":{}},"0.7.0":{"name":"nib","description":"Stylus mixins and utilities","version":"0.7.0","repository":{"type":"git","url":"git://github.com/visionmedia/nib.git"},"devDependencies":{"connect":"1.x","jade":"0.22.0","stylus":"0.28.x","mocha":"*","should":"*","canvas":"*"},"author":{"name":"TJ Holowaychuk","email":"tj@vision-media.ca"},"main":"lib/nib.js","engines":{"node":"*"},"_id":"nib@0.7.0","dist":{"shasum":"7030b8c11e281d110117eeef4de9a0ca08575c11","tarball":"https://registry.npmjs.org/nib/-/nib-0.7.0.tgz"},"maintainers":[{"name":"tjholowaychuk","email":"tj@vision-media.ca"}],"directories":{}},"0.7.1":{"name":"nib","description":"Stylus mixins and utilities","version":"0.7.1","repository":{"type":"git","url":"git://github.com/visionmedia/nib.git"},"devDependencies":{"connect":"1.x","jade":"0.22.0","stylus":"0.28.x","mocha":"*","should":"*","canvas":"*"},"author":{"name":"TJ Holowaychuk","email":"tj@vision-media.ca"},"main":"lib/nib.js","engines":{"node":"*"},"_id":"nib@0.7.1","dist":{"shasum":"f40c562c82b0156597724d51b819c51fb855195a","tarball":"https://registry.npmjs.org/nib/-/nib-0.7.1.tgz"},"maintainers":[{"name":"tjholowaychuk","email":"tj@vision-media.ca"}],"directories":{}},"0.8.1":{"name":"nib","description":"Stylus mixins and utilities","version":"0.8.1","repository":{"type":"git","url":"git://github.com/visionmedia/nib.git"},"devDependencies":{"connect":"1.x","jade":"0.22.0","stylus":"0.28.x","mocha":"*","should":"*","canvas":"*"},"author":{"name":"TJ Holowaychuk","email":"tj@vision-media.ca"},"main":"lib/nib.js","engines":{"node":"*"},"_id":"nib@0.8.1","dist":{"shasum":"6b653214788b2d34e424f2ff2e5c9cf5d9c3832f","tarball":"https://registry.npmjs.org/nib/-/nib-0.8.1.tgz"},"maintainers":[{"name":"tjholowaychuk","email":"tj@vision-media.ca"}],"directories":{}},"0.8.2":{"name":"nib","description":"Stylus mixins and utilities","version":"0.8.2","repository":{"type":"git","url":"git://github.com/visionmedia/nib.git"},"devDependencies":{"connect":"1.x","jade":"0.22.0","stylus":"0.28.x","mocha":"*","should":"*","canvas":"*"},"author":{"name":"TJ Holowaychuk","email":"tj@vision-media.ca"},"main":"lib/nib.js","engines":{"node":"*"},"_id":"nib@0.8.2","dist":{"shasum":"f8395952c0eb8ad8eadc32cc393ad83344b7fb3e","tarball":"https://registry.npmjs.org/nib/-/nib-0.8.2.tgz"},"maintainers":[{"name":"tjholowaychuk","email":"tj@vision-media.ca"}],"directories":{}},"0.9.0":{"name":"nib","description":"Stylus mixins and utilities","version":"0.9.0","repository":{"type":"git","url":"git://github.com/visionmedia/nib.git"},"devDependencies":{"connect":"1.x","jade":"0.22.0","stylus":"0.28.x","mocha":"*","should":"*","canvas":"*"},"author":{"name":"TJ Holowaychuk","email":"tj@vision-media.ca"},"main":"lib/nib.js","engines":{"node":"*"},"_id":"nib@0.9.0","dist":{"shasum":"1d32bdf848d8330a94949ccc42651f9b645aeece","tarball":"https://registry.npmjs.org/nib/-/nib-0.9.0.tgz"},"_npmVersion":"1.1.65","_npmUser":{"name":"tjholowaychuk","email":"tj@vision-media.ca"},"maintainers":[{"name":"tjholowaychuk","email":"tj@vision-media.ca"}],"directories":{}},"0.9.1":{"name":"nib","description":"Stylus mixins and utilities","version":"0.9.1","repository":{"type":"git","url":"git://github.com/visionmedia/nib.git"},"devDependencies":{"connect":"1.x","jade":"0.22.0","stylus":"0.28.x","mocha":"*","should":"*","canvas":"*"},"author":{"name":"TJ Holowaychuk","email":"tj@vision-media.ca"},"main":"lib/nib.js","engines":{"node":"*"},"_id":"nib@0.9.1","dist":{"shasum":"1dd2be2f3bb4fe86451020604b6e56f04ca7f13c","tarball":"https://registry.npmjs.org/nib/-/nib-0.9.1.tgz"},"_npmVersion":"1.1.66","_npmUser":{"name":"tjholowaychuk","email":"tj@vision-media.ca"},"maintainers":[{"name":"tjholowaychuk","email":"tj@vision-media.ca"}],"directories":{}},"0.9.2":{"name":"nib","description":"Stylus mixins and utilities","version":"0.9.2","repository":{"type":"git","url":"git://github.com/visionmedia/nib.git"},"dependencies":{"stylus":"0.31.x"},"devDependencies":{"connect":"1.x","jade":"0.22.0","mocha":"*","should":"*","canvas":"*"},"author":{"name":"TJ Holowaychuk","email":"tj@vision-media.ca"},"main":"lib/nib.js","engines":{"node":"*"},"scripts":{"test":"mocha","test-server":"node test/server.js"},"bugs":{"url":"https://github.com/visionmedia/nib/issues"},"_id":"nib@0.9.2","dist":{"shasum":"f14570cd0c9a37609b3b662a5e6fc8fb1c6c269e","tarball":"https://registry.npmjs.org/nib/-/nib-0.9.2.tgz"},"_from":"https://github.com/visionmedia/nib/archive/0.9.2.tar.gz","_resolved":"https://github.com/visionmedia/nib/archive/0.9.2.tar.gz","_npmVersion":"1.2.32","_npmUser":{"name":"slang800","email":"slang800@gmail.com"},"maintainers":[{"name":"tjholowaychuk","email":"tj@vision-media.ca"},{"name":"slang800","email":"slang800@gmail.com"}],"directories":{}},"1.0.0":{"name":"nib","description":"Stylus mixins and utilities","version":"1.0.0","repository":{"type":"git","url":"git://github.com/visionmedia/nib.git"},"dependencies":{"stylus":"0.34.x"},"devDependencies":{"connect":"1.x","jade":"0.22.0","mocha":"*","should":"*","canvas":"*"},"author":{"name":"TJ Holowaychuk","email":"tj@vision-media.ca"},"main":"lib/nib.js","engines":{"node":"*"},"scripts":{"test":"mocha","test-server":"node test/server.js"},"bugs":{"url":"https://github.com/visionmedia/nib/issues"},"_id":"nib@1.0.0","dist":{"shasum":"c82b4f6c93f10a7cc331642cbf0f662d17fa42fc","tarball":"https://registry.npmjs.org/nib/-/nib-1.0.0.tgz"},"_from":"https://github.com/visionmedia/nib/archive/v1.0.0.tar.gz","_resolved":"https://github.com/visionmedia/nib/archive/v1.0.0.tar.gz","_npmVersion":"1.3.5","_npmUser":{"name":"slang800","email":"slang800@gmail.com"},"maintainers":[{"name":"tjholowaychuk","email":"tj@vision-media.ca"},{"name":"slang800","email":"slang800@gmail.com"}],"directories":{}},"1.0.1":{"name":"nib","description":"Stylus mixins and utilities","version":"1.0.1","repository":{"type":"git","url":"git://github.com/visionmedia/nib.git"},"dependencies":{"stylus":"~0.35.1"},"devDependencies":{"connect":"1.x","jade":"0.22.0","mocha":"*","should":"*"},"author":{"name":"TJ Holowaychuk","email":"tj@vision-media.ca"},"main":"lib/nib.js","engines":{"node":"*"},"scripts":{"test":"mocha","test-server":"node test/server.js"},"bugs":{"url":"https://github.com/visionmedia/nib/issues"},"_id":"nib@1.0.1","dist":{"shasum":"505b9eb9998e9f24d507e954b37d2a44278f3470","tarball":"https://registry.npmjs.org/nib/-/nib-1.0.1.tgz"},"_from":".","_npmVersion":"1.3.8","_npmUser":{"name":"slang800","email":"slang800@gmail.com"},"maintainers":[{"name":"tjholowaychuk","email":"tj@vision-media.ca"},{"name":"slang800","email":"slang800@gmail.com"}],"directories":{}},"1.0.2":{"name":"nib","description":"Stylus mixins and utilities","version":"1.0.2","license":"MIT","repository":{"type":"git","url":"git://github.com/visionmedia/nib.git"},"dependencies":{"stylus":"~0.37.0"},"devDependencies":{"connect":"1.x","jade":"0.22.0","mocha":"*","should":"*"},"author":{"name":"TJ Holowaychuk","email":"tj@vision-media.ca"},"main":"lib/nib.js","engines":{"node":"*"},"scripts":{"test":"mocha","test-server":"node test/server.js"},"bugs":{"url":"https://github.com/visionmedia/nib/issues"},"homepage":"https://github.com/visionmedia/nib","_id":"nib@1.0.2","dist":{"shasum":"4c1511c077e9771060755138925a7c9a59e9d2b5","tarball":"https://registry.npmjs.org/nib/-/nib-1.0.2.tgz"},"_from":".","_npmVersion":"1.3.21","_npmUser":{"name":"slang800","email":"slang800@gmail.com"},"maintainers":[{"name":"slang800","email":"slang800@gmail.com"}],"directories":{}},"1.0.3":{"name":"nib","description":"Stylus mixins and utilities","version":"1.0.3","license":"MIT","repository":{"type":"git","url":"git://github.com/visionmedia/nib.git"},"dependencies":{"stylus":"~0.37.0"},"devDependencies":{"connect":"1.x","jade":"0.22.0","mocha":"*","should":"*"},"author":{"name":"TJ Holowaychuk","email":"tj@vision-media.ca"},"main":"lib/nib.js","engines":{"node":"*"},"scripts":{"test":"mocha","test-server":"node test/server.js"},"bugs":{"url":"https://github.com/visionmedia/nib/issues"},"homepage":"https://github.com/visionmedia/nib","_id":"nib@1.0.3","_shasum":"ed0a67b9a51dea4a21e3bb8ac6164a3bcbf3befe","_from":".","_npmVersion":"1.4.9","_npmUser":{"name":"slang800","email":"slang800@gmail.com"},"maintainers":[{"name":"tjholowaychuk","email":"tj@vision-media.ca"},{"name":"slang800","email":"slang800@gmail.com"}],"dist":{"shasum":"ed0a67b9a51dea4a21e3bb8ac6164a3bcbf3befe","tarball":"https://registry.npmjs.org/nib/-/nib-1.0.3.tgz"},"directories":{}},"1.0.4":{"name":"nib","description":"Stylus mixins and utilities","version":"1.0.4","license":"MIT","repository":{"type":"git","url":"git://github.com/visionmedia/nib.git"},"dependencies":{"stylus":"0.45.x"},"devDependencies":{"connect":"1.x","jade":"0.22.0","mocha":"*","should":"*"},"author":{"name":"TJ Holowaychuk","email":"tj@vision-media.ca"},"main":"lib/nib.js","engines":{"node":"*"},"scripts":{"test":"mocha","test-server":"node test/server.js"},"gitHead":"93f383933ddeace01e5a2e65fb97f3479b6a775a","bugs":{"url":"https://github.com/visionmedia/nib/issues"},"homepage":"https://github.com/visionmedia/nib","_id":"nib@1.0.4","_shasum":"03d397c27a231f3c9a5a190eaa68e5d79e2f0345","_from":".","_npmVersion":"1.4.28","_npmUser":{"name":"slang800","email":"slang800@gmail.com"},"maintainers":[{"name":"tjholowaychuk","email":"tj@vision-media.ca"},{"name":"slang800","email":"slang800@gmail.com"}],"dist":{"shasum":"03d397c27a231f3c9a5a190eaa68e5d79e2f0345","tarball":"https://registry.npmjs.org/nib/-/nib-1.0.4.tgz"},"directories":{}},"1.1.0":{"name":"nib","description":"Stylus mixins and utilities","version":"1.1.0","license":"MIT","repository":{"type":"git","url":"git://github.com/visionmedia/nib.git"},"dependencies":{"stylus":"0.49.x"},"devDependencies":{"connect":"1.x","jade":"0.22.0","mocha":"*","should":"*"},"author":{"name":"TJ Holowaychuk","email":"tj@vision-media.ca"},"main":"lib/nib.js","engines":{"node":"*"},"scripts":{"test":"mocha","test-server":"node test/server.js"},"gitHead":"061612cf80110e53ef5a3749980e0bf4cdc124fa","bugs":{"url":"https://github.com/visionmedia/nib/issues"},"homepage":"https://github.com/visionmedia/nib","_id":"nib@1.1.0","_shasum":"527c19662a10a2b565fe85e9b309d622aa7557d3","_from":".","_npmVersion":"1.4.28","_npmUser":{"name":"slang800","email":"slang800@gmail.com"},"maintainers":[{"name":"tjholowaychuk","email":"tj@vision-media.ca"},{"name":"slang800","email":"slang800@gmail.com"}],"dist":{"shasum":"527c19662a10a2b565fe85e9b309d622aa7557d3","tarball":"https://registry.npmjs.org/nib/-/nib-1.1.0.tgz"},"directories":{}},"1.1.2":{"name":"nib","description":"Stylus mixins and utilities","version":"1.1.2","license":"MIT","repository":{"type":"git","url":"git://github.com/visionmedia/nib.git"},"dependencies":{"stylus":"0.54.5"},"devDependencies":{"connect":"1.x","jade":"0.22.0","mocha":"*","should":"*"},"author":{"name":"TJ Holowaychuk","email":"tj@vision-media.ca"},"main":"lib/nib.js","engines":{"node":"*"},"scripts":{"test":"mocha","test-server":"node test/server.js"},"gitHead":"14cf2d3382d3ed1d61c8de76078f2495f344772c","bugs":{"url":"https://github.com/visionmedia/nib/issues"},"homepage":"https://github.com/visionmedia/nib#readme","_id":"nib@1.1.2","_shasum":"6a69ede4081b95c0def8be024a4c8ae0c2cbb6c7","_from":".","_npmVersion":"3.9.5","_nodeVersion":"6.2.2","_npmUser":{"name":"tjholowaychuk","email":"tj@vision-media.ca"},"dist":{"shasum":"6a69ede4081b95c0def8be024a4c8ae0c2cbb6c7","tarball":"https://registry.npmjs.org/nib/-/nib-1.1.2.tgz"},"maintainers":[{"name":"tjholowaychuk","email":"tj@vision-media.ca"},{"name":"slang","email":"slang800@gmail.com"}],"_npmOperationalInternal":{"host":"packages-12-west.internal.npmjs.com","tmp":"tmp/nib-1.1.2.tgz_1470419990262_0.96508036297746"},"directories":{}}},"maintainers":[{"name":"tjholowaychuk","email":"tj@vision-media.ca"},{"name":"slang","email":"slang800@gmail.com"}],"time":{"modified":"2016-10-17T21:26:34.499Z","created":"2011-04-11T20:28:07.041Z","0.0.1":"2011-04-11T20:28:07.440Z","0.0.2":"2011-04-11T20:37:03.501Z","0.0.3":"2011-04-11T21:27:44.419Z","0.0.4":"2011-04-12T17:52:57.900Z","0.0.5":"2011-04-12T21:46:55.394Z","0.0.6":"2011-04-15T17:13:07.396Z","0.0.7":"2011-04-25T01:28:09.730Z","0.0.8":"2011-05-24T17:13:51.047Z","0.1.0":"2011-08-04T23:11:14.916Z","0.2.0":"2011-08-26T20:32:51.129Z","0.3.0":"2011-11-17T22:53:04.113Z","0.3.1":"2011-11-30T18:19:05.076Z","0.3.2":"2012-01-09T19:26:03.103Z","0.4.0":"2012-04-03T23:34:29.954Z","0.4.1":"2012-04-15T17:31:19.488Z","0.5.0":"2012-05-28T19:06:42.958Z","0.6.0":"2012-07-05T22:23:49.366Z","0.7.0":"2012-07-09T17:17:33.096Z","0.7.1":"2012-08-17T22:14:02.227Z","0.8.1":"2012-08-21T19:37:45.575Z","0.8.2":"2012-08-28T20:34:11.188Z","0.9.0":"2012-11-24T18:09:42.279Z","0.9.1":"2013-01-04T19:08:24.028Z","0.9.2":"2013-06-25T12:39:56.950Z","1.0.0":"2013-08-15T15:20:53.053Z","1.0.1":"2013-08-21T09:01:43.308Z","1.0.2":"2014-01-06T16:32:59.227Z","1.0.3":"2014-06-19T22:16:56.376Z","1.0.4":"2014-09-29T16:04:30.036Z","1.1.0":"2015-01-19T16:43:11.837Z","1.1.2":"2016-08-05T17:59:50.497Z"},"author":{"name":"TJ Holowaychuk","email":"tj@vision-media.ca"},"repository":{"type":"git","url":"git://github.com/visionmedia/nib.git"},"users":{"linus":true,"dodo":true,"sjonnet":true,"fgribreau":true,"sjonnet19":true,"m42am":true,"meryn":true,"bigluck":true,"denisix":true,"kubakubula":true,"claveren":true,"slang800":true,"nodecode":true,"lenville":true,"kunl":true,"sidonaldson":true,"tjfwalker":true,"iamveen":true,"ginof":true,"ph3nx":true,"slang":true,"n370":true,"jslite":true,"oscarelotero":true,"ifeature":true,"ambdxtrch":true,"artivilla":true,"meteoro":true,"joannerpena":true,"pixel67":true,"fdeneux":true,"nickeltobias":true,"nohomey":true},"readme":"[![Build Status](https://travis-ci.org/tj/nib.png?branch=master)](https://travis-ci.org/tj/nib)\n\n# Nib\n\n  Stylus mixins, utilities, components, and gradient image generation. Don't forget to check out the [documentation](http://tj.github.io/nib/).\n\n## Installation\n\n```bash\n$ npm install nib\n```\n\n If the image generation features of Nib are desired, such as generating the linear gradient images, install [node-canvas](http://github.com/learnboost/node-canvas):\n\n```bash\n$ npm install canvas\n```\n\n## JavaScript API\n\n Below is an example of how to utilize nib and stylus with the connect framework (or express).\n\n```javascript\nvar connect = require('connect')\n  , stylus = require('stylus')\n  , nib = require('nib');\n\nvar server = connect();\n\nfunction compile(str, path) {\n  return stylus(str)\n\t.set('filename', path)\n\t.set('compress', true)\n\t.use(nib());\n}\n\nserver.use(stylus.middleware({\n\tsrc: __dirname\n  , compile: compile\n}));\n```\n\n## Stylus API\n\n  To gain access to everything nib has to offer, simply add:\n\n  ```css\n  @import 'nib'\n  ```\n\n  Or you may also pick and choose based on the directory structure in `./lib`, for example:\n\n  ```css\n  @import 'nib/gradients'\n  @import 'nib/overflow'\n  @import 'nib/normalize'\n  ```\n\n_To be continued..._\n\n## More Information\n\n  - Introduction [screencast](http://www.screenr.com/M6a)\n\n## Testing\n\n You will first need to install the dependencies:\n\n ```bash\n    $ npm install -d\n ```\n\n Run the automated test cases:\n\n ```bash\n    $ npm test\n ```\n\n For visual testing run the test server:\n\n ```bash\n    $ npm run-script test-server\n ```\n\n Then visit `localhost:3000` in your browser.\n\n## Contributors\n\nI would love more contributors. And if you have helped out, you are awesome! I want to give a huge thanks to these people:\n\n  - [TJ Holowaychuk](https://github.com/tj) (Original Creator)\n  - [Sean Lang](https://github.com/slang800) (Current Maintainer)\n  - [Isaac Johnston](https://github.com/superstructor)\n  - [Everyone Else](https://github.com/tj/nib/contributors)\n","homepage":"https://github.com/visionmedia/nib#readme","bugs":{"url":"https://github.com/visionmedia/nib/issues"},"license":"MIT","readmeFilename":"Readme.md","_attachments":{},"_etag":"\"896WTJMEMJBE9DXB17JVQWR3B\""}